1.62202,1.49058,0.544684,0.530107,0.691683,-0.150115,-0.30647,1.36944,1
1.14905,1.57952,0.159307,2.66695,2.01649,-0.0504966,-0.340838,1.23109,3
1.76303,1.95111,3.10343,2.59696,1.42236,0.680581,1.84765,-0.069957,-0
0.153997,1.60454,0.0743079,1.79803,2.38925,0.318569,-0.103294,1.62635,1
0.829448,3.03502,3.09586,1.53049,1.05187,-0.149486,0.117875,1.72646,3
-0.0899106,1.61818,0.0716391,0.0319001,1.77219,1.86555,1.29658,0.0735323,0
1.44588,-0.190019,0.934362,0.722315,2.04698,-0.120798,0.0736425,-0.0760159,-0
0.99816,0.455955,1.59431,-0.0995744,1.60815,1.01712,1.45063,1.52411,3
0.573295,1.16188,1.86053,2.7029,0.355877,-0.204562,1.60635,2.26525,1
2.09331,2.55204,1.71906,0.275091,2.22879,0.16795,1.53119,-0.0125472,0
1.67039,1.27317,1.72165,2.83088,0.314979,0.47358,-0.0447854,0.496804,1
1.27728,-0.246094,0.814776,0.523367,0.12264,0.190226,1.66455,2.15242,1
-0.123342,1.09349,0.620065,2.97747,0.402954,0.772112,1.35914,0.528034,1
0.235253,3.74158,1.18311,3.13578,0.436982,1.41846,1.3313,1.50719,3
0.632951,3.78418,0.690677,2.69252,1.55954,0.798549,1.09352,1.86995,3
1.45827,0.348218,0.409323,1.11346,1.13555,-0.174007,1.43876,2.10636,1
0.128671,2.48005,2.21624,2.22234,1.16901,0.299667,2.05145,2.0669,3
-0.0834297,2.56792,2.50635,2.30125,1.45952,1.26484,0.595552,2.12234,3
1.70512,0.23121,0.142336,1.0151,1.82794,-0.0149535,-0.170958,1.44671,1
0.981353,0.715273,2.9257,2.35952,0.7536,1.20751,0.420554,1.80246,1
0.667536,0.985792,2.76061,0.180922,0.694972,1.03789,0.994011,1.91446,3
1.52545,-0.287577,1.93187,-0.153741,0.834959,-0.113702,0.949603,1.35197,3
2.18262,2.72562,1.11873,2.59121,1.57636,0.183097,0.695297,1.47305,1
0.0645919,0.117355,3.24998,1.91895,1.30074,0.430613,1.38899,2.27653,3
-0.182573,4.08479,2.4924,0.498262,1.95707,0.893506,1.86017,1.35175,3
0.012254,2.23352,-0.187346,2.3415,0.793031,0.808441,0.370527,1.00606,3
1.35618,3.70675,1.23666,1.66943,0.386577,-0.319413,0.351197,0.900397,3
0.856693,3.69223,2.0191,2.06971,0.538617,0.901657,1.10207,2.06756,3
1.17054,3.7908,2.86101,0.430773,0.665048,0.866037,0.113512,1.37051,3
1.09535,0.995423,-0.211877,0.218385,0.769771,0.47455,0.606694,1.15587,4
-0.0250816,2.27455,2.59202,2.44976,0.0711879,1.01106,-0.427867,1.35224,3
2.52468,1.77576,-0.237015,0.296726,1.30743,0.826071,1.80623,1.28253,4
1.26364,1.33272,2.08343,0.950841,1.31658,-0.598325,0.717047,2.11058,3
1.87116,2.45708,2.95966,1.59206,1.23943,-0.308953,0.590148,1.23233,1
0.546105,3.38465,2.14898,0.222511,1.67316,0.69397,1.41133,1.15336,3
0.632913,3.79053,2.90502,1.90981,0.437249,0.909317,1.0635,0.9441,3
1.48732,1.4081,0.615477,1.98343,2.04621,0.176705,0.357334,1.36003,1
1.68258,0.494027,0.392742,2.43617,1.97804,0.630526,0.18292,2.18102,3
-0.260604,0.288938,0.726312,1.9926,1.47469,0.262046,1.02222,1.99838,3
0.122657,1.14468,3.09402,2.02789,0.550035,-0.223702,0.935245,-0.140605,-0
0.593086,3.02971,2.16967,1.5634,0.990622,-0.132942,1.97898,1.88663,1
0.370807,0.13389,-0.166127,2.17858,0.749181,0.945974,0.277371,2.15123,3
1.12062,0.0767312,0.883786,2.55986,-0.0639391,0.997329,1.10736,1.0925,3
0.953746,3.23399,1.81371,1.88019,0.437005,-0.295836,0.113184,0.733351,3
0.1798,3.63203,0.626973,1.41456,0.393529,0.369796,0.828852,1.66313,3
0.689103,2.53891,0.115313,1.46703,1.33237,-0.103365,1.72436,1.47952,1
1.25324,3.70571,0.851834,3.1508,1.90069,0.566521,1.93597,1.25109,3
1.76528,1.07279,1.87291,2.63752,2.19193,-0.0400247,1.76769,0.991448,1
0.863659,1.06773,0.658435,2.98719,0.448748,0.839737,1.8823,2.56453,3
1.06288,0.961702,3.15913,2.32234,-0.347206,-0.112445,0.901223,2.23397,1
1.49218,0.220287,0.248923,1.97904,0.442854,-0.209594,0.0803144,1.15464,1
2.10726,3.59572,0.2265,0.0679838,1.12419,1.34467,0.970327,1.83922,1
1.68142,3.87342,2.76886,2.47605,0.495967,1.15978,2.05983,2.03468,3
2.19569,0.57816,2.39324,0.790876,0.845789,0.087428,0.500043,1.59055,4
0.28199,-0.129725,0.754384,0.104843,0.324551,0.445209,0.434033,0.932283,3
2.2964,2.85575,0.510113,1.82747,0.764524,0.866811,0.213301,0.993936,1
0.0296642,1.93338,2.81407,0.376813,0.626354,-0.215117,-0.0348399,1.53618,1
0.234386,0.477256,1.45559,2.19664,1.47478,1.01115,-0.316829,-0.171077,-0
2.20872,0.871718,3.13606,2.80244,1.98269,0.583455,-0.361163,1.46392,1
0.462353,0.35096,3.53737,2.45147,0.268072,0.958209,0.610877,1.40387,3
0.414114,0.149805,2.8592,2.05775,-0.137695,0.175607,0.515288,-0.142398,-0
0.17855,2.06018,2.62376,1.37606,1.86275,1.20324,1.91093,-0.194514,-0
0.578341,0.755503,1.07356,0.151683,0.622638,1.38018,1.85928,2.31754,1
1.19054,-0.370609,2.68843,1.81103,1.69595,0.266567,2.16143,0.000169145,0
0.720075,1.40069,0.523574,-0.242426,-0.227952,0.693177,1.27914,0.752874,4
0.715517,2.1135,0.837464,0.723979,0.146815,0.205141,0.704456,1.99991,1
-0.0946589,1.83378,3.00129,1.48787,1.94653,-0.00372062,1.7111,0.132274,-0
0.572907,-0.233505,0.741918,2.91458,0.719301,0.463142,0.630114,2.02935,3
0.989104,3.61699,-0.191685,1.73347,2.3283,0.372546,1.09826,1.61133,1
1.97547,1.25587,0.266551,2.43706,2.00439,0.279418,1.65827,-0.0506243,0
1.24325,3.92494,1.16686,0.373849,1.98603,0.986559,0.739146,1.455,3
0.681745,3.74078,2.43069,1.06058,-0.185812,0.186051,0.92869,1.08708,3
1.06504,0.358366,1.24429,0.733563,2.3203,0.452267,1.49254,-0.0924676,-0
0.440347,-0.413437,2.9577,0.498974,0.910085,-0.208673,0.305792,1.48868,3
-0.374105,0.187058,2.54425,0.900285,1.05773,0.789623,1.54899,2.28858,3
2.17997,3.00619,0.0766445,2.37601,2.13987,0.0129029,1.06425,1.05735,1
1.27952,1.55695,2.79037,3.05714,2.29097,0.80554,0.61366,0.877971,1
1.44045,3.66566,2.69694,-0.152685,0.281831,-0.219908,1.21801,2.0812,1
2.23539,3.48244,2.36107,2.6725,0.429253,1.47261,0.313822,-0.0265364,-0
1.32718,2.31005,0.0190892,0.27369,0.217686,1.27006,1.62809,1.37989,2
0.249644,3.57682,1.33345,-0.312339,-0.00409884,0.498064,1.13249,-0.145952,0
0.7919,3.70839,0.258756,0.960091,1.86037,0.761174,1.39838,1.65541,3
0.32362,1.07922,0.361129,0.432322,1.60993,-0.33111,0.58276,1.14677,3
1.81863,0.240792,1.69074,0.489919,0.0848278,0.350706,-0.149735,-0.103001,0
0.610861,0.411142,2.82098,2.0559,1.96493,0.746649,1.33206,0.35723,1
1.58341,3.18297,3.02922,1.89089,1.36063,0.490248,2.24448,1.58194,3
2.03363,-0.19416,2.35852,1.66714,0.263911,-0.00358528,1.54376,2.03789,1
0.215309,2.51223,0.967815,0.00904843,-0.309402,0.743829,1.34469,1.95444,4
0.485054,0.261137,0.843088,0.0234869,1.67368,-0.435441,-0.195334,-0.193971,-0
0.0455716,3.35546,2.13439,1.89186,0.525845,0.272764,0.380435,2.11503,1
1.99805,-0.366425,1.58884,-0.425416,0.777475,0.703555,0.758201,1.4253,3
0.86369,3.77227,0.442389,1.01973,0.0301533,0.714766,0.350783,2.08655,3
0.54382,4.07974,2.37741,0.136984,-0.0619648,0.612826,0.962794,-0.0381944,-0
1.38572,3.41264,1.3927,2.13297,-0.199785,0.435823,0.576432,1.63031,1
1.28826,0.070762,2.11329,0.0863527,0.0735581,-0.335766,1.5955,-0.0944146,0
1.42179,0.951377,1.46668,1.29174,1.77534,0.712078,0.597283,2.17649,3
1.98061,1.11071,2.2013,2.55516,0.923232,0.418676,0.342059,0.0473573,-0
-0.318718,0.928948,3.17748,1.98766,1.11981,1.45006,1.90324,1.15068,1
1.20012,-0.0354403,-0.196336,0.0449073,1.50385,0.723273,0.0299446,1.0283,3
2.10777,2.35034,0.157847,1.46112,1.97906,0.356464,0.00238818,1.35301,1
1.40543,0.246295,1.57183,-0.0857528,1.9361,-0.172642,1.785,1.89843,1
-0.129086,2.58794,3.23218,2.45953,2.13058,-0.200928,0.789706,0.884298,3
2.08536,0.959248,1.58355,0.789969,1.35043,0.889266,1.56538,-0.00823961,-0
2.00773,-0.334181,2.95486,1.52659,1.0794,0.201506,-0.152962,-0.131379,-0
1.11501,0.227181,2.5499,-0.0281675,1.23118,-0.458039,1.18941,1.48983,3
0.26277,2.58017,1.55112,1.63508,1.88959,0.638832,0.0542167,1.0566,2
-0.119243,1.33486,1.95588,2.0088,0.433683,0.561113,2.49928,0.774705,3
-0.112489,2.85421,0.0336469,2.89969,0.112019,-0.0193508,0.197682,1.75356,1
1.1295,1.16277,2.35841,2.2079,1.18755,-0.0792541,-0.236949,1.06548,1
1.92383,3.73513,2.29008,1.05226,1.28007,1.0362,2.14853,1.91746,3
0.194327,3.80591,0.570795,1.73132,0.816732,0.0373838,1.92474,1.73554,3
1.52269,2.23126,-0.0644631,2.4253,1.19743,1.07559,0.0141876,1.24144,1
1.71069,1.38922,2.63315,0.9361,1.02406,0.0680693,-0.125147,1.93909,1
1.00713,0.992024,1.4193,3.34884,0.105422,1.08316,1.26317,2.46439,4
-0.0671638,0.507612,0.268679,2.59637,0.29395,0.22408,0.34875,-0.195237,0
1.11968,1.50693,1.3341,0.185906,0.292997,0.207088,-0.0402258,1.77533,1
0.983486,0.234465,0.881917,0.581866,0.745469,1.2567,0.815082,1.24951,3
1.80121,0.144526,-0.0219771,2.35182,1.13575,1.34373,0.626977,-0.0319997,-0
1.26432,1.20696,0.14512,3.09207,0.318792,0.707558,0.616189,1.71712,1
-0.0738362,3.24019,3.17199,1.10394,0.580667,0.219827,1.80533,1.53582,3
1.82077,3.23854,0.917921,1.86644,2.15137,0.639782,0.104797,1.57388,1
1.84829,0.142114,1.62037,1.99869,0.406275,0.659277,-0.101663,1.85062,3
2.34171,3.75565,-0.222321,1.40377,0.164972,1.30404,1.91458,1.88314,4
2.04588,0.666089,0.898645,3.16573,-0.150603,0.826907,0.82387,0.998945,4
1.21303,0.702974,0.501194,1.15285,0.505641,0.652698,0.942638,1.27342,1
-0.137877,-0.209701,1.48889,1.91722,1.19033,0.100019,0.424347,1.35336,3
1.93931,2.52866,0.103851,2.91207,1.13477,-0.00634454,1.83674,1.71995,1
0.869556,0.895844,-0.0828754,1.06247,1.42789,0.590052,1.37275,-0.154388,0
2.34388,1.71965,2.98125,-0.172156,1.4913,0.93921,0.753149,2.13944,1
0.122599,3.51524,0.490648,0.75098,0.407901,0.0255879,1.24774,-0.0744805,0
1.14657,1.80344,0.151625,3.04226,1.21751,-0.000866788,1.93133,-0.166061,-0
2.03444,0.390393,0.289642,1.51275,0.897884,-0.34834,1.54937,0.724551,1
2.22344,3.15504,3.23742,2.68878,0.300826,0.123382,1.2637,1.77254,1
0.310431,3.49709,2.47827,1.3706,1.61451,0.77994,0.212497,1.84365,1
2.02696,3.18402,2.64126,0.609241,0.663085,0.61934,1.79306,1.55869,1
1.72065,1.99032,0.350696,0.425116,1.73801,0.490497,-0.197865,1.04127,1
0.939806,0.255241,3.07233,0.550735,0.0652485,0.339669,1.77244,2.03653,3
0.496702,4.10754,0.676588,1.86069,1.35686,0.532223,1.72473,1.21751,3
0.732116,4.16002,-0.0565102,2.86021,1.02685,0.348408,0.273998,-0.0790085,-0
0.659546,1.03884,1.53392,2.19381,0.207931,-0.100207,2.15464,2.10206,1
1.49628,0.190361,2.88523,0.780085,1.21799,-0.425156,1.06391,1.77212,3
1.77893,0.950615,-0.406975,2.5394,0.722077,0.646883,1.8729,1.97264,3
-0.154165,0.255868,-0.0123358,0.743519,0.825666,1.1209,1.12127,-0.15745,-0
1.97264,2.13797,0.45334,0.434608,0.971868,-0.232635,0.00938304,2.24456,4
-0.121542,1.58894,0.503805,2.70201,1.20985,0.420284,0.759745,2.39687,3
0.978332,3.42812,2.8555,0.705484,1.70875,-0.291602,0.251704,1.3691,1
0.374163,0.465897,0.578812,2.42131,0.694986,0.610133,-0.108805,0.836038,3
2.13211,3.46008,2.00302,1.0504,1.5817,1.1288,-0.0550222,1.97443,1
0.785974,3.52572,0.795832,0.565946,0.630797,0.472706,-0.222202,1.9835,3
0.400706,3.21911,2.19101,1.1212,-0.116735,0.546274,0.862586,1.95246,3
0.79533,2.6098,-0.00145283,0.412937,0.336989,0.626659,1.69786,1.52667,1
-0.123876,1.47176,2.63055,0.0370582,2.18583,0.731583,1.47028,1.88534,1
0.222457,1.73316,1.65427,1.64155,0.333721,1.43241,1.50355,1.54762,1
1.71075,1.17228,0.541268,1.015,0.622787,0.173875,-0.219909,-0.0473955,0
-0.0246792,3.9802,2.90124,3.10939,1.80773,0.558781,0.689469,2.05618,3
0.310989,4.04828,2.54472,0.564336,0.348639,1.1727,1.35494,1.4718,3
0.393925,-0.234681,0.0277511,2.53843,0.103438,1.07458,1.73755,2.14843,1
1.80608,2.04468,2.85569,1.84618,0.608149,1.0276,0.815932,-0.0346869,0
1.88815,2.03108,3.36242,2.90384,1.05653,0.716261,1.56299,-0.155985,0
0.214397,2.49405,2.91733,2.46136,0.807307,-0.0970976,2.19562,2.16649,1
1.33957,3.82023,1.45222,1.74971,2.15493,-0.0926685,0.157162,1.16853,3
0.594436,-0.202335,0.0861928,-0.120349,2.57019,-0.155686,1.08506,0.792836,3
1.81657,-0.0551387,1.89986,2.54161,1.46109,-0.381687,0.696989,0.95153,3
0.775611,3.4197,3.69266,0.268596,0.522929,0.479345,1.42906,1.99069,1
0.449762,1.91185,1.15238,0.0366831,-0.0192545,0.560979,1.86976,1.98115,1
1.91229,1.47004,2.50135,2.65474,1.27554,0.896315,0.802133,1.4368,1
0.529131,-0.176362,0.882945,1.7187,1.08969,0.204911,2.23256,-0.102324,0
1.6489,3.51257,0.505025,0.561036,0.147456,-0.104267,1.23449,0.530905,1
0.415495,1.70047,0.177051,0.310784,0.446343,0.328314,0.89775,1.31236,3
2.07946,0.094645,2.40004,1.36992,-0.130304,0.0670698,-0.102684,1.35554,1
2.60133,3.94219,1.5406,2.23938,1.14308,-0.150153,1.21832,0.179073,0
1.76374,3.8465,3.43749,2.49011,0.374183,0.742455,0.546035,1.77914,3
2.0614,-0.264647,1.32827,1.22378,1.47389,1.11138,-0.0557697,-0.138306,0
1.15293,-0.481332,3.01382,1.7299,1.62831,0.645533,-0.0911675,1.74799,3
0.338576,-0.221421,2.23884,2.34668,-0.0875278,0.620483,0.267206,1.92451,3
0.191481,2.95878,0.149244,1.34818,1.14075,0.207915,1.46883,-0.0924232,-0
2.1329,2.9338,0.0396768,0.549385,0.753379,0.328954,0.268528,1.54651,4
2.3582,3.63039,0.420525,2.66171,1.03594,0.776373,2.22946,0.838946,3
1.90566,-0.14581,1.4329,0.756344,1.17026,-0.129679,0.664483,2.07372,1
1.05986,1.27016,1.26148,1.38813,0.316739,-0.0503957,1.4151,-0.151267,-0
0.252873,3.91453,0.503315,0.125121,1.7446,0.854289,1.59737,1.02182,3
1.17506,-0.209236,2.98569,-0.22383,1.30896,0.399927,-0.323988,1.24956,3
0.904947,1.01198,2.57291,-0.0971769,0.943568,0.269994,1.64853,1.63549,1
0.477968,4.11235,0.019414,0.570384,1.8443,0.704735,-0.143983,-0.0978523,0
1.55333,-0.139294,2.87943,0.108297,0.528993,-0.183773,1.4414,1.66998,1
1.89867,-0.0761467,1.00978,0.145894,0.6932,0.793969,2.0088,2.00198,3
0.924186,3.33594,0.0646852,-0.234404,1.64738,0.959646,-0.128067,2.15042,1
1.17912,0.217441,1.3681,3.02693,0.180196,-0.366948,1.12729,0.951264,1
-0.324543,-0.442177,1.34444,1.65077,0.673861,0.443553,1.16452,1.5385,3
0.64136,1.10192,1.75335,2.9196,0.395006,1.12405,2.18333,2.21116,3
-0.39718,1.29737,0.0654975,0.70167,1.7067,0.442962,0.859485,0.849853,3
2.29903,3.15563,0.16755,2.76885,1.49287,0.772014,0.58286,2.01778,1
1.97119,-0.0137986,1.30461,0.72075,1.52776,-0.477483,1.91936,0.0592755,0
0.907955,1.70899,0.0652682,2.67908,0.121803,1.19778,1.77441,1.06988,3
1.88442,3.12761,1.91889,1.76928,1.96829,-0.0774298,1.55932,2.29448,4
1.93722,-0.428914,0.888406,0.689044,1.21931,0.119958,1.76678,2.08293,1
1.54061,0.249704,3.07683,1.06181,1.59478,0.414908,0.26307,1.78772,1
2.29513,3.24719,0.883625,0.972038,1.09535,-0.0207037,1.44289,2.06535,1
0.599507,0.438429,2.16547,1.97904,1.41395,0.703018,1.358,0.768659,3
0.543158,2.90004,0.58467,2.95746,0.77292,0.936773,0.182224,-0.0600924,-0
0.27412,0.785276,2.2298,-0.18892,-0.857682,0.028694,0.146524,-0.0764191,0
1.87559,0.127168,1.15595,1.48697,0.392083,0.382195,0.302226,-0.00906815,-0
0.795347,2.44349,2.26877,-0.398912,-0.248844,0.788947,1.67837,1.79829,1
1.51047,3.67374,1.21579,2.79631,2.58066,0.808843,0.908479,0.133964,0
1.86459,1.59059,2.56696,3.24883,0.156635,0.445772,1.45623,2.01114,1
-0.284201,3.88289,2.33976,1.01348,1.65247,0.836505,1.86868,1.25573,3
2.08907,-0.237824,1.83542,2.50965,1.47664,0.0150849,0.305222,1.64039,3
0.450234,1.53668,2.23082,2.23376,0.352963,0.830227,1.00169,1.66478,1
2.33752,0.733908,1.44518,1.29574,0.855885,0.525363,0.345161,1.88278,3
0.443035,0.771371,-0.274486,1.39379,0.566735,0.587225,-0.102458,1.7987,3
2.08527,3.10551,1.59726,-0.251462,1.11558,-0.089379,1.50089,0.659928,1
1.11212,0.191972,3.19542,-0.17939,-0.215794,0.905364,0.36638,-0.111402,0
1.71244,3.51299,0.167929,2.5835,2.4728,1.28957,-0.0905342,1.2211,1
2.13431,0.803722,1.68901,2.57563,-0.223157,0.931005,1.63069,-0.0847726,-0
0.357658,2.73397,1.36227,0.498561,1.22439,0.0973103,0.614286,2.33331,1
2.12721,0.493491,1.5658,3.01505,0.664549,-0.334012,1.43551,0.698573,1
-0.466151,1.87584,3.07909,3.02595,1.86274,1.08273,1.47528,-0.190273,-0
1.22515,0.134863,1.11862,1.62028,-0.0729855,-0.092474,0.976255,1.18722,1
0.749922,0.281049,2.55228,-0.151327,-0.511022,0.639733,1.32755,2.00162,1
2.27681,1.8195,0.0391162,2.98911,0.356841,0.394985,1.44017,1.70881,3
0.218352,2.87007,0.141864,2.57766,0.120192,-0.490384,0.560257,1.48986,1
0.221285,0.300026,2.62296,1.34999,1.55142,0.237232,1.57411,1.47569,3
1.03337,1.50871,1.66799,3.15154,0.444424,0.835437,1.7032,-0.114004,-0
0.617543,3.00547,3.62291,3.03858,0.486746,0.178333,1.81661,1.39712,3
0.701527,1.95958,3.33903,2.53273,1.21759,1.16253,1.71409,-0.206818,-0
0.859395,1.5492,2.5561,0.343,0.979256,0.00844556,2.05359,1.83908,1
0.867283,3.70276,2.2221,1.56165,1.67873,0.41436,1.66784,2.12017,1
1.50299,2.34166,-0.0123358,2.92967,0.317025,0.884246,1.56041,1.58697,1
-0.258956,0.386001,1.96343,0.147804,1.31383,0.555096,1.39363,1.67423,3
0.754456,0.207559,0.778858,2.18031,0.102444,0.025313,1.25433,2.08104,3
0.700719,-0.378552,0.429579,1.32934,0.726652,0.822978,-0.0511174,-0.140759,0
0.202159,0.100382,-0.164983,2.64361,0.51408,1.08507,1.29764,1.78429,3
2.08201,1.00203,2.78736,0.257849,1.2057,1.38478,1.4124,1.02832,1
1.38339,1.34652,3.1048,0.0105982,1.47384,-0.289948,-0.28793,1.33628,1
1.88855,0.454787,2.50309,1.35363,1.97001,-0.175411,1.56739,1.97926,1
1.24416,2.41331,1.88766,0.320238,1.78465,0.162173,1.67707,1.11157,1
0.167687,0.297194,1.02316,0.206571,0.780665,0.178077,0.621645,0.856883,3
0.451068,3.94237,-0.158847,1.12994,0.368175,0.222203,0.299429,1.73065,1
2.01273,2.4306,0.466796,0.305103,1.52005,0.936432,-0.142569,1.58024,1
1.0028,3.55454,3.31727,0.153245,-0.163723,0.782916,1.82516,2.04218,1
1.46926,-0.200091,2.00836,0.57364,0.761786,0.291455,0.206782,-0.0533341,0
0.920644,1.94422,0.216051,2.13207,-0.073628,-0.0765671,0.301532,1.21342,1
-0.571249,1.57114,-0.145102,1.71258,0.00624291,1.06296,2.10696,2.30681,1
2.03817,3.38981,2.75206,1.33162,0.98643,0.361223,-0.299783,1.95315,1
1.87248,0.789023,1.76008,1.55235,1.48629,0.333838,0.578986,-0.110193,0
1.4221,0.636722,2.41643,-0.0716069,0.553574,0.538765,0.182865,1.41892,1
1.84799,3.25147,1.33912,0.484768,-0.257706,0.708955,0.349836,1.81961,1
0.549586,2.2471,2.65979,1.01843,0.529094,0.374553,1.48728,-0.141445,-0
1.39168,1.119,0.15354,1.74286,2.17195,0.825975,2.31815,0.888464,1
1.53382,3.90636,3.3459,1.62324,0.808532,1.32743,1.74423,1.84457,3
1.98236,1.26372,0.35167,0.942775,0.604863,0.145395,0.0754058,2.0543,4
0.136752,3.049,0.326711,0.255795,0.892346,0.750125,0.0734228,1.08065,3
0.475371,3.03377,1.64218,2.3877,0.329586,1.32849,0.652219,2.21844,1
2.01158,0.446062,1.00331,-0.271785,0.728711,0.645028,1.68268,1.37653,1
0.80598,1.84817,3.19254,0.00222178,0.923942,0.999813,-0.104462,1.92698,3
2.05927,-0.247386,1.80098,-0.133858,0.263572,0.1406,0.138579,1.4896,1
0.430689,3.56843,2.69702,1.60284,1.47388,0.404011,0.507114,1.17018,3
2.19846,-0.277637,2.41779,-0.210648,1.28424,0.0416554,0.802613,1.19234,3
1.39052,3.40819,0.149193,0.272663,-0.115597,-0.0182017,1.02052,0.717449,1
1.69298,1.26183,3.01296,2.44854,1.33228,0.817032,-0.314695,1.41032,1
1.69825,0.872845,2.65557,1.07365,-0.222742,0.386583,1.75651,0.0255155,0
1.0664,1.03038,0.680584,2.39728,0.193539,-0.035005,0.258357,0.914802,1
1.00099,3.63174,2.16823,2.51101,1.97236,0.998159,0.848094,-0.0631456,-0
0.486037,1.56125,2.9626,0.301203,-0.0792203,0.518651,0.691149,1.41747,1
0.657074,-0.484532,0.806583,1.41997,0.832861,0.647146,0.520175,1.91565,3
-0.360268,1.28262,2.83171,0.909961,1.93367,0.712882,2.44937,1.00369,3
0.44398,1.47926,2.50612,3.13273,0.768677,0.327221,1.51201,1.90005,1
1.29717,0.0447839,0.463602,2.90264,0.545899,0.256023,0.569047,1.66568,1
0.605154,1.30423,0.91104,0.638353,1.06403,1.21469,0.564924,0.825972,3
0.812951,2.40649,0.530131,0.0704563,0.113982,0.665559,0.114291,1.60016,3
0.795176,1.06438,3.08522,1.16848,0.784671,0.161949,2.19473,1.47623,1
1.86215,1.19767,0.546974,0.384054,0.990104,0.25938,1.84994,2.36079,4
1.85374,1.35023,0.393233,2.22144,0.420646,0.498551,-0.116865,-0.043034,-0
0.463328,2.21004,0.0307541,1.99848,2.1757,-0.222372,1.10521,1.61751,3
-0.0139408,1.51335,2.49067,0.749382,0.741581,0.101435,0.424784,1.18157,3
0.815802,4.19629,2.43219,0.985701,0.848099,0.35567,2.1068,0.0597918,0
1.14841,0.67445,-0.007218,-0.0779994,0.636967,0.687779,0.325232,-0.0752679,-0
1.86638,0.815504,0.163658,2.70714,1.11938,-0.0504899,2.11224,1.38421,1
0.0210818,1.65977,1.65082,2.04895,0.622734,1.01748,0.472049,1.03793,3
0.335062,0.46348,0.227782,2.8426,0.707822,0.59966,0.170046,1.67361,3
0.340628,2.71931,0.254325,0.628673,1.45085,0.982831,1.98961,2.14346,1
1.02721,3.47333,0.170608,0.973526,2.04198,0.0845535,1.6316,-0.12954,-0
1.75709,3.37925,0.627,3.03348,1.38562,0.343842,0.862127,1.36396,1
0.0575489,1.3842,1.89317,1.92498,-0.0707061,-0.0595045,1.58691,1.7377,1
0.335821,2.58059,3.18392,0.0823965,0.7297,-0.161192,0.669944,1.52124,3
0.32213,3.84965,-0.141591,1.72307,1.38334,0.32102,1.50632,1.20933,3
1.03274,1.73539,3.2909,0.223015,1.98189,0.958405,1.29281,1.0181,3
1.58094,2.30465,0.496672,1.08855,1.97551,1.18715,0.547339,2.30118,1
1.31159,2.07393,0.979833,2.57481,2.02451,0.845057,0.340588,1.57032,1
0.762185,0.630951,3.07088,0.231487,1.70781,0.922558,1.06709,1.72105,3
-0.299889,1.70025,0.137868,1.6274,1.51925,-0.290735,0.205178,-0.0569911,-0
0.831462,2.87832,3.20275,2.92012,0.696339,-0.0707052,-0.182404,1.66832,1
-0.012668,2.64993,0.409762,1.87302,0.60137,0.0761009,-0.128894,0.953446,3
2.07135,3.10766,1.10566,3.0025,1.16329,0.523355,0.151067,0.530349,1
1.71718,2.55152,0.142455,2.35646,1.36319,-0.272857,0.211991,0.726705,1
0.510605,0.491515,3.41865,0.87012,0.521674,0.00841788,1.07175,2.05296,1
-0.266037,1.08904,0.611756,-0.0951835,0.382756,0.588092,0.597348,1.60417,1
1.83291,1.00851,1.69743,2.00714,0.249628,0.147729,0.522205,1.75713,1
-0.522596,0.983823,1.79196,1.84369,0.549446,0.0491659,1.26323,1.94058,3
0.512479,0.349594,0.822248,0.0835268,-0.288692,0.424947,0.440095,1.90983,1
0.238205,3.70905,1.2534,0.956317,2.14756,0.315582,0.85768,0.706874,3
0.282137,2.97636,0.248982,-0.0740007,1.57721,1.31421,0.902299,1.27572,3
0.606379,3.66421,0.326626,0.0729767,2.24203,0.988719,0.807724,1.29849,3
-0.0368163,2.94579,1.65205,3.15954,0.163955,1.4605,2.15055,0.894623,3
1.13335,3.6225,-0.104785,-0.12154,1.70071,0.0340576,0.547699,0.680727,1
0.323469,1.18696,3.00124,-0.146656,1.16051,0.890017,0.752198,1.94617,1
1.07234,1.15341,1.07466,0.392556,1.5453,0.0922818,1.89655,0.0161378,-0
1.12013,2.55176,0.77974,2.74382,2.81883,0.781552,0.330268,1.87657,1
0.28254,3.76317,0.67384,0.305236,0.139683,0.544245,0.516081,1.52392,3
0.83094,0.208432,0.449164,0.590279,0.718197,0.0037356,2.11619,1.85969,1
0.628262,0.46547,-0.0218982,2.07859,1.13791,0.629385,0.0658592,1.52665,3
2.17366,-0.0489887,2.80864,0.915694,0.643687,1.12424,1.30578,0.168681,0
1.96151,-0.0492448,0.8576,-0.185815,0.510637,0.306432,0.302058,-0.0843902,0
1.68058,3.93922,-0.0705358,0.759024,0.487702,0.199706,0.880319,1.85419,3
0.65714,0.476225,-0.0135972,1.47851,0.648384,0.698134,1.53495,0.864778,3
0.611534,-0.72914,2.92795,2.38139,0.335844,0.72627,1.66338,1.02048,3
0.608604,3.21592,0.344085,1.71084,0.0590274,0.826964,0.839314,1.48911,3
1.72043,0.347272,0.829139,-0.222418,0.229135,1.05806,1.69687,1.83749,1
1.757,0.71256,1.03597,0.330028,0.985564,0.960025,0.204504,0.0268796,-0
1.52366,0.261944,1.21285,1.94544,1.50527,-0.262728,-0.13861,-0.0654207,0
0.453758,0.631907,1.02247,0.142981,2.38961,0.988675,0.999556,1.3947,3
1.08977,0.336536,0.57703,2.69543,1.3778,1.43096,1.11303,-0.0143199,-0
0.130612,3.79691,-0.00831798,2.13865,2.07448,1.03268,0.251922,0.101507,0
1.76383,1.49407,1.09352,0.509652,2.00928,-0.190948,0.124076,0.625493,1
0.0485194,0.515246,0.281722,0.428484,2.13483,0.897354,0.0145057,1.24283,3
0.0990168,0.232913,2.52747,1.59062,1.46661,0.125946,0.974295,1.1967,3
0.425788,3.51684,2.89933,1.34729,1.82629,0.98528,0.744874,1.20159,3
0.567249,2.6429,1.12151,-0.0313055,2.23612,0.218005,2.13173,1.80169,3
1.76094,0.0422127,0.381566,2.95753,1.4565,0.82269,0.474008,1.19264,3
1.42506,2.5019,2.93397,2.19908,1.19581,0.599078,-0.450372,1.8264,1
1.78948,-0.0253136,0.412201,-0.293862,2.1805,0.587088,1.54094,1.12556,1
1.64342,2.79781,-0.134092,2.90526,1.69192,0.706526,1.62365,1.97099,1
2.06462,-0.0886562,3.3917,-0.259877,0.618041,0.290428,1.60591,1.32801,3
0.45648,3.51588,1.27917,2.52438,2.45396,0.318803,1.62724,2.02167,1
2.24509,0.758869,2.74766,2.72917,0.661433,0.806032,-0.0999206,-0.035089,-0
1.33906,1.68203,2.5265,2.35366,1.28824,1.49428,1.84254,-0.112319,-0
1.63061,2.96565,-0.144113,0.576935,1.59234,0.308577,-0.190344,1.99544,4
0.620548,2.94181,1.82866,2.74946,0.258371,-0.532317,0.865619,1.51645,1
1.74185,0.542492,1.93518,2.6397,2.50461,0.224887,-0.0723826,0.333694,1
0.677487,-0.0480626,2.37425,1.47371,0.358236,0.267574,1.56278,2.10174,1
0.050009,2.96765,3.08424,0.861668,0.472009,0.257133,-0.0641538,0.880068,1
0.490228,2.87505,0.295175,1.83929,2.2969,0.712868,1.34143,1.63648,1
-0.100307,3.00558,0.0580657,2.40533,0.384551,-0.236728,1.46389,2.36604,1
1.66911,1.43739,3.40976,2.50349,1.44397,0.362701,0.194229,1.28051,1
0.921235,1.54833,0.759486,0.0336501,1.96071,0.282727,0.514318,-0.0510968,-0
-0.00797504,0.916526,1.83758,2.31826,1.96459,0.310166,0.753962,1.88151,3
-0.216959,1.54361,0.390278,0.207976,1.86512,0.321996,1.19865,1.93149,3
1.49622,1.2978,1.56975,0.602498,0.161292,0.923809,-0.0708091,1.54738,1
1.66735,2.29823,0.12607,2.33376,1.64502,0.239663,1.8633,0.052845,0
0.180776,3.72119,1.20169,0.461354,1.99461,0.0948411,0.170992,2.22612,1
1.75353,1.91309,2.36986,0.316027,0.19021,-0.52993,1.41952,0.0659633,0
1.31234,3.87357,0.300147,0.0953657,1.99273,-0.085481,0.844364,2.18627,1
1.83322,1.78815,-0.333782,1.9846,1.26648,0.565513,1.73046,1.95401,1
1.31429,3.79261,2.2828,-0.421808,0.717381,0.685314,-0.0525623,1.04331,3
1.30453,2.60504,3.07885,2.79159,0.826158,0.944272,1.97874,-0.0497796,0
0.684447,1.67792,0.400381,1.87906,1.2551,0.772926,-0.361725,1.17698,3
1.57009,3.8522,2.61129,0.907643,1.9023,0.849655,0.249256,1.76293,3
1.24355,0.313777,0.5665,1.96884,0.261717,0.894144,1.3545,2.50525,1
0.331841,0.855877,-0.308631,2.22779,2.27911,0.842159,-0.241999,1.66665,3
1.37243,3.25657,2.21185,2.3365,0.133768,0.594755,-0.436691,1.69227,3
0.43087,1.08719,0.409808,0.699002,0.278839,0.79688,0.0355963,1.40559,3
0.567471,3.81238,-0.104362,1.39601,0.733438,1.23381,-0.857029,1.79724,3
1.54163,2.36888,0.0474677,1.8271,1.65915,0.691058,-0.161578,0.37323,1
1.89896,0.79227,0.137772,1.95188,-0.0397125,0.238654,0.114001,1.29342,3
0.484339,1.81966,1.90249,1.14453,0.783166,0.714814,-0.0966188,1.4718,1
2.28088,2.4246,0.974298,2.9741,0.752538,-0.0218079,0.0104103,0.500645,1
1.41012,-0.0765818,-0.0413595,0.564267,0.195834,0.312332,0.596556,0.989852,3
-0.0307268,0.873302,0.897586,1.56823,1.36189,-0.213709,1.32873,-0.14507,-0
0.971449,-0.465037,1.44234,3.07693,0.146815,0.409597,1.74786,1.58025,3
1.23307,1.21004,0.44511,2.80097,1.28198,0.0134076,0.451704,-0.0964869,-0
1.43625,2.95891,1.70235,0.0338117,2.25203,0.852012,0.982542,2.05899,1
1.18926,3.16947,0.309082,0.336004,0.575076,1.11929,-0.208836,1.34808,1
1.72259,1.92753,2.04372,2.99578,0.684029,-0.248036,0.658937,1.93779,1
2.05123,3.20366,2.28551,0.265609,0.270604,0.931613,0.975898,2.12857,1
1.31727,1.07387,-0.0750615,1.78853,0.341343,-0.377248,1.32198,-0.093221,-0
1.08242,2.41811,-0.0706136,2.83131,1.22393,0.33503,0.513358,1.74305,1
0.829734,3.36923,1.12183,2.69626,0.56005,0.200654,0.0989799,2.1409,3
-0.152342,3.52466,0.0462155,2.40307,0.845825,-0.0771049,1.47924,1.54775,3
0.865416,3.03642,1.78655,0.0939227,0.957059,0.980282,0.849883,1.64696,1
1.78768,2.74393,2.48638,2.94054,1.49181,0.430671,0.132425,2.16392,1
1.73058,1.52897,0.360688,2.89815,1.91074,0.359578,1.16812,0.865354,1
0.734043,2.04675,0.0155882,2.3161,-0.524879,0.332785,2.11418,0.625063,3
1.0149,2.52703,2.91562,-0.196372,0.165199,0.534837,0.809635,0.602065,1
1.56422,3.37572,3.19474,2.75766,1.07906,1.02823,0.30855,2.0717,1
0.240824,2.52541,1.02574,-0.132001,2.30413,0.948502,2.06519,2.38171,1
1.27531,-0.050064,0.892939,0.227552,0.754526,0.54633,0.529576,2.26935,3
-0.0454819,3.57954,3.297,2.26609,1.24932,0.89366,0.683086,1.74919,3
0.58682,1.81737,0.411319,2.19172,1.5468,0.13748,1.89604,1.33404,3
0.598879,-0.0370455,-0.0599105,0.0270981,-0.0151879,-0.111887,-0.212917,0.500192,1
-0.601024,0.599841,-0.0865619,0.456011,1.17296,-0.00667117,1.6804,2.30458,1
2.28843,-0.330297,0.815203,2.06927,0.797837,0.727183,0.111076,1.71026,1
0.893726,3.15508,0.850948,1.8157,0.829493,0.168342,1.96416,0.895345,1
0.772116,0.135873,3.42388,1.6012,0.149699,-0.0354719,1.20572,1.98082,1
0.823709,3.49561,-0.40502,2.66936,1.56536,0.437688,0.914441,2.24609,3
1.53434,2.67957,-0.194938,1.82498,2.06258,0.68157,2.11291,1.79889,1
2.33995,0.959938,2.29109,0.978517,0.75817,0.409812,1.69159,2.12373,1
0.931038,3.57568,2.45219,1.59325,0.433678,0.422127,0.992588,1.83239,3
1.37504,2.91846,1.60964,0.948865,1.15694,0.73617,0.239368,2.00283,1
0.476559,0.889516,2.97572,0.554828,0.935194,1.63441,2.14331,1.6887,1
0.494132,3.43551,1.52358,1.77124,1.82481,1.03012,1.8489,1.13231,3
1.68641,0.424516,-0.175054,0.365941,0.230725,0.421271,-0.0981613,1.88168,1
0.67178,3.18967,1.5984,-0.0993599,-0.281534,1.04612,0.200542,1.63718,3
1.58819,2.12051,2.98607,3.1548,1.02486,0.119564,0.538407,0.555311,1
1.08065,0.286043,-0.00908218,0.773362,0.365122,0.533433,1.92173,-0.133484,-0
0.816908,3.11171,2.78574,0.56108,-0.00149258,-0.0560836,1.83703,2.40107,1
1.14358,0.744383,0.63989,3.03962,1.36017,-0.61026,0.218418,1.68379,1
0.480822,-0.204484,1.57635,1.61053,1.39029,0.145595,1.23164,1.08059,3
1.63552,3.59295,2.39687,2.7801,1.93611,1.86518,0.794733,1.44609,3
-0.221607,0.693753,0.164738,0.122043,1.8326,0.611586,1.03472,1.28574,1
1.57499,2.80756,0.635771,1.44852,0.104442,0.470454,0.835067,1.46835,1
0.0534591,3.69325,1.84595,0.192115,0.46768,0.897451,1.06733,1.23181,3
0.474704,3.58859,-0.0933393,1.84489,0.358637,-0.0890492,1.29465,1.15433,3
0.753497,3.32195,0.0466704,2.97221,2.47879,-0.1846,0.375057,-0.0392316,0
1.44826,0.926455,2.08362,2.80922,1.58708,0.546725,1.70495,2.04464,1
2.00688,0.543852,1.94093,2.34611,1.2809,0.911572,1.5386,2.22378,1
1.50741,1.57187,0.0397974,2.96691,1.9592,0.649266,-0.371417,-0.153939,-0
0.135773,2.34102,1.50965,0.390495,-0.0147486,1.04403,-0.326791,1.90149,1
1.12151,3.1711,1.16554,2.63231,-0.194736,0.910905,0.617474,1.05871,3
1.57312,1.37144,2.99854,1.16246,0.696279,0.984071,1.50297,-0.00843204,-0
0.933133,1.04487,0.35285,0.0281682,1.49082,1.01747,0.656136,1.25086,3
0.496969,1.77771,3.00521,-0.295018,1.15481,0.613227,1.03064,1.58113,1
0.867937,1.03285,2.90367,0.869443,0.385958,1.1988,0.217135,-0.0845787,-0
1.86299,1.91283,1.71687,-0.0579662,1.61601,0.817662,1.29756,0.947812,1
1.36866,3.06335,-0.348514,1.2304,0.0203184,0.41255,0.200913,2.02591,4
1.8025,1.61837,1.57948,0.00826382,0.491197,1.01751,0.19697,1.96075,1
2.05092,1.99541,3.22512,-0.231278,0.140036,0.591166,0.612465,1.14814,1
1.0889,2.18014,1.13295,2.00122,1.71666,-0.176637,2.18835,0.458754,1
1.20935,3.78575,0.419287,2.04557,1.17757,0.20272,0.0807551,1.30587,3
1.96984,0.788417,2.2309,0.319844,1.15435,1.11277,-0.139534,1.30987,1
0.160692,0.254426,2.82114,0.774647,1.84782,0.46864,-0.319787,1.3744,3
1.23503,1.53157,1.09015,0.182658,2.66935,0.925973,0.167834,1.78109,1
1.69599,0.41229,0.127908,-0.214623,2.02183,0.587324,0.648593,1.64414,4
2.3893,3.55396,0.537547,2.85052,1.82486,0.501042,0.082294,-0.0314177,0
1.80228,0.702836,2.05085,0.707809,0.699111,0.414642,1.69249,1.96287,1
2.03959,3.52422,1.48482,0.843398,1.96852,1.0369,0.480943,0.0759065,-0
0.436656,2.00669,3.05368,2.26643,1.83274,0.190448,0.477456,-0.126945,0
-0.0795077,0.195203,0.472748,0.0936938,1.93324,0.772574,0.954574,-0.108266,-0
1.45057,3.58753,0.158518,0.793171,0.773348,0.710332,2.15371,1.24036,1
0.85141,0.0446534,0.226666,0.0742179,0.442131,0.989561,-0.111505,1.11426,1
-0.20438,3.42399,0.769547,2.91922,0.567252,0.301709,0.922714,1.79516,3
1.1054,3.36242,-0.226104,3.14906,0.299274,1.03988,0.778131,-0.0594059,-0
0.613907,3.91679,1.25943,2.92793,0.759581,-0.281311,0.904875,1.43763,3
1.39804,3.89727,3.17078,2.38987,0.500326,1.16194,1.90331,1.35274,3
1.87613,2.27727,-0.235917,0.418332,-0.274409,0.158131,1.48928,1.8008,1
0.44251,-0.400523,2.51626,0.563352,2.72073,1.00968,1.97582,1.65872,3
1.06304,2.91779,0.849804,0.251327,0.303645,0.809923,0.170336,-0.0971071,-0
1.31177,1.23641,0.686307,0.598543,1.2882,0.118987,1.90132,1.2826,1
1.4167,2.15352,0.228426,0.206442,1.12603,0.998896,0.387778,0.0420619,-0
0.467171,-0.373018,2.56912,2.11221,0.348683,-0.158498,0.623656,1.54853,3
0.582221,0.0820228,0.349239,0.074102,-0.0191456,0.752285,-0.299614,1.22226,3
-0.40464,3.83856,1.73362,0.175499,0.670042,0.585143,-0.0313936,1.51193,3
2.31055,2.95362,2.99587,2.83155,0.98429,0.137536,0.410927,1.40904,3
1.60911,0.478088,0.0119152,2.35683,0.389857,0.835543,1.83414,-0.133975,-0
0.0198286,3.81367,2.90175,2.7312,1.63524,0.781014,2.29101,1.06303,3
1.39417,0.133239,2.45061,-0.229055,0.482074,0.896836,1.69325,1.50246,3
1.61393,2.52374,1.4404,0.535797,1.21931,0.435392,1.52527,-0.0970022,0
0.441331,0.737693,2.89233,2.8588,1.89392,0.234819,-0.283444,1.53568,1
0.335427,3.36727,0.980216,0.488716,0.0514224,0.363154,1.36971,1.21186,1
1.1163,0.118896,2.04232,1.14151,0.942485,0.647314,0.311868,2.18753,3
0.00883881,0.166128,1.09227,1.69484,0.918773,-0.134039,0.740926,1.68828,3
0.641841,3.07985,0.29928,2.80965,1.52513,1.08804,1.12075,0.971379,1
-0.159075,1.53156,0.0583182,-0.14775,0.935047,0.373195,0.485288,-0.106077,0
1.03122,1.9225,1.84902,2.04225,2.08317,-0.226741,0.457611,-0.146383,0
0.869327,0.333906,2.20392,0.127302,1.40605,0.185995,1.36826,1.68642,1
1.96853,3.67688,2.4044,1.39121,1.30722,0.070145,1.6359,1.76933,3
1.64103,3.22548,-0.230075,2.98822,0.695613,-0.0575563,0.210975,1.98055,1
1.88393,0.0856077,1.85783,2.32094,0.516308,0.680507,-0.079531,2.15219,1
0.0617894,4.22741,1.43511,2.67462,0.304974,0.109223,0.29921,1.99685,1
0.0655824,2.57599,0.889442,0.412261,0.449557,0.0277335,-0.207612,0.513919,1
1.76636,0.506407,1.06076,-0.462831,1.24305,-0.146882,2.01003,1.835,1
1.12101,0.933671,2.29748,2.42465,0.0834954,0.30123,1.20434,2.22295,4
0.656805,0.489498,0.272113,3.07523,1.05397,1.03379,1.28104,-0.0743024,-0
0.38002,0.955253,1.2843,0.807084,0.622333,0.343364,2.31335,2.01566,4
2.41287,-0.140269,3.26341,1.88867,0.825408,-0.312467,0.392285,1.38407,3
-0.02251,1.44594,0.731608,0.793283,1.12782,0.0985839,0.754494,2.31273,1
1.50763,1.04479,1.28772,1.46422,0.678396,1.469,1.45444,1.91236,1
0.658773,2.55717,0.580449,1.6532,1.27667,0.536433,-0.0715187,2.21902,1
0.0395039,0.148258,2.87291,0.301041,1.96709,1.0473,1.98222,-0.0499577,0
1.8514,0.535512,1.26707,1.2533,0.677815,1.0747,1.69116,2.17584,1
0.511096,3.4861,3.18863,2.24112,0.537816,0.624331,0.475575,2.12452,1
0.433861,0.403418,-0.042681,0.95922,1.27756,0.295207,0.0192605,2.05688,1
1.35532,0.235841,0.162377,1.83535,0.703514,1.02467,-0.286545,1.03439,2
0.500172,2.02339,-0.0232137,1.99126,1.28179,0.572101,0.18688,0.799393,1
0.310243,2.83135,0.128079,-0.0378992,1.26755,0.929933,1.63703,1.83515,1
2.39031,0.556033,-0.00341649,1.83398,1.14493,0.299497,1.24267,-0.0523373,-0
1.26703,3.64625,1.07087,2.39375,2.15069,0.0869037,0.513611,1.94675,3
1.39317,0.705485,0.296287,0.493088,2.02393,-0.00234615,1.84333,-0.0906825,-0
1.91252,-0.438127,2.33864,3.03282,0.597225,0.309409,0.670218,2.37261,1
0.934457,0.232118,2.50806,0.85058,2.20448,0.412227,-0.297313,-0.151242,-0
1.34816,2.41082,3.41169,2.68702,1.13466,1.85017,1.3706,1.96757,3
0.854262,2.65503,0.808217,0.0734556,1.59496,-0.541947,0.194482,1.96671,1
0.313163,3.77283,2.82662,0.679716,1.83722,0.771119,1.49166,2.32045,3
0.958999,-0.0140353,0.236578,1.27306,1.34469,0.500191,0.561714,-0.187711,-0
2.30655,1.74301,0.0127728,-0.0472312,-0.350953,1.29298,-0.120396,1.80494,4
1.32737,0.805096,0.14166,2.27655,0.610884,0.965705,2.43661,-0.0378235,-0
0.735109,2.55125,2.9529,3.01358,1.28517,0.909786,0.350468,2.06628,1
0.595549,2.94598,3.40452,2.19426,1.66469,-0.468329,1.44471,0.837454,3
0.979611,1.7156,-0.354326,2.04156,0.138063,0.697339,0.371991,1.90357,1
1.15074,2.26062,3.08051,3.09004,1.56022,0.0579879,0.187342,1.79977,1
1.97822,3.28597,0.503787,2.137,1.30952,0.46717,1.63046,1.73498,1
0.64505,2.5363,0.975614,0.738727,2.60485,0.0631781,0.188845,2.01049,1
0.80102,1.48144,1.56944,1.48392,0.825304,0.207626,-0.20336,1.33922,1
1.72114,0.293637,0.196614,1.86946,0.234167,1.15418,1.51107,2.21566,1
0.897851,1.90313,2.27491,0.223592,1.50362,-0.0274545,0.416054,1.74477,1
0.311625,2.48002,0.435458,1.80972,2.4327,-0.517364,1.06925,1.16859,1
2.49694,2.61351,0.424286,2.71008,0.391903,-0.211494,1.15055,1.84598,3
0.662155,3.00783,0.987095,0.514262,2.97346,0.769673,1.74368,1.03283,3
-0.522281,3.09862,0.996046,0.259171,0.647784,0.887011,0.0625545,1.72174,1
1.55325,3.13297,0.799854,3.18652,1.59798,0.595595,0.288825,1.70799,1
1.27698,0.758113,2.23984,0.861158,0.0152508,0.504779,0.0400823,-0.0501367,-0
-0.311891,2.1823,1.02851,2.84354,1.95015,-0.206102,0.0992583,-0.231376,-0
1.8723,2.21086,2.58986,3.12532,1.17619,-0.0695602,1.67561,1.39154,1
0.0230735,1.02406,2.88109,-0.126394,1.76581,0.555581,1.75201,1.36449,1
1.93412,0.473101,3.12766,2.01735,0.794906,0.515382,2.31587,1.91009,1
1.11108,-0.0760247,0.271433,0.377189,0.328891,-0.265726,2.13558,1.04275,1
0.8783,1.04629,0.278651,-0.00391071,1.57023,0.908703,2.08763,1.88927,1
0.162511,0.675213,0.44154,1.07463,1.49886,0.568263,1.67881,0.988055,3
-0.319036,4.33504,0.180476,2.5759,2.20193,0.45947,1.4756,-0.0591518,-0
0.122067,0.0318273,1.20146,0.961338,1.02405,-0.524503,0.876773,1.53279,3
1.54707,1.90435,0.728183,2.87914,-0.197411,0.627519,0.60972,2.02724,1
-0.105446,3.16091,0.0581868,0.267441,1.37411,0.54731,1.7566,-0.0441226,0
1.3999,3.80616,3.71046,2.38133,1.08663,0.853004,1.59088,2.06097,3
1.00236,0.955643,0.130288,-0.0602142,0.825019,0.866747,0.416813,1.58361,3
0.0242575,0.602062,2.77142,0.764182,1.72322,0.0725805,1.39228,1.66236,3
0.0538094,-0.383217,2.16102,0.485769,0.643046,0.525581,1.35776,-0.0937309,-0
-0.233598,3.96914,3.00888,0.354658,0.595153,0.124824,1.16177,-0.156877,-0
1.76266,2.74105,0.31292,1.3347,1.85606,1.04685,0.0322554,2.01233,1
1.24461,-0.404459,0.0522122,0.608587,1.03487,0.565913,-0.298975,-0.112949,0
0.513355,3.5767,1.3888,2.75492,0.557645,0.377966,2.1423,0.939681,3
0.0222661,-0.226455,1.35379,1.21151,-0.143565,-0.298102,1.49343,2.1789,3
1.11686,2.26709,0.959925,2.43505,0.154807,0.465832,0.0306869,1.67173,4
0.246617,1.44333,2.66693,2.14307,1.96018,0.426645,0.227304,-0.148751,-0
-0.0792076,3.45185,0.17995,1.05476,2.48897,0.237695,1.09788,1.60325,1
0.881755,4.08863,-0.0918308,0.988076,0.409491,0.208718,2.00351,-0.0541563,0
0.102258,2.76434,2.16754,-0.0857675,1.34811,-0.0471883,0.133732,2.18524,1
1.05262,4.34351,0.3395,0.774443,0.753779,-0.468957,1.05038,-0.0616231,-0
0.262137,0.81476,3.07326,0.966371,1.4031,0.389922,0.510126,-0.112645,0
1.98937,-0.146864,2.40597,-0.214131,0.622258,0.971759,0.0224689,2.02392,1
1.73382,4.0691,1.73354,1.93991,1.39941,0.535378,1.14904,0.00604598,-0
0.0296677,-0.284841,2.04709,2.28321,1.53061,0.174836,2.35172,-0.109663,-0
1.29221,-0.0593388,0.00516532,1.6338,0.756724,1.51496,1.38625,1.24675,3
1.83842,0.964222,1.58413,2.61915,1.2681,0.899473,-0.155482,1.51805,1
1.55443,-0.264632,0.520531,2.50131,1.48586,-0.330402,1.01433,0.884029,3
0.51785,0.562842,1.99886,0.203339,2.20617,0.452651,-0.459615,1.06362,1
1.83005,0.348369,2.91788,2.50888,-0.0995037,0.184831,1.67769,1.5584,1
0.831001,3.65177,2.09562,2.366,0.459517,0.864158,-0.0743217,1.2604,1
2.07863,-0.381139,2.20421,2.86758,0.829528,0.232273,1.24174,2.3422,1
2.17536,1.90965,0.920868,-0.0500768,-0.471137,-0.0508856,1.79156,2.67422,4
0.449345,3.75976,0.0900251,-0.269982,1.41931,0.348126,1.77291,1.4636,1
1.69903,1.72243,-0.22998,2.84446,0.585112,-0.0861075,-0.227774,1.71655,1
1.88399,1.82265,2.43582,1.75178,1.68913,0.66162,1.3861,1.51496,1
1.90316,0.224219,1.89716,2.86265,0.541938,0.605978,-0.237178,-0.0203965,-0
0.258033,2.41184,1.72516,2.02012,2.32518,0.536298,2.33219,2.16058,1
0.373125,2.80836,0.6715,2.86767,0.392705,0.132064,1.38321,1.73161,1
1.16856,1.31007,3.06913,2.9172,1.99391,-0.203119,1.13844,1.96882,1
1.7344,1.51947,1.63851,0.326074,-0.291139,0.340575,1.3696,0.998941,1
-0.294792,1.83101,2.62784,2.3101,1.89895,1.42156,0.207651,0.924064,3
1.77609,1.07941,-0.116812,0.325473,2.22461,1.26864,0.927554,1.09266,1
0.284776,0.465565,2.04248,1.71395,-0.0884189,0.00781253,1.25391,1.20434,3
-0.105801,3.5659,0.148066,1.27834,2.18669,0.0345026,2.2016,1.27764,1
1.94336,3.71907,-0.0235362,3.43927,-0.421729,1.32157,1.02337,1.89791,3
1.74667,0.460961,2.33045,0.318959,1.83559,0.141666,0.0662117,1.41174,1
0.712554,1.74187,1.91015,0.108582,1.03652,0.527238,1.60737,1.32481,1
-0.0620918,1.51983,1.10031,0.317807,1.80752,0.471381,0.0574297,2.07979,1
0.814835,4.1241,0.573762,1.07909,1.82577,1.34955,0.777474,1.58596,3
1.6861,1.55532,2.80614,2.75099,1.35545,0.470851,-0.00736005,-0.108229,-0
0.267323,0.319695,2.90069,1.87802,1.94747,-0.494931,-0.0169955,0.983928,3
1.96304,2.09105,3.0833,3.0167,0.783463,0.836413,1.6693,0.0791719,-0
1.35374,3.30309,1.94948,0.5459,0.483767,0.287457,1.2579,2.2237,4
2.11509,3.63483,0.493842,1.6044,1.02328,-0.355786,1.62482,1.97859,3
0.0496257,3.73257,2.24122,2.30046,1.08341,0.925739,0.407323,1.51334,3
1.04435,1.0077,2.66013,0.965137,0.621002,0.436523,0.0943944,1.74052,1
2.06613,1.5299,0.0100653,0.824785,1.52927,0.997848,1.8016,1.50293,1
0.0724512,3.68538,1.20009,0.151213,1.46312,-0.240959,0.860355,1.15178,3
1.05936,1.42786,2.84228,2.9087,0.689087,-0.0370319,1.84644,0.976405,3
2.35547,3.67749,2.48505,2.36561,0.83975,0.655029,-0.144892,1.06795,3
-0.045799,3.22519,2.83052,2.11163,0.175165,0.432229,0.319416,1.91187,1
0.437305,0.299727,1.75584,1.38523,-0.267544,0.560078,1.61961,2.11579,3
1.25322,0.191408,2.35597,-0.0182244,2.3912,0.480045,1.42934,-0.0154227,-0
2.08622,-0.318651,0.706508,0.796415,0.772242,0.12374,0.552428,2.15233,3
0.800142,2.58104,3.01591,2.10324,1.06543,0.432009,0.236529,2.1038,1
0.907239,2.79882,0.413623,2.19197,1.73052,1.31363,0.24509,2.36335,1
2.97268,2.30262,-0.530986,1.04121,0.326872,0.990573,0.198359,2.31437,5
1.64425,3.73263,3.40386,0.0959189,0.0679892,0.482096,0.278339,1.14138,3
0.875278,1.23402,1.23776,2.2907,0.291095,0.187505,0.168334,2.13373,1
-0.175495,3.97286,1.08188,1.11529,1.94531,0.856791,1.26662,1.77228,3
1.84002,0.0834348,0.393208,-0.0171985,0.297289,0.29723,0.783914,1.83841,1
1.51356,3.25094,3.13262,1.15499,1.83942,0.0267296,1.73645,2.04812,1
0.863618,3.14013,2.43151,1.79313,1.43501,0.65962,2.10327,2.37629,1
1.71636,1.57694,2.77952,0.551804,1.85971,0.661608,-0.429201,0.0431694,-0
1.09232,0.00259011,2.26088,2.62475,0.284718,0.919977,1.67674,1.81008,3
0.542336,3.39899,1.05986,2.90236,-0.29787,-0.248618,0.690292,0.225731,1
2.11243,1.74276,2.77163,1.3909,1.24895,0.579697,1.11055,2.04972,1
2.20237,0.226417,0.782083,2.91644,1.40504,-0.164044,0.971621,2.05097,1
1.90357,2.35011,2.14281,-0.173833,1.95815,0.042147,0.179799,1.91109,1
0.752931,0.527019,0.0464214,2.53036,2.44351,1.26889,0.32617,0.187444,0
0.672363,3.94154,1.65603,1.69175,1.74681,0.766155,1.51136,1.82445,1
0.764372,-0.0051546,1.98416,0.141219,1.05722,-0.154919,0.773545,1.39414,3
1.3518,0.716131,3.17106,1.55845,0.362601,-0.0871852,-0.236485,2.15778,1
2.3512,3.04341,1.04431,0.468024,2.28923,0.709224,1.20858,1.69622,1
0.248575,3.10471,2.09789,2.16018,1.62583,0.769586,-0.491177,2.29771,1
1.35384,-0.202439,-0.166417,2.27471,0.479515,0.240709,0.652803,1.56277,3
1.32171,3.66595,-0.373856,2.00919,0.850674,0.659701,0.209008,2.15712,1
0.361268,0.366947,-0.0428067,1.16071,-0.70679,0.428358,0.705624,1.6294,3
1.52661,2.35895,-0.102925,-0.146256,1.19506,0.248024,0.767827,0.11186,0
0.729378,1.79295,2.43315,0.652127,1.71942,0.782903,1.44757,2.52607,1
0.712386,0.528912,2.91236,2.97653,1.06882,0.348338,0.938217,1.718,3
0.450444,2.51798,2.97072,-0.139616,1.01628,0.474532,-0.293225,1.96931,1
-0.172425,0.195595,0.182799,2.33156,0.885447,0.575454,2.09307,1.61566,3
1.3876,2.19015,3.52969,2.12537,0.298908,-0.574543,1.72782,0.834819,1
2.00228,1.49253,0.570616,2.45895,2.37692,0.114069,0.145055,1.32658,1
0.416552,0.475877,1.7239,0.118773,1.83648,0.527351,1.2621,1.147,1
0.306137,0.60408,1.68283,3.1844,1.34165,0.490712,0.172459,-0.21127,-0
0.692993,3.84852,0.3108,2.27491,1.02642,0.579685,2.27796,1.52545,3
1.09265,3.3634,0.634587,-0.0524193,0.71907,0.395243,2.12262,1.71714,1
0.732209,1.78775,0.406172,1.69913,2.00966,0.531457,-0.142295,0.602231,1
1.71398,3.93922,0.911183,1.3416,1.90579,-0.0570162,0.636804,1.07565,3
1.21699,0.000868909,1.04729,2.19561,0.0177505,0.485897,2.36044,2.23243,1
1.62882,2.02951,0.579965,2.3293,2.24498,1.4644,0.0195245,1.23518,1
0.325046,2.35075,0.45038,1.64784,1.69853,0.697487,1.75171,-0.0340468,-0
1.86542,0.392138,1.51026,2.07945,2.25355,0.332697,-0.457858,-0.0648267,-0
2.09336,0.00875195,1.35788,2.41347,0.78951,1.5247,1.40222,-0.129795,-0
0.924486,2.82386,1.39048,1.1391,1.57614,0.872369,1.76868,-0.0334299,-0
1.83211,3.56706,1.69739,-0.204487,0.339399,0.128225,1.65352,1.50907,1
1.73602,0.94866,-0.18756,2.71108,1.60277,0.364928,0.837821,1.25433,1
-0.402709,1.22728,1.79145,2.83308,0.483843,-0.132276,1.08752,1.36865,3
0.97139,0.886442,2.76758,1.95314,1.91653,0.440804,-0.377561,1.36715,1
0.0845713,0.331679,1.94937,-0.0885382,2.58071,0.859434,1.69929,0.778562,2
1.12296,2.93528,0.629593,2.43598,0.547556,0.0780549,1.3823,1.73103,1
2.05847,0.963152,0.155985,0.24418,0.986653,0.0379177,-0.125827,0.00432937,0
2.36908,3.48294,0.862295,1.06247,0.786621,0.168875,-0.259526,1.35494,1
0.994044,1.78526,0.208903,0.202609,-0.34433,0.797644,0.409755,1.663,1
-0.152569,3.81473,2.28528,2.94552,1.52756,0.255647,1.4706,1.10821,3
0.849108,-0.141337,3.10783,2.52756,0.296744,-0.0320459,2.14983,1.75306,1
0.574587,3.22351,0.581305,1.36127,2.19519,1.11891,0.33981,-0.0584459,-0
2.13705,2.10233,2.71012,0.810453,1.72586,0.0683182,0.403412,1.43239,1
0.853789,2.17444,1.26224,2.41065,0.697363,0.237753,0.739731,2.29987,1
0.937965,3.21444,-0.274765,1.94308,0.495881,0.719233,1.1489,2.03758,1
1.53646,1.53536,1.44642,2.52133,2.55253,0.250664,0.589796,0.790622,1
7.82497,-15.9084,22.1586,19.8304,-12.0792,-3.39316,-11.2535,13.7345,-1
1.78132,3.26087,0.217971,2.15611,1.93642,0.645534,0.234152,0.91642,1
0.401697,0.124584,1.84358,1.80894,1.68023,0.361964,0.71949,1.39042,3
0.503595,1.51308,2.20828,0.710997,0.291101,0.0962432,2.01,1.75615,1
-0.159754,3.07717,0.0244524,0.932425,1.01146,-0.213809,1.73871,-0.0533299,0
1.15781,2.5166,1.49244,0.308172,2.12478,0.37906,1.25391,1.97871,1
1.63803,0.9511,1.52835,2.81698,2.77696,0.435412,0.833407,1.92173,1
0.997336,2.76087,0.0119867,1.55855,0.141237,-0.398624,1.65529,1.05969,3
-0.378622,3.84776,2.18063,1.57133,0.45735,0.602875,0.520949,2.32499,1
1.30669,3.69865,0.514481,2.26646,2.09114,0.471503,0.823978,1.04456,3
0.172612,2.76345,0.331193,-0.2578,1.5219,0.970268,2.03133,1.2075,3
0.0948635,0.529594,-0.158299,-0.14072,1.97592,-0.334841,0.757564,0.594099,1
1.20829,1.37855,0.133242,-0.0511966,-0.213638,0.922572,0.95908,-0.0958726,-0
1.62019,2.77746,2.61566,0.713583,0.900356,1.23546,-0.146034,1.75823,1
2.07268,2.3285,3.25727,3.21121,1.38254,0.896643,0.395325,-0.000103029,-0
1.73501,-0.359855,1.47924,0.0320965,0.929202,0.03345,-0.226729,-0.0356049,0
0.590679,0.329606,1.50275,0.266368,2.51931,-0.0863071,0.419407,1.65174,1
-0.247,1.86477,1.63928,3.1253,0.413879,0.917485,0.672631,0.932397,3
1.32625,1.21375,3.17824,1.36312,2.66129,-0.216548,0.432946,-0.0961509,-0
0.189368,1.21931,3.13281,0.268531,1.30994,-0.0678466,-0.152831,-0.0672441,0
0.334497,0.788067,-0.0643344,-0.0735705,0.648485,0.300372,-0.0189748,1.71806,1
0.532189,0.848053,3.17104,1.18372,1.55272,0.405595,1.75308,1.74994,3
0.851742,0.0613761,3.14468,0.178469,1.6654,1.11891,0.606529,-0.172413,-0
1.73734,-0.0882035,-0.187141,0.65534,0.868538,0.178175,0.191027,1.15491,3
-0.118498,3.12205,0.197329,0.867671,1.63427,1.38253,-0.276023,0.0194535,-0
-0.0487027,1.41739,1.03926,2.67814,0.995366,0.132134,2.07192,1.89777,1
1.5038,1.10054,2.86358,1.10786,1.70911,0.532987,-0.292826,2.27505,1
1.91692,-0.182347,2.74921,2.16064,0.928114,0.168662,1.42338,2.18453,1
0.514129,3.79343,1.73671,0.560423,-0.231306,-0.338572,0.347839,1.09395,1
1.90128,3.58219,0.403588,3.11144,0.811725,0.903909,0.0760186,-0.130303,-0
-0.375533,3.4682,0.352821,0.240462,1.81919,0.742057,1.72026,-0.0641962,-0
0.0747296,-0.00154989,-0.132393,1.44883,-0.247375,0.547091,0.624515,1.35829,3
0.479184,0.98721,1.60551,0.684502,2.21041,1.08012,0.101678,0.0605302,-0
1.81449,2.85722,3.11349,2.09832,2.4795,0.674309,-0.143574,-0.131506,-0
0.109093,0.0156494,0.291473,3.14206,0.974048,0.343265,1.22458,-0.148188,0
2.42085,3.2982,0.652735,2.89188,0.907449,0.276966,0.904979,1.02046,1
1.04834,1.71561,2.00853,1.67316,0.791509,0.21423,-0.293762,1.48315,1
1.67946,0.436593,0.11277,2.23402,0.944734,-0.220921,0.0209909,2.22001,3
2.1421,1.23474,0.246472,0.0321579,1.37243,0.999604,0.315934,1.57263,3
0.621165,0.495681,2.7805,-0.055751,0.978827,0.604788,1.14465,2.19074,3
1.51904,1.16194,2.45993,-0.210903,0.0322269,-0.128591,0.166584,1.19322,1
0.43039,3.95936,0.689477,0.711218,0.717189,0.0664484,-0.161035,1.99163,1
1.87639,1.47881,1.70278,2.45422,1.84582,1.27901,1.40232,0.936898,1
1.78354,3.1554,2.57966,0.493118,1.9778,0.513725,1.86915,0.0275218,0
0.505236,2.8733,2.19799,3.04467,0.301301,-0.378021,-0.00316427,0.155985,0
0.822339,0.17798,1.70954,0.851502,2.2645,0.802316,2.0422,0.713519,3
1.19909,1.00663,2.88215,2.19803,1.44002,0.0212176,2.1467,1.53562,1
1.64501,-0.140944,2.51429,0.668666,0.0637857,0.645257,1.06173,2.03106,1
1.80411,1.01147,2.39023,0.0321366,2.66988,0.215574,0.00068503,1.43885,1
1.96028,0.164335,1.06518,0.256321,1.40733,-0.152545,1.46009,2.13821,4
0.322033,-0.0136434,2.58345,-0.106704,-0.739436,0.356012,-0.144986,0.0103509,0
0.0849175,0.640804,0.752337,0.373068,1.50299,0.0181377,2.38632,1.06494,3
1.02631,3.66745,2.1629,0.964728,0.0918701,0.658043,0.901254,1.78093,1
0.379609,-0.0476034,0.929068,1.33771,0.696217,-0.0329074,1.3308,-0.0673345,0
1.26582,0.629342,-0.169171,0.817289,1.05407,0.865161,1.03511,1.05674,3
1.28682,3.56184,-0.292194,1.50025,0.737171,0.632853,0.847771,1.38419,1
-0.056128,0.80315,2.49394,2.05445,-0.0911243,1.32741,1.73,1.74939,3
0.219556,1.04863,2.25228,1.8998,0.731375,0.193809,0.747809,-0.067999,-0
0.631444,-0.260698,1.90349,3.20331,0.919376,0.217101,2.30577,-0.0656262,-0
0.407925,2.32831,3.2616,3.01261,1.61128,0.362781,0.753895,2.00337,1
1.11284,3.88147,1.53216,2.03115,0.147053,0.874224,0.408344,2.22879,3
0.344089,1.14628,2.2957,0.000726463,0.421057,0.96082,1.47082,1.64308,3
-0.310232,1.21043,0.7403,2.45755,0.934206,1.03129,-0.464451,0.113051,0
0.49352,0.183891,2.42693,1.52662,1.54919,1.10225,0.654803,1.77759,3
1.04403,2.42197,0.608162,1.11124,0.294424,0.935856,0.299962,-0.153146,-0
0.250785,3.78125,2.80946,1.1813,2.32522,0.264102,0.206594,1.12507,3
1.66188,2.07938,0.243636,0.0295395,0.777535,0.357437,0.0761859,1.48796,1
-0.216675,2.72483,0.930931,0.0229286,-0.18102,0.26435,0.038592,-0.0840474,0
1.90977,-0.259279,-0.00873831,-0.174198,1.46534,1.49052,0.183918,1.23478,3
0.136332,1.48594,0.441656,2.05557,0.300641,1.13007,0.968116,1.93691,3
0.394633,1.95567,2.89078,1.00613,-0.222323,0.733542,1.63699,-0.198172,-0
2.14225,0.398784,1.94152,-0.0348345,1.19301,0.941255,1.18035,0.101963,-0
0.556149,4.16085,2.25241,1.58231,1.63099,0.126328,2.00912,0.00080031,0
1.4821,1.38976,-0.0125305,2.93641,1.02276,0.622503,-0.417828,2.0519,1
0.76835,1.65963,2.63821,2.77408,2.10138,0.308144,1.67804,1.02083,3
1.07756,0.600717,1.22072,2.85229,-0.247332,0.435334,0.0483698,1.47825,3
0.482141,0.490383,3.14221,0.0340356,1.49264,0.0202065,-0.181541,0.730464,3
1.28703,-0.684205,0.851633,-0.20372,0.297002,0.218328,0.482914,1.10392,3
1.56458,2.50743,2.8566,2.6138,1.70359,-0.0844113,1.65057,0.0447489,-0
2.19609,0.354635,2.23751,2.8836,1.98319,0.805969,1.76047,0.858615,1
1.57325,3.55601,-0.190744,2.35354,-0.665289,0.44017,1.24212,1.91241,3
1.07205,0.185634,2.17265,0.333968,2.26132,-0.148585,0.897196,2.15218,3
-0.0721385,3.43878,2.71533,2.59879,2.19707,0.0777865,0.343236,1.70936,3
0.832205,2.64008,-0.0914321,2.30483,1.42018,0.391247,2.37271,0.141145,0
0.293308,-0.36132,1.16064,-0.0580301,0.688465,0.976998,1.48574,-0.180567,-0
1.32584,0.707383,1.73998,1.09796,1.82852,0.222954,0.29094,-0.0914024,-0
2.01353,2.12553,2.21355,3.07583,0.595822,0.556855,-0.00542171,1.71521,1
1.85995,3.53008,0.380137,-0.00771348,0.607089,-0.104384,0.512664,-0.0922092,0
2.02298,0.323568,1.26039,1.78658,0.955625,1.13421,0.33365,2.05903,1
0.358891,3.59969,0.202932,1.87559,2.07865,0.0527828,0.145305,0.877133,3
2.01,2.69885,2.32528,3.23222,0.0429625,0.446341,0.592723,1.72184,1
1.27843,3.45905,-0.120991,0.958326,1.4994,1.34547,-0.0828765,0.156111,0
0.739227,-0.330968,2.25928,-0.323361,0.45424,1.34462,0.175661,0.729048,3
2.13917,-0.303302,1.0514,2.86875,1.72113,0.603946,1.28341,2.35636,1
1.07333,2.55586,1.81364,2.46964,2.00564,0.960476,1.55259,2.2536,1
0.967031,2.92806,2.15688,2.14467,1.31293,-0.0507286,0.688802,0.708768,1
1.75124,0.58058,-0.149398,2.31745,1.16028,-0.162591,0.663581,-0.0330985,-0
1.41886,1.11676,1.68712,0.111952,2.07788,0.30456,0.613003,-0.0989722,-0
1.95669,2.34177,3.14738,2.93759,0.879181,0.697992,0.806897,0.186951,0
0.942842,1.83502,1.63887,0.600697,0.589595,0.297202,0.809276,-0.087651,-0
0.271715,3.2316,0.245166,0.668609,0.503956,-0.471341,0.352594,-0.0887507,0
1.51029,-0.0471721,0.648304,0.112495,0.501969,0.594382,2.05966,1.70087,1
1.75665,2.69141,0.930168,2.36116,2.46814,-0.190317,1.294,-0.155172,-0
1.2158,1.74526,0.434907,2.77889,1.45828,0.0173548,0.711723,-0.116871,-0
1.53708,-0.000701229,0.279693,1.41743,2.55486,0.242045,1.58893,2.16573,1
0.484686,2.13962,3.11274,-0.0642937,0.230063,1.09723,0.427375,1.01175,3
1.65342,3.86571,0.0486561,2.16624,1.27969,0.284931,0.600776,-0.117128,-0
2.31196,3.92545,1.04037,0.856361,0.904194,0.784311,0.976737,1.70009,3
0.608992,2.39157,1.68481,1.53429,1.53934,0.452721,2.27207,1.18858,1
0.131697,2.40926,0.11302,2.30531,1.78599,0.528654,1.8223,1.03813,3
1.3568,1.98474,0.775693,2.91305,1.68207,-0.284741,1.69319,0.0311727,0
0.786913,2.55492,0.0915242,2.253,0.524156,1.1507,1.12242,1.91848,1
1.41708,2.46122,1.14089,0.712865,1.60648,0.961505,1.2509,-0.0447553,-0
-0.239393,3.1623,1.42933,1.31033,1.90822,0.167159,1.54625,0.587683,1
1.74685,-0.364637,2.65486,3.03721,1.7861,0.171954,1.33761,1.21065,3
1.60289,2.22252,0.826514,0.142891,0.291117,-0.298546,0.375118,2.87376,4
0.347823,0.934364,2.33535,2.2759,0.770681,0.806786,1.73714,1.37504,1
0.813193,3.51571,0.289511,1.08825,0.212238,0.175835,0.536754,1.20654,3
1.96214,0.171291,0.838075,2.86618,0.261757,0.779185,0.238022,2.08054,1
0.152731,1.57674,0.405061,0.303149,0.695425,0.671385,1.69412,1.87139,4
1.83044,1.48767,3.42859,1.04569,0.625547,0.320668,2.3856,2.17139,1
0.761871,0.128843,-0.0309162,0.390895,0.584872,0.369615,1.71377,1.22933,1
0.219251,2.40453,2.33,2.22074,1.87045,1.30726,1.20947,0.917585,3
1.92423,-0.113276,0.985172,2.75046,1.76971,0.544462,2.39708,2.04382,1
2.37707,2.19374,1.32142,2.22101,1.26906,0.318384,1.78995,1.79301,1
1.81914,0.775236,0.682542,2.75203,0.32485,0.246231,0.381875,1.31653,1
1.94403,0.763029,0.689831,2.62552,0.674457,0.860988,0.0838245,-0.125555,-0
1.80161,0.193537,0.427019,0.626294,0.810572,0.41321,-0.283632,1.71728,1
0.854142,-0.295484,-0.265607,2.32338,1.26056,0.485392,2.02089,1.68029,3
0.103112,0.626621,3.16558,-0.151664,0.683759,0.712756,0.987839,1.28785,1
0.561059,-0.31146,1.35547,1.14679,1.44244,0.159346,2.44596,2.10577,3
1.31987,3.54745,1.69962,1.06343,1.88671,-0.159208,0.411998,0.00318799,-0
1.80349,0.152347,2.97163,-0.443893,0.784479,0.312638,0.652689,2.02097,1
1.29688,1.19523,0.601153,1.77404,2.20177,0.575648,1.05826,1.33336,3
-0.184931,2.88259,0.815614,1.25198,0.126901,0.337339,1.65226,-0.0825981,0
0.621348,3.83865,0.147884,1.19559,0.118856,0.97581,0.764906,1.40761,3
1.98402,0.958252,-0.215004,0.17616,1.77357,0.359982,1.61466,-0.0579132,-0
0.644259,1.31021,1.50286,2.36863,-0.0266708,0.015096,1.88304,0.578712,1
1.80898,-0.141291,0.131847,0.0548353,2.19913,0.241384,-0.216559,-0.0442454,-0
2.05504,3.72014,3.19464,1.55723,0.633512,0.547327,0.900647,-0.0125349,-0
1.43974,3.8789,2.26767,3.03236,1.3451,0.394993,1.50896,0.0274398,0
0.108177,0.964636,-0.183563,1.67901,1.54802,-0.212793,1.91273,1.30027,3
0.371946,2.02659,2.11828,0.962715,-0.203851,-0.36529,1.00404,0.914198,1
1.49116,0.682279,1.74043,1.48189,1.87108,0.269831,1.19319,1.95224,1
0.912106,-0.124813,3.32505,0.583853,0.557391,0.562369,1.92925,1.81509,3
-0.0075053,0.582696,0.935001,3.03088,1.75916,0.694175,1.97073,1.12145,3
2.14772,1.08545,2.71445,0.733602,0.383556,0.0516386,1.82106,0.0140956,0
1.05341,3.51862,0.343396,2.68827,0.400363,0.813657,0.915096,1.98761,3
0.330428,1.58814,0.0257008,1.81874,1.61658,0.352766,-0.126103,0.971431,3
1.47066,3.10457,1.4598,3.02777,0.153452,0.0676453,1.63575,0.981293,1
-0.124257,1.83805,1.70519,0.796122,1.43331,-0.55373,0.0785264,1.24519,3
1.07377,1.23941,0.272727,0.670959,1.93749,0.443093,1.95488,1.08751,3
0.861803,2.52855,3.19557,0.769768,1.23576,0.489086,-0.302925,1.75088,1
0.776014,4.46348,0.665742,1.97642,0.971604,0.185673,1.67577,-0.0347188,-0
1.68552,2.68845,2.11382,2.82681,1.14931,0.698569,-0.149797,1.32618,1
0.293287,2.52468,2.83687,0.649109,0.12677,0.620513,1.80404,-0.125176,-0
1.47896,3.90041,2.02658,2.4243,0.997208,0.475096,1.20371,2.31465,3
-0.108508,2.15348,0.764757,1.38517,0.660535,-0.437695,0.431174,1.88705,1
0.280093,2.34582,1.97565,2.131,2.45003,-0.482109,-0.322172,1.43933,3
0.0471215,3.50624,1.15545,3.09504,0.816083,0.226361,1.39174,-0.0786825,-0
-0.107714,-0.144416,0.153536,2.66503,1.29757,0.117104,0.590328,1.10593,3
1.3745,1.64135,0.316006,0.0675512,1.07707,1.09565,0.495737,1.95286,1
2.03548,2.5749,1.43478,2.03812,2.11317,0.587644,0.293022,2.31718,4
0.40144,1.88483,3.18548,-0.228319,0.267834,0.0854094,2.07182,1.89189,1
2.20668,2.88634,2.05384,1.0384,1.1269,0.624003,0.248719,2.39259,1
0.410449,0.790263,1.42774,0.736747,1.85545,0.250321,-0.371692,-0.189715,-0
0.878154,3.61733,0.658719,2.48793,0.693932,0.832897,0.524105,1.05734,3
1.44235,3.03682,2.41837,2.84669,0.655523,-0.358044,1.72407,1.58701,1
0.429464,2.57895,0.830099,0.943446,0.127877,-0.445965,0.735925,1.78345,1
0.249081,0.090812,2.72503,2.27027,1.05288,1.13364,2.00291,-0.0567408,-0
1.85489,1.08498,0.157876,-0.325594,0.320745,0.835193,1.54801,-0.0506003,-0
0.410413,2.72464,2.49476,0.976024,1.63683,0.703966,1.17555,1.77851,1
1.19216,-0.268991,0.408751,2.70537,1.68819,0.264873,1.89414,1.48647,3
0.128777,3.95639,1.33815,1.59172,1.56485,0.81954,0.464139,-0.0944323,-0
1.66094,-0.437136,2.98245,1.72705,2.36425,-0.26221,1.53672,1.85132,3
0.563118,1.54803,3.05435,-0.433127,1.0286,0.0936491,1.30201,-0.181661,-0
0.979018,-0.124858,0.395597,0.242196,0.447761,0.415824,-0.289957,0.185032,0
0.0673879,1.73006,3.46763,0.476227,1.11025,0.62564,1.13986,1.36923,3
0.420637,1.96169,2.7489,2.90276,0.62493,-0.198259,-0.352532,-0.152024,0
2.06317,1.816,2.79654,1.35785,1.29217,0.99736,0.169177,1.28047,1
1.68191,-0.0539668,2.38008,0.416892,1.86778,0.158076,0.286529,1.93328,1
0.268436,-0.461147,1.02618,0.410343,0.653476,0.909456,1.14997,1.72774,3
2.01084,0.0838968,1.52247,-0.181059,0.66421,0.222876,-0.225615,1.30781,1
2.1629,1.03105,3.33956,2.2224,1.71009,0.258459,-0.317148,1.68728,1
0.273593,3.14165,3.18278,1.69802,2.11298,0.16528,0.376031,1.13534,1
0.120182,3.65629,-0.313321,0.905897,0.164291,-0.2787,0.208112,1.49633,1
2.5916,1.79801,2.14553,1.86169,2.12358,1.40175,0.321639,2.22637,1
2.54579,0.107184,3.10221,1.36383,1.4068,0.752792,0.00712469,1.51959,1
0.124708,0.431352,-0.158906,0.364246,0.630845,-0.0463895,1.70919,1.01858,3
2.67341,3.71689,-0.269171,1.45433,0.747459,0.487804,1.26722,1.23799,3
1.98677,0.328814,2.22583,2.42603,-0.344,0.367682,1.42759,1.41373,1
1.17653,0.0464278,-0.11885,2.55239,2.42798,0.740556,0.541775,1.73565,3
1.8574,0.75522,3.23621,2.84334,0.285252,1.07266,0.716579,1.53185,3
0.0941658,3.24831,-0.214411,1.5588,0.602687,0.337104,-0.335084,1.09834,1
-0.165415,3.73122,0.603406,1.22476,0.986546,0.118199,1.29424,1.94333,3
1.17543,-0.0161852,2.46531,-0.043915,1.81937,0.0686937,1.78092,1.37707,3
0.474396,2.96927,3.10039,2.97947,0.569367,0.205381,2.15167,0.979751,1
2.2286,0.0223842,1.04676,2.52991,2.57816,0.393337,0.0387912,1.94115,1
0.913669,0.574214,3.19604,2.52812,1.55101,1.02905,1.9812,1.81438,1
0.0103303,2.29725,2.64299,2.51525,0.113215,0.137165,1.32367,1.08211,3
0.908681,1.11289,0.270112,0.0213636,2.60122,0.805475,0.261193,-0.079419,0
-0.0456496,4.19739,0.73643,1.54702,2.13333,0.029195,1.32788,0.0202648,0
0.514694,-0.145514,2.70893,2.24564,2.31755,0.896119,0.766648,-0.135667,-0
0.567188,-0.30651,1.11937,3.33144,0.828849,0.521589,0.125343,-0.169403,-0
-0.0217206,2.81991,3.03802,1.40595,0.444626,0.774088,1.64387,1.2763,3
1.45826,2.29069,2.87357,3.1806,1.64066,0.283957,1.07193,0.99351,1
1.503,2.75075,-0.0950847,0.910069,0.543332,0.325629,-0.00801545,0.6835,1
1.54564,2.5833,2.98429,1.70206,0.240838,0.700246,1.40472,1.71757,1
0.952312,0.369518,2.80155,1.12372,0.794045,0.804988,0.475924,2.09036,3
0.326932,1.75539,-0.212425,2.07835,2.06898,-0.579485,-0.272478,1.33196,3
-0.425098,1.58781,2.40114,2.49455,0.925349,0.156313,0.124967,0.969611,3
0.455073,-0.0177126,3.3036,2.2973,1.63546,0.319874,-0.334004,1.27573,1
0.639776,2.68286,0.968167,1.97538,2.03664,0.828957,1.43129,2.22521,1
1.838,0.182218,1.91102,0.163468,1.18762,0.279425,0.373504,-0.0450116,0
0.542211,3.95045,3.04309,2.18683,1.37698,0.765816,2.18337,1.00255,3
-0.123514,2.33554,2.90348,1.96695,1.35182,-0.0064966,0.023042,1.51282,3
0.155583,0.241472,0.656954,0.77984,1.99845,-0.143318,1.14114,1.00848,3
0.579215,3.79508,3.35402,0.973384,1.59964,0.445568,1.12267,1.66719,3
1.02919,-0.220903,2.82738,2.68781,2.07396,0.664742,0.758552,0.692495,3
0.284255,-0.638216,0.275001,1.65406,1.47599,0.451553,1.90972,2.51712,1
1.78912,-0.0810026,2.55711,1.71072,1.39104,1.34247,1.54708,-0.124866,-0
2.20137,3.55961,2.60337,1.75286,0.751387,0.551313,1.30609,1.63909,3
1.28032,2.77712,0.800213,2.36756,0.953842,-0.150045,-0.0676311,1.61667,3
0.668082,0.0775653,0.376433,2.0655,1.4718,0.807176,-0.116883,2.23854,3
1.21039,2.89507,-0.339699,2.6604,0.973138,1.2589,1.59402,2.40316,1
1.12404,-0.0394961,2.39068,0.193175,2.05571,-0.013719,0.493916,1.05268,3
0.891165,0.857123,3.20227,1.1617,0.141291,0.0622709,0.0860364,1.78651,1
0.259879,2.9451,1.9476,-0.0641328,1.17738,1.0714,1.91587,1.86098,1
1.65322,-0.125597,0.166013,2.0358,2.5511,0.331735,-0.0127106,1.4776,1
0.875068,-0.294162,2.38016,0.829833,1.90819,0.772569,0.527357,1.75021,3
1.01023,3.29389,0.516571,2.00377,2.89913,0.199758,1.02542,1.7478,3
2.05719,2.78392,0.0421075,0.160068,2.41593,0.347922,0.798924,0.054399,0
2.10181,0.793122,1.15598,1.35909,0.489025,-0.426173,0.899355,1.45995,1
1.21899,1.74513,1.40261,1.47587,2.2509,0.544839,0.659857,-0.113225,-0
1.09173,3.85747,1.35996,1.16323,1.14994,0.0457991,2.00626,1.62784,3
0.720469,-0.206205,3.63416,2.16119,1.48559,1.3378,1.32825,1.39405,3
0.315515,1.94685,0.567276,-0.252909,0.642697,0.392465,-0.0721576,-0.151307,0
0.294635,1.19185,2.61291,2.20542,0.775221,0.465207,1.44915,1.34431,1
0.0440884,1.32208,1.71627,0.462017,0.580598,0.681749,1.55402,1.27612,3
1.16306,3.91142,1.5237,1.21547,2.26899,0.738778,0.188732,0.92304,3
1.20133,3.25779,2.61285,2.81771,1.43118,-0.0931059,-0.68481,1.93688,1
2.40965,-0.0977772,-0.0256725,2.81072,0.956153,-0.017772,1.14262,0.829741,1
1.23918,1.71083,-0.180544,2.61814,0.266692,0.782763,2.06213,1.71363,1
2.26218,2.1518,-0.102278,2.69153,1.71864,0.374192,0.368412,1.97181,1
0.827694,0.832908,0.821974,1.32047,2.17565,-0.321245,0.163577,1.63037,1
1.63258,0.59264,0.0666399,0.219761,2.12354,0.133848,0.228332,1.20284,1
0.537002,2.07996,-0.00301339,1.94859,1.68905,1.1156,0.25393,-0.11226,-0
0.0913475,1.08784,0.704676,0.455887,1.16442,0.766631,1.01502,2.08797,4
1.28613,3.90669,3.41647,1.16961,-0.160322,0.891474,1.83359,-0.0995483,0
0.944534,3.79618,1.93355,2.43176,0.490075,0.667605,1.40402,1.84029,3
1.67311,-0.169042,0.194975,1.51285,-0.279532,0.105411,1.0849,-0.0638158,-0
2.21341,2.8652,3.29906,3.05542,0.922787,1.00467,0.767737,-0.043671,-0
2.66473,3.96308,0.903472,1.36803,1.57452,0.521523,0.788513,0.842233,3
1.28564,0.753694,3.50345,2.16757,0.854787,-0.159423,1.79038,2.04666,1
0.762708,2.35811,2.39366,-0.0583301,2.13406,0.0114744,1.38809,1.83456,1
-0.00753056,1.14887,3.10743,0.266466,2.1445,1.62255,0.746088,2.05617,3
1.90445,0.20718,2.22622,2.32454,1.47773,0.218107,1.86099,0.796805,3
1.86884,2.2956,3.03675,-0.0742201,1.19604,0.664115,1.23316,0.0217369,-0
1.75169,3.61011,2.57564,2.8938,0.540849,0.353901,0.222329,-0.0212612,0
-0.188142,0.182337,2.33708,1.48538,1.54459,0.40787,1.0722,1.71392,3
1.47185,0.590673,3.02882,1.44859,1.39416,1.3595,1.64478,1.04978,3
0.251194,2.88203,3.09196,0.940849,-0.501648,0.974269,1.7727,0.3679,0
0.0637466,-0.123556,0.362652,1.15463,1.49098,0.324011,2.12839,-0.159086,-0
2.09622,2.70676,2.94743,1.405,1.16433,1.28952,2.16098,1.36938,1
-0.0931106,3.57643,2.92607,0.396892,0.723216,0.699877,0.924027,2.16767,1
0.783271,3.61525,0.31212,-0.169157,2.00088,-0.132387,1.00861,1.29391,1
1.73928,1.77438,-0.0152725,1.7852,0.650015,0.155986,0.550668,1.84991,1
0.789349,2.83163,2.05151,2.19086,1.94854,-0.0752699,-0.0409459,0.0919876,0
2.20921,4.127,1.17359,0.193666,1.18272,-0.13383,0.0532462,-0.00905614,-0
0.349338,0.732018,1.75704,0.14758,1.17537,0.940085,0.37515,0.954968,3
1.78245,0.301818,0.736731,1.82808,1.65529,-0.0846439,1.33729,1.72924,1
1.26065,1.80747,0.155485,0.998888,0.332693,1.03368,0.331627,-0.0180362,-0
0.84366,-0.157332,2.10119,2.66978,1.39983,0.47727,0.955625,1.54716,3
0.717422,0.0955435,2.86394,2.7009,-0.18127,1.20405,0.563343,1.66897,1
1.97213,3.1997,-0.183535,2.4634,2.1044,-0.513855,1.76852,1.25062,1
0.172949,2.98349,0.98416,1.62493,0.90688,1.20597,-0.190258,2.39633,1
1.28752,3.42625,0.518261,2.97413,1.53976,0.845639,1.42536,0.156584,0
0.825164,2.65506,0.311866,0.14468,0.478601,1.17351,0.613425,1.65086,1
1.04271,1.45972,-0.38637,0.224421,0.549057,0.62288,0.733688,1.52183,4
2.27069,3.04731,0.394388,-0.123864,0.00962843,0.568244,1.58506,0.03064,0
1.48415,0.956461,0.789132,-0.0999633,1.04459,0.71295,2.28408,1.6569,1
1.76287,1.04012,1.88442,-0.210959,1.66684,0.339581,1.65034,1.21928,1
-0.256205,2.6134,0.877058,2.33432,1.30602,0.899304,1.1397,1.47094,3
2.05423,3.67099,0.0459831,0.794714,1.76391,0.139781,1.97685,0.100296,0
0.547889,1.41667,0.410956,1.63382,2.10569,-0.388943,0.730069,-0.0633108,-0
1.09027,-0.0240899,1.7256,-0.187807,2.41186,0.592121,1.57712,2.07871,1
1.27227,-0.40956,1.27067,0.534968,1.12779,0.191542,0.00623836,1.39703,1
0.363121,-0.119276,1.37211,1.13003,0.459807,0.501237,1.24882,-0.152266,-0
1.75083,1.37951,0.984284,1.98218,2.32916,0.412926,1.98506,2.08582,1
1.72562,1.77487,1.00608,-0.0931056,0.502795,-0.0568379,0.226669,-0.204982,-0
-0.254607,4.12083,1.34987,1.09318,0.431846,0.211853,1.78518,-0.262695,-0
0.196123,-0.00301728,0.47012,2.50214,1.87301,0.717591,0.00343823,1.31311,3
0.887549,-0.534581,1.25367,-0.0169978,1.37195,0.0702146,-0.269467,2.27545,1
0.340417,1.37658,0.169858,-0.102967,1.50714,-0.545197,0.51491,0.426028,1
1.03385,1.33972,3.10707,1.64615,0.401453,1.12727,1.16014,1.33241,1
0.173733,3.64842,2.81834,2.36372,-0.102921,0.428014,1.5296,1.68238,3
1.31962,-0.221528,3.13459,1.06546,0.813734,0.418656,1.86127,1.40368,3
1.87246,0.520318,0.365872,-0.0598161,1.60281,0.115194,1.32007,1.70609,1
-0.0786668,1.47595,1.26059,0.252481,0.425772,0.838286,1.74489,2.38699,1
1.44127,2.67213,0.675366,0.00911994,-0.298634,-0.0160521,1.42931,1.8879,4
1.5731,1.00871,2.18153,-0.00918643,0.591485,0.566623,-0.0240215,0.733623,1
1.52016,0.0869171,2.98014,1.79011,2.43703,0.772522,0.983676,2.32244,3
1.01764,2.72971,0.946378,2.24929,-0.448041,0.834082,-0.0855173,2.12015,4
1.21756,2.33695,0.429965,1.0012,0.719864,1.47044,1.15652,2.22318,1
1.24018,2.02101,3.06778,1.23004,1.1328,0.137253,0.57003,1.54606,1
0.120482,-0.100158,1.92532,2.3092,1.05415,-0.418849,-0.237504,1.31621,3
1.09456,2.93016,1.46556,3.15749,-0.498306,0.502156,1.23708,1.25637,1
-0.38634,0.00859585,-0.101543,1.86063,1.69803,0.957156,1.22326,-0.106807,-0
0.557837,1.12421,0.710178,1.01787,0.804936,0.177638,-0.391348,1.80656,1
1.83371,0.0240618,3.47315,1.44356,0.804936,0.557877,1.96351,1.36348,1
2.32221,0.36492,1.79981,3.19228,1.68143,-0.163287,0.148636,1.5751,1
1.02435,0.940594,1.75665,2.90966,1.8539,0.867164,0.37551,-0.114355,-0
2.25134,0.332937,2.67061,0.197238,2.28345,0.193128,0.395638,1.939,1
-0.0241072,0.553336,1.94866,2.07525,1.98095,0.251043,0.737621,1.00256,3
1.67075,-0.0797607,-0.084216,1.35259,0.502384,0.954226,0.897524,1.95993,1
0.683818,3.55645,2.23592,0.359511,0.289063,0.720643,2.14192,2.41255,4
0.519715,3.19947,0.507932,2.70447,1.87979,0.613199,1.69703,2.21452,3
1.76275,1.18828,1.94422,0.912075,1.63449,-0.00273172,-0.0105874,1.89818,1
1.75935,0.191235,2.43415,0.863684,1.95416,0.491939,0.668084,1.62322,3
1.38079,0.753838,0.274363,2.11217,1.18832,-0.0365682,0.687773,0.89149,1
0.690188,2.27255,1.70335,0.650569,0.897044,1.13083,2.33192,2.13128,1
-0.260538,3.29907,2.76349,2.0949,0.508854,-0.231894,-0.00395507,1.5073,3
0.0145857,0.3364,-0.0155807,0.0372905,0.422971,-0.199308,0.535702,1.82093,3
0.363297,4.03966,2.27731,-0.112226,1.75973,0.844573,-0.131607,1.45295,3
-0.0484046,2.42322,0.75051,0.00221952,-0.186571,0.200718,0.767405,2.02031,1
1.26712,1.54862,2.21145,0.389381,1.28017,1.30368,1.62639,-0.0601068,-0
1.4999,2.63578,2.07148,3.06673,0.479206,0.151548,2.01097,2.28498,1
1.12968,-0.115564,1.71555,0.565236,2.20139,0.341156,0.0988536,0.00203438,-0
1.58991,2.36754,0.810455,1.65057,0.212867,0.221737,1.36393,1.59051,1
0.309532,3.76065,2.60514,2.80568,1.99937,0.498024,0.151825,1.98496,3
2.15572,3.03008,0.733468,0.166211,2.04291,0.407019,1.52773,1.94286,1
0.965615,3.96282,0.0486958,1.17544,0.849631,1.11391,2.27983,-0.00526624,-0
1.3495,3.73178,2.15627,-0.116896,2.07387,0.897657,0.00246276,1.41386,1
0.00227245,1.94298,3.05679,2.55771,1.12965,0.721681,0.493477,1.53269,3
0.252842,2.65018,1.70791,0.581929,1.99392,-0.229487,0.361701,0.778113,3
0.755351,0.55231,-0.0889663,0.488511,1.97017,0.704863,0.671457,-0.134287,-0
1.64121,-0.167342,-0.0988188,2.63424,0.506936,0.25347,0.0358376,1.53104,3
0.429254,0.644868,1.2383,3.03596,-0.0395212,0.649303,0.137795,1.87085,1
0.833671,3.44593,2.90316,3.00454,0.28024,0.754164,0.0967574,1.39839,1
-0.449085,2.79872,2.22883,1.66799,1.5949,1.19288,0.183874,1.61022,3
0.96226,-0.358102,2.14879,2.13544,2.73067,0.369038,0.0425344,0.924007,3
1.17459,0.112146,-0.231945,0.701532,0.794814,0.0565039,0.285847,1.10193,3
0.691074,3.41264,1.04577,2.85138,0.62155,-0.207877,2.57437,1.50163,1
1.16328,0.51476,0.929174,0.440425,1.59813,1.07986,1.22711,2.31867,1
1.43073,1.38653,-0.276451,2.59151,2.62553,-0.0242722,1.36869,1.51995,3
0.855053,4.02159,1.76934,2.77918,1.49953,0.232289,0.351352,-0.00551371,-0
0.0759122,2.57872,0.399314,0.191096,2.01877,-0.22807,1.22374,1.79563,1
0.513537,0.202574,1.31319,0.752175,2.32119,1.02517,1.34666,2.05947,3
0.744374,0.87689,0.615652,2.86673,0.55756,0.303072,0.129869,1.85942,3
1.73572,2.778,0.14561,1.31554,1.37307,0.390211,0.259352,0.785305,1
0.941177,3.04727,2.22293,2.5957,0.984448,0.410189,0.780124,1.2937,1
1.83401,0.0312422,-0.141944,0.980688,0.385945,0.687354,-0.415209,1.17236,1
0.930589,0.883877,-0.110125,-0.0866327,2.49539,1.10336,1.81421,1.39793,1
1.4063,2.87293,-0.0483248,2.0168,0.527178,0.372663,0.21139,0.434981,1
0.944642,2.15894,0.234385,3.09966,0.106807,0.592256,0.677401,-0.164786,-0
2.06931,3.79994,1.52057,1.99994,0.173034,0.25795,0.688169,1.90918,1
0.927468,2.7602,0.376769,2.31071,1.9879,0.510792,0.904541,2.1784,1
0.567145,1.63862,2.24225,-0.0738839,1.10184,0.271967,0.0725657,1.56212,1
0.64123,-0.194228,1.99604,1.92105,0.444281,0.514053,1.57638,-0.114947,0
0.62364,3.79805,0.84607,2.77165,2.13698,1.0786,0.86318,1.39226,3
1.26207,-0.278552,0.150492,-0.149809,2.29195,0.576563,1.38632,-0.0789886,-0
1.24671,3.21522,1.23385,2.47689,0.775073,0.315445,-0.0901666,0.998216,1
1.90486,3.42707,2.16411,2.15945,1.53236,0.770671,1.86604,1.96211,1
0.833218,3.37588,1.87849,3.10706,-0.401298,0.201853,1.34432,0.729557,1
0.515222,3.81377,2.49905,2.92252,0.343719,0.718523,0.190995,2.28153,3
1.28053,2.89071,1.51493,0.328333,1.82634,-0.167186,1.75701,-0.101669,-0
2.13345,0.922291,0.234245,0.703087,1.14094,0.869906,1.06949,1.71709,4
0.0553406,0.85366,1.32292,-0.124107,-0.168479,-0.182651,1.28312,1.78594,1
1.91862,2.64361,1.36667,1.45633,1.08779,0.593529,1.52971,2.25122,4
1.97944,2.7278,2.86926,1.15516,0.701145,1.05021,-0.0760915,1.29842,1
1.05148,-0.120412,0.401916,0.354681,1.02622,0.109556,-0.196135,1.05434,3
1.54961,0.776411,-0.0427462,1.5093,0.534705,0.198314,-0.45853,1.28374,1
0.588255,-0.394949,1.41511,2.49596,2.04179,0.357616,0.971077,1.42387,3
0.850108,1.65655,2.66809,0.117299,2.25315,0.31216,2.07582,1.51612,1
0.604248,3.52096,-0.061892,0.437344,1.11678,0.411574,-0.121901,1.24286,1
2.26623,0.764238,-0.0145018,2.17873,1.09883,0.316895,1.98798,0.0966722,-0
0.660246,3.60399,0.820515,0.420018,1.9767,1.08249,0.956729,1.11614,3
0.939686,1.94564,2.83699,1.5184,0.444557,0.039269,0.642439,1.62546,1
0.442133,1.76364,0.23564,-0.241753,0.424153,0.703865,0.787341,1.33967,1
0.640941,0.79476,2.28513,2.11366,1.55058,0.827481,2.1017,1.42022,1
0.195756,-0.392726,2.50177,0.706953,0.674643,0.370805,-0.00190305,1.45933,3
1.25521,0.200745,0.814811,-0.102357,0.724962,-0.124875,1.49251,2.00763,3
1.51881,1.67553,0.434029,2.04977,1.70089,0.499581,0.875729,1.79692,1
1.95778,3.35561,2.43191,0.795847,1.38856,0.769212,0.819652,0.835051,1
0.729094,2.22559,0.356757,0.263669,2.27218,0.186616,0.708071,1.2964,1
1.5915,0.469438,-0.154454,0.782261,1.18271,-0.0836994,-0.299855,-0.116071,-0
1.64507,3.33439,0.35185,0.963725,2.27018,0.0738833,0.153865,0.926884,1
1.28645,1.06545,2.93112,2.13127,1.40111,1.07677,-0.264738,0.488268,1
0.203593,3.14901,2.8537,-0.0184051,0.0956381,0.827624,0.37804,-0.0325872,0
0.404108,3.36518,1.28117,1.39501,0.26981,0.982229,0.804706,1.94054,4
0.00408579,2.27829,0.787859,0.516915,2.419,0.482727,-0.22041,1.80841,1
1.6837,3.16415,1.29611,1.29037,2.5403,0.133064,0.070762,1.64616,1
0.625963,2.23933,0.597658,0.445168,1.36777,1.3734,1.54973,1.73009,1
0.405045,2.68452,0.0115595,-0.0100101,0.278504,0.703148,1.51402,1.87976,4
0.70347,-0.329935,2.61509,-0.0654388,2.31179,0.959295,0.343399,0.172762,0
0.866759,1.2499,0.316894,2.20414,2.04333,-0.00162149,0.0950646,-0.146917,-0
-0.152955,-0.443644,1.55493,-0.0894294,0.840937,1.11562,0.826571,-0.0323835,0
1.69607,1.57891,-0.36711,0.0918489,0.118318,0.214684,1.31098,1.92913,1
1.99621,0.547547,0.0833945,2.02057,0.105982,-0.321512,0.412077,1.29509,1
0.746351,3.66976,2.57017,-0.267767,0.252535,0.118742,0.296335,1.74459,3
0.48577,3.63966,1.2546,0.159093,2.01031,-0.00447071,1.80774,1.86245,3
0.308735,1.89872,2.17346,1.47907,1.24551,0.275389,0.00105224,1.04916,3
1.85158,0.347834,2.71805,-0.161018,1.63572,0.951155,0.110354,-0.13568,-0
1.00532,-0.109331,1.32189,1.13897,0.0846192,0.22812,0.0232835,2.17113,2
0.7588,1.46918,2.90095,3.00075,0.137219,0.330948,0.701477,1.94036,1
-0.14334,1.57806,0.813756,1.20687,0.432056,0.830303,1.65465,1.38112,1
1.72075,0.633854,2.73148,2.08125,-0.140274,0.0442745,0.419747,1.30587,1
2.05538,-0.334163,2.47795,1.16895,0.568177,0.567573,0.0832672,0.187404,0
0.598826,3.24612,0.851548,1.18531,2.47411,0.861341,1.9504,1.46934,1
1.73697,-0.107781,3.02428,1.62777,0.391824,0.898982,1.59846,1.40047,3
0.431746,-0.00550745,1.56659,0.15699,0.289116,0.841948,0.84057,1.0046,3
1.59535,2.91859,2.31788,0.0118059,1.96663,-0.418898,1.78188,0.90808,1
2.02487,2.45695,0.698505,0.0551553,0.500177,0.845195,-0.167253,0.591528,1
0.473611,-0.187672,1.08007,1.17257,1.65621,0.734291,0.981657,1.47727,3
0.25955,-0.0384563,1.13132,-0.346613,0.235008,0.0753638,0.320328,2.21366,1
-0.120834,3.0344,3.02441,-0.0255488,0.952561,0.150394,1.78218,2.22377,1
1.83485,2.37098,0.90015,0.209679,1.47782,0.599802,0.426151,1.41622,1
2.42307,0.280167,2.46889,2.62704,1.61913,0.443834,1.21931,2.07381,1
0.807629,1.67629,3.33545,0.265906,1.53645,0.572577,2.06468,2.07569,1
1.6576,2.65941,2.52298,0.320639,0.653981,0.444361,0.375755,-0.0741258,-0
-0.148647,2.51826,1.58291,1.24765,0.331494,0.334263,1.33836,1.95554,3
-0.107773,-0.453779,2.69276,2.13539,0.97342,1.05337,1.7199,-0.163647,-0
1.75659,1.938,2.75838,1.77931,1.86501,0.0602966,0.825276,1.47686,1
1.00217,0.0633233,1.89193,0.0957653,2.4416,0.115438,1.2282,1.05091,2
2.23494,-0.0148241,0.516536,1.61188,1.55637,1.17421,-0.570351,1.65314,2
0.658659,2.7978,2.74325,1.99695,2.51623,0.46349,0.930552,1.45471,1
-0.178854,0.140458,1.84487,2.77408,1.73236,0.948396,1.47892,1.14388,3
2.0127,1.81912,1.11367,-0.124572,1.02111,0.456376,0.1529,0.978004,1
0.410996,0.5674,2.06885,1.37425,2.4185,0.619044,1.70798,1.86787,1
1.26914,-0.332004,1.08713,2.82841,0.747297,0.458573,0.656274,2.59079,1
1.03629,1.57759,3.10548,2.80387,1.35726,-0.47133,1.76016,1.5946,1
1.71216,1.30078,3.28637,0.190409,0.48418,0.653116,-0.173875,1.58741,1
0.331971,3.21583,0.849662,2.36907,2.55338,1.45002,0.915641,1.14538,3
1.21822,-0.0869126,2.44385,1.02437,0.256534,0.750854,0.043789,2.02896,1
-0.0279936,0.99495,0.0217824,0.328511,2.2343,0.00452406,1.99799,1.52884,3
1.84198,3.19734,3.02017,3.03121,0.623002,0.176941,0.656722,1.63925,3
1.3889,1.94065,2.57892,-0.216065,0.353118,0.0655886,-0.346063,0.904964,1
2.12783,2.9936,0.639443,2.2828,0.0949902,0.207154,1.60888,0.165395,-0
0.340843,-0.339176,2.01858,2.8669,2.21775,0.758823,1.5841,1.64127,3
1.02299,1.678,0.0200685,-0.0294862,0.894325,0.081585,0.33184,-0.0572258,-0
1.62664,0.669042,3.01296,0.170487,1.32552,-0.193126,1.58936,1.26659,1
2.2491,2.67256,3.32231,3.02185,0.751137,1.12715,1.54412,1.90345,1
1.33638,2.38087,1.05912,3.05218,0.975851,0.403713,0.270449,2.2303,1
1.0495,1.21422,1.10155,-0.269829,0.170303,-0.364638,1.95933,1.49562,4
0.493954,1.65261,1.0027,1.41595,1.48243,0.539534,1.98322,2.47097,3
1.97371,0.119138,-0.0427774,0.051836,1.50778,0.128393,1.74412,1.07245,3
1.63484,2.32177,2.16476,-0.0208234,1.31559,1.1518,0.294773,1.88604,1
-0.32745,1.32214,0.931751,1.0307,0.674941,0.99915,-0.363064,1.94655,1
1.81891,0.101441,0.813056,-0.206906,1.43517,1.67104,-0.0623909,-0.0188817,0
2.30519,0.92074,0.965847,2.56225,2.07399,1.05903,0.392243,1.54774,1
1.82272,-0.102572,-0.0141016,3.15166,0.209751,0.275755,1.68347,1.82845,1
1.44579,3.8937,0.351591,0.532214,0.881894,0.682132,1.64136,0.785249,2
2.31905,0.280399,-0.116796,3.01292,1.55963,0.583693,1.33969,1.43083,1
1.89021,2.57504,2.60598,0.364137,2.05554,1.40091,-0.0535727,-0.0428235,-0
0.379128,0.504519,0.623361,0.875451,0.762606,0.12921,-0.342992,0.866559,1
1.59128,3.3366,3.74974,1.50526,0.803023,0.479058,1.10802,2.15039,2
0.975155,0.345446,-0.188749,0.279284,1.14804,0.251014,0.752657,1.19587,3
2.04122,3.46896,1.84378,1.61854,0.125767,0.564296,0.40288,1.31069,3
1.33555,2.03217,2.49809,0.293135,1.50589,-0.16804,1.25503,1.96747,1
0.652738,2.80826,0.429083,-0.0739194,1.02489,0.429257,0.983023,1.97681,1
1.78428,-0.00324138,2.14639,0.183434,0.918232,0.384172,0.151586,0.985434,1
0.476212,0.407656,0.300932,0.567766,1.37073,-0.414609,0.0876072,-0.0730072,-0
1.68882,0.195272,3.52954,3.04122,0.78539,0.937098,1.83856,-0.0494857,0
2.01222,1.35317,-0.139409,0.576248,0.975697,0.509739,0.727574,1.92706,4
0.788922,-0.332503,2.55088,2.10142,0.826321,0.894699,2.41082,1.20671,3
0.707093,3.01207,3.24176,2.78944,0.0443776,0.168636,0.571901,2.13783,1
1.72158,1.02853,-0.161394,1.65679,0.829262,0.0203027,1.4188,0.30625,1
0.110955,3.8359,-0.342764,2.37129,1.61917,0.849773,0.160029,1.28648,3
0.610227,0.710462,0.850687,1.71709,2.3617,0.746712,1.77497,2.17771,1
1.04603,0.0948928,2.29497,-0.0503997,2.05855,0.614471,0.741972,2.1138,1
2.2457,-0.337315,2.22376,2.82422,1.60442,0.605287,1.08212,-0.0289358,-0
0.469816,0.620949,2.08817,2.82294,1.94398,0.195947,1.3092,1.59669,3
-0.170052,1.22776,2.7312,1.78871,2.09984,1.23607,1.65639,-0.105641,-0
0.624247,3.81612,1.09671,2.2055,1.26266,0.629041,0.022178,2.43573,1
0.600565,1.72086,1.94623,1.53846,1.41113,0.358347,0.543912,1.89104,3
-0.0159375,2.93581,0.847204,0.553461,1.54158,0.652871,0.161054,0.870057,1
0.393608,0.0950779,2.90865,2.47826,0.858339,0.516333,-0.332673,-0.195445,-0
0.399081,3.49372,2.71798,2.0622,1.51316,0.467039,0.61106,2.26566,1
1.75246,0.551466,1.04488,2.45339,0.547849,0.0321002,-0.0491917,-0.122119,-0
0.784522,2.37338,0.26639,0.748793,2.22613,0.12007,1.09916,1.50215,3
1.2939,3.04312,3.077,2.81855,0.947544,0.891051,2.01975,1.09494,1
0.689283,2.24352,1.47803,0.730039,1.94737,0.790749,0.292284,1.82386,3
0.286628,2.33524,1.90994,2.16115,2.51624,0.181695,0.702161,1.62706,1
-0.207563,0.912076,2.54668,0.797045,-0.00384177,0.696376,0.597449,1.57903,3
1.10713,2.66799,1.09283,3.19021,1.3529,0.547754,1.42737,2.34386,1
-0.0387744,0.61727,0.476526,2.11458,0.766758,1.29674,2.01468,2.33216,3
2.15971,0.0781523,0.224495,1.29223,1.16647,0.462632,-0.101561,-0.0909668,-0
1.13345,0.0210373,3.34853,0.584093,0.709431,0.454539,0.52127,1.92022,1
0.924392,2.39849,2.24715,2.50763,1.81185,-0.417133,0.0443405,2.16722,1
1.15426,0.463599,0.405421,1.73278,0.570017,0.0907293,0.619103,1.10346,1
0.197068,0.359885,1.95454,1.63697,1.37785,0.469,0.444545,-0.191006,-0
1.89808,4.21972,1.20797,1.1578,0.699638,0.507445,0.315492,-0.0454696,0
1.66585,2.7462,2.81129,1.48921,0.352765,0.993007,1.50964,0.108878,-0
1.36575,3.04862,1.87991,1.05968,0.425478,1.36006,0.194695,1.31875,1
-0.201908,1.69721,3.08462,1.09211,1.99183,0.438695,1.63057,-0.187625,-0
1.37219,0.923844,0.162365,1.42531,2.28563,0.498765,0.494427,1.18432,1
-0.165852,2.12766,1.94006,0.595877,1.39998,0.900886,0.347948,2.27242,1
2.23879,1.43631,0.552305,0.728234,1.19733,-0.256376,1.85384,0.941892,1
1.5262,3.33881,0.886103,0.514174,0.547719,0.176273,2.14346,1.89299,1
2.1594,0.0203733,3.18456,3.03592,1.65439,0.113316,-0.00372549,-0.127578,0
1.55401,-0.164347,1.16749,-0.199419,1.26031,0.198002,-0.0922244,1.69179,1
1.27328,3.89805,3.03626,1.83741,0.750182,0.41066,1.65861,1.1937,3
1.08219,3.21193,3.0081,2.83419,1.34836,0.741302,-0.1577,2.15957,3
0.494744,3.50383,1.26584,0.738419,1.99224,0.650666,1.62487,1.90296,3
0.149797,-0.511225,1.06543,0.229824,0.0632517,0.397037,1.27721,2.22623,1
0.464356,0.219442,-0.0642992,0.196698,-0.0394812,0.629023,0.238713,1.14544,3
0.182628,1.86921,2.01002,-0.0589027,0.390612,0.211048,-0.317746,-0.0559368,-0
0.394412,2.302,1.95559,1.50977,0.595307,0.742819,1.37241,0.584782,1
0.516671,-0.271885,0.329651,1.03446,2.04899,-0.120528,1.40794,1.28724,3
0.231841,3.03826,3.08631,1.56933,0.502316,-0.702209,0.445848,1.94663,1
2.56063,3.86716,0.388657,2.2389,1.39702,0.171988,2.11656,1.92752,4
-0.0610533,3.16727,2.28534,3.00944,-0.186747,0.337011,0.90216,2.25747,1
1.33699,0.979587,2.38237,2.12431,1.28665,0.848925,2.14358,2.19704,1
1.24554,2.42287,2.37631,1.80471,1.08466,-0.256038,0.788738,-0.0606375,-0
0.498893,3.72572,1.03458,0.606204,2.70437,0.409523,1.38113,0.805487,3
0.322432,0.342907,0.869161,2.95066,-0.56884,0.306779,0.740085,1.4276,3
0.982123,1.78613,0.0259341,-0.134843,0.206815,0.273875,0.991316,0.860085,1
1.36609,-0.195309,2.02955,1.24625,-0.311501,0.283882,0.0402471,1.97773,3
0.101717,-0.00199226,0.288714,2.75711,1.88166,0.233801,1.28362,0.971314,3
0.377771,3.49306,3.38118,3.1103,2.04009,1.26629,0.841346,1.63116,3
0.810727,2.34898,-0.0529849,1.8868,1.21857,0.518515,0.0151762,1.79811,1
0.449277,3.41632,3.05726,1.72018,2.40529,0.59346,0.0748561,-0.125391,-0
0.701791,0.90309,3.32799,3.02523,0.990931,0.228685,0.92646,-0.0673305,0
0.969766,-0.0703001,2.41712,2.47749,2.55797,-0.0568039,0.167188,1.4847,1
1.84979,1.33496,0.104299,0.222103,1.37556,0.415385,1.83558,0.439177,1
1.22243,2.95771,2.39573,2.05375,1.24474,0.100057,0.8686,1.96134,1
0.464571,-0.211064,3.42721,3.03741,0.1889,0.733234,0.770467,1.72599,3
1.35346,2.49867,0.714919,0.359804,0.276153,-0.0244839,1.93156,1.55279,1
1.90494,3.39478,3.15075,2.76605,1.18159,0.890953,0.0476268,1.6715,1
0.973414,3.18199,0.827938,-0.0622868,1.9351,0.061721,-0.444088,1.36531,1
1.99848,0.71111,2.12717,0.0955241,1.41332,0.229158,1.64233,0.715725,1
1.80217,0.84789,3.37648,2.98241,0.467628,0.532797,0.588101,1.56435,3
1.94466,2.77929,0.928886,-0.021844,-0.40429,0.249726,1.4183,1.0591,1
1.56862,0.640794,1.36544,2.50589,2.14194,0.478334,0.469075,1.81646,1
1.49973,1.45023,1.76603,1.47764,1.47981,0.433879,-0.410966,0.124337,0
0.619205,3.49846,2.54707,0.119033,1.23405,0.524547,0.679163,1.03666,3
0.225806,0.424496,1.43191,0.660592,-0.0332775,0.986539,1.9202,1.14005,3
1.37891,3.9449,0.547501,3.04485,2.00737,0.749985,0.315695,2.0189,3
0.0548193,1.36422,2.61579,0.783672,1.40088,0.0282706,-0.415233,1.55935,3
-0.336809,0.387108,2.35103,2.94902,1.33744,0.791743,0.638844,0.653644,3
1.6796,2.95994,0.844731,0.138871,2.01103,0.6698,-0.112985,0.793257,1
1.03664,3.60271,-0.0904665,2.98588,0.479708,0.58633,1.24254,1.29953,3
0.272292,1.26975,0.129048,2.48158,1.16477,-0.62508,1.86066,1.31296,3
0.770458,1.13581,1.82458,3.20772,2.34364,0.182205,0.104708,-0.0928195,-0
0.167631,3.1617,0.248379,2.91433,2.92603,0.30564,1.04186,1.65932,3
1.33376,-0.244437,0.0869722,0.176998,1.28527,-0.467873,0.537181,1.53688,3
0.23608,3.58635,0.155005,2.22079,1.6294,0.156326,-0.110009,1.70289,1
0.130217,2.76265,1.34211,0.322197,1.5727,0.559089,0.24037,1.1347,3
-0.290614,0.12488,0.34715,0.44521,0.498917,0.579496,1.3542,1.28269,3
0.972199,-0.0179188,0.788397,0.528974,0.801804,0.30854,1.14045,1.20363,3
-0.0341978,2.75114,-0.336566,2.72676,0.168595,0.984118,0.129795,1.01841,3
-0.169363,-0.135472,1.79028,2.54745,1.30385,0.143337,0.142332,-0.149595,-0
1.33296,2.36659,2.06628,-0.0412446,0.216542,0.067406,0.0478955,2.07082,3
1.05928,3.96389,1.09746,0.185069,1.88259,0.618623,0.771597,2.50383,3
0.100995,2.88124,3.14189,0.0978064,1.64329,0.932627,0.190129,0.819325,3
2.40796,3.70679,0.0901648,2.19288,1.35819,0.697628,1.61084,1.54889,3
0.334884,2.18289,1.68667,2.51229,0.734044,-0.454496,1.6389,1.52478,1
1.86399,0.161662,-0.00818198,0.68682,0.121736,0.695281,-0.382547,0.811323,1
1.41504,1.44488,-0.203665,0.0892333,-0.0228547,0.527516,0.248646,2.17935,4
0.416051,2.62536,2.86713,1.6611,0.680068,-0.73053,1.90813,1.90608,1
1.91665,1.70108,3.29287,1.93691,0.700348,0.620146,1.65236,1.70171,1
0.503632,0.626882,3.07992,-0.312264,1.01641,0.213891,2.09721,2.3348,1
0.128694,0.176192,1.65337,1.98671,1.69675,-0.102101,0.954161,2.34903,1
0.852143,0.162396,2.32227,0.393376,0.614406,0.463056,-0.416323,1.82056,3
1.61724,3.50289,1.55621,2.6507,0.786781,0.186972,-0.464569,1.8428,3
1.91604,0.600049,0.438889,0.241523,1.41949,-0.0465564,2.26219,1.06169,1
-0.123306,1.19695,2.11116,2.69966,0.916658,0.913182,2.12159,2.08964,3
1.84053,2.95493,0.868853,0.0721962,1.49443,0.245586,1.10232,1.59244,3
0.932529,3.25167,0.288743,1.89484,1.61255,-0.0424866,1.14688,1.58719,1
-0.25081,2.97087,1.95412,0.818964,2.54455,1.24979,1.99299,2.0435,3
1.43464,2.11016,1.7283,2.60714,1.00798,-0.243426,1.04312,2.20756,1
0.174068,0.853913,1.16584,-0.336747,1.10786,0.983322,1.27342,2.19902,1
-0.0217726,2.62864,1.26508,1.60022,1.11517,0.41914,0.426806,2.04819,3
0.749909,2.70074,0.281149,0.124356,1.53809,1.0468,1.57819,1.29782,1
1.75368,1.56353,1.83009,1.6735,1.95534,0.605226,0.27246,0.439272,1
0.588555,0.944175,0.475509,2.70182,1.06428,-0.091348,1.41688,1.72418,3
1.31778,1.90393,-0.0152889,2.5247,0.203736,-0.240923,1.04649,1.39006,1
0.453964,1.87829,1.50223,1.30521,0.856501,0.417369,1.75931,1.79955,1
1.21548,2.04131,0.0116812,2.33167,-0.0946356,0.240241,0.839185,1.43734,3
0.255465,2.6752,-0.119009,2.63449,1.29013,0.271712,-0.13697,2.1422,1
0.76596,0.746016,-0.056804,0.45504,1.14717,0.890151,0.430014,2.22535,4
2.27157,1.69587,3.131,1.77777,0.953126,1.41297,0.216163,-0.0683454,-0
0.734677,0.225341,0.721491,0.931117,1.67066,1.20225,1.4133,-0.0998973,-0
0.155728,2.96995,1.60112,0.242808,1.92956,-0.0591519,0.439416,1.71073,1
1.23906,3.98083,-0.264886,2.54467,1.16646,0.905072,0.472992,1.54461,3
2.08798,3.72388,0.240727,2.39385,1.74329,0.565058,-0.444073,1.46924,3
2.09293,0.562735,-0.269019,2.75704,0.339276,0.788388,2.20934,1.20052,3
1.40777,4.34569,2.12605,2.38787,1.02149,0.587405,0.242193,-0.0426392,0
0.302878,2.73172,0.0879843,2.9002,1.70235,1.12369,0.270265,-0.17689,-0
-0.114063,3.79608,1.6699,2.13455,0.136295,0.49325,0.66185,1.38121,3
1.93506,0.261492,1.31423,1.89255,2.12518,0.116744,0.970153,2.1981,1
-0.162194,1.07325,3.06677,0.355539,1.70247,0.886301,1.07843,-0.0822646,0
1.24388,4.12597,1.57826,-0.136752,-0.216299,0.400213,1.14128,-0.0582615,-0
0.251522,3.01256,1.56242,2.07283,-0.236777,0.503608,1.70453,0.821294,1
0.660271,0.337157,3.48785,1.01327,1.64684,0.885653,0.602252,1.00137,3
0.206454,3.1926,-0.131316,0.329545,0.826846,0.176929,-0.00667104,1.74764,1
1.60526,-0.12054,1.73037,1.94549,1.41396,1.34338,1.25891,1.90045,3
-0.0531059,0.542628,2.94414,0.734016,0.901058,1.39742,1.0479,-0.0607517,0
0.0749197,3.71911,0.657903,1.25968,0.135248,0.784965,0.0316533,-0.200789,-0
1.54345,-0.101885,0.332852,-0.277716,-0.37519,0.618611,0.84686,1.19527,3
0.526083,2.20897,0.625406,1.14629,0.815505,1.06808,0.247752,1.80118,1
1.71411,0.564635,0.283233,0.569272,1.90767,0.576764,1.24726,0.913147,1
1.1755,2.90645,0.256011,2.30886,2.21783,0.140494,2.04514,1.5162,1
2.33652,-0.208442,2.35349,2.67825,0.804162,-0.316776,1.23335,1.16817,1
0.279908,1.02079,0.0553147,3.20348,0.847412,-0.115477,2.01866,-0.140609,-0
2.26639,0.917614,0.815183,2.67612,0.471424,-0.424812,1.5512,1.66981,1
0.910657,2.27164,-0.232235,2.80088,2.20613,0.321802,0.0887284,1.67416,1
1.31893,3.7214,2.8025,0.180338,1.83543,0.165196,0.249974,1.4476,3
0.423563,2.238,-0.170802,2.89894,0.68721,0.0927454,2.25473,-0.102026,-0
1.18134,1.92002,1.83588,0.263369,0.692677,0.846077,-0.205299,2.05598,1
1.81125,-0.0447263,0.021738,1.5405,1.14154,0.0829231,1.67895,0.759205,3
0.339003,3.41924,1.06629,0.448228,1.7159,0.838354,-0.317185,1.48647,1
1.2487,2.74238,-0.147901,0.151726,1.21243,0.0598665,-0.410673,-0.0983654,0
1.05969,0.938001,2.77995,2.40261,0.809224,0.844853,0.892573,-0.083309,-0
1.23474,-0.14183,1.32007,0.178017,1.75117,-0.103112,0.637502,1.22089,3
0.247865,2.64914,2.19624,1.22579,1.96917,1.00917,-0.345989,1.24953,3
-0.220406,1.95878,-0.0586827,-0.144149,1.46211,0.90972,-0.171144,1.01154,1
-0.459161,-0.159472,3.36321,0.786673,2.16119,-0.0581501,1.54109,1.72466,3
0.896135,1.0339,0.527707,2.40353,-0.45296,0.487118,1.76091,2.22251,4
2.02122,-0.207518,1.21503,2.91079,0.0117574,0.49274,1.78646,1.41073,1
1.61381,0.994823,2.88377,3.0093,1.80174,0.26752,1.62996,1.71709,1
1.64512,0.982662,0.855421,1.45646,0.417715,0.991819,1.20811,-0.0644183,-0
1.87047,3.70352,0.0897083,1.938,0.967579,1.04968,0.810164,1.06714,2
1.20807,2.89129,0.452449,2.04801,-0.497198,1.24036,0.369864,-0.0444738,0
0.414591,1.6475,3.1338,2.52776,0.815739,0.565684,0.8369,2.1617,1
0.232202,0.303661,2.24221,2.05353,1.19092,0.508275,2.1716,1.64327,3
1.45687,0.638085,0.593548,-0.465728,1.016,1.41065,1.72158,1.05523,1
1.78148,3.70028,2.15921,1.78788,0.752649,0.185569,2.10156,1.0822,3
2.8706,2.03648,0.323668,0.430206,1.34605,0.776933,0.501137,2.00863,4
-0.0783364,3.58622,0.394005,0.0593072,0.354561,1.06784,1.83812,1.16987,3
1.29988,2.79651,3.1267,3.08241,1.46089,-0.37769,0.23285,1.88527,1
2.12756,1.44508,2.55235,1.90124,1.51039,0.736186,2.28934,-0.0440917,-0
0.332978,0.845324,0.068959,2.18877,1.34095,-0.249302,-0.022198,1.00577,1
0.483079,-0.079375,2.51849,0.931254,1.96372,-0.166199,1.81176,2.00438,1
0.900413,2.84412,2.60305,1.05915,1.78007,1.13583,0.64922,-0.0895858,-0
1.55799,0.500183,0.987653,2.0281,-0.153909,-0.207179,1.21772,1.86955,1
0.0870673,0.0133748,1.37727,0.653388,0.868141,0.899315,1.25385,1.72764,3
0.263184,2.00339,0.120925,3.22989,1.6891,0.638517,-0.0510804,-0.135217,-0
-0.262039,0.276654,2.13811,2.66391,1.84069,0.299865,0.826563,1.63227,3
2.16129,0.283737,3.02759,3.13527,1.96435,0.531181,0.589366,0.30288,0
0.828176,3.24171,0.582174,2.70183,0.322737,-0.211648,-0.0991694,-0.0817013,0
1.34331,4.0242,3.23769,0.730302,1.1176,0.326497,1.90733,-0.0868401,0
0.835977,0.298168,1.4645,-0.0212829,-0.287426,0.718728,0.916474,-0.104024,0
1.89483,-0.489946,-0.0811825,2.69742,1.61939,0.206137,1.7803,0.00410893,-0
0.262145,0.530524,2.57363,1.69253,1.52243,0.551271,-0.160637,1.17453,3
1.76337,1.60177,0.165211,2.99842,1.9212,0.204614,0.38302,2.15482,1
1.13166,2.93777,2.11118,3.35844,0.687385,0.55821,0.00561331,2.14817,1
-0.00893206,3.67671,0.731377,0.319257,-0.103937,0.180564,1.29375,-0.013749,0
1.83394,3.18567,3.1353,0.591224,1.53373,1.05933,0.562105,0.876833,1
2.18138,1.2623,1.19481,2.20761,0.521625,0.573183,0.612629,1.44218,1
0.178117,2.2705,1.48841,1.59141,0.680743,0.579722,0.567468,1.85186,1
2.22827,1.4803,1.90187,0.455896,1.15305,0.550709,1.30542,1.46914,1
-0.194423,2.25976,0.641786,1.46613,1.16537,0.563393,2.14273,-0.133219,-0
0.145649,3.66739,1.85416,-0.00812574,1.92429,0.679366,-0.0297559,1.494,1
0.539161,0.920394,1.96937,-0.252027,0.368858,0.659176,0.0965934,0.0875797,0
1.69845,1.23828,0.428903,2.64459,1.88437,0.979829,-0.221912,1.71777,1
1.41322,3.58195,0.177802,-0.0549511,2.33256,0.251278,1.13007,1.1998,3
1.50257,-0.203761,0.219768,-0.24161,1.07301,0.439038,1.76115,1.94231,3
1.35836,2.71278,-0.0453669,0.20973,0.526922,0.867019,0.0689532,0.838562,1
1.50441,1.72636,0.674657,0.128051,1.1549,0.726384,1.25854,1.35268,1
1.41511,0.583028,1.17765,2.62835,0.571358,-0.40062,-0.236038,2.0165,1
1.49802,0.315931,2.93122,2.38191,-0.364713,0.825783,1.15233,1.71618,1
1.0696,0.137579,1.10777,2.27347,1.93106,0.0285325,-0.193708,1.94002,1
1.99783,2.51029,-0.00992425,1.28455,0.902584,0.0888608,0.53762,1.19215,3
2.30641,3.62095,-0.320806,3.16289,1.93218,0.330368,0.321994,1.1197,1
1.6526,-0.0453907,0.143931,0.658944,-0.131082,0.646192,-0.0500844,2.17331,1
-0.14176,3.6904,1.28624,1.1543,1.9614,1.32621,0.0757189,1.22605,3
-0.128888,1.5941,1.91369,2.47529,0.267267,1.2735,0.169376,-0.085083,-0
1.74389,0.570909,2.56468,1.13851,-0.0728999,0.442493,0.119221,1.40796,1
0.569978,3.8082,2.07,0.61474,0.631812,0.638197,0.742355,-0.0350446,-0
0.603131,0.583697,1.92367,1.90302,0.867693,0.767639,-0.252205,-0.0705127,-0
-0.19668,2.05177,0.04399,0.323571,1.84685,1.24827,0.725532,1.29208,3
0.478774,3.52815,2.61581,2.5913,1.09638,1.17303,1.91138,1.8513,3
1.29331,3.99489,2.08408,0.255152,1.46854,0.470305,1.40398,1.34675,3
1.23986,2.79211,3.15338,1.94013,2.42463,-0.257115,0.653246,0.406001,1
2.2764,0.632782,1.045,2.17634,1.17576,0.0145089,1.67532,1.70299,1
1.7516,2.29952,2.97804,0.602796,1.25524,1.18657,0.765798,1.82487,1
0.246105,-0.220463,0.394484,0.956721,-0.365979,0.490217,0.0980434,1.9747,1
1.49704,1.90358,3.14335,0.495903,1.11101,0.785456,-0.241338,1.88442,1
0.667545,2.01167,-0.184499,1.5248,0.310532,0.850887,1.143,1.702,3
0.804032,3.2685,2.82797,0.559502,0.846957,1.22246,1.4813,-0.0654846,-0
2.46193,3.49016,3.03609,0.726033,-0.0562018,0.0770608,1.86092,1.52307,4
0.793718,3.12748,2.8213,2.98895,2.26818,-0.153373,1.03058,1.75381,1
-0.0977358,3.27317,0.315545,0.485224,1.84614,0.598025,0.819976,-0.143123,-0
0.0495125,3.76144,2.675,0.101044,1.72522,-0.0235808,1.91312,1.28671,1
0.405083,-0.1589,2.2805,0.321709,1.2443,-0.166333,0.183755,1.00923,3
1.6231,3.48502,2.35259,1.80016,0.80849,0.423833,0.837894,2.45397,1
1.39081,0.0751052,0.0650111,2.80172,1.37378,-0.150426,1.36026,1.88076,3
1.42792,1.01522,0.594867,1.22104,1.29322,0.0742505,1.32303,-0.131693,-0
1.51948,1.91151,1.33668,2.9809,2.3682,0.715361,0.399696,1.44279,1
-0.199506,3.67391,3.19127,2.89255,0.772768,0.927551,0.492887,-0.0227329,0
2.14656,2.58996,0.531084,2.84805,1.49112,0.833936,1.87663,0.683778,1
0.646822,0.931584,3.12325,0.734457,0.357577,1.32029,0.730296,1.04022,1
1.05601,3.04666,1.26315,3.2729,1.00846,0.388335,1.34512,-0.144958,-0
0.607433,3.82798,1.05679,0.384197,1.91211,0.782296,0.927559,1.48957,3
1.27933,3.22839,2.83631,2.92748,2.33487,0.189417,0.479771,1.90713,1
0.547834,0.905659,0.23944,0.600085,1.00149,0.581059,2.01655,1.65275,1
0.111346,0.765192,2.81909,-0.599525,0.878729,0.58587,1.69382,1.94168,3
2.11624,3.51658,0.313389,1.65001,0.872056,0.315101,-0.179068,1.92304,3
-0.213651,-0.118101,1.4297,2.20429,1.27129,0.287647,-0.401423,2.35842,3
0.748984,0.823516,3.35433,0.00544961,1.21698,0.270524,0.512639,1.83534,1
0.561104,3.92884,1.31982,2.51996,2.23254,0.235404,0.347247,0.943414,3
1.88346,2.74214,2.10048,0.902734,0.844222,0.196128,1.15335,1.28269,3
2.07427,3.3193,-0.040745,1.10421,0.6614,0.273973,1.17669,0.896368,1
1.59183,3.54026,0.239415,1.78635,1.29479,0.765975,0.179149,1.68605,1
-0.16001,0.623072,-0.0192729,1.38266,2.2737,-0.0602741,0.806194,2.03201,1
1.87322,3.14225,1.80656,2.0106,0.720108,1.00644,0.29643,-0.0492685,-0
1.87464,0.10646,3.07646,1.7653,0.583462,0.520364,1.54361,2.08738,1
1.26169,3.29258,3.01426,0.189361,1.21407,0.438219,0.172073,-0.00335326,-0
0.505743,1.35838,2.87998,-0.23478,0.994955,0.708045,-0.273397,1.18203,1
0.76785,0.0800959,0.615938,0.218555,0.41069,-0.445441,0.0193168,1.82604,1
0.357337,1.75014,3.27787,1.42932,1.21198,-0.379552,0.131244,1.68982,1
0.275549,1.63384,0.258784,0.427162,1.2594,0.10344,-0.204507,0.795665,1
-0.191016,2.37827,1.31692,0.111953,1.08842,0.474474,1.91252,1.0107,1
1.28846,0.215306,0.751366,2.43033,1.55562,0.578643,0.954442,0.0248114,0
1.077,0.76847,2.56852,0.838375,-0.209934,0.501161,0.779102,1.12369,1
1.18609,1.66016,1.00901,2.44302,1.15833,0.265634,0.461584,-0.0521084,-0
1.2252,0.769169,1.37088,4.2794,-0.651373,2.76555,2.491,1.12655,4
2.24212,1.30422,1.40037,2.68616,1.62023,0.586365,-0.127686,1.95965,1
1.52203,2.92986,2.32425,1.51404,0.353993,0.655135,1.26237,1.29649,4
0.321714,0.0574618,2.64844,1.30458,1.90661,0.372115,0.433082,1.44977,3
0.828017,1.62939,2.21565,1.95841,0.679432,0.289287,1.19183,1.70782,3
0.37527,3.8476,1.70072,1.01269,0.542995,0.479307,2.44673,1.26662,3
2.00166,1.71975,0.98338,1.37417,1.87738,0.454437,0.339472,1.05498,1
-0.301787,1.26254,2.58698,2.74833,1.5538,0.828734,1.59386,-0.0965889,-0
2.40933,2.91155,1.74661,3.27758,0.531794,0.190271,0.242417,0.0635933,-0
0.208404,1.56432,2.93582,0.79205,0.68624,1.07386,2.11391,2.29492,1
1.92228,2.57854,0.214828,2.93248,0.338121,0.379974,1.94478,0.460269,0
1.55385,1.19437,2.06891,2.28533,1.43288,0.391944,-0.0208099,-0.135182,-0
1.95405,0.165079,1.94079,0.72773,1.38711,0.853008,1.07552,-0.0215568,0
0.885419,0.750046,0.646764,2.44693,2.12659,0.697949,2.05351,-0.0947506,-0
1.80513,3.65128,2.17477,2.0557,1.23515,1.30694,1.01071,1.04439,3
0.0627401,2.99651,0.245827,2.05193,1.27758,0.230433,1.83796,1.33797,3
0.241529,0.906915,0.95086,0.354916,0.476492,0.748945,0.131096,2.26333,1
0.168218,0.0390379,0.834146,1.91219,1.20681,-0.278805,-0.0335492,2.48956,1
1.88343,3.74121,2.39378,-0.0444744,0.84617,1.14035,1.17464,1.83433,1
1.94631,-0.0858791,2.69956,0.28585,-0.0711536,0.0655113,-0.126187,0.911588,3
1.97303,3.22696,3.43057,0.525591,0.822519,-0.0202409,0.423692,1.65357,1
0.530686,-0.348934,0.612698,1.28425,1.96875,0.693028,1.52482,0.578681,3
2.13152,-0.413297,2.97217,1.05738,0.855433,0.129186,0.403548,0.080503,0
0.282955,1.77531,0.0564942,0.473084,1.77244,-0.0936664,0.401088,1.41218,1
1.46838,1.98912,-0.387176,1.5914,-0.124275,1.55223,1.28699,1.36201,3
1.94889,3.24995,3.17548,0.249184,2.34195,0.402212,1.50962,1.77542,1
1.55021,1.74899,0.249529,2.15615,1.55527,-0.195151,1.18427,-0.156788,-0
0.301419,1.14689,1.41096,0.589608,1.26702,0.722685,1.34198,1.07597,3
1.84166,3.20974,0.825637,-0.0666514,1.22904,1.04713,1.15716,1.67803,1
0.619403,2.71717,0.0575182,2.40908,1.91871,0.813127,-0.113105,1.35151,3
2.05326,3.34691,2.23237,0.0507539,0.0731383,0.944785,0.88733,0.065418,-0
1.46548,3.58721,3.08857,-0.129191,1.54552,0.686317,0.807041,0.0214758,0
1.42302,2.72894,1.08113,1.67008,1.92685,0.872718,0.751869,1.77048,1
1.93741,2.3011,1.92464,2.97171,1.54172,-0.205763,1.73461,1.02236,1
0.45224,-0.305111,-0.0449666,1.26693,0.846066,0.201064,2.181,-0.212472,0
0.0133744,3.84474,0.441249,-0.0102664,1.76177,1.00893,-0.13548,0.937747,3
2.1615,0.275474,1.19338,0.0701945,0.683578,0.279308,1.40391,1.80906,1
0.354171,1.60449,1.32758,1.48317,1.07559,1.36533,1.53578,1.71403,3
0.534171,1.86031,0.340868,1.82845,0.155738,0.455733,2.29566,1.00681,1
0.338329,2.76685,0.281167,0.114203,0.885736,1.08606,1.54655,1.09335,1
-0.248652,1.71523,1.64749,0.499834,2.59477,0.463109,0.701092,2.0811,1
1.97167,2.8479,3.15981,2.62677,1.69731,0.677818,0.751741,0.981707,1
1.354,4.07089,1.89648,-0.0353927,1.13846,0.715959,2.29649,1.56057,3
1.48968,2.17037,1.12148,1.98984,2.02567,0.909645,-0.404134,1.5882,1
0.504719,1.62368,2.51955,2.95591,-0.330277,0.835013,0.2884,1.82934,1
0.766752,3.77624,2.72897,1.29743,0.686503,0.929097,0.424444,2.3234,3
2.22121,2.35333,0.615891,0.596569,0.0438456,0.719054,0.587307,1.24133,1
0.0273815,-0.121115,2.26324,2.47243,0.510979,0.881894,-0.307353,2.38948,3
0.814542,-0.0671764,-0.265237,2.56971,0.701331,0.0352489,0.255923,1.99563,3
1.44793,-0.0831553,0.0331705,0.271248,1.99739,0.157329,-0.0322347,-0.16441,-0
0.978806,-0.527213,0.8944,2.64466,0.166951,0.0999347,0.82114,1.84419,3
1.89771,-0.379155,1.00318,3.14562,-0.262968,0.328114,0.984003,1.50889,1
0.557923,3.48432,3.34229,2.01471,1.69178,0.380112,2.31884,1.70201,3
1.99369,0.882736,0.929214,0.13242,1.4916,-0.458974,1.57927,1.18038,1
0.786411,0.494252,0.638659,0.680922,2.26664,0.028748,0.062078,-0.168361,-0
2.10196,2.89279,3.37622,0.547921,1.0187,0.385378,1.33883,1.56989,1
0.577243,-0.13053,1.65954,-0.138612,2.15623,0.309876,-0.531848,1.15671,3
0.444393,-0.01951,3.299,-0.0786318,1.1645,0.856754,1.37045,-0.0771746,0
0.0201653,2.25141,0.153634,-0.214271,0.625638,0.811482,0.44034,-0.0889411,0
1.59401,0.579965,-0.185378,2.33152,1.57931,0.108428,1.67202,1.773,1
2.3252,0.538084,0.596292,1.0717,1.43253,0.779289,0.890041,-0.0302275,-0
-0.355825,2.54996,2.01085,0.498139,1.52534,0.686053,1.79488,1.52574,3
0.55422,1.62428,2.21444,1.1501,1.68159,0.590144,0.116366,2.15974,1
1.36557,2.07664,0.111666,-0.168651,0.872938,0.499258,0.0536441,1.37212,1
0.57643,3.88196,0.62652,0.190548,1.42768,1.08963,-0.0535985,1.2972,3
-0.154576,1.85161,1.64113,2.11486,0.531712,0.897542,0.798432,1.93752,1
1.61851,2.17524,1.78912,2.0284,1.71356,0.368464,0.483695,2.24771,1
0.803791,1.297,1.92872,1.75252,2.93613,1.26481,0.436793,2.00624,1
0.935672,0.733149,1.47307,1.51599,2.81911,0.126727,1.64036,1.39556,1
2.46044,0.238676,0.131583,0.857884,0.135284,0.37251,-0.179016,1.70396,3
0.230049,3.2689,2.28954,1.61336,1.39736,0.402762,-0.0353541,1.85522,3
-0.28836,-0.0196098,2.84961,1.26968,0.805502,0.192281,0.282556,1.22594,3
-0.187786,2.49683,2.76535,3.1307,1.10858,0.184216,2.38845,2.27572,1
1.3075,0.86882,2.23363,0.217091,1.73104,1.02197,1.07723,1.80703,1
0.949669,2.08158,2.5289,0.153096,1.40413,0.324436,1.77389,1.25186,1
2.0268,3.77822,2.38014,0.16381,0.579473,-0.198121,2.01316,1.13116,3
1.7857,1.9124,0.861247,0.0472217,0.68521,-0.241428,0.6491,1.1889,1
-0.2165,0.925208,-0.0179601,1.47204,1.83781,0.295916,1.8674,-0.211704,-0
1.82091,3.75834,2.25513,1.13255,1.63924,0.641732,1.61093,1.7889,3
0.193191,3.75141,0.265818,2.61832,1.94934,0.290959,0.49123,2.02763,3
1.39468,1.64744,2.65862,0.50862,0.84021,0.754496,1.07058,2.55575,3
2.04705,0.741715,0.587515,1.54023,0.461882,0.346229,1.10929,1.29914,1
2.23382,3.51333,2.85137,1.27328,0.799046,0.558068,1.79343,1.20559,3
0.589891,2.21981,3.06887,-0.300544,0.394802,0.613844,0.914278,-0.0802641,-0
2.1523,0.0852274,1.00591,1.92622,0.340377,1.10594,-0.15527,1.92938,1
0.725999,-0.294013,1.93207,-0.167862,0.812394,0.449068,-0.445641,-0.059881,-0
1.44518,1.85397,-0.00257032,0.983004,1.46663,-0.276492,0.652214,0.754051,1
0.546912,-0.173608,-0.204103,2.69773,1.48083,-0.477929,0.0122796,1.05092,3
2.10794,3.84791,0.265673,1.94394,1.49697,1.17109,0.153565,1.26654,3
-0.399051,2.18317,0.153913,1.99491,1.68745,0.521313,0.560355,-0.14629,-0
1.01857,1.70486,-0.15114,1.89399,0.615107,0.776739,-0.100711,1.95351,1
0.901876,1.83678,0.157118,3.26009,0.350739,1.40927,1.89961,-0.159453,-0
1.87608,3.9296,0.509534,0.404389,0.451139,0.787114,0.861205,0.0221742,0
2.45832,0.128013,2.38332,0.381504,1.33526,0.881998,1.0149,0.106105,-0
0.248384,0.430587,2.58031,1.46813,-0.423272,1.02696,1.46953,2.41521,3
2.02543,1.38708,2.40101,2.40244,0.915071,0.474563,1.44833,1.21442,1
1.54966,1.44629,1.63221,3.31749,0.540372,0.915766,0.81626,-0.161954,-0
1.89439,2.88513,3.34023,1.45207,1.12575,-0.163101,1.07652,0.936545,1
0.383338,-0.329008,0.0778003,1.60473,0.00653896,0.0233295,0.961308,-0.248041,-0
0.210233,0.708198,3.29627,2.8862,0.430841,-0.371786,2.12785,0.538208,1
1.34568,1.06653,2.8635,0.213702,0.0877441,0.747388,0.159906,2.20906,1
1.80552,0.380149,0.358293,0.283424,0.643661,0.532434,-0.501194,0.534447,1
1.36223,1.16361,0.591738,3.02272,-0.198576,0.801379,2.02652,1.59681,4
1.68532,3.11209,2.77501,2.28842,1.26744,-0.240427,0.732379,2.03097,1
1.67411,3.16588,1.1377,-0.29388,0.0877554,1.19675,0.473061,2.28322,4
0.695275,0.519644,0.61089,1.6288,1.336,0.545674,-0.22003,-0.155577,-0
0.33889,1.73001,0.0615532,1.78659,2.52343,0.389159,0.0282926,1.66043,1
0.205884,0.78615,2.95609,0.850117,0.59215,0.575337,0.365991,1.11102,3
0.510331,3.83904,0.0422187,-0.0601054,1.54977,-0.200547,0.30594,1.07218,3
1.83581,1.12614,0.986663,2.73383,1.5833,0.725313,-0.334387,1.16531,1
1.89164,2.34892,-0.557126,2.17181,0.295423,1.02332,0.793014,1.84287,4
1.99581,-0.353563,2.92808,1.62923,2.13624,-0.353613,0.663589,1.24583,3
0.583861,1.40817,2.41695,1.98155,0.060459,1.3945,1.27623,1.40527,1
0.409204,0.81174,0.731751,2.20548,0.428937,0.95319,0.311115,2.17613,3
1.98509,0.596361,3.20203,1.37835,1.55374,0.119647,1.22131,1.06708,1
0.696437,1.55561,0.8274,1.69118,0.629174,0.745489,0.699063,1.58541,3
0.196022,2.45834,2.19415,0.75432,0.954365,0.57844,-0.421322,1.389,1
-0.312632,2.41505,1.70784,0.572482,-0.167932,-0.0114431,0.625182,-0.143652,-0
2.11262,0.725439,0.397241,1.44824,1.88424,0.484185,2.04753,1.65465,4
0.78456,3.02311,1.25558,2.70849,1.96186,-0.0112053,2.15141,2.09413,1
1.54808,3.06658,0.131515,2.56391,-0.189148,0.290242,0.375211,2.38352,1
0.336688,1.01782,2.6796,1.59071,1.55015,0.116954,2.12855,2.62025,1
0.0135814,2.17788,2.16858,-0.019878,-0.428273,0.587678,1.82754,1.80741,1
0.792549,2.46483,3.10576,1.37674,1.99964,1.00619,0.667402,1.70158,2
1.9476,0.469863,0.0605573,1.96645,0.902232,0.318901,0.958614,1.94852,1
0.795507,1.2303,2.0872,0.483314,1.89368,-0.110888,0.420673,1.11759,3
0.428037,3.93854,-0.00371425,-0.210723,1.95933,-0.14187,1.89885,2.03647,1
1.0855,-0.428768,0.728774,0.491419,0.596048,0.0887957,1.04867,1.74066,3
2.21593,2.12,0.173509,-0.14484,-0.237646,1.58498,0.52524,1.0241,1
-0.130485,1.62532,0.871343,0.400081,0.510621,0.735275,0.214501,1.7818,3
0.534004,2.21326,-0.0924733,0.981057,1.61746,0.0170197,1.31643,1.43537,1
0.0371775,1.59663,2.24037,1.27239,1.4766,0.941529,0.985112,0.000551282,-0
1.06746,1.26113,1.09251,1.5713,2.20962,1.09897,1.19031,1.90782,3
0.666638,3.32852,2.5651,0.182799,1.08869,0.594029,1.51076,1.99075,4
-0.0671733,3.44426,0.560362,2.33065,1.2319,0.955653,2.3172,1.34894,3
0.00526069,2.3956,-0.117883,0.517868,1.65426,0.98066,0.772437,2.0567,1
1.53883,0.369125,2.76288,1.97139,1.70701,1.36794,2.07047,-0.0454057,0
1.97398,0.177951,2.51803,0.500564,0.0259323,1.12214,0.11187,0.867773,1
0.0872111,0.11146,1.40867,1.16148,0.728768,0.395857,1.00264,0.650572,3
0.98528,1.19074,2.34703,1.57838,0.0399036,0.347473,0.621269,2.00504,1
0.184986,1.3197,2.48769,0.811142,0.661642,-0.0209913,0.488917,1.587,3
-0.0591815,1.24628,1.67025,1.10696,0.186291,0.709738,1.4084,-0.177986,0
0.623549,0.000953654,3.37611,2.51318,0.373027,-0.272949,0.700141,0.81984,1
1.91745,0.290357,2.89036,2.50992,2.12962,0.810324,1.86852,1.73788,1
0.994167,1.62961,1.51342,1.48508,0.60988,0.321427,0.501835,2.08908,4
1.79589,-0.299987,1.78358,1.78647,0.0666005,0.609009,0.0870791,1.50505,3
0.0345851,0.827305,2.05106,0.72593,0.227373,0.0474796,1.31643,1.15514,3
1.30961,0.857986,1.23672,2.87984,0.737619,1.19778,1.42432,1.1518,3
1.79129,-0.153016,0.308034,2.37946,1.61713,-0.225278,0.454034,1.45486,3
1.49078,2.62072,0.207967,1.83504,1.73165,1.32939,2.23077,1.82949,1
0.353037,1.61454,1.98738,2.31188,1.74307,0.406818,1.21245,1.85105,1
0.173591,2.19167,-0.210477,3.05969,0.768133,0.0905315,1.01538,2.35539,1
0.839964,1.68987,3.22563,0.248543,0.0415847,-0.0541657,0.108196,1.04152,1
0.297204,1.27667,0.870635,1.79474,2.00701,-0.217173,1.89832,1.26456,3
0.918821,3.73737,1.692,0.219801,0.254788,1.74642,1.04579,2.0804,3
2.87826,3.21972,0.155946,0.252523,1.01544,0.429806,0.063426,1.46954,4
1.52242,0.293286,2.52491,0.776903,1.01121,0.0603618,0.356134,1.07548,1
0.640195,2.41326,0.278698,1.10962,1.68097,-0.358107,0.730348,1.14184,3
0.880104,3.47032,1.88935,0.388446,0.266532,0.145637,0.679647,1.87844,3
0.296755,0.773225,0.190845,2.8524,2.23366,-0.367036,2.27186,0.807732,3
1.30976,2.10191,3.27436,0.581722,0.100825,-0.0504708,0.38931,1.37061,1
1.19677,0.537702,1.22007,-0.20121,1.61617,0.170803,1.40919,-0.115632,0
2.40378,3.75506,1.75761,2.18254,1.43165,0.515217,1.35264,1.6048,3
2.32522,1.51716,1.59407,1.00902,1.05745,0.00882853,0.370502,1.67653,1
2.1737,0.398683,3.35719,0.0104105,1.34782,1.06849,2.15238,1.83826,1
0.225685,4.34339,2.29331,-0.114457,2.09815,0.135171,1.37984,-0.0711394,0
1.92378,0.152768,-0.0518759,1.18456,0.858264,0.188652,0.470015,1.83744,1
1.14236,0.0589979,2.2588,0.00903252,0.0376879,1.06638,-0.17107,1.69365,1
0.634573,3.09973,1.10397,-0.704835,0.36295,1.31177,-0.262142,1.42866,4
1.39612,-0.240757,2.28919,1.45072,0.831334,-0.196685,0.130318,2.08997,3
0.463933,1.22037,3.02568,1.7047,1.13181,0.255941,1.76059,-0.104911,-0
2.00118,3.65747,3.27744,2.35917,0.776735,0.139232,0.83889,1.13023,3
0.505664,0.999811,0.867109,3.06159,-0.0217733,0.278408,0.773203,1.20948,3
0.203119,3.41759,0.236666,1.64889,0.130589,0.201306,0.489991,-0.151795,0
0.814521,-0.129185,-0.346778,-0.657047,0.176446,0.279768,1.45091,1.33952,3
0.785077,3.57081,1.10249,-0.132607,1.7793,1.57446,-0.276359,1.24258,2
1.84164,3.60323,3.44187,-0.126777,2.08999,0.7433,1.96718,2.06408,3
1.08926,2.89529,1.19147,0.241788,0.780855,1.43469,1.15777,0.0489704,0
0.469304,1.1486,2.0471,-0.18684,1.71212,1.53748,0.859758,-0.0467143,-0
0.0853227,-0.284941,3.28998,2.41464,0.990277,0.340759,1.78383,1.4018,3
0.877855,0.763523,1.38139,1.37415,0.247377,0.193181,0.511826,2.15095,4
1.48185,2.99016,1.44931,2.27283,2.32397,0.435867,0.148868,0.000933666,0
1.35263,1.4006,0.233556,1.91603,1.61556,0.709452,2.11084,1.29193,3
1.9612,0.186551,0.320918,1.00209,0.113923,-0.0396704,0.53018,0.0216948,0
1.66773,3.14497,2.17532,2.17228,0.743647,0.646375,0.360542,-0.0630153,-0
-0.0157685,1.85162,1.17943,0.362665,1.12569,0.239231,0.862134,1.10646,1
1.35974,1.15191,2.26152,1.50617,1.74732,0.709841,0.605215,1.97826,1
-0.0570295,3.26531,-0.252514,2.22161,0.557474,1.04638,2.02439,0.937527,3
0.453783,3.38847,0.638187,1.91696,0.502112,1.1768,0.477181,1.43479,1
0.328831,2.95987,2.63907,1.96888,0.985884,0.538138,1.3597,2.29326,1
1.23339,2.17913,0.553425,1.36438,1.54725,0.194961,-0.379248,1.39072,1
-0.089779,1.05489,0.0339509,2.40339,2.37257,0.145677,1.10359,0.814673,3
-0.0179676,1.36412,1.97434,0.838742,1.96008,0.0519687,2.32331,2.56418,1
0.0753046,3.90441,-0.267982,1.09024,1.78822,0.0092045,1.35391,1.52635,3
0.152881,2.18844,2.38875,1.41593,0.408359,0.948984,1.10115,1.4687,1
0.251702,2.83422,2.76814,2.48483,-0.0722617,1.51996,2.14908,2.03033,3
1.76857,2.62774,1.57582,2.37285,1.46221,1.4218,0.23635,1.49595,1
0.952475,0.125837,2.85683,-0.190478,0.156257,0.630651,1.80962,-0.162336,0
1.26853,1.35174,2.09775,1.39892,0.471491,0.855011,1.83353,1.4224,1
1.43231,-0.593513,2.73101,2.06713,0.324997,0.476252,2.05071,2.14633,3
1.22895,1.39792,0.952756,3.10307,0.85883,0.201333,0.044258,0.442267,1
0.57981,4.06552,1.14528,3.23671,0.408772,1.02236,1.21583,-0.071991,-0
0.42101,1.08781,1.54355,0.770815,0.140883,0.366367,0.537709,-0.137443,-0
1.51476,0.132292,2.88734,2.40642,1.97253,0.566363,0.370663,1.14607,3
1.05558,0.748103,0.903485,2.97896,1.35688,0.489754,2.30016,-0.0595436,-0
0.279289,-0.0659886,3.40213,2.48812,1.26945,0.614085,2.07614,1.24862,3
2.1257,1.4687,1.3577,1.58826,0.224247,0.362627,-0.182287,1.42669,1
0.941258,0.630319,0.0886305,1.63321,1.15247,0.22412,-0.192323,1.90812,3
0.24804,0.29545,0.49293,1.27824,0.60735,-0.409772,-0.192952,1.82793,3
0.580265,3.8409,0.2268,0.2288,2.3578,0.369536,0.752805,1.12685,3
1.46528,3.76913,1.95473,1.55598,0.342665,-0.42743,0.819479,0.0199058,0
1.10275,-0.408021,2.71751,0.0270395,2.29087,0.976963,0.648945,1.57871,3
0.349359,2.20473,0.960555,0.0418442,0.689465,-0.0746023,0.0813806,-0.0282784,0
1.92921,1.89237,0.702964,2.8569,0.832981,0.509398,1.6632,1.62774,1
1.15322,1.40512,0.804437,-0.197153,1.60304,0.593165,0.572282,1.90565,1
-0.255202,-0.0537254,-0.228255,1.72344,-0.315215,0.726127,1.20671,1.8008,3
1.33323,4.03072,0.61281,0.291592,1.3256,0.468386,0.619606,1.3493,3
0.654272,1.73518,-0.0422898,2.84879,0.54125,-0.230621,1.91269,2.02931,3
1.81387,3.99661,0.426359,1.04154,1.45636,-0.14963,1.17676,2.00657,3
0.496112,1.15997,2.90947,0.665487,0.365647,-0.292519,1.58032,1.95835,3
2.14205,-0.297243,0.759649,2.42957,2.65503,0.669249,0.314758,1.68754,3
0.522261,1.44392,2.74137,-0.105041,0.0908304,0.300151,1.69344,-0.0941853,-0
1.34137,0.561284,1.5023,1.87939,0.965236,0.151046,-0.154064,1.61404,1
2.11591,2.76856,3.35283,2.55337,1.43656,0.384453,1.94611,0.963131,1
1.74275,1.91055,2.22698,0.316555,0.857263,0.799728,1.42883,1.66489,1
0.459323,3.74394,0.0494678,1.40397,1.3915,0.0845553,2.16667,1.01674,1
0.891372,3.92534,3.20162,-0.128013,0.946926,0.64014,0.119684,2.13088,3
1.32919,2.29591,2.23618,1.29683,0.339968,0.102813,0.133568,0.893822,1
0.639551,1.45346,-0.141017,2.70625,-0.212782,0.859047,0.954277,2.1322,3
0.927215,2.99722,1.68911,1.46601,0.697669,0.838341,0.34341,2.10644,1
0.391073,2.13866,2.85485,0.0142737,-0.268301,0.0411641,0.556474,1.22879,1
0.436369,1.66854,0.0960439,3.00083,0.903644,-0.0476101,0.666916,-0.0587897,-0
1.44364,4.1579,0.0370195,0.791164,1.44093,1.21738,1.43411,-0.000636966,-0
1.23444,1.53416,0.227202,0.0636496,1.45212,0.785718,-0.192563,-0.0683029,-0
1.23628,4.19259,2.49749,0.869652,1.48772,0.660357,1.36271,0.47846,1
1.1191,1.77727,2.13773,0.017955,-0.505317,0.607411,1.87278,2.02489,4
2.04615,2.96193,3.04167,2.93976,0.726706,0.0418645,-0.0618447,1.24657,1
0.474465,-0.0561792,-0.222209,2.90902,0.158485,0.673167,1.06121,1.18847,3
2.57008,3.92358,2.79314,1.6703,1.1525,0.00977774,1.58718,2.00109,3
1.40289,2.96336,1.57368,0.0175835,1.04524,1.18386,0.88582,-0.0613676,0
1.87443,0.158847,1.72239,3.16367,0.464738,0.377366,0.5956,0.876283,1
1.25141,3.2259,2.0755,2.80144,2.17485,0.202266,2.10197,1.65507,1
-0.0239091,3.70594,3.13215,2.79587,0.978556,-0.0748993,2.05796,1.28227,3
0.420624,1.48526,1.86273,0.587795,1.86619,0.159794,-0.226777,1.70956,4
0.962115,2.1032,0.459625,2.4801,-0.16739,-0.281201,0.339978,1.84676,1
0.168804,0.529417,1.76965,-0.133084,1.40515,-0.492011,2.13032,1.05261,3
1.63889,2.11768,1.31221,2.74625,0.184627,0.893302,1.05091,-0.0583262,-0
2.22126,0.968851,0.0245599,2.67803,1.49364,-0.0138447,0.992899,0.512977,1
2.39725,1.2859,0.518395,3.19849,1.79522,0.287052,0.91594,1.27185,1
0.539938,0.344521,2.21758,-0.223483,1.49096,0.215308,1.43731,0.912596,3
2.44826,3.68151,0.363615,2.09992,2.42237,0.319664,0.948634,1.98334,3
1.72519,1.3215,0.426985,2.01025,1.81741,0.283544,-0.46316,0.346377,1
2.21826,0.990258,-0.163283,2.04945,1.34164,0.486643,1.56339,2.0099,1
0.850784,3.33352,0.317647,-0.139284,0.377927,-0.0494028,0.539501,0.125545,0
2.05807,3.22481,0.862594,0.0397074,0.256501,0.6135,0.482273,0.252843,1
0.295515,3.91188,3.23023,0.778951,1.34657,-0.408175,1.7269,1.56573,1
0.552353,1.8894,0.43591,0.450438,0.472793,-0.192594,1.43159,0.598624,1
0.343676,1.7793,0.893303,0.269709,0.20661,-0.223298,0.237828,1.49245,1
1.87714,0.62957,0.849684,0.0491799,1.28391,1.1572,-0.0975777,1.16868,1
1.81724,0.971029,2.21619,3.11511,1.74152,0.943415,1.49129,1.82481,1
2.25501,2.40086,0.668716,0.515598,0.389245,1.01515,-0.273115,1.83734,1
1.65458,1.04131,0.0296896,2.08931,1.69647,0.984156,-0.167547,1.26388,1
1.61302,1.2892,1.94925,1.82112,1.12794,0.146871,-0.272533,2.05864,1
0.822041,1.14372,2.78616,2.81247,0.936597,0.122417,-0.081108,1.79694,1
1.47739,0.130008,2.23176,1.69697,0.0269084,0.350895,1.60553,2.1148,1
0.795613,2.3258,0.270407,1.61433,0.797659,-0.345133,2.14186,-0.0209414,-0
0.617976,1.60555,0.160563,-0.0716554,-0.16848,1.21687,1.42516,-0.123251,-0
-0.114877,1.69103,2.94891,2.90006,0.551488,0.894412,0.304508,1.61813,3
0.151324,0.783372,0.0237575,0.139273,0.692784,0.766707,-0.190676,0.711323,3
0.703261,1.3906,0.0550854,2.24458,2.00632,0.138436,1.22618,2.10099,1
0.809452,-0.25197,0.184048,0.0134166,1.18986,1.39346,0.508715,-0.0439182,0
0.806465,3.86197,1.59514,1.9747,0.169475,0.405644,0.490753,2.06298,3
1.87218,0.201785,0.365007,1.25554,0.452358,0.0283236,1.45791,-0.0870912,-0
1.63103,4.08652,2.56703,1.69286,2.28106,0.672297,0.234708,0.010378,-0
1.41644,-0.0948662,1.99144,0.527278,2.67463,-0.134453,0.811851,1.27565,3
1.60677,3.31559,0.954634,2.86007,0.889385,0.134311,1.07814,2.0273,1
1.75079,1.00594,-0.0274668,2.11638,1.31465,1.95852,0.354597,1.58193,1
1.53536,1.31507,2.07231,0.136614,0.734442,1.36081,-0.358433,-0.0965148,-0
0.0842822,-0.0682598,0.863026,1.80567,1.9641,-0.113608,0.423273,0.89387,3
1.34746,1.66261,-0.326877,0.481093,-0.596489,0.556954,0.581316,1.92679,4
1.819,3.60073,1.20458,0.531244,0.589982,0.470985,2.38182,0.00318816,0
1.55127,2.53855,0.358755,2.80851,-0.2075,0.302604,1.40176,2.80332,4
2.38572,3.7553,1.36842,2.72872,0.206171,0.2686,0.948483,1.53193,3
1.75889,3.14595,2.86688,0.877764,0.91465,0.16348,0.0921976,2.15044,1
1.31441,2.31289,0.0951369,-0.241072,2.45291,0.0620814,1.12611,0.743638,1
0.104788,3.77823,2.53373,2.89653,1.16773,0.461255,2.02886,1.39424,3
0.582054,2.56551,0.024114,2.80941,0.0930595,0.915117,1.15706,1.52628,1
2.25298,3.69935,1.73958,0.218991,-0.0644083,0.741706,-0.0524699,1.31594,3
0.291658,-0.282624,1.83925,1.49768,-0.0260728,1.20724,1.88556,-0.110643,-0
1.43186,0.739942,-0.132614,1.25374,0.884384,0.872672,0.1837,1.20658,1
1.05408,2.4993,3.21063,0.329757,0.318955,-0.198413,1.28535,-0.078544,0
1.6517,0.212771,3.07641,0.356495,0.31395,0.981197,0.179487,2.01943,1
1.84342,1.53825,2.73504,2.84573,0.0936678,-0.0805062,0.0497985,0.319641,1
0.359794,1.97178,-0.20445,1.89379,-0.254034,0.0303644,1.42285,0.794947,1
1.48208,2.39991,1.57024,1.54854,0.485133,1.47782,1.89517,1.27924,1
1.33016,-0.120981,0.20542,1.29302,0.742602,0.435481,-0.0593317,1.79552,1
1.12344,0.993126,1.94011,2.30247,2.45195,0.106825,-0.176718,1.63642,1
2.62519,3.51495,1.39882,-0.433224,0.412976,0.744902,1.87198,1.77276,4
0.321815,1.40705,0.240127,1.31326,0.296133,0.855609,0.595868,0.731545,3
0.589417,-0.0555282,-0.132466,-0.245946,0.986221,0.6212,-0.0614145,1.76494,1
-0.202441,1.32988,2.94001,1.27935,0.12597,0.538627,1.00447,2.04112,3
1.54209,0.707372,2.47111,0.597935,0.485298,-0.0570476,1.38276,1.18269,3
1.62265,2.66001,0.427123,2.19389,2.58399,1.15467,0.962793,1.82446,1
1.55444,2.86427,1.9194,1.30765,2.76245,0.996794,0.44361,1.40642,1
1.915,2.75598,2.28283,1.32425,1.3011,0.70965,0.401077,0.101537,-0
1.82449,0.0809678,1.01254,0.658282,0.464711,0.337192,1.9039,1.57787,4
1.64091,0.204258,0.308209,2.24288,2.4597,0.543045,1.93271,-0.0238224,0
0.60282,3.53529,1.23436,2.42183,2.36518,0.172898,0.970031,0.722703,1
0.311759,1.93576,0.363916,0.865377,2.46638,-0.311074,0.684116,1.25525,1
0.00777753,2.78369,3.41967,1.47207,1.51825,0.398505,1.02926,1.38978,3
2.20713,2.76863,2.88778,1.90141,0.428112,0.523999,0.739136,0.0200343,0
2.3335,0.3195,1.33426,2.85122,0.79945,-0.0499865,-0.0747613,1.91373,1
0.166697,3.39201,0.639144,0.521937,1.33717,0.791999,0.711176,1.48921,3
2.20588,3.19965,3.28879,2.01496,-0.130034,0.346475,1.39993,2.40378,4
-0.132268,2.19053,2.16323,2.57241,1.25116,1.06847,-0.223082,1.4953,3
1.94235,2.9816,2.33257,-0.179401,0.0263004,1.00564,0.286864,0.88828,1
0.746162,0.178527,3.10256,-0.130174,0.78196,0.0292299,-0.00643167,1.00631,3
0.0626709,2.78685,0.254182,-0.132919,-0.387829,0.463062,0.277216,-0.195318,0
1.6275,2.43623,0.0315072,0.450213,0.048879,0.391781,-0.257881,1.59598,1
1.21987,2.52554,0.225063,1.15813,1.58841,0.00122272,1.13415,-0.0546306,-0
-0.0270964,3.18176,-0.157055,1.843,0.943639,0.711052,1.15665,1.58197,3
0.850826,2.08247,1.5296,0.180488,2.2146,0.0972603,1.97089,0.126,0
-0.0344167,3.76748,2.52137,-0.20146,0.065271,0.452975,1.47154,0.890382,3
-0.235149,1.18506,2.23485,2.70789,1.63538,0.356972,1.77785,1.06711,3
0.985202,-0.101693,0.229929,1.73936,1.65484,0.758801,1.05087,1.87892,3
0.598043,0.280282,2.19205,2.94161,2.32416,0.0974214,0.352,1.04647,3
0.335851,2.11855,2.77104,0.26002,1.35955,0.288543,1.23326,2.32118,1
1.67492,3.45806,3.38841,2.82415,-0.100006,-0.40259,0.348149,0.231519,0
1.84604,1.90443,1.21729,2.80829,0.510688,1.0326,1.09736,1.9215,1
1.0973,3.05321,0.335157,2.45462,0.203651,0.709898,1.45195,1.38333,4
0.357207,3.89776,1.85431,0.355464,0.379717,0.714455,-0.156598,2.49965,3
0.453416,3.68112,0.929226,2.80421,0.995674,0.550482,0.397649,1.26715,3
-0.418781,0.184778,0.470565,2.81516,1.07285,0.840152,1.78835,2.10806,3
1.02713,1.60414,0.99827,3.021,2.56664,0.123818,1.48808,-0.0743604,-0
1.8109,2.29906,-0.207793,0.798354,1.75017,0.483036,1.26898,1.8878,1
1.21723,3.43514,1.42253,0.640949,2.13565,0.709747,2.05961,1.16892,3
0.557419,3.71237,0.311373,2.77,1.96886,-0.485387,0.261003,1.72276,3
0.288779,2.52376,-0.346201,1.79118,0.0489965,0.534696,1.65138,0.925549,3
0.799274,3.0025,2.70554,2.0702,0.153156,0.299001,-0.316415,0.258912,1
0.657018,0.471882,0.0143257,0.325228,1.64787,0.38978,1.12636,0.826247,3
1.01147,3.41648,-0.256666,1.38537,1.33043,0.443535,0.116286,1.73093,3
1.95995,3.89209,1.48981,0.698824,0.719487,0.775142,-0.179541,1.76346,3
1.73741,1.97291,1.14722,1.27836,0.646014,-0.317058,0.0675152,1.09358,1
1.71983,0.126207,0.986308,1.3785,-0.0263396,0.313886,-0.353586,1.4986,1
1.92231,1.72079,0.0540783,2.95827,1.16085,1.08587,0.708798,-0.0444183,-0
0.0192076,2.50503,-0.0661725,-0.0242378,0.497274,0.726187,1.54998,1.56228,1
1.17763,3.8328,-0.119814,0.646478,0.724279,0.975813,0.260039,2.29094,4
0.86385,-0.525001,2.22723,1.31636,2.55665,0.906365,1.09575,0.913921,3
0.649254,3.15679,2.02117,2.01778,-0.105908,0.260683,2.04496,1.0412,1
0.432854,2.10943,3.2462,2.2624,1.54687,0.0522667,1.07655,-0.172841,0
-0.141974,1.28936,2.58584,0.188157,2.16052,0.570112,1.1463,2.24393,3
0.78573,2.85766,0.332148,2.39627,2.48372,0.957638,1.26881,1.64079,1
1.70663,0.551466,2.86473,1.34539,1.1372,0.143556,-0.168351,-0.0568937,0
0.31545,0.847146,1.10228,1.53571,0.0133411,0.512285,0.0185759,1.15726,3
1.19144,0.0634928,1.61106,0.379945,2.33119,-0.480051,1.35198,1.68112,3
0.349123,1.58256,2.09392,-0.0903131,0.194719,0.213477,0.759748,2.39099,1
1.45962,3.02868,2.35716,0.108438,2.26568,0.776905,1.34555,-0.0393502,0
0.768405,3.64118,3.08452,2.21902,0.116528,1.39472,1.29726,1.49502,3
1.09799,0.330982,2.29915,-0.646615,-0.0983524,0.566254,0.958723,1.5752,3
0.0634951,2.02967,2.31127,-0.29309,0.709463,0.869902,1.95595,-0.0663375,-0
0.69955,2.26031,2.51001,0.116259,0.563364,0.0948743,-0.168768,1.46827,1
2.21661,0.550643,1.758,2.99342,0.511042,0.660342,1.33404,2.09411,1
2.24719,0.127197,3.26412,2.56651,0.0992581,0.409304,1.93027,1.72938,1
0.519462,0.172281,0.322206,0.062071,-0.119483,0.869471,-0.128591,-0.0269063,-0
0.0657602,2.73624,1.12638,0.462423,1.21536,0.33609,2.25864,2.02142,1
1.59614,2.19196,0.354097,1.44153,1.57732,0.122212,0.610452,2.16679,4
2.07188,0.961192,2.58435,1.09352,0.899002,0.298198,0.220295,-0.0183017,-0
0.72584,-0.337224,0.169583,0.988795,1.54344,0.0752797,0.734235,1.49707,3
2.38938,0.847544,0.79404,1.89288,1.52035,0.225401,0.0240211,1.27025,1
1.16727,2.265,2.99436,2.68916,1.25109,1.05322,0.812593,2.30289,1
0.958592,0.297107,-0.0465936,2.37284,1.62968,1.04074,0.124911,0.781859,3
1.45046,0.61616,2.7678,0.165761,0.18482,0.291331,1.56949,-0.0392649,0
1.93441,1.24281,0.271291,0.302625,0.716601,0.504355,0.096304,0.893275,1
-0.305401,3.77668,2.88031,2.17192,0.138499,0.547643,1.29862,0.976437,3
0.152297,3.58034,0.927154,2.7702,1.04738,1.57307,-0.159978,1.36635,3
0.0588904,2.65367,1.65546,0.488338,1.83922,0.503532,1.90564,1.93098,1
1.35716,1.1342,2.52616,0.553897,1.91609,-0.179851,-0.0673979,1.64824,1
0.165927,2.68105,2.55926,1.57989,0.134207,-0.490134,0.839039,0.735014,1
2.15121,-0.406625,1.49271,0.986124,0.73034,0.492403,1.57432,-0.0314705,-0
2.38669,3.62764,1.90726,2.99148,0.265897,0.464896,0.866341,1.43681,3
1.92832,-0.319933,-0.121399,1.02262,2.01129,-0.0979937,0.101865,1.93364,1
1.44144,0.750452,0.409155,-0.161393,2.18144,0.582452,0.0317631,-0.114122,0
2.2614,2.31773,0.478492,0.54275,0.957773,1.0864,0.497628,0.845895,1
0.200022,0.04775,0.337487,1.34629,0.0703643,0.398678,0.441715,1.63167,3
1.10411,3.53354,-0.197161,2.20004,-0.490797,0.964146,1.10447,1.4709,3
0.423172,1.31779,1.88916,1.72945,0.186398,0.300571,0.00618037,1.89381,1
-0.0808891,-0.051628,2.62175,-0.0215846,1.72542,0.944955,-0.461888,1.46623,3
2.00193,3.79283,0.0473344,1.50167,1.04686,0.523524,0.0320933,1.83393,3
0.943392,0.988514,0.846347,0.669216,-0.0530742,0.313073,-0.00747275,-0.0820253,-0
1.92855,1.86853,2.84747,0.515422,1.03463,0.254922,1.23217,1.5465,1
1.24225,3.59119,3.0374,0.428986,0.650512,0.0114694,0.159322,1.60665,3
1.12468,2.98676,0.237003,0.0455226,2.5855,0.186664,0.345313,-0.0765816,-0
1.80358,0.230363,1.36769,2.73916,0.825797,0.262447,-0.344803,2.35178,1
1.55128,0.781526,1.31731,0.437549,1.33887,0.963278,1.35112,1.5038,1
1.35404,2.94713,0.251433,2.9694,0.357775,0.558267,0.536635,1.83276,1
0.108309,0.249599,3.14799,0.950903,0.67544,0.316959,0.354447,2.09525,1
0.853191,3.08456,2.59299,3.00323,1.75556,1.05521,0.0376107,-0.130047,-0
0.598492,0.98026,2.25183,0.747259,1.74836,0.299344,-0.25161,-0.0901331,-0
1.65929,1.3524,0.616855,0.00367363,2.03496,-0.203051,0.428022,1.77913,1
1.7454,3.80104,0.245017,0.797832,0.616094,1.20586,1.70497,1.81961,3
0.529603,0.865682,2.92359,0.0841922,0.297416,0.782632,2.16657,2.42006,3
2.07537,3.46291,2.60297,1.44329,0.753265,0.499749,0.31141,0.249746,0
0.859159,3.79243,2.418,0.653835,0.0283781,1.40282,1.55661,1.7218,3
0.403208,1.2682,0.681454,3.02351,2.38631,0.229544,1.0105,2.57293,3
0.766524,3.12799,0.0286322,1.28705,0.173817,-0.218626,1.68215,1.23409,1
0.78916,-0.229636,1.89517,3.04064,1.02997,-0.179299,1.73871,2.07664,3
0.240827,3.80681,0.0667106,2.94513,0.641175,0.176759,0.0487472,2.09799,3
1.74922,1.94011,0.236894,0.43225,2.58801,1.08362,0.872531,1.06163,1
0.290041,1.18108,1.01287,-0.364044,2.239,0.702088,1.39168,1.8348,3
2.02546,0.474814,0.964379,2.94748,2.01658,0.465208,0.362369,-0.0367508,-0
2.63184,3.27463,2.7025,3.11209,0.841639,0.0414165,0.391601,1.68618,1
0.0962162,2.38949,0.919634,1.27535,1.47534,-0.178105,0.381882,1.51565,1
0.264012,3.42119,-0.0094126,1.41681,1.6265,0.944626,-0.0460642,-0.168121,-0
1.33721,3.60556,0.895931,0.408338,0.884883,0.372541,0.527697,1.31231,4
2.0293,-0.0957584,-0.136623,1.92775,0.573463,0.705967,-0.251648,0.901762,1
1.26366,3.60092,-0.13076,0.334322,1.48948,-0.0566923,-0.61298,1.66931,1
1.04158,0.360765,0.801821,0.156557,2.38162,1.13348,1.94462,1.49903,4
0.527688,3.09827,1.30944,2.57368,0.123128,-0.0422268,0.480802,1.88767,1
1.79528,2.13699,2.30019,3.05671,1.40424,-0.0142087,0.400706,1.66867,1
0.808064,0.536726,-0.308849,0.891699,1.31226,0.99065,0.558734,1.14875,3
2.07368,3.89498,0.560149,0.587243,0.413858,0.26402,1.76236,1.64175,4
2.00592,0.444369,3.20632,1.99986,1.26497,0.623407,2.38395,1.78657,1
-0.116365,1.38416,2.94774,2.56723,1.4122,0.459956,2.10681,0.611395,1
-0.0959909,0.524614,2.96768,1.16914,1.22621,1.33024,1.61207,-0.00639238,-0
0.524563,3.09422,3.03801,0.661963,1.9493,0.191176,-0.176993,1.44245,1
0.109673,1.53147,2.10007,0.294125,1.95026,0.709019,1.98978,1.27862,3
0.81723,0.347646,3.28283,0.813641,1.56675,1.37349,0.678905,1.21158,3
0.125256,3.17149,0.283817,1.04598,1.44717,-0.320625,0.0441011,0.726044,3
1.85591,1.27925,0.758583,2.25885,0.299529,0.612193,0.485314,0.0232647,-0
1.97759,3.82884,1.84469,2.3937,0.849839,0.993955,1.70663,1.61756,3
2.29706,-0.128141,1.68257,-0.129845,1.48266,0.777146,0.328087,1.9575,1
2.06799,0.313497,1.31957,-0.262857,-0.0139819,0.343724,1.75334,-0.146021,0
0.318108,0.578513,1.01134,0.0470936,1.82537,1.07799,-0.208711,-0.183095,-0
0.730731,0.689448,1.40624,1.11607,0.531359,0.529712,0.335531,1.0934,3
-0.0553417,-0.518579,2.10642,1.52516,1.86214,-0.142353,0.380064,-0.0745975,-0
0.933872,0.161422,2.67535,1.4517,2.47235,-0.525581,0.667713,1.09306,3
0.888339,0.073029,2.32807,-0.0858744,0.102019,0.169544,1.74102,1.67535,3
1.83581,0.382778,0.243742,0.606093,2.01167,0.671504,0.395809,-0.0693709,-0
1.36417,2.63447,1.64252,2.20239,1.23676,-0.201176,-0.219107,-0.118275,-0
1.55707,1.75749,3.2905,0.0492854,2.05339,-0.495361,0.920785,1.41269,1
1.49805,1.12783,1.26442,2.41806,1.26888,0.756318,-0.158159,1.81318,1
1.69554,-0.266188,1.96108,-0.309387,0.371755,0.362654,0.141082,1.86426,1
1.28112,0.220945,3.02063,2.56473,-0.00811539,0.533142,1.47627,1.12307,3
1.4179,0.452757,0.244601,2.76714,0.808742,0.849547,2.40198,1.20905,1
0.280499,-0.0330197,2.39859,0.599238,1.58177,-0.0177041,-0.25475,1.65929,3
0.512014,3.97677,1.04208,0.128469,0.397312,0.732038,-0.00143468,1.91312,3
0.354742,1.7951,1.82968,0.118222,0.45156,0.732204,1.53419,1.22849,1
0.884864,0.51216,2.85565,2.09506,1.91367,1.10499,1.17252,0.0286305,-0
0.0843065,3.20819,2.58631,0.49995,1.41328,-0.131948,2.32217,1.09346,3
1.84716,-0.00172874,2.5227,1.03761,0.28749,0.630139,1.49035,-0.0398695,0
1.37466,1.25336,1.78572,2.91107,0.0626903,0.00909267,0.0383631,1.77835,3
1.21013,0.583486,1.56475,0.14523,0.712609,-0.250036,1.02463,1.53897,1
-0.0753221,3.53461,0.0915495,1.95683,1.07943,1.30787,0.364233,2.38524,1
0.576958,0.0759061,-0.410886,2.01345,1.78128,-0.0989752,0.487261,2.02114,3
1.50786,2.22126,3.20372,1.10061,0.797892,0.425696,-0.109843,1.00821,1
1.28777,1.41288,3.19309,0.0808324,-0.275591,-0.119043,1.47759,-0.0914826,-0
1.10746,2.63691,0.568811,1.07412,1.55769,0.657447,2.06325,2.16628,1
1.60501,1.31104,-0.0766098,0.255898,2.46862,1.32927,1.47739,1.42041,1
1.60063,3.60109,-0.00353456,1.93225,0.533046,0.983352,0.768078,0.406108,1
2.10236,2.05687,0.435661,0.434349,0.458075,0.967881,0.206915,1.68503,1
2.12078,0.9404,-0.178365,0.753973,0.862235,0.564301,0.355522,1.32927,3
1.15035,3.51374,2.21243,0.612805,1.60558,0.696831,1.09708,1.82116,1
0.137851,-0.144199,1.16177,1.18909,-0.283386,-0.0334539,0.288977,-0.155119,0
1.03503,3.62375,-0.0537131,2.35762,0.629299,1.64487,0.394073,1.89598,3
0.376565,2.07252,2.67468,1.11442,0.218853,-0.359846,1.42813,1.76034,1
-0.0166257,0.633374,2.45073,2.53835,1.48743,0.722892,0.313182,0.720859,3
0.772084,2.78711,0.840371,1.49562,0.850382,0.227551,-0.055524,1.74821,3
0.11583,3.31826,1.16217,1.73999,1.96903,0.898694,2.09175,2.00339,3
0.431152,0.0338015,0.439209,1.6585,0.124729,0.422413,0.710736,2.35326,3
0.291682,0.793154,3.32248,2.0165,0.616903,1.25371,1.94908,-0.236416,0
1.02882,2.57089,3.43841,0.0113218,2.08285,0.780246,1.83678,1.09582,3
1.0583,3.21602,2.70388,0.461765,0.757318,0.527014,-0.0643968,2.3065,1
1.60303,3.24315,3.22791,1.09108,0.836023,0.151083,0.87562,0.0613249,-0
0.493074,1.20089,0.420579,-0.18703,0.228363,-0.116059,0.0976339,1.67919,1
1.36263,0.0473134,2.72476,0.6201,1.80536,1.16571,0.432905,1.63506,1
-0.448661,0.741942,2.82479,2.60148,0.442102,0.641965,1.49569,1.98036,3
0.939858,0.0232792,0.95332,0.593702,2.13815,-0.141232,2.21494,2.38458,1
1.3487,-0.37901,0.550674,2.17579,-0.117788,0.426185,1.66071,1.89514,1
1.44267,2.5984,2.65678,1.69737,0.300423,0.777173,0.711199,1.75117,1
1.47652,3.49328,2.77444,2.66258,0.784958,0.817451,-0.505994,1.86165,1
1.33108,1.28751,-0.119217,1.34076,1.82779,0.436499,0.0476727,1.45765,1
1.47269,2.31532,0.0967332,1.07401,1.47791,-0.0900984,2.10431,0.00138824,-0
1.06442,-0.103809,1.42385,1.11077,0.696406,1.02716,1.18007,1.21336,3
1.75682,1.0943,-0.0758987,2.41157,0.22429,0.276553,-0.431157,0.609711,1
1.27223,-0.128043,-0.185701,0.868207,0.440021,0.431278,0.422273,1.20523,3
0.0784747,3.72903,2.61635,3.05431,1.54954,0.477823,0.731631,1.36878,3
0.232815,1.40646,1.91906,1.24695,1.30823,0.559033,1.26351,1.96072,3
2.10861,0.36106,1.0623,2.28703,0.873323,0.898658,1.93253,-0.0329458,-0
0.137163,2.5895,2.70589,2.48954,0.70651,0.735948,0.843875,2.51809,1
0.627382,0.162654,2.30293,0.324872,1.47761,1.30192,1.73031,1.61156,3
1.30472,3.61371,1.42739,0.469045,0.914385,1.36966,0.287525,1.57814,3
1.51609,4.11507,0.0916124,2.87432,2.3536,0.291013,1.56047,-0.1394,-0
1.18805,1.57845,2.65884,-0.175837,0.969,0.391927,1.28095,1.8889,1
0.308183,0.227504,3.16231,1.58029,1.60083,-0.329552,1.20798,1.14415,3
2.04733,1.14825,2.90722,-0.0135903,1.03368,-0.165059,0.648673,1.21141,1
2.03125,-0.0142885,0.522605,2.44514,2.45379,0.0916886,0.827941,1.63819,1
-0.209648,0.242665,0.611701,0.0623773,-0.408264,0.70853,0.0909069,-0.107948,0
2.19828,2.36364,2.52865,0.144097,1.2655,1.47629,0.005104,1.79428,1
2.40252,1.63931,2.5332,0.115293,1.07672,0.282243,0.251553,-0.0608257,0
1.01554,0.297507,3.27429,0.542402,0.738819,0.846418,1.66475,1.99721,3
1.03085,-0.39209,1.98085,-0.0470007,-0.159656,-0.43464,0.641764,1.97221,3
1.53443,3.66026,2.51774,2.62365,1.00799,0.511981,0.302582,2.03649,3
0.0156348,3.95442,3.38388,1.29385,-0.0722709,1.4167,0.343731,1.68354,3
1.32893,3.71163,1.8936,1.05094,0.148539,1.36376,0.223391,-0.0510795,-0
0.233969,3.37895,0.647562,1.77246,2.31175,0.1844,0.876113,1.36617,3
1.70758,2.54764,3.10284,1.09527,1.46165,-0.326703,1.75004,0.903785,1
-0.0889458,3.85919,-0.0772843,1.29632,0.508601,0.783171,0.905315,1.14391,3
1.25178,-0.17277,1.90367,2.27562,0.444596,0.522661,2.29532,1.2031,3
-0.0757295,1.72924,0.776751,0.510843,0.6806,0.943275,0.264153,0.954659,1
1.18264,-0.283174,0.405999,1.00932,2.1584,0.509769,0.994944,1.85175,1
1.20023,-0.33513,1.11148,2.83212,0.409419,-0.0691426,0.0848505,0.0032701,0
1.33417,1.73319,2.78062,2.32708,0.703166,1.0471,1.74473,-0.0398722,0
0.824241,3.93608,1.28829,2.64459,0.0834568,0.932416,0.403631,1.42599,3
1.75599,1.48978,1.07196,3.00803,1.57422,0.324995,-0.234739,1.84627,1
0.16865,0.841237,2.89224,2.45347,2.01395,-0.153517,0.525922,1.33422,3
0.195896,0.213608,1.63194,0.805583,1.49448,1.58277,1.67914,0.976747,3
1.93824,2.19188,3.11722,2.91104,1.41325,0.27499,0.0761633,1.4185,1
1.82948,3.06575,2.63982,2.70319,1.29244,-0.297805,1.45419,2.10408,1
0.517164,1.20291,0.358595,0.593581,1.35487,-0.965583,0.744776,1.65448,1
-0.147301,3.07131,1.83368,2.65885,0.32937,-0.170713,0.503249,2.2838,1
1.80639,2.51174,0.486987,3.22545,1.60839,0.318877,0.489955,1.88917,1
0.669839,4.21084,1.09903,2.38999,1.5696,1.12382,-0.111496,-0.135625,0
0.536991,3.66543,1.96046,2.96661,1.16675,0.409044,1.36923,0.896028,3
0.608096,2.68806,0.874415,0.872074,1.6007,-0.311253,1.53722,1.65007,1
0.198677,0.0137667,0.891618,0.0302387,1.83754,0.492114,1.08006,0.585393,3
2.10197,1.53693,0.877793,2.98203,1.01572,-0.0649376,0.71195,1.68463,1
1.42543,2.48169,0.767394,0.864106,1.5953,1.00589,0.021644,-0.12671,-0
1.39506,1.22193,0.0367616,1.28462,1.24129,0.977302,1.62677,1.34348,1
0.402334,3.56391,-0.305313,3.35891,1.28707,0.354917,1.77329,1.50051,3
1.64966,0.705455,1.93424,0.351049,1.11402,0.619437,1.31973,1.81798,1
0.788788,-0.271606,0.377438,2.12722,0.874923,0.686151,-0.532206,2.13605,1
0.214499,-0.322562,1.55373,0.582517,0.679924,1.23229,-0.0144286,-0.103816,0
0.693973,3.2196,-0.487511,1.33212,1.48973,-0.0712715,0.786294,1.00489,1
-0.452473,2.00869,2.61598,2.40623,1.27923,-0.210719,0.39608,-0.134611,-0
0.890434,4.05283,1.85698,0.386827,1.95285,-0.180993,0.754457,1.28237,3
0.573943,4.34653,-0.0421444,1.42731,-0.0702789,1.02218,0.047575,-0.0928306,-0
1.6161,3.07864,2.33705,0.197662,2.10205,0.826086,0.0730184,1.64724,1
0.216017,1.49166,1.33227,-0.149634,1.89121,-0.0621557,-0.233012,-0.195096,-0
1.35522,0.323823,-0.166362,-0.155165,2.28905,0.27195,0.0662857,1.13274,1
1.63106,2.38794,0.131301,3.1747,1.21719,0.625448,0.976448,-0.0966713,-0
0.608318,0.331838,2.00808,3.14774,2.29906,1.2527,1.02588,1.36114,3
-0.029891,3.394,1.54661,0.206514,2.15037,0.531449,0.677471,1.94828,1
2.0862,2.20174,-0.127857,2.9733,0.316837,1.03373,0.649185,1.75412,1
1.7885,1.80831,-0.080322,-0.0612255,0.675789,0.00315492,0.100046,0.368829,0
1.51671,-0.37351,1.2754,1.69086,-0.0235835,0.665513,1.33022,1.33153,1
1.32786,3.90967,2.87503,1.40081,0.349129,1.14119,2.45926,2.00623,3
1.91652,-0.0416588,0.740817,0.297204,0.770561,0.271059,0.487164,1.48263,3
0.286711,2.06139,0.6451,0.260828,1.95721,0.867412,1.98634,2.01651,1
0.0241786,1.0396,2.80536,2.61997,0.972212,-0.120283,0.617423,2.20414,3
0.532823,0.401249,0.637311,1.46743,0.13544,-0.130118,0.122792,1.3753,3
2.14645,0.427609,2.22203,2.11315,0.514028,0.774695,0.633121,1.68769,1
1.8011,2.9373,0.539071,-0.471635,0.818178,0.794818,2.00008,1.75371,1
0.324107,3.73639,2.26876,1.71022,0.0294897,0.0767502,1.30674,1.45514,3
1.53115,0.0722948,0.554214,1.71466,0.605829,0.389508,-0.0447526,1.21337,3
0.262175,3.02788,1.96734,0.563156,0.0164808,0.991045,1.27838,-0.0281757,-0
0.459034,0.0915461,2.503,0.19822,0.402101,0.198394,0.474874,1.40974,3
0.429077,3.77155,1.30042,2.39836,1.87816,0.333613,1.60124,0.579426,3
-0.115895,0.799549,-0.175021,-0.178947,0.671176,0.47117,1.9615,1.18479,1
0.204878,3.92425,3.0065,0.753792,2.26076,-0.0779278,1.1832,1.55352,3
1.17112,3.88418,2.54318,0.081814,2.17834,0.605241,1.42388,1.08159,3
0.372644,3.70483,0.816199,0.48666,0.195722,0.986899,0.454357,1.79318,3
0.826002,0.250165,0.907379,0.514037,0.357267,0.659569,0.151278,0.850892,1
0.524555,3.74137,0.0596379,-0.0345557,0.494667,0.994379,0.0922642,1.01721,3
1.93832,0.129694,3.13705,2.74602,1.9689,0.190564,0.843691,1.85225,1
0.466178,3.84922,2.44821,1.13243,1.47573,1.65555,1.47978,1.5062,3
0.50923,0.317098,2.73428,2.33402,-0.239111,-0.00563783,1.10019,1.39032,3
-0.152994,0.95465,-0.260526,-0.100988,0.668908,0.148793,-0.291602,1.13981,3
1.76718,-0.237165,0.77856,-0.0129189,0.3396,0.36634,2.02133,1.24891,2
2.12579,2.23817,0.896421,1.8118,0.602969,1.12072,0.427051,1.62916,1
1.59163,3.71811,2.54852,0.604526,0.0159418,-0.157128,1.53644,1.87399,3
1.2331,0.207014,2.90163,1.36204,1.99439,0.123145,1.06767,2.04578,1
2.35863,3.75361,3.13578,0.302952,0.668556,0.587017,1.55121,0.932846,3
1.0326,3.74472,0.37465,2.79091,0.925669,0.150862,1.30784,0.963331,3
0.799749,3.28717,1.8295,2.23097,1.01289,-0.130486,0.381646,1.1304,3
0.769024,2.64272,2.09411,2.77529,0.87591,0.138301,1.63483,0.844798,1
1.78419,2.73995,1.58466,1.26842,0.358987,1.05759,-0.164552,0.9845,1
2.76291,0.314706,1.92355,0.928733,0.277262,-0.173343,1.26695,1.43274,4
1.06406,0.00784129,2.45987,0.163207,1.67888,0.688366,1.76691,0.971883,3
-0.264021,-0.173354,2.13133,0.774288,1.10078,0.637547,2.14299,-0.0554364,0
0.194204,2.99031,1.51638,0.810079,0.944352,0.722039,0.135143,0.560866,1
0.607285,1.66765,1.83464,0.36908,2.38448,0.645234,1.08928,1.69089,1
1.10285,3.70077,1.06654,2.4931,1.49709,0.704594,-0.0108303,1.29799,3
2.03511,0.240611,0.104853,1.31741,1.16302,-0.413309,0.95884,1.31816,1
0.800595,3.06032,2.86683,0.843544,0.718554,0.54366,1.12688,1.69398,3
-0.142597,3.07862,1.76605,0.486163,2.64392,0.290225,1.99207,-0.00818302,-0
2.17198,0.976718,1.44574,0.0214235,1.88237,0.0286103,0.892293,2.1609,1
-0.0771458,1.34223,0.629069,2.82144,1.10876,0.769099,1.56476,1.95428,3
1.3945,3.10981,0.0668404,1.41303,-0.189135,0.547723,0.292195,1.83376,1
1.06694,0.713434,2.92981,-0.100152,-0.010462,0.792601,0.487237,-0.179677,-0
0.443853,3.14618,2.5884,2.37121,0.459267,-0.0890485,0.266276,2.35788,3
0.417004,-0.00499831,0.559247,-0.0923322,1.60844,-0.687545,0.501168,1.14993,3
0.752734,3.68016,2.37351,0.136511,0.674235,-0.289637,0.590077,-0.0635334,0
0.824809,3.67726,3.05857,1.98486,2.47929,-0.105088,1.41015,1.35239,3
2.1993,3.08248,1.79053,0.871917,1.19145,0.664558,0.563332,1.68958,1
0.737892,1.26113,0.0606799,1.61284,1.56627,0.126188,1.03805,1.3244,3
1.85001,0.0181023,-0.0215559,2.4847,1.71315,0.703102,0.568805,1.91186,3
0.470849,3.8117,2.36577,0.135104,1.26744,1.59239,1.6101,0.997265,3
2.01061,0.754606,0.560976,1.90816,0.962823,0.585647,1.13492,0.868699,1
0.937955,3.66632,0.0190256,2.59735,2.30108,-0.7738,0.0777358,1.4459,3
1.53088,3.70753,1.4981,1.95833,1.9166,0.220671,1.07653,2.258,1
0.305746,3.8364,0.104409,0.263119,0.434485,1.41282,0.557593,1.03673,3
0.279176,0.528889,0.236766,0.528495,0.0879502,0.447676,0.277904,1.62118,1
0.962843,1.89776,1.17182,0.772321,0.213601,0.434098,1.89985,1.6322,1
0.200478,3.79782,0.798038,1.47596,0.167379,0.757406,-0.29246,2.00317,3
1.76587,0.571192,0.0586802,3.16649,0.995472,0.0996763,1.17664,-0.10826,-0
0.228872,0.554019,1.83297,3.03026,0.685332,0.420331,-0.00579978,1.92308,3
1.34276,2.84388,2.0368,2.40585,0.31295,0.0872809,2.26978,1.56071,1
1.47021,2.00151,3.1348,2.72091,1.24975,-0.156351,1.82828,2.2275,1
2.05265,0.0391981,2.32779,2.92294,0.210679,0.679841,0.0632829,-0.0336681,-0
0.574912,1.21608,2.81579,0.610385,2.18106,1.23203,1.15081,-0.0853419,-0
1.94809,0.695965,-0.132642,2.69531,0.824006,0.0107587,0.40037,1.42165,1
1.19624,2.56736,2.54749,2.14727,2.38035,-0.15004,0.371032,1.62946,1
0.105666,3.07201,0.966748,0.318348,0.661454,1.16073,1.17757,1.70296,1
1.90535,1.0144,2.41494,2.96741,2.46947,1.09016,0.443476,2.07766,1
-0.335002,3.1684,1.94646,1.05589,1.18258,0.272626,0.106444,1.76577,1
1.85695,0.125193,0.939022,1.87687,2.09838,0.914861,0.26956,0.851574,1
0.116301,2.1958,2.3935,2.91552,0.656962,0.705245,1.79443,-0.0420028,-0
0.670979,0.956636,0.495594,0.232108,1.35907,-0.150694,0.884498,1.74873,4
1.32451,3.40266,3.06561,1.07933,0.5388,-0.230065,0.563283,1.99402,1
0.298293,2.67384,-0.0895727,0.0290713,1.58683,-0.19171,-0.359758,1.5099,1
1.9343,0.67808,2.79463,2.06601,0.997671,0.159859,2.05807,1.29478,1
1.11513,-0.573515,-0.155762,-0.142605,0.64574,0.608824,1.10662,1.03569,3
1.37988,0.990973,2.24907,2.43903,0.528356,-0.412113,1.57283,1.48044,1
1.34794,3.34537,1.18612,2.0562,1.10793,0.673875,-0.305649,1.62424,1
1.01018,0.177104,2.45978,-0.0120188,0.468178,0.674724,0.960028,-0.120041,0
0.634963,2.52512,3.18524,0.0133219,2.08025,0.377748,0.113804,-0.0750641,-0
1.78631,1.85689,-0.0828332,1.80295,1.67255,0.218172,0.192102,2.03706,1
-0.474337,0.442252,3.27885,1.51088,0.86693,0.0290448,1.0327,1.37429,3
1.05344,-0.313188,1.84717,0.229282,-0.150635,0.259023,0.0869736,1.52796,1
2.28865,0.229857,0.450875,-0.176193,0.154212,0.455392,0.48798,2.43769,4
1.83072,3.95213,0.0482265,1.6304,1.73488,1.4969,-0.0509908,1.65279,3
1.02177,2.68788,-0.050505,2.51887,2.09455,0.638914,-0.0445871,-0.102789,-0
1.87294,2.85607,2.81488,2.87049,2.43882,0.162046,0.437082,1.59759,1
0.418865,0.99253,2.25859,0.103193,0.69291,-0.605742,0.355419,1.23992,3
0.962279,0.884312,0.0653314,0.403329,-0.0820389,0.41068,0.0937959,2.0676,1
0.472343,0.896856,-0.0145518,3.09353,1.75979,-0.374328,0.645814,0.0114654,-0
1.97988,3.48745,1.77636,1.34884,1.95897,-0.0183286,2.05206,1.96415,1
1.54817,2.23682,0.212731,1.16027,2.4566,0.557474,-0.212268,1.12094,1
0.57465,3.02823,0.85262,0.990469,1.74595,0.0938921,-0.41634,1.73991,1
0.896174,2.37755,1.51886,0.924933,0.304849,1.0921,1.55337,1.3804,1
1.86508,1.20465,-0.0361391,2.81138,2.11564,-0.0194474,0.80906,-0.0236348,-0
0.762742,3.26499,0.0703106,1.00034,1.16281,0.989995,0.6861,-0.023144,-0
1.21619,3.79015,0.44518,0.767842,0.571699,-0.0937146,0.265039,1.94598,1
1.23496,0.666666,2.65241,-0.370235,1.13865,0.709081,0.523779,0.87406,3
1.0498,2.81916,1.25842,2.80527,2.15822,0.31358,-0.0197107,1.55118,1
1.96341,1.76814,3.64606,0.684666,0.964594,0.778355,2.07391,1.95572,4
1.35135,3.33598,2.88249,0.126335,0.080096,1.40701,2.4044,2.08646,4
1.50842,1.5735,-0.168892,3.16413,0.00021909,0.34049,1.52879,0.11376,0
-0.0717136,3.61721,2.76945,2.82463,0.994612,0.659309,0.83103,1.94866,3
0.729392,3.65773,-0.0757833,1.81496,1.36987,0.128573,2.18542,0.944879,1
1.83073,0.533757,0.693853,3.15577,1.35434,0.12209,0.340635,1.81899,1
0.322437,3.66074,2.99882,0.423269,0.624566,0.569638,1.56479,1.67921,3
2.31826,0.0715666,0.168904,2.34679,1.43574,-0.552514,0.361954,1.25273,1
1.97383,1.4371,1.30301,2.83923,1.75407,0.64317,-0.0922026,1.69531,1
1.99823,3.80447,3.20278,-0.0903094,0.699113,0.186107,0.88929,1.51867,3
1.31908,1.82438,1.76643,-0.0245101,0.718937,1.23639,1.53647,1.38237,1
0.829352,3.19643,1.85926,-0.138489,1.30608,1.41644,0.00417674,0.761264,1
2.2025,3.97135,0.401399,0.0892493,0.454224,0.174315,0.154751,1.54237,3
0.560074,2.26145,1.97164,1.5429,1.86866,0.545249,0.62603,1.17933,1
1.92472,3.81663,0.392074,1.95947,2.06751,0.213798,0.994674,2.31298,4
-0.174525,3.60918,1.7781,3.0138,1.10509,1.01065,0.257063,1.56141,3
0.401491,1.62527,0.252912,2.42663,2.22195,0.145637,1.87671,1.14289,1
1.83101,1.19561,1.84546,-0.0581083,1.68579,1.33835,-0.374784,1.20731,1
0.247041,-0.0351535,2.4654,2.44454,0.730817,0.717914,1.47108,1.07073,3
0.199763,0.372671,0.903609,2.19056,0.0436873,0.107332,-0.320431,0.966366,3
1.81575,3.61728,1.35627,1.11764,1.59496,0.772661,-0.477091,1.90864,1
1.15855,0.205943,0.0199802,0.0187862,2.2958,0.461714,1.3093,1.52241,1
0.277257,0.122491,0.452118,1.38607,0.110311,0.524218,1.18629,2.24657,3
-0.0724901,2.33321,-0.0435958,1.96435,1.07435,0.0566585,1.95134,-0.0633231,-0
2.01014,2.7375,3.04831,2.42188,0.861976,1.37616,0.323059,1.85886,1
1.28391,0.291975,1.74962,0.104894,2.03408,0.341572,0.171075,0.88821,3
1.71628,-0.254231,0.00374239,1.81337,1.51191,0.411045,0.286285,1.29912,3
1.34924,0.844432,2.89849,-0.170578,1.83921,0.818305,0.965215,1.63169,1
0.0240155,2.44548,3.11584,2.38452,1.14885,0.629974,1.69217,2.0534,1
1.49363,3.89434,2.0184,3.06858,0.857749,1.21778,0.519838,1.45795,3
0.351342,2.32146,0.582426,2.45215,0.866952,-0.397269,1.85042,1.18447,1
1.35022,3.27302,1.49975,2.2459,2.49912,1.16978,1.35642,1.79692,1
1.9259,0.602162,0.836463,1.19151,0.978058,0.45961,1.76869,1.94474,4
1.4327,2.35611,0.207417,2.79133,1.88658,0.457564,1.57907,2.10801,1
1.6443,0.795368,0.180115,0.290978,0.641835,0.230443,0.119256,1.90961,1
1.54455,3.81667,1.75417,3.10709,0.788366,0.650131,2.28785,1.78336,3
1.13665,1.06189,2.60516,1.93719,1.52311,0.321699,2.11352,1.83167,1
0.976949,0.78171,0.0848585,1.61737,1.52579,0.087429,-0.269487,2.181,1
1.15436,1.37823,0.22671,2.15891,1.2499,1.07412,1.70188,1.81795,1
2.17946,3.43847,1.33986,2.81089,2.4096,0.749915,1.70555,1.74647,1
0.70831,1.16399,0.0777494,-0.0537496,0.409516,0.392403,1.48804,1.02838,1
1.97763,3.29645,0.658614,2.72351,0.415793,0.424306,0.730268,1.43222,3
1.08772,1.40132,0.180406,2.38404,0.140847,0.471934,-0.0478197,1.78879,1
1.54797,0.479833,2.30262,1.17001,1.87723,0.626196,1.18478,1.82998,3
0.841602,-0.222234,1.48925,0.476916,0.110245,0.584882,-0.20297,1.66194,2
1.42347,3.79527,1.94952,1.08756,0.527867,0.284254,-0.00684273,1.49243,3
0.00316104,2.41363,0.60846,0.773284,2.03958,1.55804,2.01775,2.07553,1
1.89441,3.90987,0.850832,2.59711,0.759741,0.44852,0.608866,2.23893,3
1.54691,3.11204,1.24441,3.10938,1.75739,0.562168,0.949224,-0.0992404,-0
0.540526,2.19035,2.66035,2.80647,1.19703,0.347594,1.32419,-0.0856361,-0
-0.11215,-0.112429,3.24436,0.127447,1.22726,0.434993,1.6766,1.84422,3
-0.0152578,3.00317,0.0381075,2.27327,2.21291,1.03724,0.388931,1.48504,3
0.669428,1.22552,0.633246,0.378983,0.473791,-0.32583,-0.010139,1.6538,4
1.43094,1.08251,0.70921,0.656768,1.97877,0.861744,-0.1805,0.333769,1
1.46578,0.046293,-0.155662,2.4066,1.83113,-0.0368651,1.2054,1.50386,3
1.19919,3.31184,2.90471,3.11072,-0.0105195,0.636892,0.343782,1.3992,1
1.63542,1.91198,3.29546,2.56461,0.572726,-0.00103081,0.00443444,1.60137,1
0.852267,2.01303,0.824324,0.630124,1.68394,0.414724,0.643924,1.31581,1
0.413002,3.56186,2.42207,0.902236,1.9828,0.0261366,0.350038,0.879445,3
1.85026,1.89915,-0.172668,0.723274,1.7514,0.928549,0.857135,1.77685,1
0.621341,2.18615,0.0963792,0.032232,0.244424,0.335266,-0.286605,1.2037,1
1.39632,3.32903,0.220117,-0.165772,-0.215151,0.0210322,0.890929,0.559367,1
1.53442,2.33769,1.2773,2.43485,-0.593197,0.854653,1.93796,1.79811,1
1.73785,0.576197,-0.0510287,1.10773,0.822604,-0.00866374,1.6516,-0.090336,-0
0.712638,0.663422,0.400691,2.30841,0.630395,0.604382,1.3519,2.41925,1
0.460409,1.55963,2.46243,2.39005,0.438758,0.0855285,0.3627,1.74163,4
-0.189821,0.680694,0.939336,2.24166,0.0224383,-0.0692764,0.186893,1.46145,1
1.80166,0.866435,1.56384,1.49902,1.29205,-0.352338,1.96514,1.73135,1
1.74955,-0.0153544,2.33381,0.934995,1.57811,-0.230291,-0.204943,-0.0421745,-0
1.70363,0.904677,-0.00202133,0.803065,2.22467,0.936104,1.76601,1.80076,1
0.622769,3.09013,0.62548,0.258914,1.49896,0.502808,1.42189,1.29579,3
1.77528,1.21829,2.5731,0.226419,2.31915,0.732023,-0.284715,1.29613,1
2.2767,1.81106,3.09819,-0.0523728,1.55223,0.665652,1.61203,0.52812,1
2.27863,-0.154389,0.644012,0.932332,1.39014,0.366101,0.405796,2.03358,1
0.0486579,3.85062,0.449747,0.527354,0.189869,0.88742,-0.171395,0.895282,3
0.873467,1.79574,0.399249,0.0131118,1.90207,0.551439,1.33992,2.02603,1
1.26682,-0.352646,1.06097,0.0130431,2.35045,-0.314583,-0.165166,1.04934,3
1.80346,1.11014,2.88542,2.57904,0.88719,0.0382322,0.182227,1.68812,1
0.897268,0.548594,-0.148832,0.050671,2.14891,0.202976,-0.274503,-0.0842663,-0
1.97058,0.0811192,0.172057,2.40398,1.52511,0.0271332,0.248309,0.989127,1
-0.547251,0.488284,-0.0351293,1.74753,0.803591,1.02086,1.06303,1.79751,3
1.47958,2.45754,1.50143,1.18932,2.01631,-0.407024,0.68848,-0.133904,-0
2.15427,2.0421,2.85261,2.20307,1.07245,0.162104,0.397584,2.09036,1
0.314313,2.20554,1.52003,1.85405,0.784416,-0.397128,-0.0190342,1.68674,1
1.25485,-0.304076,3.35263,0.943454,0.680421,1.02219,2.10607,1.1575,3
1.34129,-0.0584505,-0.152614,3.3801,0.395989,0.617794,1.28815,1.08478,3
0.626072,0.471439,2.09147,3.13207,1.31702,0.0327401,0.87133,2.16109,1
0.473275,1.89282,2.88035,2.91275,1.8622,0.732956,0.714481,1.31547,3
1.23596,2.83981,1.47178,0.555214,1.11179,0.641835,1.26664,1.78649,1
-0.142136,1.50329,2.33477,0.435344,1.07722,1.13869,0.542037,-0.090186,-0
-0.203134,1.13733,-0.0846462,2.31915,1.81403,0.409853,1.28339,1.41297,3
1.37184,2.61336,2.06035,3.04017,-0.349484,-0.294887,1.57221,1.74568,1
1.85092,1.02029,0.385049,1.75,-0.00320751,0.202847,0.270772,-0.0271205,0
0.140556,3.49107,3.01524,1.92066,0.66056,1.45587,1.18094,1.23622,3
0.719367,1.86056,0.0976039,0.704701,0.540685,0.757007,0.770202,2.12353,1
0.698565,3.75127,0.0188781,2.81027,-0.137322,0.873324,-0.1544,2.07397,3
0.835782,2.29886,1.53479,2.07491,0.956004,0.316591,1.93883,0.19846,0
0.996417,-0.487765,2.13387,1.83053,-0.155807,-0.448408,1.59022,1.46191,1
-0.404296,0.326273,2.92299,1.97114,0.883753,1.14699,0.626758,-0.208994,-0
1.10957,0.112705,2.52694,1.77076,1.95699,-0.423068,1.15159,1.68992,3
0.0377532,3.24919,0.034489,1.0566,-0.0193273,0.867499,2.02055,1.02847,1
0.179167,1.71722,0.737708,0.979206,0.0775621,0.304377,1.68856,2.10612,1
1.52553,3.69019,-0.0434455,0.570726,1.17388,0.325872,0.422485,1.68655,3
2.24246,2.26402,0.25686,2.39072,0.943019,0.613743,1.36926,1.97455,1
-0.311151,0.116062,1.83115,1.61369,1.81112,0.852811,0.692895,0.781151,3
0.0371166,1.58867,2.20004,3.08227,0.545048,0.531106,1.68356,1.76662,3
1.92137,2.50185,2.88886,2.67786,1.18285,-0.4194,0.91018,1.4171,1
1.64202,-0.138614,2.93192,-0.266584,2.1228,1.10293,0.724909,1.55366,2
1.72526,0.702761,0.199997,2.71013,1.99143,0.168555,0.0444193,1.15263,1
-0.0170628,2.28686,1.45882,-0.246554,0.773885,-0.0974635,0.593208,-0.0162976,-0
0.829066,-0.233785,0.397144,2.24811,2.06297,0.46177,1.03223,-0.21931,-0
1.7539,0.124986,1.16497,0.255532,0.270558,0.604391,-0.378139,1.88414,4
0.288112,1.32733,2.5963,2.80993,0.79445,-0.252977,0.655726,-0.0641169,-0
0.389111,1.9416,-0.110306,3.00504,1.73452,0.356688,0.405871,-0.150099,-0
1.81094,3.21447,0.0230117,2.84732,1.39218,0.871379,0.253678,0.782757,1
1.18533,3.06555,3.18332,2.65187,0.640064,-0.0264568,0.215738,1.42553,3
0.188302,-0.279445,1.09255,1.02561,1.69681,1.2111,0.689217,1.02622,3
2.27139,0.167346,2.33279,0.926948,1.41142,0.64545,0.610659,-0.0377734,-0
1.71844,-0.230008,-0.0509788,2.96561,1.38288,0.639191,1.39834,1.97601,3
0.584108,0.335686,0.338368,0.249791,0.0238108,1.31817,2.24783,1.76183,1
1.42675,3.60595,-0.0132775,2.3535,2.28607,-0.284864,1.5364,1.57276,3
1.9441,4.05618,2.37185,2.66294,1.91587,1.11731,-0.0936295,-0.000347813,-0
0.714346,-0.365767,1.78952,-0.261475,2.09006,0.416158,0.591052,0.694788,3
0.694055,3.16212,-0.114371,0.434776,1.7079,0.555478,0.294343,0.166158,0
1.46081,0.483886,3.50934,1.9343,0.716659,0.284362,-0.0335067,1.26865,3
1.31497,2.92392,0.153674,1.11273,1.92567,-0.231886,-0.0160227,0.677912,1
0.972376,3.74073,-0.433709,2.43517,-0.0182396,0.458988,1.10652,2.3811,3
0.933347,3.79829,0.826473,-0.185252,0.344822,0.480798,1.52295,1.27638,3
-0.180423,-0.125099,0.519995,0.0518892,0.764985,0.157398,-0.629929,0.637157,3
0.864788,2.24961,2.425,1.06424,0.206415,-0.423194,0.884704,1.75245,1
1.70864,1.15498,0.57047,0.419784,0.880082,-0.377364,-0.300911,1.69317,4
1.86063,0.0210399,0.0647595,2.76905,0.279285,0.196928,1.94211,1.14339,3
2.22937,2.55072,-0.142105,1.99939,-0.0150048,0.375026,0.715377,1.66319,1
1.44039,-0.208773,0.266204,0.778471,1.73389,0.57,-0.160983,-0.128744,0
1.67418,1.2618,-0.324379,2.97973,2.35241,-0.0911625,1.12517,1.12696,1
1.8142,3.36546,1.20013,0.495113,-0.102124,0.433976,1.82968,1.67636,4
1.9752,2.36621,1.8366,-0.114142,1.8014,1.11264,0.375801,-0.00121517,-0
0.0827851,0.0497264,1.16363,0.866916,0.821022,0.61727,0.975552,1.26707,3
0.273751,2.82801,0.188144,0.614585,0.13553,0.931363,1.94915,1.79495,3
1.31634,1.48612,1.67089,-0.489136,-0.310822,0.134513,0.911345,1.88388,4
0.495714,3.26623,1.17811,2.21687,1.92194,1.92767,1.32252,2.20827,1
-0.251126,2.81614,3.14059,1.61268,1.15874,0.59875,0.992597,1.93129,3
0.606838,0.225648,0.278542,2.98521,0.00394582,-0.408053,0.565688,1.22451,1
1.5185,3.3954,0.903736,1.61838,0.833245,-0.339062,0.373325,1.96267,1
-0.121055,3.59949,1.16473,2.98165,0.990214,-0.411396,1.86606,-0.0867793,-0
1.05381,3.93664,1.6289,2.10395,0.91116,-0.23125,0.90498,0.760412,3
0.804137,1.57731,3.21072,0.243797,2.11287,0.379241,1.19571,1.79823,1
1.64218,1.2386,2.4507,0.828579,1.52098,0.0541334,2.33927,1.21877,4
0.0302421,2.36288,1.09257,2.8139,1.4861,0.710496,-0.450599,2.19209,1
0.624565,1.87427,2.73007,2.28712,1.1719,0.905238,0.0213678,1.20575,1
1.12628,3.46612,3.5155,1.49323,0.0983587,0.669506,1.28522,1.10652,1
-0.0111814,2.80089,0.0102773,0.207022,1.47109,1.68341,2.14412,1.84224,1
0.313581,-0.00830804,-0.0354938,2.4481,1.77963,0.788233,-0.131165,1.25313,3
1.08513,2.44134,2.49919,2.06315,1.46813,0.840824,1.99121,2.05091,1
1.14311,3.58015,1.89293,0.457798,-0.133123,0.947093,-0.201834,1.85692,3
2.34606,3.44645,0.267439,0.632965,1.79458,0.20993,0.903295,1.0757,3
0.40493,1.08906,3.47606,-0.089858,0.46064,0.870218,1.93291,1.02855,3
1.15781,-0.247217,2.95083,2.52868,-0.0791813,0.34201,1.70047,1.8977,3
2.03284,2.07264,1.94217,2.30063,1.30944,0.0613231,-0.341518,2.14168,3
2.01732,2.86106,2.91089,-0.207907,0.325142,0.421246,1.46067,0.983663,1
-0.0514975,0.173223,1.34479,1.6741,1.94524,0.922177,-0.0376198,1.57245,1
0.87317,2.35757,-0.00809107,0.0384866,-0.00664149,0.499698,1.62493,2.05215,4
0.187996,2.48532,0.912211,1.97046,1.3071,0.698558,1.40592,1.45325,3
1.86337,0.426183,0.00722466,0.472175,0.5167,0.019215,-0.200069,0.933457,1
0.798447,0.838724,1.77639,2.93007,1.2262,-0.669633,1.34893,0.950332,3
-0.539685,0.463418,-0.199686,3.33363,0.595099,0.242747,1.56197,1.93191,3
1.72879,0.0221069,1.37769,0.876141,1.94829,0.468049,0.351787,2.4079,1
0.234871,0.0732733,-0.253697,1.11234,0.591094,0.133388,0.157113,0.870368,3
0.139516,0.662989,2.6531,2.3573,1.3249,1.15749,-0.164678,1.47238,3
1.34102,3.78572,2.50242,0.13479,0.610361,0.264569,0.697832,0.868965,3
-0.0806718,3.61708,3.54532,1.47696,-0.0242707,1.11639,1.13819,1.02491,3
1.30541,-0.0455214,0.762048,0.251858,2.49909,-0.0704712,1.03892,1.03638,1
1.31747,0.280397,2.88565,3.28137,-0.0587472,0.162805,0.761265,-0.164806,0
0.548036,2.69091,2.75985,1.22732,1.28616,-0.0276921,2.23912,2.14274,1
0.262777,3.57269,2.21988,2.97837,1.82838,1.28551,1.29434,1.78245,3
1.49971,0.680458,2.82164,0.198727,2.1558,-0.193173,1.93753,1.96865,1
1.51055,3.77857,0.177597,0.137677,0.786244,-0.023125,0.186619,1.34182,1
1.25637,3.47551,0.721943,1.12989,1.90671,0.148254,0.977652,-0.00514887,0
1.76948,0.759431,0.492836,1.90115,1.89845,0.709884,-0.365356,1.78477,1
0.413586,-0.400781,2.64605,0.994803,1.79759,0.578272,0.362663,-0.126974,-0
1.46653,0.933909,0.179379,0.860012,2.47901,0.56183,1.43465,-0.122433,-0
1.40015,0.45704,3.24233,2.80178,1.06997,0.0309954,0.876728,1.58299,1
0.762129,0.185746,0.237387,2.42531,1.58178,-0.296337,1.69,1.64165,3
1.2207,-0.135259,-0.0492875,2.41702,0.62434,0.661664,0.207349,-0.0755463,-0
1.59632,0.792159,-0.00457445,0.0297858,0.718106,0.177495,0.161042,0.473731,1
2.28597,2.46166,-0.17048,0.852677,0.549913,1.01835,1.30851,1.64136,1
0.206768,0.0242628,2.65408,0.88886,0.68667,0.344389,1.29136,-0.0743821,-0
2.24207,2.96676,2.95459,1.56657,1.40362,0.187565,-0.10664,1.61192,1
0.741769,0.663377,0.52714,-0.319771,1.31218,-0.0332836,0.106307,-0.10998,-0
1.70579,1.00207,2.10482,1.97184,1.989,-0.0561567,0.750908,1.91439,1
0.861568,-0.276986,2.44234,0.57162,2.12555,0.647773,1.92164,1.79787,3
0.289558,0.84619,3.2309,1.63452,1.51201,0.814346,0.125701,1.52531,3
0.548971,3.76433,1.90287,3.17965,1.21977,0.529463,1.39706,1.30154,3
1.85084,2.11845,0.173425,-0.213938,1.61348,0.703599,-0.231513,0.347409,1
0.936948,-0.147597,1.43585,1.85543,-0.483012,0.619531,-0.0536984,1.54746,3
0.710239,3.95915,2.84399,0.15826,0.204758,1.05012,0.959209,0.0426882,-0
-0.474077,-0.0833326,1.60366,2.83951,1.45634,0.617335,0.938783,1.48745,3
1.7391,3.4166,2.5884,-0.178509,0.605707,0.35953,2.28398,0.0483477,0
-0.493579,0.562339,2.70182,3.28351,2.06513,0.1303,1.23867,1.63679,3
-0.335456,2.6684,2.21489,1.1565,0.579047,0.323984,0.118278,2.39411,1
-0.18355,3.83819,1.384,-0.0304535,1.52021,0.790907,0.558537,1.35871,3
1.96517,0.216623,2.89619,2.79334,0.945337,0.165254,0.625107,1.80914,3
1.47021,-0.277231,0.0219557,0.611558,1.44016,0.645061,-0.175403,1.53752,1
0.572414,3.83338,1.47992,1.11883,2.75819,0.760741,1.60191,1.49858,3
1.13593,3.25662,1.89145,-0.218192,0.767832,0.454701,2.04078,0.919777,3
2.06302,0.00375181,1.83266,1.08581,0.36157,0.819801,1.43052,0.809131,3
2.06553,0.028821,2.78989,-0.0300161,0.534041,0.407178,-0.195796,-0.0365823,-0
1.34393,2.63956,3.11632,2.87767,2.41117,0.0233165,0.171366,1.81395,1
0.304157,-0.151559,1.92775,2.41808,0.991878,0.778228,1.18901,2.59442,3
1.93617,-0.180898,1.23179,0.968164,2.16227,0.700574,1.53755,1.17953,3
0.415846,0.071878,0.222949,0.440875,0.691874,0.114518,0.825727,1.78742,3
0.196876,-0.661228,2.63825,2.80466,1.58414,0.0833485,0.44517,1.36936,3
1.4057,0.970297,1.39867,0.486375,0.930371,-0.425778,1.66936,1.33867,3
0.0923612,2.25965,2.80622,2.45923,0.724268,0.671452,-0.0173266,-0.0993332,-0
1.59848,3.48424,0.662978,2.79596,2.05756,0.521521,0.815716,0.022279,-0
0.188837,0.771051,3.02825,1.84108,0.957354,0.296297,0.463383,0.885766,3
1.85342,1.36099,0.11289,1.95156,1.80584,0.359148,-0.0173634,1.80993,1
1.05129,2.83499,1.00569,0.400276,1.7381,0.60261,-0.136663,1.53835,3
1.70772,4.15675,0.0602567,1.51218,1.16085,0.600146,-0.268,2.04364,3
2.14838,1.03084,2.36033,1.17327,-0.0775234,0.439583,1.83297,1.44114,1
1.58266,3.5896,1.13038,0.49342,1.22807,-0.178624,0.142859,1.56051,1
1.78588,2.73453,0.450129,1.7739,0.143629,0.78622,1.28321,-0.085049,-0
1.62083,3.66302,0.434816,3.09319,1.0275,-0.26633,1.04492,-0.0473661,0
0.118095,3.29613,2.21836,2.74165,1.65768,0.600714,1.77664,1.01229,3
1.35334,2.67539,2.99614,1.11831,-0.323818,-0.0619695,0.486589,1.52804,1
1.18875,3.74822,-0.26448,2.57613,0.497872,0.414453,2.19398,0.993297,3
0.54037,3.62269,-0.164744,2.94719,1.26669,0.725783,1.58002,0.928066,3
2.31138,-0.00976135,1.33333,2.89266,2.28167,1.06066,1.79908,2.13936,1
1.60709,3.04857,-0.0743075,0.14435,0.573675,0.488891,0.581967,1.65173,1
0.833583,0.539396,2.40983,-0.109268,1.53647,1.14977,1.49897,-0.0240082,0
0.837645,3.99208,3.11523,0.00562075,1.96482,0.76822,2.12353,1.54923,3
1.14942,0.391554,0.131166,2.03175,1.90867,0.801342,1.90371,1.66131,1
1.95677,3.4664,2.89174,3.05553,2.12793,0.441664,0.434203,1.04686,1
1.8583,1.60604,3.27125,1.3962,1.0593,0.392842,2.38584,1.52543,1
0.99977,2.69788,2.64689,2.62777,-0.131764,0.929235,0.561698,-0.107006,-0
0.936793,2.91719,1.98594,2.78022,1.82885,-0.148574,1.2111,1.86886,1
1.341,2.99946,2.99347,2.89459,0.161273,-0.00586655,0.166096,1.72778,1
0.725162,1.5546,-0.0216823,0.0545125,1.39473,0.748553,1.77583,1.69796,1
0.67796,2.62224,3.19793,0.0590553,1.31947,1.14967,2.16712,1.37288,3
0.488544,3.74343,2.57909,1.46566,1.05288,1.03123,0.658586,1.71667,3
1.70632,2.58611,2.74317,0.487048,2.07305,0.298369,2.46775,1.73295,4
1.47503,3.90411,1.20243,0.492963,-0.573219,0.331129,0.581694,2.26886,3
1.90373,0.650116,0.383121,2.59111,1.66519,0.922883,1.73681,2.12012,1
0.10605,2.39617,-0.177465,2.4586,0.640438,0.470507,1.78716,-0.146504,-0
1.94077,3.03984,-0.0738954,1.92688,1.46647,0.498827,1.57332,1.22026,1
1.80366,1.66306,3.09675,3.00641,1.50538,-0.168877,2.12808,2.19264,1
0.722359,1.78143,0.492674,1.50663,0.340076,0.377526,0.0852419,1.84637,1
1.34043,3.78648,1.85461,-0.154403,1.33493,1.08743,1.8151,1.03431,1
1.08214,1.99543,0.941157,2.53797,1.17565,0.915051,2.46459,1.50187,3
0.833617,0.112398,0.27126,1.94969,-0.606829,0.743721,2.03224,-0.0548744,-0
2.14878,0.947528,0.198196,2.43876,1.72416,0.352975,0.796081,1.88021,1
1.13771,1.89898,2.9298,2.31031,1.3801,0.224273,0.458247,-0.0600211,-0
1.45381,-0.246933,1.35384,0.0109871,1.26198,0.780278,0.890031,2.31432,1
-0.0244035,1.4206,2.28141,-0.0254229,-0.059896,0.466523,-0.0251231,0.76398,1
1.70214,-0.0235719,2.87433,0.00933931,1.4732,0.337835,0.256552,-0.103482,-0
1.98444,0.875116,1.42012,-0.172568,-0.447358,0.761128,1.75423,1.58058,1
-0.186457,0.234966,0.151082,2.16543,0.56268,1.27728,2.18907,0.943189,3
0.37826,0.222708,0.829654,0.463245,1.55519,-0.0666439,-0.204091,1.68439,3
2.09977,1.01647,3.29468,1.16117,0.646233,-0.682624,0.975966,2.01573,4
0.896437,1.64366,3.29748,3.05964,0.239595,0.939441,0.713791,1.89496,1
0.913254,-0.182204,1.47546,1.43521,0.861645,0.109113,0.534703,1.03309,3
0.663686,3.75739,2.34544,3.06095,0.944411,1.63322,2.25585,1.13813,3
1.04022,0.0472703,2.41367,0.400129,0.361273,0.665739,1.12794,0.0053286,-0
0.393299,0.378428,3.34921,1.90841,1.30077,0.629636,2.18153,1.88996,3
1.96112,-0.0922179,2.93672,1.68258,0.350573,0.7003,1.43224,1.97254,1
0.994977,2.45796,2.19002,1.03702,0.777733,1.21251,1.33242,0.868367,1
2.18238,2.42357,1.71836,2.14048,2.20353,1.13755,0.7046,2.03633,1
1.23205,1.45009,0.606769,-0.543226,0.931989,0.434381,1.59065,0.728205,1
0.345205,0.948663,1.31921,2.85014,-0.0580693,0.974572,1.43002,1.55774,3
1.07732,2.78352,0.984684,2.18423,2.08409,0.429265,1.78915,1.48131,1
1.28094,1.79163,1.79398,0.171129,0.0623715,0.592623,0.42221,1.33268,1
0.964007,-0.427758,0.327536,1.12824,0.53321,0.813036,1.00135,1.26281,3
2.32774,2.01234,2.39692,0.796422,1.09762,0.636221,1.50184,3.01187,4
2.04797,1.1624,0.98933,1.59365,0.869764,1.5811,0.679475,2.5117,4
2.10439,3.34388,0.186561,2.78688,0.682575,1.17623,-0.409834,-0.126977,-0
0.676781,1.82538,2.28377,0.354993,0.619714,0.4019,0.369472,-0.0588317,-0
2.12042,3.1046,2.91289,-0.242975,1.8004,-0.150114,0.919632,1.11155,3
1.62562,0.630922,0.950634,1.7126,1.07633,1.16603,0.238035,1.67032,1
0.387923,3.07864,0.0606271,0.147005,2.01154,-0.154459,0.0978275,-0.0204218,0
0.530162,-0.0607083,0.486181,1.24602,2.55217,-0.416039,0.525914,1.35477,3
0.177323,1.92246,1.81006,1.48154,1.30126,1.27426,1.57862,1.83191,3
0.0209857,0.26005,1.76509,0.120073,0.152087,0.768688,1.5146,0.994355,3
2.20415,0.582254,2.65044,0.124476,1.39302,0.364338,1.16093,1.84195,1
0.257345,0.5073,0.717489,1.58809,2.12698,-0.0866193,0.632759,1.13283,3
1.66523,1.57226,2.61364,3.14721,2.10097,0.112161,0.284895,2.00269,1
0.630272,0.234633,3.39387,2.08206,0.591999,0.272129,-0.0620592,1.79593,3
1.91876,3.79144,2.04204,0.764839,1.22111,0.440863,0.862545,1.02005,3
2.42617,2.74004,1.29944,1.89914,1.12485,0.951554,0.292125,1.631,1
0.396409,3.3394,2.41749,-0.340027,1.35254,1.13215,0.806886,1.04247,3
2.04498,2.83362,2.75656,0.0904386,0.723704,0.238657,-0.478046,1.44822,1
0.794139,0.93713,1.30078,0.53213,1.14287,1.33369,1.05894,-0.094472,0
1.64933,-0.272348,0.107133,2.24196,1.79228,1.131,2.33214,1.56061,3
2.36851,0.807118,0.784913,2.41622,2.17109,0.735892,0.407661,-0.0126564,-0
1.78771,3.50511,3.15733,3.00265,1.47028,0.381455,0.508705,0.111225,0
0.7809,3.92044,0.308454,1.20552,2.3389,0.0676526,1.62813,-0.0341597,-0
0.0118521,3.99934,2.7195,1.04659,0.7851,0.202399,-0.399394,1.38551,3
1.64149,0.417863,0.405393,0.0684863,0.294247,-0.343231,0.704729,1.82456,4
0.36607,-0.0289126,-0.141702,2.03045,-0.0942295,-0.0373784,0.575038,0.869561,3
0.563224,3.35656,0.871563,-0.0171723,1.49782,0.599631,1.30873,1.75123,1
0.959351,1.22623,1.10394,0.280183,-0.0175587,0.241537,-0.325493,1.7725,1
0.892504,0.0838245,3.22051,1.827,0.327547,-0.080738,0.700593,2.60583,3
1.4121,3.13174,2.18874,0.383671,0.615759,0.457455,1.36246,2.19747,1
2.02078,-0.637014,1.99579,0.255707,-0.0400499,0.943366,1.00717,1.95801,1
0.00468446,2.4725,0.925741,0.00442292,1.51262,1.02645,-0.0319789,-0.0300466,-0
-0.1842,3.48212,1.59658,1.01163,-0.036641,0.852098,1.50248,0.998085,3
1.11778,2.99282,1.00853,1.28045,1.40977,0.431093,1.65546,2.65129,4
2.06598,3.88035,0.0284563,0.0374341,1.18321,1.55367,0.765497,1.10685,3
0.554239,3.43696,0.790491,1.32611,0.741824,0.804148,1.30471,1.3202,3
1.83606,2.64608,2.05733,1.19664,1.50348,1.92534,0.328611,2.08038,1
2.18272,3.05706,0.152186,2.84052,1.30133,0.778064,0.661401,1.7529,1
-0.0305204,3.47936,-0.103504,-0.0950627,0.465316,0.542331,1.57693,1.43511,1
0.800982,4.11431,2.58068,1.47137,2.28405,0.252112,0.242552,1.93191,3
1.20372,0.822449,3.02371,3.20512,1.23193,0.886994,0.888515,2.17551,3
0.799392,1.22142,2.94589,2.09639,2.14715,0.392547,1.45098,-0.0830136,0
1.26278,2.51126,3.15709,0.789335,1.70144,-0.124413,1.125,0.0320909,0
1.76645,0.185794,0.00667584,1.49592,0.562408,0.868562,1.3421,1.24642,1
0.872281,0.591623,0.161979,1.7235,0.609525,-0.075555,1.35624,1.85107,1
2.02984,2.94954,-0.0278202,1.53501,2.38696,0.276171,1.08335,0.894862,1
0.265853,2.3012,1.93934,2.89956,1.08305,0.525111,1.87801,1.23496,3
2.02925,1.66797,0.285628,0.0662193,1.44318,0.0384201,-0.116481,1.05198,1
2.65776,3.61072,0.795564,1.46943,1.49342,0.1687,0.0692523,2.45966,3
0.333424,-0.275405,1.89161,2.4262,1.7729,0.275131,1.42027,-0.145397,-0
0.547416,0.879689,-0.185896,0.753161,0.265329,-0.133372,0.46492,1.4359,3
1.51224,0.288257,0.291792,1.08639,0.376766,1.10952,2.39342,-0.0676239,0
0.178332,2.3753,3.1,0.481625,0.492368,0.534788,1.46788,1.42516,1
1.77419,0.126105,1.81651,0.294544,1.68183,0.361262,-0.200809,2.04311,3
0.662353,0.256539,0.506558,3.11226,1.2094,0.085566,0.380787,1.66436,1
-0.11972,2.49051,-0.112408,1.10113,0.581802,-0.371743,0.651313,0.526436,1
1.4269,1.98446,1.81124,1.84337,1.16651,0.277132,0.156298,2.30273,4
1.8486,2.62517,2.34893,2.56147,1.70731,0.246089,-0.17957,1.50736,1
1.68375,-0.00751179,0.366147,1.70532,0.324631,0.289264,-0.642801,1.90168,1
0.347797,0.707428,2.16323,0.773439,0.784213,0.267549,0.311988,1.69478,3
-0.101917,1.85949,0.844792,3.24237,1.05302,0.458892,0.186397,-0.244728,-0
1.66684,3.44272,3.68131,1.283,1.89766,0.686004,1.94207,2.16825,1
0.0400003,0.813263,1.53155,3.0139,1.92647,0.131273,0.195737,2.0897,1
0.518604,3.09452,-0.0292975,0.54449,1.80208,0.217985,0.841077,2.09267,1
0.861416,3.46809,3.06098,0.0993927,1.51383,1.48613,0.881402,2.10425,3
0.21604,3.7368,1.81383,1.01983,0.703963,-0.452822,1.48133,1.1155,3
0.811915,1.06198,0.148096,0.155961,2.1997,0.959141,1.60709,1.4566,1
0.330288,0.224239,1.62398,1.32585,1.44479,0.913781,1.6752,1.99599,3
0.55832,-0.047417,2.56553,0.0352536,2.08016,1.46122,1.33113,1.366,3
1.38583,-0.13068,0.246128,2.12335,1.54037,0.811979,-0.171342,2.13928,1
-0.295912,-0.523931,2.14999,1.14307,0.296471,1.43025,1.60677,-0.136355,-0
1.38051,3.41549,-0.31266,1.23299,1.40342,0.163599,0.77017,1.47967,1
-0.128288,1.82984,1.58011,2.44478,0.614475,0.822647,0.337196,1.58835,3
0.167956,0.574567,1.55434,2.10978,1.76608,0.248894,0.899684,2.14125,1
0.902574,2.79307,2.75519,0.0266602,1.24132,0.611817,-0.271361,1.98712,1
0.538356,0.132502,2.60642,2.03384,1.29915,0.545072,-0.106788,2.26432,3
1.91458,3.07076,0.876226,0.585282,1.81177,-0.0037603,0.350049,1.82845,1
0.945704,3.51739,-0.00229783,2.59869,1.07726,0.610502,1.09527,1.06498,3
2.05796,3.32088,1.52399,2.28251,2.04301,1.59187,1.03847,0.0186992,-0
2.02439,1.34995,0.218336,2.35488,0.887278,0.475115,0.181808,1.16134,1
2.07557,2.47543,0.2345,3.08339,1.47471,0.917949,1.48458,2.02314,1
2.32462,0.0136164,0.329806,0.818611,1.97461,0.520378,1.69547,-0.0441633,-0
-0.162254,0.115447,0.803566,2.65349,-0.115507,0.101898,0.799493,1.5592,3
1.63696,3.71479,2.17641,2.82173,0.00368019,0.947826,1.67772,1.05442,3
1.81634,1.05648,-0.219692,1.10093,0.255571,0.568283,-0.285261,1.21685,1
0.261797,1.93593,2.18434,0.745416,1.96082,0.362376,1.51499,1.86633,3
1.98125,2.06578,2.76252,-0.124343,2.26687,0.498761,-0.0262968,1.25869,1
0.57238,1.44987,0.202067,2.28027,2.49804,0.585184,-0.122369,1.33649,1
2.29007,-0.116228,3.1832,3.08208,1.37275,-0.142868,0.506877,1.8541,1
1.50223,1.65308,0.158705,2.5681,0.971633,0.0359631,0.760129,0.00312866,-0
-0.394723,3.10995,3.14154,1.54769,0.54424,1.13808,2.35405,1.26273,3
1.63686,0.88597,0.818983,-0.100715,0.282442,0.440756,0.310262,-0.125013,0
1.54038,2.08441,2.21321,2.36251,2.08023,1.2283,-0.372197,2.06397,1
0.66727,-0.412824,2.99253,0.875132,0.279521,-0.165905,1.87028,2.09794,3
1.27332,3.74283,2.98907,3.00923,0.851386,0.591009,0.101162,-0.0380141,-0
1.83627,-0.00764105,2.98812,0.0938661,0.46124,-0.132765,1.92107,1.52379,3
0.321045,-0.024148,0.428128,0.251533,2.39429,-0.397603,0.415588,1.46274,3
2.34928,0.0753116,2.97776,0.492536,0.949303,0.280237,0.841191,1.85341,1
2.07742,-0.135194,1.23524,1.00974,1.13475,-0.397091,1.44695,0.185447,0
0.751907,3.23704,2.8201,2.79105,2.41147,0.530989,0.945923,1.86917,1
1.72536,2.80974,0.312153,2.81365,2.41551,0.00500797,0.674889,0.125913,0
1.20765,0.32692,1.73853,0.0163011,0.755775,-0.242415,-0.310426,1.7883,1
1.17197,-0.0799281,0.424314,2.35955,-0.0788661,0.478304,0.556714,-0.126701,-0
1.38298,1.11811,2.53185,-0.149235,0.768679,0.85754,1.87743,1.46041,3
2.98826,3.42227,0.716601,1.40169,0.439553,0.202846,1.29389,1.83352,4
0.444297,3.52483,0.137846,0.0218335,1.20581,0.273212,1.30826,1.24628,1
0.64571,3.02566,2.28526,-0.223998,0.996561,1.23665,2.17162,2.16898,1
1.71603,-0.0366779,2.60042,0.424988,0.405104,1.01934,0.341897,-0.0845129,-0
1.59308,1.0354,2.61713,1.6706,0.17789,-0.274099,0.434252,-0.0565717,-0
0.701864,0.101825,-0.11508,1.1216,1.50817,-0.0196167,1.97925,1.0931,3
1.34175,-0.305007,3.06464,2.42909,0.329232,0.778265,1.4879,2.45908,3
0.340584,1.16924,2.44281,1.74203,2.35127,0.0681845,0.492709,1.43761,3
2.0338,-0.32614,1.74418,2.62621,1.33961,-0.332516,-0.223209,2.00225,1
1.36334,3.87479,3.34129,2.58492,2.11172,0.203827,-0.0594357,1.53843,3
-0.331418,2.30034,1.93672,1.31355,-0.063668,0.370434,2.14361,0.505745,1
0.206361,0.19272,1.03386,1.62547,1.17165,0.308495,0.147766,-0.0496803,-0
-0.0129899,3.67011,1.63952,0.904989,1.14481,0.289805,0.781542,1.9094,3
1.32122,0.0799394,0.0536021,2.63282,-0.335075,0.336103,2.08771,1.8034,1
1.97798,2.24575,0.212903,-0.289231,1.32043,0.487998,1.15066,-0.0656265,-0
2.19995,0.571483,0.483648,0.243253,2.11596,0.417112,2.03183,1.03472,1
2.0631,1.1864,1.17094,0.606227,0.498261,0.631736,2.121,1.66557,1
0.27071,3.37324,0.350457,1.42029,1.56009,1.29614,0.499176,-0.127547,-0
0.21961,0.366698,1.27772,0.692103,0.0272614,0.403311,2.25406,1.96745,3
0.73441,0.336255,0.339252,0.548754,2.40224,0.458356,1.95123,0.20432,0
0.118118,2.75396,-0.0644038,1.06253,2.18383,0.400792,1.80511,1.41778,1
0.510445,2.37044,1.33956,0.282506,2.50476,0.821441,0.286956,1.46451,1
0.371409,1.08697,1.39171,0.399021,0.459703,-0.0788743,-0.0535174,1.34127,1
-0.257011,-0.293501,1.97705,2.62138,0.860754,0.4282,1.64254,1.46081,3
-0.0326782,2.76048,0.139526,1.62478,2.45069,0.183609,0.478568,1.75114,1
-0.0868786,1.82665,0.263991,0.0580312,1.76896,1.21858,1.98426,2.21852,1
0.520026,-0.125725,1.46492,2.78213,-0.0262497,-0.220083,1.66662,1.82569,3
-0.0483937,3.69088,1.27973,2.52184,1.31346,0.527818,0.214224,2.12603,1
2.26299,3.45994,1.51162,-0.302784,2.17051,0.442109,1.14838,0.0554817,0
0.825155,0.509524,2.8667,0.589334,1.33797,0.124408,0.938055,1.50847,1
0.904939,3.24944,2.1254,2.42685,0.415458,-0.0442261,0.59757,2.36152,1
1.45686,2.08364,0.0958592,-0.188887,2.12208,0.572099,0.151699,1.10077,1
0.827682,1.65442,1.07169,1.80906,0.924395,-0.054104,2.51066,1.99967,1
0.516345,-0.256091,1.66921,1.4763,0.816569,0.723188,-0.086853,-0.141567,-0
1.06111,3.25504,1.54163,1.7834,1.23779,-0.433106,1.2899,1.92151,1
0.447808,2.22884,1.80388,0.453291,0.0964357,1.10948,1.4815,1.54628,1
0.2843,2.42308,2.1457,0.602648,2.4092,-0.0283339,1.73285,0.945739,1
0.0420926,-0.204144,3.12822,2.25029,0.508979,0.011394,0.717749,2.18688,3
0.139635,-0.458981,3.10927,0.12329,0.553316,0.53813,0.750466,-0.0927516,0
0.99188,3.66358,0.0765667,1.23478,1.37117,0.0491284,0.480034,0.902668,3
1.59127,3.8574,-0.0904223,2.45997,0.975024,0.604171,1.47321,1.503,3
0.625794,2.82122,2.85772,2.41439,2.57075,0.0140544,0.065909,1.95235,1
0.934037,1.86284,0.802981,2.88627,0.703392,0.211327,2.19863,0.11645,0
1.06653,-0.210021,2.39837,2.85269,0.292988,0.123342,0.535313,0.0151607,0
1.80514,0.419864,3.10832,1.82416,1.21139,0.899098,-0.32284,-0.0454232,-0
0.125657,0.799558,-0.115384,2.87533,1.27846,1.22138,2.14441,0.916365,3
1.67495,0.016782,3.10692,0.288089,1.29411,-0.0352597,0.754469,1.14782,3
-0.294071,3.27139,0.408017,1.9929,0.649167,1.05659,1.5451,1.97521,3
0.321722,0.912774,0.18216,1.64281,1.20318,-0.43203,-0.169622,1.20726,3
0.379161,2.04293,1.29359,-0.173823,-0.0372526,0.111441,0.0828157,-0.127342,0
0.00576874,1.56972,0.199725,0.485976,2.10417,0.423276,2.10044,0.894795,1
1.3584,3.65128,2.97639,1.24028,1.60135,0.634962,0.0487831,-0.0378004,-0
0.486859,0.27369,3.23606,1.23865,1.56323,-0.0433719,1.20107,2.1606,3
-0.311706,-0.0763563,2.45659,1.43406,0.990214,0.747236,1.82996,2.1975,3
1.39842,-0.554216,1.09954,2.84416,1.09082,0.742185,0.886258,-0.154878,-0
1.23406,0.912016,1.9757,1.17717,1.30508,0.0965765,1.05386,1.88568,3
0.362491,3.30087,-0.391724,0.6247,1.65263,-0.26742,1.69748,1.10561,1
1.11656,3.08732,0.0235537,2.27199,2.0423,0.442378,-0.217192,1.9786,1
0.306272,0.166995,2.24113,0.0162479,1.42791,1.34715,1.28397,2.16663,3
0.628577,3.6191,2.37103,1.76856,0.682601,0.454313,-0.194573,1.62171,3
0.116626,1.64393,2.55947,2.07763,1.35621,-0.129362,1.11302,1.13029,3
0.87382,0.847571,-0.153353,0.756265,0.481553,0.393777,0.996827,1.59269,3
1.68101,2.36566,0.0744187,3.03715,0.616751,0.63464,1.27795,-0.0674061,-0
0.869278,0.845559,1.85416,2.57815,0.674114,1.92004,0.211877,1.54101,1
2.04244,3.91297,3.14129,0.366203,1.65717,0.447491,0.503517,1.83401,3
1.07428,2.52539,1.9057,2.07447,1.07757,0.163973,1.7527,2.33324,1
-0.145913,3.57355,2.76384,1.52299,2.38635,0.489954,-0.012325,-0.177639,-0
-0.0854649,1.4621,2.74844,0.42906,0.154592,-0.212682,1.61336,1.40781,1
0.293911,0.1966,0.527284,1.21546,0.601355,0.108375,1.45688,1.53782,1
0.188557,3.6074,2.96751,2.74829,0.837362,0.603328,1.76573,-0.0504957,0
1.83475,0.0913515,2.0369,1.27689,0.0911678,-0.173412,0.020547,0.0339313,0
1.49347,3.79274,3.41151,2.30813,1.39972,0.866999,1.29717,1.46374,3
1.39704,2.42314,-0.0329926,1.79675,1.31841,0.48085,1.9797,1.96585,1
1.73082,3.57126,3.04351,1.58785,1.33776,0.494396,1.08187,2.21098,1
1.30953,0.636386,2.98991,1.564,1.87775,0.323664,-0.372582,2.28714,1
0.297753,2.41447,0.778407,-0.0757907,1.24036,-0.266126,1.18485,-0.109853,-0
0.0987447,3.10838,-0.215953,1.8848,-0.0911015,0.420173,0.292735,1.2371,1
0.749071,2.97259,2.71536,0.0937091,0.949548,-0.468973,1.52298,1.78381,3
1.80629,-0.377603,2.02075,2.73993,0.444085,-0.938358,1.35114,-0.0495278,0
0.313735,2.04819,1.2198,2.97488,2.00772,-0.173397,1.53428,0.874492,3
0.535109,3.67223,1.58012,2.42867,0.367713,1.13567,2.43757,1.09116,3
1.18419,3.04598,0.445774,1.46893,1.08409,0.383637,1.1525,1.57436,1
0.281381,1.02185,0.832712,1.60179,1.84112,0.692764,-0.319919,1.71919,3
1.7586,0.413768,2.75317,0.0335403,1.61877,1.10998,1.39227,-0.0457848,0
1.65136,1.56367,-0.0545984,1.87156,1.84261,0.123495,1.73439,2.24789,1
2.20972,3.73093,2.79969,2.8861,2.26823,0.334985,1.36464,0.124029,0
0.46827,2.2103,0.0223516,2.66558,1.34195,1.38754,1.46689,2.42951,1
1.10333,1.85191,1.49878,3.17865,0.53417,1.2697,1.76983,2.02517,1
1.2473,1.213,0.107175,3.32219,1.63306,-0.265603,0.726205,-0.173528,-0
1.17792,0.463088,2.27158,0.286433,0.356389,0.885594,2.43815,1.91557,1
1.40797,3.72188,2.76429,2.5685,1.06149,0.0260698,1.76232,1.53599,3
1.73548,1.44724,0.174405,2.49125,1.59674,1.02029,-0.126365,-0.114238,-0
1.56111,2.4245,3.20471,0.852185,1.49918,0.283282,2.26937,1.94576,1
2.21803,0.109041,2.32679,0.9059,2.05745,0.384843,1.65219,1.19349,1
1.73288,3.08295,0.448062,2.82476,1.93553,0.468074,1.95997,1.00702,1
0.384334,0.292792,0.422741,1.35588,0.30249,-0.397857,-0.270774,-0.150182,-0
0.180994,1.25663,-0.119086,-0.418493,0.258037,1.05282,0.370025,1.95014,1
2.03809,0.642352,0.883208,0.0670048,0.967932,0.106288,-0.159519,0.998051,1
1.76218,3.67055,1.81007,2.59558,1.15491,0.412455,2.32378,1.16442,3
-0.0589638,0.888968,1.6085,2.82396,0.978456,-0.435884,1.55508,1.97826,3
-0.287223,0.800458,2.08921,-0.0552197,0.915933,0.619338,0.711356,1.88992,1
1.32148,1.48551,1.51096,1.27693,1.44818,1.03788,1.59076,-0.137386,-0
1.6194,2.5335,0.610394,1.32601,1.68699,0.614604,2.00946,1.85971,1
-0.11266,3.43184,1.42916,3.07734,0.620019,1.0303,2.11147,1.11865,3
0.802679,3.70203,-0.357675,2.29869,1.14977,0.341759,0.988599,1.67791,3
1.71266,0.894425,0.73851,-0.222381,1.50606,1.14445,1.58125,1.68147,1
2.30399,3.68512,-0.377074,2.21394,0.435095,0.728471,0.672042,2.59672,4
0.552656,-0.0629056,1.60506,0.413947,0.476732,-0.065069,-0.128534,2.14127,1
0.463263,1.57986,0.276735,0.119554,0.896538,0.808805,2.02674,1.60898,3
0.407697,2.43985,0.684388,0.770533,0.626041,0.453197,0.883919,1.10492,1
1.18904,2.98013,0.145584,0.584376,2.15383,0.681795,1.35393,-0.0426445,-0
0.459714,-0.254402,2.81744,0.96712,1.54361,0.708675,1.09508,2.08924,3
1.43461,4.32754,2.60507,1.9299,2.36322,0.713457,0.63285,-0.0447006,0
1.81542,0.265426,0.0270938,2.61539,2.2438,0.626888,1.40427,2.08917,1
1.67441,2.6526,3.18809,2.89106,1.20527,-0.0597257,0.885094,1.57891,1
2.0537,1.74139,3.27793,1.18337,0.675044,0.150917,-0.0199548,1.43552,1
0.309513,0.00471048,1.16877,0.565683,1.32645,0.290418,0.111004,2.69548,1
0.434374,3.79561,-0.0824482,2.62967,0.959132,0.236584,1.78935,0.0111999,0
1.79843,1.8747,0.375303,0.609282,1.79848,0.0574837,0.069776,2.38056,4
1.34869,1.05487,0.832466,1.23786,1.00245,1.08621,2.14979,2.15714,1
-0.215916,-0.0439462,1.14019,0.458132,0.737294,0.0773952,-0.358029,2.05197,3
1.97407,1.87088,1.29696,0.998615,-0.0759714,0.0140257,1.11821,0.869605,1
0.928605,3.98513,0.991084,1.65084,0.318759,0.516894,1.02893,0.896697,3
0.5458,3.35358,-0.113876,0.5489,2.10793,0.389928,1.62442,1.56733,1
1.79543,-0.470006,2.75439,2.85897,1.42756,0.384478,0.694381,1.81201,1
2.21101,-0.614675,0.490673,0.256932,0.0713865,1.33363,-0.0995924,1.56166,1
1.05416,2.90969,0.457351,0.120358,1.33487,1.79475,0.982706,0.796296,1
2.0077,1.4702,0.020914,2.671,1.15861,0.30901,1.67088,1.33877,3
2.32178,3.54861,1.14267,2.74489,1.09638,0.735084,1.31757,-0.0955081,-0
0.0738339,3.85176,1.22348,2.51157,1.19103,1.25504,0.493879,2.15643,3
0.311561,1.43655,1.44645,2.28224,1.08109,0.182851,1.73738,2.52774,4
1.59914,1.74318,1.18721,0.355537,1.38452,0.180097,1.67363,2.04293,1
-0.0259195,0.508472,0.289594,0.0996088,1.79855,-0.116254,0.322563,1.70685,3
1.3995,-0.429878,3.18145,2.44839,2.16205,0.79077,0.373659,1.02587,3
0.402782,2.5759,2.2942,0.748554,1.04603,-0.235477,1.54121,1.5327,3
1.64046,2.81694,2.42264,1.57607,0.99682,-0.18925,-0.386774,1.86528,1
0.228307,0.191172,0.372813,2.58848,1.05457,0.0771687,1.34294,1.25996,3
0.81092,3.56685,1.10932,0.989376,-0.233151,-0.273515,1.01553,1.8008,1
2.06044,0.880197,1.4097,2.19749,0.412813,0.857105,1.47329,1.078,3
0.663781,2.63468,3.01818,2.4008,0.568981,-0.00134187,1.39663,1.07282,1
0.594367,3.59315,0.354586,0.758263,0.469079,1.1254,0.55338,1.32774,3
2.59243,2.66384,0.826454,0.332083,0.65377,0.446919,0.803502,2.04653,4
-0.143819,3.59623,0.559291,2.80352,0.921499,0.480202,1.79922,1.80431,3
1.48351,1.69139,3.21992,2.7826,0.750082,0.187158,-0.0185434,1.14516,1
2.14938,2.01993,2.42398,2.24215,0.199857,-0.109741,1.48766,1.08674,1
-0.265234,0.803126,-0.105122,1.20434,0.477667,0.298336,1.21106,1.15343,3
0.813578,-0.206264,3.2835,-0.279509,1.82758,0.586583,1.14597,-0.131565,0
1.62217,2.92592,3.0601,2.74402,2.13608,0.150246,1.98348,0.963242,1
0.946563,-0.157077,0.94487,2.23791,0.990152,1.04295,0.916595,1.58764,3
0.642708,0.21926,0.924004,-0.401202,1.49356,0.865732,1.35612,0.830384,3
2.42461,0.0480887,0.265822,0.808565,0.89022,0.51807,1.58625,1.76306,1
2.08121,0.617015,2.33297,-0.084548,1.5728,0.526606,0.400705,0.0363383,0
0.768204,0.278436,0.933193,0.879979,1.42713,0.910151,1.31081,1.71267,4
-0.0398543,0.905868,2.06422,1.59585,1.46883,0.520671,-0.368254,1.30797,3
1.08301,0.144355,1.31786,2.77853,2.18144,0.179895,0.315517,0.976099,1
0.731692,3.521,2.43832,-0.180023,0.579606,0.861623,0.592537,2.20452,1
1.10159,-0.106653,2.64686,1.40903,1.32262,-0.00907583,1.26898,1.86131,1
1.66764,0.163963,2.36982,0.824821,0.221276,0.594765,1.63501,1.91821,1
0.0824618,2.90136,2.26812,-0.181431,0.71683,-0.181699,0.124026,1.78452,1
-0.15437,1.85891,1.15167,2.52006,1.80892,0.669086,2.56463,0.981462,3
0.276195,0.872634,0.10565,1.26496,-0.00539441,1.31693,0.933283,-0.0962864,-0
0.830452,3.59737,1.69943,1.90972,0.226697,0.457824,1.7809,2.2093,3
1.53961,-0.140613,0.17483,0.301767,1.3703,0.329883,0.715367,1.09803,3
-0.369255,0.569716,0.519382,0.0553033,0.471118,0.315429,1.85908,1.20749,3
-0.108734,3.73355,0.881843,-0.292199,0.46292,1.59605,1.57729,1.27488,3
1.17397,2.16969,3.35807,2.84151,0.13876,0.852828,1.72857,1.07078,3
2.07555,1.2005,0.600496,2.88607,1.98233,0.480174,0.823024,1.7513,3
1.04356,3.44624,1.56268,0.538328,1.86062,-0.0868477,-0.210666,1.87725,1
2.17463,0.338486,1.79105,2.48321,0.329676,0.146785,-0.00450727,1.31967,1
0.820253,0.146219,-0.167045,0.535955,0.474278,0.0350491,-0.0721634,-0.220745,-0
0.445867,0.376983,0.780192,2.57903,-0.0199912,0.348403,1.75575,1.96799,3
0.00114008,0.533538,1.63035,-0.452316,-0.0593011,0.61328,1.14811,1.5047,3
-0.0184271,-0.474431,2.78853,2.70509,-0.227009,0.477299,1.01395,-0.0213715,-0
0.963339,2.50763,2.531,-0.206009,1.55762,1.13384,0.238924,1.36224,1
0.350959,4.03508,1.08108,1.11053,1.78175,0.799756,1.81785,1.16801,3
1.36661,2.6235,2.80598,1.85207,0.883064,0.798464,-0.242684,2.20243,1
1.39599,1.98585,0.803523,2.8791,1.0078,-0.0357743,-0.331792,1.94383,1
0.381232,2.84194,-0.482327,0.917708,0.456358,1.16068,1.60329,1.96663,4
0.322997,0.936421,3.31516,1.08104,0.74632,0.707499,1.10328,1.52822,3
2.36557,2.47947,0.510644,2.13619,-0.0466561,0.223472,-0.294148,1.91334,4
0.0517739,-0.0227556,2.731,0.485448,0.569858,1.21089,0.55842,1.98351,3
0.0146695,0.742572,1.55822,2.18948,1.71845,0.857965,-0.100416,-0.275755,0
1.52597,0.0810665,-0.0236203,1.21752,0.492572,0.532581,0.0378186,1.15759,1
0.718701,0.333249,0.173634,2.84226,0.241769,-0.650091,0.700641,2.28667,1
2.17521,-0.00783693,0.290924,1.53508,0.529302,0.190504,0.254345,0.895638,1
1.74551,3.04665,0.739039,1.30123,1.8382,-0.216959,1.86443,1.42098,1
2.43288,0.161229,0.686113,2.98248,1.44846,-0.533456,0.469665,1.4775,1
0.901741,-0.490703,2.68699,0.30818,0.318458,0.168488,1.14212,1.61772,3
2.19515,3.97573,2.83991,0.147485,1.28539,0.361453,1.12323,1.30794,3
0.450968,2.01206,2.39662,2.3912,0.847505,-0.808279,0.59251,0.964699,1
1.79939,3.9109,1.55835,-0.110814,0.703083,0.556822,-0.353168,1.62815,3
0.493878,3.39107,2.30631,0.290281,1.09699,1.1874,0.170428,1.4547,1
1.90918,2.01399,3.46685,2.84283,1.32026,-0.0272269,-0.000670521,1.68559,1
-0.171226,2.61714,2.38754,1.67298,0.959236,0.862864,1.17853,1.15115,3
1.77436,3.99295,1.5169,-0.00156669,0.297608,0.452729,2.20335,-0.0035921,0
1.32651,0.0770536,1.25871,1.47762,0.22705,0.614152,1.78973,2.28179,4
1.92617,2.55878,2.95682,-0.0957008,0.449021,1.17317,1.48484,1.8908,1
-0.171151,-0.0906783,0.146582,1.53681,0.0739888,0.963618,1.00401,-0.220119,0
1.45828,1.77866,1.0731,1.50686,0.191487,1.09584,0.296799,1.63063,1
0.765961,0.321727,0.730814,-0.146226,0.793742,0.85179,1.59587,1.27602,3
0.202038,3.27868,3.21379,3.18346,-0.0470733,0.0360722,1.0701,-0.0073397,0
2.16387,1.75456,0.63185,2.39036,1.01953,0.547545,1.68862,0.869904,1
1.44983,2.35025,0.736855,1.3348,-0.0454369,1.22137,2.1064,1.79166,4
0.905911,0.0777176,0.0944274,0.106108,0.384259,0.721388,1.24091,-0.141796,-0
1.94199,0.893568,0.872695,0.0519154,1.99248,0.313727,1.60443,1.82648,1
1.52605,3.11919,3.09529,2.19142,0.314987,-0.0508529,1.67985,0.0173563,0
1.61897,2.26049,2.60234,0.0994891,0.313499,0.162859,-0.281793,0.717576,1
1.64567,-0.203234,0.692627,1.15404,-0.396597,0.576872,-0.13037,-0.133054,0
0.437757,1.27553,2.74108,0.208721,1.99778,0.233374,1.95179,1.7054,3
1.54627,0.469328,-0.0448986,0.285475,2.3489,0.854846,-0.0487553,1.21138,1
1.66433,0.0167968,0.147848,1.29665,1.37332,0.847235,1.38391,-0.0178196,-0
0.144299,0.874667,1.44469,0.642471,2.51278,-0.0289257,1.91621,1.6186,3
0.703047,2.89355,0.966956,2.16335,1.82452,-0.34122,0.907397,1.3782,1
1.46812,-0.0325787,0.0662104,-0.125502,2.04867,0.446445,1.70188,1.41703,1
1.29496,1.12652,2.53987,0.594833,0.0116901,-0.110913,1.36349,2.05539,1
-0.252181,3.81768,3.16629,0.679619,2.0215,1.2212,0.465476,2.00025,1
1.28432,1.90059,0.815905,0.28637,0.152377,0.651795,2.08919,2.03774,1
1.4818,0.527168,-0.276238,0.735433,1.41515,1.2169,-0.418973,1.84854,1
1.98662,2.85216,0.103475,1.96258,1.57067,0.912134,-0.28723,1.04003,1
0.395411,1.21817,0.141913,1.84625,1.29727,-0.0623752,0.913135,1.53708,1
0.227466,0.336257,1.23981,1.0382,2.10344,0.69359,1.11583,1.08692,3
1.37353,2.70698,0.0890338,1.09528,2.12289,-0.390186,0.30292,1.63959,1
2.04682,2.66415,2.70873,1.31568,1.3428,-0.0662574,0.988773,2.18789,4
2.60361,3.61325,0.854807,2.6796,0.960908,0.724241,-0.0107205,1.38455,3
1.45336,0.844579,3.20556,1.35441,0.906995,0.744095,1.48383,1.76877,1
2.02348,3.73518,2.04173,2.92682,1.42975,0.577475,0.0240026,0.0402864,-0
0.931549,2.75914,0.274075,2.90796,0.813521,0.352624,1.47612,2.49355,3
1.93767,-0.173292,0.852748,0.439959,0.864761,1.01652,0.29537,-0.0506789,-0
0.902156,0.905847,0.179808,0.079977,2.73073,1.33683,0.630125,1.81258,1
-0.112021,0.641555,3.06356,0.179213,0.153808,0.874467,0.461397,1.97365,1
0.842506,3.08606,0.980655,2.91226,0.561021,0.21927,0.187085,1.949,1
0.738139,3.96913,2.64041,2.76271,0.375676,0.516502,0.131601,2.12392,3
-0.310327,3.83267,3.17711,-0.272483,0.0904227,0.428342,0.344199,2.37412,3
0.172334,0.281615,1.54515,1.14562,1.59465,0.37851,1.49896,-0.0376827,-0
1.21255,1.38319,-0.0828347,-0.0336944,0.694194,0.925816,-0.0286954,1.27893,1
1.10056,1.73924,2.51495,0.591514,0.955327,0.989569,1.92581,1.95849,1
1.44019,0.415401,3.06272,2.02947,1.35386,0.771501,-0.291012,1.31583,1
1.65132,1.10117,-0.124902,3.0899,0.475547,0.890777,1.186,-0.101859,-0
0.566495,2.32594,0.0690952,0.339439,0.78137,0.949341,1.76189,1.83225,1
1.32419,3.50446,0.655164,0.394008,2.39475,0.103816,-0.0750915,1.2061,3
-0.244409,3.05096,1.61787,0.141515,1.89387,0.846739,1.57902,0.01521,-0
2.04142,1.42044,0.40484,3.20696,1.88999,0.554401,1.05757,1.98439,1
0.739756,3.72515,0.848195,2.7811,0.165524,0.729393,-0.0484685,0.175666,1
0.270414,1.31981,0.840525,1.94623,2.55711,0.499874,0.800634,1.63616,3
1.73429,3.58291,2.63797,1.90948,1.37199,-0.0481755,1.64602,0.998516,3
0.433877,1.25457,0.698401,1.14173,1.94165,0.460616,0.347272,1.94842,1
1.73885,1.70881,0.0860069,2.91387,0.94431,0.288182,0.437787,1.93717,1
0.641328,1.00831,3.34023,2.18784,1.62695,0.931552,1.2311,1.82378,1
0.341731,2.21605,1.24143,2.95969,1.73583,0.937355,2.12832,1.80072,1
1.75703,3.32408,2.81402,2.70213,0.668832,0.385647,1.69448,-0.00766147,0
-0.243499,1.21022,2.91428,2.50114,0.536035,0.400126,-0.277774,1.47708,3
1.27466,2.42878,0.0424522,0.862832,0.842659,0.580379,1.27119,1.22064,1
1.38086,-0.34967,1.58298,0.744159,2.45155,1.21029,0.084378,0.0973888,0
1.84034,2.24668,2.4311,1.87272,0.924666,0.45827,2.45468,1.63443,3
0.655827,3.16916,0.363282,1.64284,0.994005,-0.411925,0.918189,2.24446,3
1.32367,2.16823,0.0749883,-0.0555316,0.360815,0.0914652,-0.210983,1.35181,1
-0.00224565,1.00151,2.50593,-0.0924723,1.63232,0.503361,-0.065505,1.7903,1
0.637824,0.701378,3.34816,1.54068,-0.0528211,-0.346548,0.239513,1.33383,1
2.08846,1.05319,3.21899,1.12951,0.185695,0.881724,1.38193,1.90057,1
0.820962,3.54592,-0.350046,2.74491,1.41345,0.714872,1.65496,2.26327,3
-0.272676,-0.0557814,0.893354,2.23633,1.18899,-0.190842,1.31737,1.93548,3
0.582961,2.99067,-0.0175179,0.789252,2.2762,-0.193759,1.73435,1.51605,1
1.7288,1.0191,2.80864,0.277865,0.370128,0.568703,0.918707,1.21389,1
1.7439,1.93276,3.23276,1.52647,1.87791,0.57585,0.0307465,2.14211,1
0.680046,0.84,2.38522,2.29604,0.451827,1.12323,1.1194,2.27004,1
0.425604,3.30466,1.06759,2.93107,0.692339,-0.383217,0.83294,-0.0815361,0
0.11452,-0.4131,0.0969821,2.22136,1.06043,0.584873,-0.0263321,1.48304,3
2.09828,0.292178,-0.100373,1.04967,-0.00417208,0.355564,1.50145,1.3576,1
1.49358,0.442024,-0.0081674,2.2486,0.582021,-0.0911342,0.0925379,-0.0972707,-0
2.03873,3.78357,1.27947,2.81566,1.13089,0.64007,0.226937,0.917453,1
1.37804,1.94084,1.81623,0.560137,2.00507,0.106506,0.449113,1.4949,1
2.19577,1.33478,2.77038,0.016787,0.971267,0.0257716,0.558096,-0.00766116,0
1.62546,0.129546,3.28212,2.1232,0.948931,-0.0376819,2.04538,1.13999,1
0.987514,2.16631,1.70292,-0.381777,1.54124,1.05578,0.149207,1.27141,1
0.450168,0.0297985,-0.130591,2.39824,-0.0919252,0.0915129,0.660086,0.841609,2
1.30279,2.22216,1.21166,0.267191,1.14715,0.682536,0.117344,1.12154,1
1.86176,1.45474,0.603395,1.06893,1.46366,1.16349,-0.388232,1.70945,1
1.99773,3.84517,0.178313,2.79957,1.94335,0.055063,1.54305,2.11656,3
1.95558,-0.326581,0.769139,2.0244,2.13407,0.938526,2.1893,-0.0733426,0
0.232069,-0.346691,-0.164091,1.88409,0.718014,0.617044,0.453396,1.49708,3
0.177998,1.0362,0.264997,2.80893,-0.278012,-0.20858,1.15419,0.514355,1
-0.285977,3.64541,1.25071,0.102313,1.73772,0.72894,1.99315,1.52855,3
-0.155203,0.2946,1.2174,2.82119,1.78979,0.117024,2.22757,-0.0778369,-0
1.73732,-0.361508,0.4127,1.12533,0.884251,0.400405,0.542309,0.0445324,0
-0.150248,3.54789,-0.182259,1.18984,1.19432,0.835096,2.07579,1.81695,3
0.396874,1.07654,1.61639,1.04594,0.0486313,-0.118062,2.08698,1.9418,1
1.1469,-0.0294116,3.15753,-0.0341022,1.13288,0.362563,0.743928,1.54767,1
0.337993,0.762766,1.56273,0.398509,0.554984,0.498757,0.795406,1.96034,3
1.13932,3.87332,0.435712,2.04194,1.27185,1.55425,1.88964,1.42383,3
0.625379,3.51944,1.13892,1.58103,0.942465,0.815949,0.885051,1.06769,1
0.489188,2.44362,2.66259,2.56664,-0.267648,-0.0370352,0.975023,0.650666,1
1.46224,3.91758,1.78905,1.90974,0.333736,0.122111,1.28253,2.06409,1
-0.141175,1.78686,2.45402,2.51404,1.3917,0.0065891,2.03646,1.83462,1
0.964068,3.48793,0.149481,0.269717,1.61808,0.808313,1.9332,-0.0686353,-0
1.04385,3.49717,1.87126,2.05878,0.52521,-0.0258524,2.23458,1.8229,1
-0.306525,2.69275,-0.144446,2.51418,1.59077,0.390212,0.954186,1.55186,3
0.922809,3.90885,1.24678,0.48521,1.12422,-0.126306,0.59512,2.00091,1
2.62006,1.97182,3.36245,1.98068,1.30631,0.750667,0.700232,2.08928,4
1.73063,2.42336,3.20451,0.721394,1.37636,0.681666,1.40255,1.60846,1
0.235325,4.12763,1.68699,1.77205,0.444167,0.284074,-0.106527,-0.170627,-0
0.412959,1.76297,-0.140621,1.92265,0.709989,1.12569,0.971948,1.27126,1
1.17069,-0.394756,1.62351,0.228759,1.42112,0.680331,1.24241,1.65165,3
1.73858,1.11892,0.606466,0.225249,1.75958,1.18009,2.06215,1.16085,1
1.67931,-0.215132,0.239307,0.0452195,0.17442,0.712363,-0.229294,-0.124731,0
1.17965,3.67017,2.08134,3.01458,0.433205,1.12105,1.77517,1.36311,3
0.315455,1.48689,2.47604,2.89473,1.07597,0.302836,0.39569,2.13806,2
1.1429,0.20208,2.34215,1.79886,0.368182,0.155213,1.54503,1.91927,3
0.948813,0.416109,1.75018,0.119462,-0.0100728,0.0713041,2.35275,2.12018,1
1.69477,0.165436,0.791305,2.26981,0.692246,0.981182,-0.357186,-0.0810646,-0
0.289913,0.0903567,2.80535,0.284435,-0.00863584,0.0647475,1.57695,2.03719,3
1.28379,2.18588,1.25729,0.0850987,0.7514,0.996433,-0.0563029,0.0252836,-0
0.00613636,1.55174,-0.16124,0.405382,0.683909,-0.144093,-0.471438,0.694662,1
1.52367,4.01224,1.72452,3.09314,0.868075,-0.212936,0.826424,-0.0181897,0
0.634701,3.61751,1.34346,2.00247,0.508704,0.311335,1.18248,1.20811,1
0.471308,4.04391,-0.171629,1.60917,1.46145,1.41337,0.43339,0.876962,3
1.40072,2.85502,-0.179007,2.37868,1.37154,0.2954,2.28489,2.03804,3
0.230968,1.07216,2.95422,1.91675,2.12942,0.854051,1.7242,1.48928,3
1.23692,0.545187,2.70261,2.66016,1.85964,0.396085,1.72332,0.810499,1
2.31821,2.7758,0.223204,2.94576,1.1465,0.90366,-0.16655,1.63623,1
1.84717,2.16744,0.148299,0.965837,0.907377,0.398269,0.0831821,1.51906,1
1.19234,3.30026,2.4082,1.96141,1.52417,0.253124,-0.0419784,1.21141,1
1.70046,1.76888,2.23626,1.27138,1.5314,0.595256,0.340203,1.90873,4
0.0962803,1.17134,0.86716,2.60374,-0.124496,0.611921,0.177941,2.0196,1
-0.159052,1.16976,2.50742,1.71602,0.751037,1.73756,1.07583,1.37822,3
0.547577,-0.33957,0.196928,1.3496,1.22884,0.156005,1.49917,-0.157579,-0
1.5273,2.4805,2.59949,1.07063,1.14547,0.700072,1.60921,0.00973258,0
1.79814,3.91828,2.81683,-0.312517,1.98995,0.81443,1.34978,2.10545,1
0.192137,3.28609,3.31153,1.11415,1.82172,1.16128,1.72797,-0.0309706,-0
0.0463394,1.26208,0.0621698,0.387613,0.537709,0.0372675,1.18959,1.39029,3
0.602443,3.85953,0.350239,2.42804,2.18479,0.317812,0.500097,1.74886,3
0.891725,1.88854,-0.511566,1.72752,0.953209,0.981246,1.57217,1.62165,4
1.01344,3.4802,0.134924,0.987143,0.728614,0.790078,1.12571,2.28788,3
-0.0327504,1.31957,2.69769,0.34417,1.96789,0.791799,0.838184,1.75411,1
-0.145799,0.467995,0.0873722,2.5926,2.37489,-0.449918,0.770956,1.10143,3
0.572654,3.50082,0.118696,1.33155,0.566002,0.637805,-0.23059,-0.0723145,-0
1.34943,3.75933,0.172793,1.0925,0.371179,0.0579972,2.01807,0.1032,0
0.153373,-0.253918,-0.131244,3.27207,0.556635,-0.131873,0.405613,-0.0926659,-0
2.36415,3.95455,0.448697,2.87546,0.717426,0.261547,1.83764,0.0495852,-0
1.15064,1.95112,2.88864,2.22467,0.933585,0.0609098,0.119147,1.20482,1
0.309934,0.383055,1.33725,1.32057,2.09464,0.322062,0.411433,1.27347,3
1.47684,1.4936,0.295796,3.07526,1.3895,0.268359,-0.111968,-0.105394,-0
1.47041,2.36326,2.89953,0.143131,1.73416,0.0947403,1.39887,1.30874,1
0.804003,3.12781,1.78865,1.87563,1.78921,0.167572,0.988829,1.29773,3
1.83667,-0.116525,0.779819,0.982141,0.143586,-0.33176,0.792478,1.6226,1
2.50791,3.40075,0.298642,0.531377,0.328231,0.985451,1.56064,1.71839,1
0.0972368,-0.13641,1.25374,-0.0260819,0.0891001,0.835728,-0.324457,-0.169035,-0
0.139052,1.95376,3.3015,0.133699,0.91951,1.05948,0.944746,-0.147605,-0
1.89029,0.284279,0.940859,-0.140371,1.43193,0.572188,0.582383,1.52191,1
1.19599,1.39271,-0.205126,2.26032,-0.0341623,1.089,1.01846,1.51134,1
1.2947,0.426806,2.04003,1.62378,2.2993,0.323882,2.12103,1.81743,1
1.97861,0.499103,2.55354,2.5921,1.3574,1.09707,-0.123895,-0.064797,-0
1.07764,3.59511,0.97798,1.97911,0.438173,-0.216402,1.15316,1.92419,1
0.78721,-0.215152,1.19414,1.64874,-0.150175,0.363934,-0.43429,-0.268379,-0
2.29327,2.99782,3.09333,2.05676,0.519621,0.301586,1.91509,0.916343,3
1.27779,3.76901,2.16927,0.971453,0.21261,1.16486,0.529574,1.29945,3
1.41385,-0.0020036,1.90384,2.56793,1.34259,-0.117654,1.6538,1.94573,3
0.501121,4.02874,0.516079,2.36173,1.88993,0.259207,-0.13591,0.053813,0
0.9669,0.142579,1.33626,-0.265757,1.94049,-0.361741,0.698525,2.02799,1
-0.287326,1.97655,0.341845,-0.390085,-0.19908,0.500511,1.31467,1.69396,1
0.601498,1.02303,-0.0441153,0.632798,1.3482,-0.0836653,1.85855,1.15676,3
1.26747,2.49807,2.5549,2.15671,0.317576,0.280497,0.519398,1.73989,1
0.29017,0.822414,2.20971,1.65823,0.742903,-0.230821,-0.0136468,1.78513,3
0.0319856,1.76187,2.33082,1.66927,-0.0150574,0.104624,0.750486,2.28701,1
1.26409,1.32899,3.26786,2.72673,0.105117,0.160674,2.38323,1.47308,1
0.124079,2.50263,0.688497,1.93755,0.439846,-0.568552,1.74318,1.42697,1
1.42381,-0.0633192,2.81103,1.74395,0.579574,0.684368,1.77348,1.58385,3
0.429118,3.61494,0.556885,1.24766,0.63923,0.37953,0.115831,1.76039,3
1.65978,0.486373,0.399133,0.553409,0.702919,0.432823,1.79356,1.8998,1
0.785628,1.8121,2.83747,1.94859,2.43244,-0.0663226,1.5026,-0.159899,0
0.779678,0.266125,0.214686,0.565164,1.14594,0.742848,1.73314,-0.11014,-0
0.22648,2.51674,1.33847,1.99918,0.214534,0.575851,0.993719,-0.134209,-0
1.23349,0.075308,1.76473,0.0100949,0.689236,0.266745,1.49916,1.056,3
1.02343,2.45982,1.65657,1.95794,2.50504,1.16317,0.0175303,2.16494,1
-0.307546,1.13997,2.93153,1.34742,1.9752,0.43412,2.34674,1.50464,1
0.833175,1.32878,0.231295,1.24218,0.139694,0.251415,0.77153,1.67155,3
1.16277,0.499119,1.63247,2.53033,0.962927,0.811353,2.05349,1.38757,3
1.60121,2.87569,0.460385,3.064,1.85472,-0.180732,1.01287,2.14378,1
1.01404,1.51869,1.2583,0.41103,0.674389,0.810772,0.285739,1.00271,1
1.8936,0.0761605,1.10388,2.24335,2.35901,0.826352,0.987822,0.688065,3
0.574092,2.66741,2.61374,3.33955,1.45382,-0.143958,2.05218,1.70799,1
2.09393,1.5469,1.69028,1.32792,0.906864,0.885154,0.68184,1.87802,1
1.27855,0.585557,2.43276,2.49111,0.999813,0.663716,1.17988,2.11448,1
2.08376,-0.156961,0.628562,-0.349187,0.680459,0.317696,0.589554,1.89653,3
-0.201384,0.313218,0.449956,0.626326,1.90591,0.577597,0.0479277,1.91949,1
0.424693,3.83485,-0.236474,2.68504,1.22022,0.466336,1.65324,1.58349,3
0.690331,1.05442,-0.105912,1.41814,-0.0485061,0.207396,-0.172218,0.794467,3
0.486897,0.591597,-0.205208,3.20841,0.699057,-0.228807,1.09027,2.19808,1
-0.292522,3.57766,2.15998,2.72108,1.74191,0.740433,1.91767,2.162,3
0.966072,0.824831,2.86412,2.21783,0.433931,-0.173892,-0.205672,-0.121093,0
1.39628,3.29286,2.35794,2.9063,0.437527,0.325922,-0.187437,2.01235,1
1.86082,0.126995,3.40097,1.24086,1.50766,0.8029,2.19605,0.911479,3
0.241775,1.99127,2.09128,0.318964,0.850249,1.20466,1.74198,0.989443,3
-0.332392,3.30493,1.45578,0.618372,1.40654,0.548374,1.05448,1.85696,3
1.47661,0.0223488,0.148198,0.0863844,0.746978,0.668526,2.43966,1.03068,1
-0.14311,0.178945,2.03194,-0.177868,2.08754,0.485665,0.511863,1.8865,1
1.06366,2.9793,3.16165,1.3167,1.64662,-0.0860912,1.52084,1.99424,1
1.95865,0.116797,1.10529,1.55786,1.45125,-0.227163,0.788477,1.80799,1
0.0879973,0.339342,2.53209,1.34658,1.33995,0.748434,-0.215219,-0.110467,-0
0.734461,0.701726,0.248311,2.38166,0.8421,0.599367,1.95202,2.63628,3
1.2015,-0.192407,0.122892,2.48104,2.49318,1.2846,1.11964,-0.20401,-0
1.62132,0.303332,0.733448,3.2016,0.558618,0.295226,-0.218748,-0.0621725,-0
0.487821,-0.438785,2.62965,0.64256,1.74589,1.31806,1.36654,-0.0445253,0
0.619348,4.2035,2.04804,2.02041,-0.103313,0.299641,0.0973652,-0.021963,-0
1.77783,2.32109,2.3792,2.54055,-0.0168062,0.0493136,0.925735,-0.0691876,-0
1.54096,-0.268506,-0.034714,1.6221,-0.167482,-0.203453,0.310443,0.289409,0
0.158421,2.40892,1.44814,0.813781,2.43186,0.631404,0.582997,2.1349,1
0.873656,-0.369103,0.979196,0.156301,-0.232829,0.743543,0.150404,1.96657,3
2.49957,2.9891,1.93351,1.07473,-0.135344,0.549809,1.36159,1.61063,4
0.711434,3.71018,1.33958,2.95692,-0.195557,-0.18378,-0.0621537,-0.0758432,-0
1.01971,-0.0717888,2.49008,1.45898,1.30198,0.0794723,0.415573,1.82513,3
-0.140763,1.23141,0.417928,2.04792,1.87012,-0.209522,0.816068,-0.110621,-0
1.97458,1.23013,0.0440065,1.2549,2.71073,0.672331,-0.226632,1.36175,1
0.788627,1.71863,2.20098,0.260651,2.53012,0.395598,1.55507,1.7241,1
1.38981,0.643019,0.46245,0.578416,1.52871,1.13027,-0.0159834,1.65333,1
0.482739,0.285746,1.27926,2.55341,1.00048,-0.541505,1.7221,1.00956,3
1.66968,-0.472566,2.00275,0.839361,-0.734773,0.653918,1.19804,1.37755,3
1.47743,3.01628,2.34713,3.26035,1.82366,0.787164,0.717034,1.91269,1
0.773846,2.44467,0.152608,2.73307,2.36851,0.187031,0.897056,1.45743,1
1.00788,0.847391,3.36426,2.53217,1.92338,-0.106989,0.281431,-0.186275,-0
2.20236,0.602897,0.412866,2.92102,0.329339,-0.139004,1.05775,-0.0915319,-0
-0.133233,1.57946,2.68154,2.1821,1.17942,0.476918,0.616544,2.42816,1
1.55898,3.29397,-0.0593016,0.961562,1.46704,0.61618,1.09919,1.2243,1
1.07446,-0.0883303,3.25715,2.8017,0.475242,0.330047,0.350689,1.67081,3
0.194026,0.607125,2.68767,0.729549,2.18039,0.643199,1.63468,-0.0931047,0
0.422954,1.46239,1.98681,0.0958609,-0.0388404,1.13813,1.22667,-0.0562623,-0
1.31174,-0.0299285,2.2976,0.0423906,1.20088,0.435315,-0.441254,0.0809239,0
1.34308,2.09647,0.566843,2.84066,0.262332,0.408639,-0.245183,1.17628,1
-0.143172,3.17995,0.844021,1.41184,1.43021,1.02972,0.875674,2.18805,1
2.10438,0.210716,0.124406,1.00531,0.676086,-0.332748,0.857329,1.05849,1
1.97266,3.85399,-0.252303,1.91405,2.26737,0.365816,-0.700734,2.07072,3
1.53198,0.639057,0.147854,2.66948,2.26908,1.08673,-0.130139,2.22061,1
1.10513,0.375712,2.96087,2.86966,1.04665,0.545213,0.432042,1.47396,3
1.96205,0.65123,1.1123,0.95218,2.0699,0.400803,1.87522,0.0103981,-0
1.42637,1.74956,2.09219,0.543919,1.76764,1.4353,1.10111,2.51276,1
1.67474,1.37782,2.87644,1.32816,1.22936,0.350567,2.21377,1.78922,1
0.106141,0.861859,-0.137994,0.136718,2.06311,1.18886,0.0903979,1.89834,1
2.2204,0.688111,0.0966634,0.221654,0.33522,-0.293109,0.573542,1.34947,1
0.797207,2.66908,1.45427,2.96859,1.87206,0.56531,-0.0647509,1.85006,1
0.885221,2.67575,-0.095898,2.00949,1.25545,0.776578,-0.251993,1.64012,1
0.0119469,-0.00443471,2.13352,0.196569,2.02365,1.03923,2.07443,0.799826,3
0.073661,0.706915,-0.0414781,0.068832,2.10083,-0.258025,0.353871,1.22217,3
1.37281,3.88717,1.40337,0.750536,2.56599,1.04978,0.279387,1.42749,1
0.349551,3.07594,0.551897,2.7546,2.5552,0.147515,1.82134,0.0155262,0
-0.340419,1.31538,0.534712,2.59102,1.48167,0.640478,2.55638,1.32243,3
0.315113,1.53826,2.69229,2.78687,0.998529,0.105427,1.17148,2.65469,1
0.664343,0.573863,1.62168,1.99044,1.58893,1.30205,2.2505,2.20026,3
0.238298,3.18631,0.0546144,0.671991,-0.201237,0.634362,0.304108,0.982148,1
-0.346919,0.443191,0.115067,0.180802,1.30818,0.717015,-0.33574,0.936518,3
0.311156,1.57798,2.76897,0.802109,1.44991,0.0791477,1.02403,2.19694,1
1.88503,3.8166,-0.125282,1.73726,1.4716,0.911959,1.11189,1.70488,3
0.591257,0.709259,2.53914,-0.021879,0.840919,0.311671,2.05684,1.82591,1
1.62242,0.352916,1.71278,0.297736,1.99074,0.321393,1.81389,1.64124,3
1.08041,1.49769,0.355145,2.00063,1.36621,1.32514,0.413625,1.8781,1
1.69382,1.97545,1.42648,2.83665,0.539746,-0.302004,0.237392,-0.10258,-0
1.16438,2.59035,2.81004,2.32992,1.52454,1.2611,0.124813,1.57203,1
1.78788,-0.331392,0.0938127,0.28409,0.130233,0.538617,0.426845,2.11474,1
0.0141391,0.0785394,-0.169387,1.3266,-0.350987,0.523485,-0.125801,1.18114,3
1.97772,2.33042,1.98125,2.65283,1.35913,0.987729,1.93508,1.62128,1
2.26845,0.866482,1.27622,-0.307162,0.922103,0.508929,-0.0102101,1.39107,1
1.41129,1.82349,2.24354,0.470627,2.23789,0.608874,0.751615,1.99607,1
0.123098,1.72856,2.91757,1.31773,1.8003,0.131466,0.830483,-0.0774752,0
0.730252,-0.00366771,-0.116265,1.65249,-0.138461,1.0986,2.3858,0.925472,3
1.38894,2.80849,0.190537,0.353877,0.133086,1.02256,1.37559,-0.087815,-0
0.093759,2.46598,1.56541,0.201824,1.48556,0.0333745,0.806945,1.26635,3
1.51857,1.89268,3.12828,0.369705,1.79753,0.195603,0.898219,0.639793,1
0.951726,3.43731,2.28547,-0.0887585,1.64117,0.216965,2.01138,-0.0349194,0
0.928204,3.63258,1.02898,1.49407,0.83014,0.617214,0.302385,1.68158,1
1.33841,0.819888,0.876736,1.36267,1.44459,-0.138123,-0.238219,1.65333,3
1.74945,0.965248,-0.0467387,1.12813,1.13921,0.0583014,1.06295,0.472709,1
1.65891,3.86478,2.72586,-0.0101415,0.308307,1.24258,2.203,1.55648,3
1.15191,2.45341,1.21467,2.91655,-0.292183,0.000850182,1.30567,0.371403,1
1.53545,3.80037,-0.322847,0.192313,0.233474,0.299151,0.661649,1.54393,3
0.871913,3.95986,-0.306138,3.14517,1.86,0.213555,-0.222945,-0.185377,-0
1.3017,1.02745,2.82681,0.844674,1.34401,0.700484,0.687178,-0.043393,-0
0.911588,0.35988,2.76841,0.670824,1.64419,1.25303,1.49041,2.20948,3
0.284192,-0.53244,-0.318798,2.36246,2.34163,0.307443,0.510416,1.35,3
1.79901,0.660248,0.733005,0.560527,0.329663,0.303762,0.537392,1.35829,3
0.33732,-0.0557218,-0.247608,1.02914,0.151113,1.35762,1.66371,1.05325,3
1.39964,1.47044,2.40308,3.11152,1.68914,0.230336,1.40801,0.0954919,-0
1.15294,0.0221381,0.412905,2.25567,2.06208,0.602436,2.58447,1.98974,1
1.72395,1.90085,0.383636,2.98108,0.654166,0.67394,-0.156846,1.21064,1
0.299819,-0.607769,0.431736,0.981595,1.74534,0.311395,1.60066,1.94209,3
1.42258,2.50456,-0.04877,2.54154,2.28735,0.92997,0.92269,-0.0119965,0
1.97205,1.64702,0.359316,0.968098,1.16251,-0.225744,0.896223,1.66265,1
0.197619,1.36597,3.37523,1.58937,1.82888,0.0720186,1.78114,1.79682,1
2.12315,2.05997,0.803234,2.9817,2.19979,-0.110084,0.0295483,-0.0525808,-0
-0.0440485,0.267135,2.75459,1.13312,2.40889,0.850789,0.241308,-0.167146,0
2.30583,3.83534,-0.463246,3.0202,1.26551,-0.303196,2.24678,1.9078,3
0.746842,1.96727,2.20999,0.842983,0.764767,0.362707,0.114721,-0.0459225,-0
1.31486,2.01164,0.615147,0.696882,2.52507,0.1676,0.611627,1.80372,1
2.06182,2.67234,2.80446,2.21467,2.16267,0.336081,0.171948,1.96553,1
0.734146,2.8083,3.2126,2.57507,1.1741,0.936116,0.137705,-0.144623,0
-0.255238,0.291797,1.95319,1.3549,0.673718,0.117347,0.586567,1.13032,3
2.24691,0.37347,1.29978,1.08214,0.644889,0.664529,-0.341307,1.5356,3
0.123185,3.77194,-0.246007,3.09774,1.46977,1.41944,0.438748,2.0917,3
-0.254923,1.77221,2.92382,0.48987,1.21371,0.942453,0.131168,1.22485,3
1.87912,0.668814,2.1592,2.95037,0.0781702,0.285541,1.12717,1.65881,1
0.641981,1.13091,2.76428,2.68447,0.459439,0.303134,0.213162,1.82136,1
1.42677,1.6954,0.909557,-0.0792736,0.953096,-0.05496,-0.249311,1.30155,4
0.815008,2.98471,3.06283,2.04109,0.175268,-0.174665,-0.30583,1.63225,1
0.524031,0.349195,0.442111,1.37565,0.782517,-0.134871,1.10142,1.36939,1
0.604925,2.11144,1.94303,-0.0143295,-0.126095,0.357512,0.406398,0.992319,1
1.23919,3.71023,0.788747,0.433745,1.14805,0.516848,0.145296,2.32036,1
1.61304,2.14013,0.0563429,0.480677,2.27806,0.529802,0.0152737,1.34159,1
0.702736,1.59014,2.73279,2.28186,2.0367,1.35953,-0.0174094,2.20586,1
1.2925,1.91077,-0.0188243,1.37219,2.30086,0.445496,1.34593,0.653758,1
-0.0689239,1.98514,0.879083,1.02902,0.94375,0.0418915,1.10865,1.87357,4
0.853606,2.64362,-0.0353713,-0.107497,0.611746,1.24523,1.31968,-0.0112449,-0
1.77319,0.770799,2.88432,2.57041,1.88917,0.623282,0.23514,1.7908,1
0.609824,3.63908,0.400317,3.03634,0.864297,-0.1977,1.55468,-0.0777374,0
1.51298,2.65337,2.697,-0.0137675,2.4682,0.113009,0.443162,1.66525,1
1.9377,1.02017,1.51711,3.00776,0.170475,0.483433,-0.295508,-0.137354,0
1.27815,0.894416,0.745476,1.8692,0.885159,0.840627,-0.369548,1.7837,1
1.06283,3.91664,-0.038656,3.20006,0.157707,0.508505,1.29366,1.68688,3
0.586112,3.80854,2.25016,0.585219,1.87018,-0.330165,1.66574,0.922114,3
2.10436,-0.0706359,0.762095,1.18149,1.81351,0.722617,0.854333,0.727883,1
0.0688955,1.13674,0.0747059,0.995055,1.10729,-0.151373,2.2985,2.00968,1
1.4416,3.76566,-0.0443194,3.52648,0.417138,0.98033,0.191437,1.50124,3
1.30476,2.21047,-0.158273,0.11267,2.31131,0.176474,0.873498,1.27548,1
-0.264325,1.27142,2.57792,-0.123676,1.38715,0.421751,1.7477,1.22672,3
0.598324,2.99205,1.915,3.13496,0.0735254,0.63913,1.39202,2.06583,3
0.728421,3.65129,1.50134,1.49348,1.77301,0.969204,0.0581163,0.675038,3
0.44912,0.0323891,2.90549,0.39936,1.33355,1.01551,0.422487,1.31875,3
2.0636,3.5601,1.25441,1.66502,1.65003,0.600124,1.06845,-0.00776564,-0
-0.397568,0.259754,2.82689,1.9358,0.236389,0.269923,1.55531,1.12887,3
-0.122782,-0.458459,1.26814,-0.162164,1.23337,0.589796,2.1857,1.1017,3
0.551289,1.54035,3.17657,2.91729,1.35224,0.0333148,0.0999531,1.61948,1
0.687255,2.08754,1.50312,0.704564,1.34042,0.0131719,0.793922,2.32952,1
1.88609,3.37124,0.301841,0.342415,-0.592515,1.2956,1.2703,1.67098,4
2.27213,4.00837,2.40386,2.1352,0.320777,0.480191,1.32396,1.39139,3
1.3672,2.22209,-0.0208649,0.939872,0.583365,-0.168022,1.30424,1.34767,1
1.14546,1.87349,3.52215,-0.116906,0.765296,0.121649,1.68286,1.46858,3
1.53809,0.15451,0.937307,2.99074,-0.354076,0.777304,2.02712,0.887114,3
0.547594,0.167648,1.7414,2.92893,1.04407,-0.18813,-0.100603,1.84783,1
1.47006,0.443633,3.3465,1.02174,1.87372,0.108769,1.5312,1.80663,1
1.33353,0.0166398,2.67479,0.277319,1.33979,-0.500426,0.917043,1.68561,3
0.678339,1.88516,2.95668,-0.0842426,1.60975,0.787485,-0.368,2.40546,1
1.27686,3.94353,1.97535,-0.161004,0.88273,1.00705,0.5453,1.15301,3
0.967147,0.385959,0.861673,1.76826,1.27605,0.0112017,1.19448,1.61082,3
1.47118,2.66181,1.56512,2.34451,2.34601,0.351496,1.74724,1.87842,1
0.918161,1.15221,2.57414,1.84191,1.97981,1.04555,0.90192,2.17861,1
1.46989,3.99906,2.41087,3.24836,1.92338,0.505941,-0.267384,-0.0815036,-0
1.54165,1.95115,1.51089,1.74834,1.12792,0.513588,1.44941,0.73354,1
0.241521,1.3219,2.85267,0.566204,0.300871,0.0140091,1.54457,1.9915,1
1.77119,1.01639,0.0579231,2.28388,1.64975,-0.391194,0.505938,0.0537505,0
2.12911,0.87143,1.54399,2.42246,0.833535,0.531174,1.07409,1.7467,1
1.09777,-0.758811,1.63185,1.85473,1.05379,1.00106,2.0532,2.62021,1
1.01398,1.33722,-0.136135,1.65352,-0.406041,0.587576,0.597836,1.17195,1
-0.0452294,2.74395,1.26858,0.665495,0.641437,-0.0119614,1.44629,0.898483,1
0.400666,0.179322,0.384806,0.957256,2.33125,0.339507,2.18518,0.984963,3
1.82021,1.01945,0.117587,0.759057,1.23969,0.451189,1.08066,-0.00347539,-0
2.03384,0.683913,0.241977,0.371029,0.535794,0.155762,0.0841102,-0.038557,-0
-0.0663865,1.63775,3.1628,2.70207,1.22652,1.22059,0.0234692,2.17566,1
0.882834,0.782693,0.634705,3.10214,0.965605,0.602172,1.75215,2.44263,1
2.14451,3.37669,1.61967,0.135708,0.832867,0.168378,0.94503,1.58399,1
0.78269,0.202631,2.70529,0.408536,-0.160054,1.16014,1.73457,1.62685,3
0.432111,2.98161,0.436648,0.3981,2.51494,1.59917,0.222818,1.33009,1
2.45785,0.473842,2.11018,1.22916,0.352087,0.311385,1.89017,1.73541,1
1.92625,2.12672,1.02426,2.55234,-0.259629,0.950845,0.661307,-0.0895808,-0
1.36747,1.52514,2.19426,2.78822,1.00022,0.336189,0.911313,1.22127,3
1.54356,-0.209358,1.91121,-0.369532,1.47502,0.35671,1.9944,2.02094,1
0.856352,0.826852,0.0504888,2.08996,0.727871,0.813256,0.786817,2.15805,1
0.301394,1.68235,2.20785,1.75679,-0.429572,1.41526,1.21277,1.80155,1
0.589598,0.874596,0.42115,-0.241162,0.613127,0.0246613,0.90248,1.22923,3
0.997044,3.99167,2.16741,3.34588,1.18069,0.486583,0.240238,-0.138897,0
1.18766,0.823034,0.714456,0.786648,0.640655,-0.364309,0.41181,1.59212,1
1.18284,0.433874,-0.00513227,0.568354,0.380515,0.443757,0.384424,0.596912,1
1.91306,0.150961,2.86443,0.978686,0.891555,0.857357,1.43283,2.3675,3
1.16794,-0.180998,0.37069,2.45787,2.28407,0.496477,2.0184,0.997407,3
1.27302,1.71761,2.0374,1.40705,0.255979,-0.00691335,1.03205,1.31529,1
1.1395,1.15452,2.99922,0.712628,1.4834,0.759095,1.5187,0.0236305,0
1.58631,3.66878,1.88082,2.49693,0.602698,0.666386,-0.0462223,2.11027,3
1.26156,2.58525,3.09953,0.840465,1.23027,-0.0718733,-0.14461,1.71742,1
2.44237,0.0620489,-0.157519,1.55268,0.725199,0.903123,0.793714,1.68918,1
0.519947,-0.138996,0.380635,-0.31756,0.0325986,0.980582,0.89193,1.36196,3
-0.124383,0.551339,0.324322,1.23715,-0.503773,0.483299,0.0725339,1.98157,1
-0.152201,4.0642,1.0964,2.47671,1.39122,1.62033,1.26531,1.70864,3
0.29659,3.73881,1.59393,0.0648638,0.739228,1.3778,1.06565,1.18084,3
1.46863,0.18426,2.15276,1.14088,2.20016,0.615672,0.119935,1.66626,1
0.244899,2.45248,0.627851,1.51054,0.30608,-0.0440067,1.23411,1.24316,1
0.806963,1.04976,2.42029,2.95434,1.43108,-0.246355,1.81658,2.09485,1
0.0752252,0.512482,2.21039,-0.237052,0.905699,0.413813,0.858864,1.05735,3
1.58964,2.06895,2.69066,-0.0653627,0.493966,0.527253,-0.144502,2.28059,4
0.00313728,0.319378,0.11275,0.0328682,2.06219,0.212485,-0.0926663,-0.124705,-0
1.2741,0.711497,1.91371,1.52895,-0.251682,0.37982,1.84058,1.54714,1
0.266286,4.22803,2.41537,0.861623,2.39914,0.879206,1.98823,1.69575,3
2.14022,3.73302,1.92994,0.689987,0.0551389,0.524582,0.193452,1.24654,3
0.937777,0.142258,1.97685,-0.0893996,1.33071,0.214577,1.33797,2.28413,3
2.02684,0.600186,0.551009,2.81977,0.510296,-0.237034,0.673967,1.20707,1
0.345922,3.04795,0.058962,1.01623,0.186172,-0.0545208,1.29294,-0.0610691,0
1.67423,0.319504,0.884369,1.26801,0.672217,-0.133774,0.126414,1.62084,1
1.70317,2.04864,1.28497,2.84268,0.0260645,-0.130295,0.0708846,1.98678,4
2.06982,1.37705,3.21955,1.36704,0.115687,0.577982,1.53357,1.76806,1
1.17781,0.831768,2.62484,0.2557,1.00225,-0.0205462,0.497556,-0.136863,-0
0.75407,2.14617,2.36331,0.482224,1.96782,0.603315,1.67162,-0.0641369,0
0.552741,3.08526,2.85359,1.31516,0.890603,1.05992,0.772121,2.50594,1
1.04696,3.62893,2.79094,1.14409,1.40793,0.288959,0.513918,2.01177,1
0.0553824,2.48599,2.99225,-0.0332237,1.54677,0.406723,0.681888,1.0273,1
0.869242,0.676656,3.35116,1.6201,0.45297,-0.361376,1.42208,1.1957,3
1.25081,2.8656,0.067141,1.14786,1.15273,-0.0220522,2.26136,0.0355135,-0
0.348239,0.541883,0.815729,2.77288,1.03159,0.996053,1.45734,0.789164,3
0.0472365,1.95306,0.602458,0.198107,1.45448,1.05095,-0.332026,0.995708,3
0.75644,1.02785,0.80055,0.470605,0.00348114,-0.276413,1.79399,2.1094,4
0.883753,3.51764,1.02065,2.03326,-0.330938,1.27221,0.380449,1.95873,1
0.534068,0.973664,1.03897,-0.0459422,1.47523,-0.0034495,2.1362,-0.0740813,0
1.56371,2.2005,2.51479,0.0702495,2.10939,1.2058,0.735734,-0.0656316,-0
0.882994,2.99258,1.43984,2.37363,1.86312,1.50477,1.6915,-0.162362,-0
1.69492,1.66453,2.56327,0.436036,2.21567,1.20004,1.55221,1.30446,1
1.18865,0.147918,2.00188,-0.0893513,2.02207,0.67682,0.290281,1.34809,1
1.32649,3.50315,1.41545,2.15515,0.735789,0.662764,0.718993,1.71497,1
0.288189,0.413664,1.84415,1.72151,0.13506,0.210315,0.0219676,1.53015,1
2.02517,2.94028,2.10216,2.04766,0.714176,0.521795,1.11731,2.3401,4
0.120957,1.89401,-0.335881,3.1146,-0.241759,-0.106149,1.70583,1.51683,1
1.88337,-0.0633108,1.16865,0.360323,0.223059,1.0974,1.09039,0.992008,1
1.8228,3.78874,3.24659,0.548183,0.404137,1.1328,1.21363,0.961607,1
2.3292,2.04059,0.964577,2.43915,0.779201,0.95179,1.0827,0.0030904,-0
0.573713,0.740896,0.295123,0.654778,0.00392499,0.335445,0.037982,1.4715,1
-0.0234162,0.972665,1.11587,1.78072,1.06756,0.513662,2.42506,0.880407,3
-0.0627653,4.11227,-0.34264,1.52857,0.827617,0.468756,1.96278,1.46168,3
0.821427,3.84375,0.786553,2.65407,1.73038,0.203206,0.379244,-0.0181982,0
0.564818,3.5382,-0.177033,2.64881,1.09363,0.0505668,0.377782,0.919122,3
0.72124,0.0793308,0.709065,0.159892,1.77652,1.34892,1.27708,1.93177,3
-0.155764,-0.122243,0.752363,2.04786,1.42149,0.757117,1.55942,1.41057,3
2.02143,2.0413,1.88288,1.7789,0.779976,0.757749,0.859891,-0.0914467,-0
2.3643,0.5045,1.61085,2.92672,0.60358,0.39988,1.30985,0.803963,1
-0.180154,0.430236,3.23405,2.29587,1.52746,1.06298,1.39869,0.732297,3
1.11756,1.09426,1.78351,1.10021,0.216893,-0.169787,0.785145,1.28794,1
1.34011,0.246849,3.35036,-0.120786,0.692222,0.429432,1.1324,1.97358,1
0.457708,0.0845498,2.84899,2.41506,2.29785,0.41915,-0.115284,2.09019,1
0.0565634,0.224443,2.42973,2.25712,1.55538,-0.162213,-0.0593173,1.58752,1
1.68398,1.58354,1.33168,2.81396,0.723453,0.738394,1.5716,1.93099,1
1.77816,0.347509,1.64566,-0.306891,0.849338,0.808728,-0.12773,1.43596,1
2.26399,1.84818,0.968328,3.13914,1.81381,0.233012,1.38933,1.94354,1
0.281211,2.46787,0.474266,1.74229,1.46154,-0.246079,0.315131,1.19522,3
0.0291982,3.94559,-0.223447,1.25664,0.650892,0.234319,0.533083,2.21541,1
1.71596,3.0949,0.994736,0.799978,0.518401,0.605737,0.481435,1.75829,3
0.522276,1.49313,3.39952,2.92315,0.802711,0.993413,1.28226,-0.145809,-0
-0.0986643,3.28061,0.714447,0.470575,2.1424,0.563975,0.842958,1.35017,3
1.10425,2.83107,0.633564,2.63296,1.89086,1.27373,-0.171493,1.51884,1
2.36978,3.73962,0.651,1.48589,-0.251271,0.548051,1.78851,1.39578,4
0.291474,0.898632,1.90644,1.55515,1.83212,0.945301,0.654825,1.98688,1
1.60503,2.28347,-0.209175,3.49901,1.11149,0.818348,0.387849,0.997112,1
1.56029,0.259246,2.30443,-0.0693458,0.00732068,1.03009,0.919892,2.04142,4
1.12844,0.135362,0.706988,0.189839,1.64197,1.16984,-0.341388,1.75571,3
1.1375,1.23892,1.58425,0.516423,2.73227,0.802233,1.61595,1.62366,1
1.90756,0.483921,1.73508,0.00585863,1.79661,-0.0455095,1.30053,2.08601,1
0.599223,0.693416,0.67403,0.39049,0.937914,-0.415783,2.20071,1.0482,1
1.39484,3.79772,2.9562,1.18083,-0.126065,0.83345,1.68917,1.45952,3
0.907134,2.57564,0.472476,2.2737,1.29324,-0.149988,1.28915,2.20884,3
0.251225,3.55497,1.34965,1.2235,1.50412,1.17333,1.16419,1.62114,3
0.749519,1.97524,0.183218,1.35196,1.69038,1.84169,1.32372,0.964573,3
0.339068,2.26887,2.36375,2.56119,1.26084,-0.0726872,1.46771,1.90648,1
1.97551,2.85946,0.320941,2.39794,0.514336,0.551413,0.867541,0.520633,1
1.92376,3.66988,0.868843,0.416986,2.35452,0.601831,0.745406,2.3048,1
1.13191,1.5864,3.1025,0.560681,1.05908,-0.0647553,1.85785,1.28018,3
1.91267,0.839983,3.02486,0.568942,0.195315,-0.12605,0.988001,2.35185,4
1.12283,3.25318,3.52433,0.117308,0.24243,0.477102,1.06624,2.02864,1
1.67746,1.29191,1.25583,2.87208,1.9612,-0.178622,0.277873,1.6481,1
2.23657,1.02756,1.08409,0.191749,0.770103,0.495587,0.35262,1.52951,4
2.07124,-0.10791,0.4733,1.30519,1.73985,0.610532,0.799973,0.461542,1
1.81455,3.04789,2.71689,0.202423,0.562898,0.0681238,0.389422,1.43827,1
0.382142,0.747786,-0.159323,0.556409,1.40659,0.51524,1.29323,1.80859,1
0.844276,3.66882,2.74613,1.57519,1.03618,-0.0223137,0.0645142,0.825477,3
0.277664,0.131488,2.47181,2.39412,0.764179,0.888642,0.518736,1.95279,3
0.802227,0.690353,-0.267953,2.4884,-0.201898,0.0513599,1.30635,1.58354,3
0.912232,3.45787,2.21639,0.716707,1.24504,0.616302,1.12475,2.18271,3
2.39806,2.54845,1.34815,0.088612,0.743022,0.171601,1.462,0.431044,1
0.0843369,2.64048,3.18842,0.503307,0.843601,0.828917,1.01047,1.20311,1
-0.0643874,2.96213,2.9254,1.61063,1.85547,0.633162,1.27843,0.867665,3
1.65038,-0.10084,2.77429,-0.12923,-0.0842209,0.304607,-0.0302037,0.504308,1
1.35411,3.32967,-0.1283,2.79801,1.28424,0.483627,-0.12507,1.44331,1
1.62027,1.59299,2.53478,2.16959,0.583308,0.211419,0.0436331,1.42459,1
0.72122,0.426714,0.908259,1.97525,0.909578,-0.193746,1.00613,1.81832,1
1.63555,1.84971,3.31525,2.63687,0.561313,0.936542,1.32817,1.97704,1
0.382085,3.3719,0.885218,3.3499,0.40746,-0.104718,1.62201,-0.0430852,0
0.327887,-0.477214,1.68023,2.03926,0.769148,1.45519,-0.475352,-0.246526,0
0.923416,1.25675,2.6151,0.295998,0.728449,0.15553,1.71258,-0.155922,-0
1.51014,1.97157,2.37459,2.39275,0.694829,0.626588,0.460043,1.83407,1
1.55274,3.17852,0.485142,0.645443,2.1844,1.61712,1.53247,0.718437,1
1.61414,3.85385,-0.142374,-0.023589,1.28447,0.0425336,-0.0898449,1.28341,1
0.357741,-0.0606246,1.76328,0.151141,1.52469,0.26542,1.92978,2.79472,4
1.41554,1.29852,1.0076,2.29258,1.56221,0.263132,0.840471,2.21049,1
0.352397,0.912528,-0.0310203,0.375658,0.283761,0.305398,2.23547,0.335929,1
2.02357,0.543906,2.07535,0.731779,1.96445,0.728341,1.73328,-0.0551026,-0
1.34304,0.133255,3.09284,0.744519,0.200033,0.625183,1.4757,1.9195,3
1.50546,1.43681,0.229468,1.13107,2.55763,0.0184459,1.0785,-0.0250436,0
0.308176,0.197957,0.651732,2.74851,0.168762,0.0408927,0.575473,1.48201,3
2.3871,1.91776,2.10188,0.400605,1.03137,1.49022,0.0698745,1.79338,1
1.29133,0.452756,0.858697,0.22211,1.29971,0.926961,1.48213,0.973028,1
1.45733,0.662493,-0.193833,1.26146,2.11516,0.126669,1.42379,2.06228,1
1.74572,2.5928,0.218476,0.297599,-0.241688,0.524052,0.964977,1.20076,1
1.55595,1.93924,0.404724,2.44196,0.0822355,1.2696,-0.342108,2.27781,1
1.70238,0.875705,0.513224,2.79703,2.11014,-0.0182378,1.83434,1.35575,1
0.488687,2.9797,0.140638,2.19438,0.641276,-0.495015,0.444035,1.44344,1
0.452591,2.92724,1.89729,1.78165,0.835412,-0.118885,0.923963,1.88753,1
0.709759,0.902148,0.0875848,-0.239177,1.46436,0.710284,0.595091,0.932236,3
0.316035,4.16491,0.0856833,1.25384,1.41733,1.35897,1.34488,0.0313873,-0
-0.235663,1.31823,0.188981,0.156433,2.18586,0.846191,1.07291,-0.130119,-0
0.190548,1.69012,3.29191,1.03459,1.1315,1.20701,0.711145,-0.085448,-0
1.49769,3.81798,0.0182254,1.4736,2.20417,-0.102791,-0.0970255,-0.0690372,0
1.01443,3.84213,0.486231,-0.381841,0.704657,0.647836,1.55432,1.81941,4
1.92586,3.60745,0.124678,2.77057,0.497872,1.04221,1.87754,0.00468767,-0
1.05896,3.62936,2.46534,3.09055,0.639788,1.3498,1.47454,2.0282,3
0.44139,0.73619,0.323345,1.60706,0.73677,0.711425,1.41776,1.9962,1
0.300879,0.974228,0.118239,1.24591,0.540507,1.4971,1.88736,-0.111261,-0
1.15898,3.57067,2.80887,1.71555,0.93835,0.953154,0.8807,1.51304,3
0.612558,0.731151,1.12591,0.898538,-0.859771,0.88746,1.39732,1.07659,3
0.913572,3.40635,0.0997121,3.09669,-0.103814,1.16385,1.18003,-0.1389,-0
-0.0989056,-0.0231626,-0.187768,-0.267015,-0.485478,0.898433,1.14765,0.495213,1
0.360841,-0.482357,0.0376115,1.14381,1.36599,-0.165371,2.35747,2.11285,1
-0.191185,2.83701,1.37896,3.03368,0.125946,0.909895,0.80649,0.171302,0
0.0734703,3.81123,2.67534,2.30052,0.718202,0.174032,1.69085,2.25002,3
1.51698,0.109168,2.73703,2.41372,0.335408,0.477897,0.200057,-0.0343104,-0
1.82042,1.69039,0.35927,0.0818356,1.78286,1.09957,0.588537,-0.00671751,-0
1.485,0.207206,-0.134872,0.207656,1.81032,0.188725,1.62952,-0.194947,-0
2.35324,1.16799,3.47972,1.14927,0.509769,0.499619,1.81388,1.73776,1
0.344331,0.214515,0.395365,1.20544,-0.0888516,0.536324,-0.247607,-0.123906,0
1.30449,1.13305,2.88725,2.17453,0.111154,0.420673,-0.0468528,1.66268,1
1.23165,3.72349,2.39785,2.95289,1.61254,0.328775,0.802656,1.41105,3
1.51737,3.06517,3.04596,1.49961,1.35911,0.560343,1.59766,0.91409,1
0.167706,2.527,1.24558,0.435182,0.555274,0.620151,0.990467,-0.13658,-0
2.06056,1.90506,3.09662,1.31452,2.21698,0.939125,0.731996,-0.0677717,0
1.74218,0.348563,0.720542,1.21117,1.83331,0.249267,1.99581,-0.088848,0
0.249025,2.23959,0.460102,0.350082,2.49594,0.601401,0.157917,0.650053,1
0.078887,0.736136,2.23206,2.03383,2.04612,-0.242072,0.542194,1.26528,3
-0.348696,1.5659,1.4764,2.44075,0.69388,1.07213,1.59463,-0.058067,-0
0.406295,3.61632,1.49777,3.32174,0.478706,1.24173,0.108942,1.01529,3
1.49911,1.04187,-0.0166502,2.40142,2.39722,0.901242,-0.0166096,1.93423,1
0.341241,-0.114525,0.528607,1.4121,-0.10478,0.460197,0.00360442,1.11603,3
0.30497,-0.0558743,0.820805,-0.0596382,1.35196,1.23105,-0.349733,-0.146344,-0
1.63279,0.222856,1.46977,0.63441,2.2924,-0.554943,0.381673,0.887293,1
1.75103,2.96253,-0.110446,2.4207,1.35186,0.0562945,0.873126,1.36157,4
0.921578,0.198034,3.17268,1.65507,1.715,1.27595,2.20543,1.98782,3
0.379106,0.0104736,-0.119492,-0.286461,1.69749,0.783117,1.27537,1.78367,1
0.935081,1.09361,2.038,0.84483,2.02327,0.610134,1.95879,2.19177,3
0.675527,2.48333,1.40567,2.07979,0.485968,-0.128765,0.910347,1.51819,1
0.791597,1.14224,1.9899,1.53644,-0.464595,0.237832,-0.384535,1.23803,3
1.38533,0.833947,2.98908,0.573491,0.370769,0.51641,0.952937,1.82975,3
1.34929,3.03994,3.22475,2.76495,0.347307,-0.0664133,0.157906,-0.0252226,0
0.548197,2.55101,-0.0389936,0.323628,1.93149,0.35247,-0.0869854,0.533922,1
2.35958,2.72866,2.08433,1.07103,-0.226634,0.0131762,0.20911,1.08741,1
1.57596,2.59629,1.29172,2.24773,0.649179,0.0325032,1.07903,2.1605,1
1.82732,3.04525,0.144512,0.501858,1.50156,0.822643,-0.164184,-0.078588,-0
1.78871,1.91477,3.32868,0.00370643,0.777315,0.294992,0.998428,1.94693,1
0.816053,1.81748,0.387858,2.92487,1.06831,0.192456,1.50981,1.66218,1
0.861598,2.25553,0.0810349,0.098623,2.16283,0.499683,1.07686,-0.0851375,-0
1.45962,-0.0732935,1.90751,0.803918,1.21087,-0.328598,1.35404,0.0280329,-0
0.226775,3.35195,0.462926,1.80662,0.468169,1.26972,2.52202,1.94003,3
1.1237,3.89788,0.817431,2.93562,1.65154,0.753821,1.32423,0.94345,3
1.97969,0.22838,2.34703,1.29765,2.1032,0.969037,0.0414142,2.22359,1
0.240402,4.04717,2.89184,-0.186411,1.91792,0.248676,0.69213,-0.029968,-0
0.97541,3.58951,-0.261965,2.75232,0.149891,0.488565,1.46887,1.32333,3
0.700499,2.09549,2.5809,1.92904,1.36149,0.818981,2.01246,1.40199,3
0.264727,0.864096,0.016799,1.30848,0.365898,-0.708971,0.486788,1.2724,3
1.18039,3.05345,0.439078,1.61201,2.14071,-0.252462,-0.294566,0.89098,1
0.87674,-0.0516032,0.203901,-0.495479,1.2281,1.00472,1.14974,1.14143,3
1.56164,3.30167,0.207163,3.32038,0.758357,1.46578,0.851366,1.38963,1
2.16506,-0.0966831,-0.0553918,1.34173,1.85683,0.722884,0.0365254,-0.145081,0
-0.282155,1.04218,0.454416,3.13338,0.155865,0.823142,0.186196,1.25597,3
1.00305,3.49852,0.595305,0.922614,0.421145,0.0478386,0.103768,-0.123736,0
1.19206,1.94522,0.0576242,2.71231,1.7894,-0.646459,1.89429,-0.0674352,-0
1.696,3.86606,0.349618,1.44823,0.333392,0.493524,0.906537,1.77404,3
2.08544,2.79196,1.02341,2.97136,0.457767,-0.0265614,-0.172801,1.39948,1
0.432792,0.445876,0.608324,2.88736,0.774603,0.443486,0.988864,-0.0543716,-0
0.421998,3.07385,2.25205,1.30536,-0.167801,0.52724,0.0608298,1.55749,3
1.46841,2.28547,3.22765,2.13198,0.853542,0.39965,1.29281,1.77019,1
0.865575,1.1674,1.48662,2.64279,1.6784,0.891089,-0.158736,0.82711,3
1.79089,1.13838,1.7194,1.04202,1.26785,1.30493,0.292093,-0.130087,-0
1.93723,2.48285,0.0666202,2.47005,2.45243,1.27464,0.815467,1.92726,1
0.542279,2.78562,1.5323,1.62773,1.46622,0.682456,2.72668,0.711419,3
0.336323,3.98772,0.840562,1.16387,1.48613,0.527411,-0.177059,0.801592,3
1.2891,3.43345,0.253186,1.12942,2.73365,0.0285825,1.44433,1.94443,1
0.416081,0.99837,-0.0816995,2.84382,2.30493,0.11529,2.0562,1.93858,1
1.45797,-0.199701,1.48142,1.475,0.446086,0.733039,-0.568168,1.05417,1
2.04951,3.84959,2.35433,2.99428,1.06738,-0.018892,1.00742,1.74251,3
2.04849,0.593202,3.4235,1.85596,1.06831,0.68057,2.13669,1.00154,1
1.05529,0.682716,2.30339,1.7232,0.624427,1.35522,-0.482143,-0.148722,-0
1.8152,2.34324,0.304552,1.06054,2.50004,0.647063,1.50209,1.64068,1
-0.142529,3.49347,3.73137,2.7587,1.09487,1.12805,0.583421,1.96368,3
2.0635,0.712059,2.56909,1.34593,1.91104,0.994065,1.48545,1.59766,1
0.996897,2.26846,2.61913,0.157433,1.14751,0.149624,1.14407,1.62905,1
0.302453,3.69859,2.2408,0.40475,2.23387,0.760526,0.373833,1.44115,3
-0.0397215,2.70587,1.53539,2.5693,1.70683,0.749151,0.650452,-0.146459,-0
1.62656,1.6028,2.1854,0.377114,0.0958459,-0.32899,2.00927,0.628382,1
-0.0760797,3.6981,0.0850842,0.036527,0.712583,0.256753,1.21924,1.15955,1
0.905186,4.12034,2.93049,1.94573,2.0548,0.924393,2.16039,0.0684334,0
1.98068,0.649835,2.8198,2.48558,1.072,0.929432,1.22428,1.82231,1
1.5817,2.87137,2.05584,2.35172,1.69511,-0.154324,0.615445,0.912995,3
2.01043,0.139799,0.0847474,0.614491,0.403001,0.0880697,-0.0744874,-0.0738958,-0
1.45081,3.03792,0.638543,2.67346,2.00416,0.69067,-0.13527,1.72407,1
0.547809,-0.234128,1.68064,0.66299,0.834292,0.125961,1.87536,1.2,3
1.8749,3.84343,1.7614,0.897244,2.06148,0.113522,0.552147,-0.00475703,-0
0.597426,2.92208,3.16549,2.64468,0.851152,0.0905915,0.604847,1.85728,1
1.53269,3.43557,-0.179199,2.44514,0.71129,-0.0562269,0.42951,0.0497453,0
-0.00927622,3.81845,2.56936,2.50876,0.137679,0.568163,1.03876,1.07647,3
2.06333,0.719484,0.503125,0.758446,1.88026,0.46986,1.20814,0.88214,1
-0.457426,2.92104,0.0742593,0.0799401,1.22787,0.114751,1.48526,2.14488,1
-0.401146,0.31664,0.442431,2.44558,0.866345,0.455175,1.39813,2.15871,3
1.16069,1.87374,1.20989,-0.0363515,0.536032,0.266047,1.63962,1.80554,4
1.94233,3.72135,1.0931,0.233218,0.605709,0.716269,0.321205,2.1064,4
1.08616,1.59038,-0.00531077,0.632191,-0.0378422,0.0955503,0.027983,1.19346,1
0.928185,-0.243731,0.804706,1.09004,1.09957,-0.604598,-0.103943,1.79841,3
1.68556,0.102395,2.55253,0.666032,1.80929,0.396688,1.25496,-0.0491794,0
1.39089,2.93229,1.29152,0.765361,0.213984,0.834808,-0.301066,-0.0622183,-0
1.14657,3.91294,0.389825,1.11194,1.90887,0.744197,2.41533,1.377,3
1.16869,2.91917,2.32965,1.92194,2.28523,0.69899,-0.0889009,1.45744,1
-0.0400835,2.81439,0.0492806,2.03066,0.61224,0.0831219,-3.836e-05,-0.15022,-0
-0.169877,1.28051,1.19059,0.352235,2.38425,-0.0238741,0.361618,1.70335,1
0.187316,3.16445,2.81871,0.997458,0.873733,1.38986,1.5213,1.54921,3
2.24835,1.12142,0.0775699,2.69546,0.319629,0.206127,1.86553,2.05506,1
0.100632,3.29593,0.478899,3.00181,2.43565,0.154506,1.83936,2.34024,1
1.94799,2.86308,1.75904,0.149163,1.99386,0.746529,-0.368901,1.79543,1
2.08522,1.22232,3.33684,2.86301,0.647474,0.298711,1.9206,0.482398,1
0.528669,2.55818,-0.316437,2.73221,1.35266,-0.208135,1.83006,1.62275,1
0.431304,2.54901,0.936315,2.84525,1.04371,0.0491552,-0.362846,2.22082,1
1.35283,-0.0021691,-0.00471697,1.39933,-0.280605,1.13112,1.47408,1.03164,3
2.08318,-0.144804,0.228989,-0.268618,0.998298,0.607386,0.653945,1.19017,1
2.23725,-0.238305,2.6552,2.6915,0.340146,0.196356,-0.168378,-0.0305388,0
2.14746,3.62478,0.281945,1.2932,1.93093,0.089402,1.18886,1.35844,3
1.28649,0.587185,1.27951,1.04401,1.88178,0.649806,-0.209526,-0.05917,-0
0.931323,3.69758,0.229461,1.82442,0.409016,0.495982,-0.288021,2.28125,1
2.03966,-0.0654296,3.10001,2.85139,1.48292,1.47725,1.45308,1.78547,1
0.909124,2.73425,1.92054,1.06091,0.909711,1.5333,0.719406,1.21547,1
1.70697,3.78462,0.746684,2.12046,1.25307,0.246161,1.13937,1.93907,3
1.22097,1.84631,2.86273,1.89401,0.890786,-0.304435,0.162654,-0.0788643,-0
0.715286,3.39626,-0.0576904,0.314522,1.78171,0.595786,2.13143,1.01577,1
1.80899,3.59747,1.81215,1.06562,1.89931,-0.294194,0.108691,1.24243,3
1.15256,3.73715,0.151724,1.21784,1.40174,0.0690736,1.95124,0.696658,3
1.63095,-0.432279,0.905588,2.67644,0.926035,0.202434,-0.151258,2.11177,1
1.81278,2.57044,0.443611,0.542805,0.940608,-0.158485,0.287484,1.53789,3
0.0355034,0.0575552,0.629492,2.57345,0.423891,0.29351,2.26378,1.26994,3
0.066212,3.30615,1.59494,1.38097,0.956733,0.33463,0.951595,2.14464,3
-0.275941,-0.157513,0.761813,2.59012,1.69274,-0.122837,0.762052,-0.201978,-0
0.0278917,1.08475,2.56473,2.63702,0.909146,0.88874,2.52861,0.459469,3
0.131724,3.93856,2.12897,1.86005,0.559157,0.340488,-0.206122,0.920997,3
0.349499,2.4507,0.476603,1.47105,0.40583,0.29327,0.201937,-0.137967,-0
1.91105,0.488887,-0.0230888,2.96828,0.825461,0.444213,1.91175,0.0287604,-0
1.94155,2.3964,1.79175,3.03659,1.10125,0.95481,1.46656,2.444,4
1.81465,0.00955032,2.72882,0.032374,2.31952,-0.352627,1.05326,0.0122846,0
0.781348,0.45616,1.83822,-0.282999,0.0590969,0.630733,1.40967,2.09093,4
1.43999,1.9988,0.107154,1.07417,1.64258,-0.139219,1.25729,-0.0770023,-0
0.807259,1.02731,-0.0995582,2.44525,0.802417,0.086949,0.324528,1.9058,1
1.68451,0.61947,0.0357732,0.792212,0.569278,-0.295405,0.764384,-0.200384,-0
0.440169,3.49546,2.88664,0.437522,0.927293,0.683979,1.74983,1.11412,3
0.08736,1.52641,2.93294,0.0656688,-0.338507,0.685825,1.35941,1.39547,1
0.904292,1.84857,2.30473,2.19006,-0.029426,-0.0758976,0.119673,1.41788,1
0.632113,2.79739,2.20186,2.11495,0.224111,0.1796,1.68809,1.88807,1
2.12991,-0.258712,0.670331,1.40664,2.09018,0.421485,1.99531,2.07757,1
1.39079,0.0954675,-0.0469127,0.121541,2.64562,0.225352,0.148164,1.16096,1
0.628778,3.6144,0.438768,1.27902,1.34723,-0.318579,1.20059,1.26351,3
0.555335,2.99071,0.544875,0.179265,0.308313,0.0102087,1.57249,-0.124819,-0
0.152784,0.889704,1.33102,0.690814,2.37638,0.185445,0.802664,0.902841,3
0.88099,2.85521,1.19174,2.30335,1.85981,0.0268454,0.0437831,1.12237,1
2.39328,3.47943,1.1671,2.8267,0.253647,-0.0254545,-0.232934,2.18228,1
1.23952,0.00311377,1.20137,1.32993,0.31898,1.09378,0.361863,1.73734,1
0.847185,0.301974,1.60452,1.14374,2.13375,0.934104,0.0464639,1.83959,1
-0.34472,3.75135,2.56977,0.0129423,0.451421,0.527514,0.17667,-0.131587,-0
0.60213,-0.403711,2.43598,2.55919,1.87915,-0.406818,0.677716,1.61627,3
1.5209,3.12177,2.92627,0.122106,1.34796,0.127564,0.737137,1.44402,1
2.22247,0.496711,1.1968,1.56503,1.67216,0.123564,0.415312,1.9332,1
1.66678,0.267842,0.608835,0.853508,0.508813,0.302346,1.71499,-0.14792,0
-0.0835841,-0.29405,-0.0844362,3.05666,1.10057,0.570742,0.863534,-0.25202,-0
1.7311,0.370408,2.20513,2.31168,2.06861,0.48227,0.194573,2.07124,1
-0.00287633,1.18097,1.41356,0.83636,0.337578,1.37797,1.07783,1.88047,1
0.287898,-0.0496893,1.23362,2.45766,1.07197,0.112248,2.03359,1.63145,3
0.299566,-0.253399,0.895974,0.228325,1.56247,-0.237225,0.938929,0.973803,3
0.502731,0.490175,2.72112,0.642806,2.21127,0.912843,0.555712,1.37599,3
0.102434,1.06785,2.13973,0.0794039,-0.0136617,0.959309,1.35424,2.28912,1
0.609816,2.47943,2.86974,-0.231227,0.375305,0.358442,0.447533,1.36881,3
1.94812,0.523724,1.13078,-0.0433001,1.29049,0.446115,1.72691,1.70945,1
0.659508,-0.286533,3.69945,3.24476,0.695508,1.23658,0.803539,1.17398,3
1.88885,1.98928,3.19661,2.78265,1.96034,-0.052956,1.2248,-0.0209184,0
2.17492,-0.444914,-0.280622,2.1677,2.03827,1.73126,1.75331,1.65677,1
1.01656,3.47201,1.1033,0.574516,0.694491,0.86276,0.953614,-0.0394665,-0
0.106096,1.40511,2.60773,0.0700935,-0.0666683,0.997913,0.35104,1.83239,1
2.52626,3.7497,1.4669,2.0391,2.41016,1.34056,1.09589,1.74612,3
0.403772,3.24693,1.17442,-0.1161,1.18247,0.630715,1.13358,-0.0302868,-0
0.90952,3.7375,0.377379,2.2985,2.02736,0.277952,0.440646,1.10932,3
0.729993,0.780179,1.65793,-0.374988,0.35725,1.00804,1.47332,1.66995,1
0.18036,-0.070911,0.927722,-0.0984825,1.82979,0.562469,0.552578,1.61943,3
1.36139,2.89897,-0.0201268,2.9194,0.60154,0.784186,-0.0789385,-0.104871,-0
-0.380313,1.80053,0.188067,2.48505,0.506589,0.599135,0.0542801,-0.121315,-0
1.0467,1.93233,0.55352,1.50275,1.19996,0.0719765,0.856198,1.4872,1
1.32838,2.95954,-0.124301,0.69276,0.477836,1.10259,1.21917,1.47106,1
0.758234,2.39352,2.06339,2.93247,1.95382,0.385859,0.5391,-0.0822989,-0
0.562549,1.42879,-0.108216,1.0548,0.548584,0.265369,2.38139,1.99385,4
0.644362,1.45261,3.38759,0.545733,2.15336,0.31737,0.697991,1.66253,1
1.93943,3.72841,-0.0229444,0.0311413,1.7922,-0.0388321,-0.197183,1.37071,1
1.4819,1.87018,0.345678,0.648516,0.74209,0.816409,1.56381,1.49173,1
1.53902,2.30919,-0.152623,2.24387,0.833366,0.059032,1.81154,1.37803,1
0.398145,2.16004,0.0637541,-0.0540076,0.418263,1.07732,-0.206161,1.42227,1
0.276577,2.82915,1.47904,1.42,2.16955,0.469049,1.02899,1.43595,1
2.00539,3.30607,0.612781,2.79864,0.246182,-0.00335264,0.600661,1.55199,1
2.07368,3.89291,2.76124,0.0268153,0.416573,1.19721,1.50117,1.52039,3
0.160032,3.98875,0.783308,0.95164,2.06926,0.769521,0.65063,2.04929,3
1.1559,4.34286,1.9433,1.30157,2.16973,-0.00834692,1.81908,0.0132063,-0
1.19483,1.32121,2.58204,0.900048,1.05688,-0.119576,1.91439,1.04907,4
1.69553,3.65725,1.91066,0.658316,1.2149,1.09219,-0.0770841,1.65717,3
0.368088,-0.0136928,1.88284,0.846741,0.333081,0.87993,0.942805,2.21429,1
0.415427,-0.352154,2.08222,0.451922,0.67729,0.409764,1.52265,1.82308,3
2.037,0.883866,0.661054,3.22611,1.31635,0.730456,0.0988556,-0.0854436,-0
-0.111226,2.20384,2.8947,1.80267,0.175812,-0.240517,1.44797,-0.0781483,-0
1.65713,-0.416522,2.45122,0.709007,2.04326,0.918337,1.33702,1.90429,3
0.652337,0.347428,0.144218,1.6428,1.43924,0.181198,0.130011,0.980466,1
1.98754,0.0950473,1.68478,0.0544975,2.28743,1.08796,0.297947,0.926938,1
0.93383,1.95898,0.74296,2.91584,0.654144,1.21544,-0.282338,2.03554,1
0.341438,0.0327399,3.10774,0.878546,2.36919,0.370156,1.74,0.663739,3
1.61811,2.24461,0.0430901,0.514188,1.9345,0.625723,-0.0575363,1.43534,1
0.326946,-0.35884,2.06656,2.25711,2.10241,0.508144,0.0551131,2.34374,3
2.01111,2.48853,0.908584,2.7455,1.06589,0.273193,0.541067,0.331884,1
0.952192,0.706792,0.0718376,2.47411,0.550635,0.252346,1.5594,1.97472,4
0.802072,3.75747,2.38647,0.214479,0.840826,0.52936,0.867856,1.73108,3
1.91408,-0.405564,0.106765,2.2613,0.291962,0.3083,0.100678,1.87255,1
0.83013,1.20154,0.169169,2.00044,1.26315,0.628387,1.62702,1.511,3
2.29966,-0.591456,0.879978,1.9657,0.968231,0.521805,1.89185,1.96639,1
-0.108805,1.33602,1.45424,1.01829,1.76445,-0.37831,1.40147,1.80516,3
2.11947,1.60005,0.652666,2.60555,0.517193,-0.097887,1.64241,1.21227,1
1.80995,1.24121,1.94075,-0.0100724,0.544431,0.713159,1.09154,-0.0730809,-0
0.337927,-0.124026,-0.366027,2.70329,0.225543,0.593872,-0.111237,2.17528,1
0.367269,1.07184,-0.131147,2.87496,1.05038,-0.0103078,-0.18337,1.40857,3
2.17123,1.65699,2.31296,0.567691,-0.136441,0.0386761,0.556321,1.3071,1
2.01733,-0.00471053,2.23661,2.55082,0.0296207,0.177716,1.34859,-0.0677566,0
0.942301,2.52516,2.11472,1.28839,0.711907,0.803455,1.82714,1.57892,3
1.83875,0.246354,-0.135104,1.54308,1.65021,0.328836,-0.485667,1.28493,1
2.31739,0.529233,1.82183,1.19041,1.70634,0.330844,1.64593,1.54565,1
1.72288,0.124522,2.13391,1.13918,1.14417,0.755025,0.759818,1.60012,3
1.56587,3.20545,0.466518,1.92158,0.353748,0.608369,0.952544,1.61785,1
0.64525,2.40641,0.132235,2.04928,0.546797,1.18794,0.281843,1.45186,3
2.04326,-0.0460539,0.502318,-0.00403775,0.868206,0.0221514,0.290099,1.20626,1
0.561823,3.10723,2.02677,2.98082,-0.0540715,0.585319,0.0863144,2.00044,3
1.68992,0.277334,1.37035,1.19468,1.13144,-0.230636,-0.224408,1.86966,3
1.29489,1.03449,0.529632,1.00367,2.38108,0.486529,1.55782,1.9238,1
1.28949,2.87409,0.991353,2.8664,0.650279,0.148686,0.937834,2.18682,1
1.85913,0.189016,0.539567,1.336,1.40629,-0.243999,0.119314,1.92021,3
-0.250569,0.150548,0.985272,0.589481,2.08442,0.450204,1.42097,0.809865,3
1.23264,1.75703,1.95625,2.8961,2.0544,-0.399752,1.93767,1.40799,1
0.883371,3.67018,0.670367,3.23781,1.09211,0.726007,1.45916,-0.132501,-0
-0.0380565,1.14449,1.69705,1.40266,0.708417,0.655334,1.28215,1.11873,3
0.424011,2.41025,0.167133,0.717696,2.52713,0.758291,1.15018,1.57636,1
-0.187864,2.09778,2.64722,2.21508,0.0535548,0.129308,2.15843,0.677724,1
0.0665481,1.93754,-0.114264,2.58934,1.41229,0.73131,1.65161,0.844683,3
1.45529,0.440493,0.574538,2.46025,1.43264,0.668953,-0.157425,1.03887,1
0.793207,1.59066,0.342545,0.782275,1.24006,-0.234869,1.61822,2.03925,4
1.00316,1.31155,-0.198857,1.05733,2.40049,0.857312,1.62384,1.33697,3
1.61641,2.95246,3.30988,2.38317,-0.0865504,-0.356941,0.298416,1.63335,1
2.34469,2.14285,1.2983,2.82094,0.422823,0.487095,1.77624,0.356209,1
0.735264,3.78238,2.59118,2.62738,1.62839,0.349485,1.0049,-0.0242381,-0
0.747032,-0.329118,0.294388,0.829455,0.950003,-0.494033,0.0467431,-0.242344,-0
0.156711,3.92318,0.403712,2.18876,0.478141,0.750784,2.41703,1.58039,3
0.692649,1.89524,0.410058,2.78954,0.199716,0.913432,0.18493,1.67497,3
1.42827,0.954906,-0.024357,0.530341,0.228347,0.128957,0.248205,-0.142703,-0
2.26647,3.45905,0.901099,1.91846,0.220435,0.663446,0.0123497,-0.00308767,-0
1.69645,1.23385,0.193926,-0.0234002,0.795365,0.449813,0.276233,-0.107636,-0
0.556558,1.62677,0.961342,-0.0188788,1.90623,0.165164,0.114916,-0.0613775,-0
1.07745,3.04497,0.30004,2.48535,1.7106,0.558956,0.955391,1.18258,1
2.31221,2.45512,0.2673,1.88751,1.04461,0.392437,1.40584,1.57847,1
0.539093,2.70948,0.696556,0.598617,1.4602,1.38682,0.102717,0.897107,1
0.177112,2.40503,2.12647,1.21869,2.42688,0.633252,0.270498,0.377823,1
0.549858,3.76831,2.72428,0.337246,-0.124628,-0.020232,1.85142,1.74571,1
1.34168,0.325635,0.159152,2.27636,1.00798,0.783518,0.532227,1.0872,1
1.4734,-0.131075,2.48695,2.71394,1.49348,0.522599,0.932598,2.38379,1
1.19843,-0.00196603,3.3906,2.48597,0.840987,0.194343,0.753666,2.36043,1
0.711142,2.77351,0.163485,2.72344,-0.279542,-0.00295149,1.8992,0.701136,1
1.79358,3.23112,0.259938,0.235039,2.41546,0.673636,0.532564,1.51953,1
0.0223537,0.754408,0.830753,0.186334,0.386849,0.770887,-0.0360478,1.42675,3
0.764758,1.0093,1.85158,0.370504,2.14188,0.451468,1.56427,1.40715,3
0.00192874,3.88923,-0.433544,2.31221,1.11425,0.103334,2.18664,1.68769,3
0.69382,1.93437,0.730723,2.73151,1.4238,1.10086,0.296766,2.26277,1
0.277014,2.23624,-0.110205,2.5227,0.183404,1.04989,0.909283,1.40988,3
1.7206,1.01186,2.45131,1.26216,0.242369,1.50345,0.941126,1.75948,1
-0.242859,-0.451058,1.59847,-0.019604,0.928664,1.18024,-0.196754,-0.0984846,-0
0.278458,2.93986,2.08036,-0.0398684,0.713785,-0.301493,0.45247,-0.0662544,-0
1.39197,2.82108,1.88825,2.548,1.34044,0.438438,0.0307383,1.78222,1
-0.0248662,0.629437,1.55241,0.988946,1.04561,0.182716,1.85854,1.7176,3
0.0176978,-0.0880956,0.750845,0.638594,-0.116297,-0.0283631,1.36647,2.15746,3
1.20694,1.41955,1.79647,1.91273,0.549848,0.488753,0.651189,0.0635033,-0
1.54387,2.78993,0.113086,2.81759,2.05594,0.0314324,0.420425,1.83482,3
1.14246,2.20042,1.1731,2.11711,0.811463,0.818878,-0.0460979,2.44117,1
-0.046132,-0.148555,1.85868,0.193371,1.74361,0.88924,1.81408,1.20481,3
2.28926,1.6416,3.06401,2.52588,1.85807,0.0570449,1.6293,1.50408,1
0.904411,1.40594,2.56826,2.04956,1.80075,1.78987,0.0721464,2.11781,1
0.0183562,3.62597,3.15035,2.82684,2.04438,0.400396,1.16692,2.20203,2
1.36189,1.18812,0.108913,2.75999,0.232664,-0.370901,0.589836,1.77646,1
-0.282069,-0.708109,2.63241,2.5972,0.361057,0.722094,0.321174,-0.0626596,-0
2.01111,1.0481,2.81933,0.0601827,0.807877,0.619756,-0.156506,1.8377,1
1.2032,0.256715,2.20655,0.0373537,0.97977,-0.343248,1.27384,1.10014,1
1.16262,2.19434,2.31033,2.87466,1.42633,-0.108846,0.0810732,-0.00618933,-0
0.349718,-0.0530424,0.584178,0.380581,-0.280296,0.24432,1.11936,-0.247066,-0
1.46326,2.87143,2.40358,1.13225,1.52366,0.240303,1.06461,1.77459,1
1.5124,3.22404,1.44478,2.23045,1.96675,1.31543,1.43475,1.12537,1
2.08946,0.590201,3.07425,2.2164,1.81833,0.0432905,-0.112746,-0.210932,-0
1.80159,2.28711,0.519258,1.7094,0.437698,0.587579,0.161403,1.89153,1
0.878759,1.52169,-0.0838645,-0.158171,-0.171953,0.454166,0.542743,1.37912,1
0.535206,2.70921,1.25701,-0.254985,0.924233,0.805935,1.69541,1.89805,1
0.138112,3.275,0.962571,-0.123494,1.60628,0.189638,1.9586,2.06463,1
1.84896,-0.406869,1.5246,2.95327,0.182443,0.181325,1.88682,1.69165,1
2.26802,1.03626,1.57362,0.493724,0.405743,0.96868,0.21142,1.61728,1
1.87146,0.47493,3.15631,1.17818,0.929291,0.343546,0.922804,2.1161,1
0.578801,2.37719,0.336803,0.767875,1.30791,0.128173,-0.148283,0.901402,1
1.95546,3.94691,3.33272,1.72247,0.338512,0.394807,1.39682,0.00904183,0
0.501246,-0.191561,0.0616935,2.38853,0.690018,1.49338,-0.539911,1.38498,3
1.28883,0.808436,1.34642,3.16792,0.737297,0.854573,-0.533637,-0.134119,-0
0.951698,1.03322,0.664553,2.06834,1.80835,1.17666,1.13272,0.896591,1
-0.155209,0.879921,2.48278,2.02161,0.954668,0.28149,0.597167,1.13342,3
1.54445,1.84645,0.478906,3.15794,0.896024,1.14044,2.0259,-0.133145,-0
1.09758,-0.261903,1.73596,1.23895,1.20176,0.682354,-0.35548,1.75423,3
0.770873,3.11344,3.10923,0.0340808,1.61918,0.175559,2.09458,2.23312,1
0.667947,3.16571,1.11352,1.74677,1.86306,1.07736,0.774459,1.29711,3
0.285492,3.08249,0.224652,2.27691,0.0705837,0.246399,-0.0252156,2.1978,3
1.01718,3.83788,3.04201,3.25335,0.842088,0.60413,0.985566,1.32783,3
0.204311,3.695,1.94182,2.15363,1.8811,0.769411,0.290187,2.45125,1
1.14898,2.51981,2.99991,2.41556,1.9147,0.352191,1.73184,1.83061,1
1.05696,0.498236,0.364493,-0.362873,0.647648,0.601831,0.739328,0.950894,1
2.26743,0.942818,0.18446,0.699643,1.15835,0.386382,-0.0244714,2.14368,1
0.683563,3.41954,-0.190732,0.0400693,0.339924,1.64576,-0.11096,1.80817,1
1.50203,2.56241,3.3018,2.49072,0.851415,1.27032,1.95116,1.63957,1
0.583224,0.251588,3.16738,0.597388,1.62224,0.191426,1.08092,0.964032,3
1.3454,0.811296,1.80013,2.17225,1.77194,0.406603,0.655114,1.71724,1
0.774324,-0.108075,2.80775,1.45201,0.643218,-5.60298e-05,1.10278,1.07151,3
-0.113571,0.347535,1.54477,3.14182,1.6697,0.958011,0.450225,-0.114394,-0
0.0619179,1.5913,0.341804,2.65872,1.29557,0.535149,1.52888,2.25167,3
0.189995,0.181194,0.0207115,0.233674,1.69896,0.00767903,1.23216,-0.0509521,-0
2.12739,3.56852,3.30033,1.02312,1.41443,0.0140237,-0.266279,1.71696,1
1.24436,0.242917,1.53301,0.245253,0.632492,0.813738,-0.324743,2.01987,1
-0.716761,2.91169,0.174571,1.61458,-0.168683,0.697701,2.05674,2.30991,1
0.771548,0.0736222,2.76868,-0.075064,0.915162,-0.0168375,1.63007,1.4828,3
2.06705,-0.353176,2.38783,1.02894,1.18032,1.22949,1.23442,1.49891,3
1.4958,0.0197005,2.24076,0.848235,0.7625,-0.0117986,1.4588,1.78195,3
-0.333327,3.6368,0.598702,0.195579,0.447264,0.790658,1.96434,2.09852,1
0.92723,0.4256,2.1323,1.86768,0.0736669,1.0813,0.772021,1.00284,3
-0.156242,1.66545,-0.146293,2.90976,0.449108,0.277331,0.0205056,1.43973,3
2.00721,1.42844,0.417365,0.804498,-0.20489,0.680833,1.53603,2.42658,5
1.76545,1.34826,3.00309,2.83551,1.47765,0.123963,1.8045,1.90193,1
0.824178,2.67159,1.44015,0.272089,0.533964,-0.0211292,0.503835,1.10139,1
0.494065,2.56849,3.23918,-0.146235,0.704457,-0.0531684,0.463442,0.630897,1
1.68431,3.84154,1.23977,0.0271459,1.62746,1.14275,1.82583,1.55776,3
1.86447,1.16563,2.49543,2.39856,2.17052,1.18998,1.12193,2.03237,1
1.22211,0.557284,1.47524,0.658813,0.468259,1.38546,0.956909,1.83526,1
0.747542,2.80684,2.2024,2.34622,-0.540237,0.776699,2.10823,0.713434,1
0.798201,3.61954,-0.15626,0.117062,-0.127337,0.500553,0.405575,1.1708,1
1.51097,-0.0568089,0.131516,3.16197,2.01712,0.199128,1.20317,1.5478,3
-0.10723,3.11215,0.299518,1.81591,0.380557,0.639132,-0.296439,2.36007,1
0.944621,-0.146625,2.98845,1.22622,0.975771,0.653596,0.815115,-0.180013,-0
1.86285,1.36074,0.863878,0.294733,1.2096,0.0688086,0.147061,1.50974,1
0.220392,1.39122,1.42026,1.46486,0.202604,0.28778,0.442927,1.49679,1
1.23052,4.04388,2.40364,2.74714,-0.17949,0.165045,0.26394,0.0179251,-0
1.43797,2.74172,0.0546207,-0.11399,0.257513,0.557693,1.79351,1.00937,1
1.87586,4.01958,1.23523,0.936254,0.671339,1.70206,2.43721,0.983729,3
-0.179047,0.293608,0.269912,2.83334,2.13152,0.281839,1.79697,1.55721,3
1.669,2.28719,2.96344,3.2097,1.2876,0.0124511,-0.100291,-0.115003,-0
1.18815,0.0288131,3.24047,1.54482,2.19323,-0.034414,0.180094,-0.125155,-0
0.251683,1.68085,-0.0966123,2.22793,1.19453,-0.24997,1.12401,1.10056,3
1.92152,2.70758,2.08908,2.96863,1.41277,0.928914,-0.619844,0.988243,1
-0.107286,2.06665,2.06495,0.941991,1.57499,0.851835,1.90027,1.81317,3
0.00916595,3.89321,1.9915,1.12383,0.0344748,1.7665,0.566705,0.868659,3
1.99144,-0.235967,2.6061,0.0054226,1.58638,0.65102,0.432244,-0.0421286,0
-0.242464,3.81285,0.237055,0.941941,0.91804,0.512768,-0.356778,-0.045523,0
1.89515,3.29998,0.508619,-0.0650587,1.81452,0.408421,1.62407,0.0215952,0
1.19006,-0.289238,3.16203,1.19171,2.01828,0.879304,1.94192,1.73464,3
2.54388,3.79051,0.702509,0.113539,-0.351784,0.862644,0.294561,2.06161,4
1.66563,1.33421,3.51966,2.81369,1.68135,0.43492,2.28342,1.95812,1
1.54558,3.70261,-0.111144,2.74122,1.87328,-0.0408577,0.913199,1.75499,3
0.344547,3.38705,2.2021,1.47185,0.916437,0.39575,2.32583,2.04315,1
2.08505,1.52146,2.0676,2.79367,2.01942,1.3934,1.55915,2.2128,1
0.857082,0.00293216,2.88032,-0.278193,1.04393,-0.10343,1.66435,-0.0990151,0
1.91724,0.496073,3.4848,1.70942,1.26336,0.763313,0.236949,2.07232,1
1.85236,2.60733,1.35913,2.7497,0.702544,1.18211,-0.298248,1.7779,1
-0.190757,0.59885,1.93006,1.86625,0.033435,0.317001,1.8909,1.38849,1
0.36047,0.725033,1.53458,0.0171196,1.46557,0.421703,1.77274,1.50392,3
2.10267,1.14591,2.87594,2.96974,1.65651,0.664507,0.849903,1.88994,1
-0.18995,2.3129,1.30726,3.02575,1.95232,1.21626,1.47865,1.18678,3
0.941415,0.0732865,1.38242,1.26712,0.389418,-0.245717,0.484633,1.06819,3
0.2186,3.0398,1.41833,0.441787,0.188938,-0.188429,0.452076,1.38757,1
-0.360146,0.197424,2.09611,1.7921,1.97566,0.181955,2.2625,1.03569,3
0.569536,2.68937,0.0931404,2.87533,1.88873,0.0904009,-0.0508742,0.780601,1
2.07431,1.49177,1.40196,2.73292,1.57932,-0.170424,0.63639,-0.0284856,0
0.90027,0.384564,2.83592,1.85323,0.0951005,0.233115,1.23263,2.34932,1
1.81727,1.07435,3.38517,2.93933,0.74394,-0.0776915,1.89576,1.9664,1
2.36578,3.98421,0.0895388,0.878334,1.59743,1.37691,1.43228,1.19361,3
1.04031,0.125384,0.648556,1.21328,1.5592,1.22348,0.832539,2.03592,3
1.92198,3.98118,0.904138,0.865668,0.403549,0.340249,1.55174,0.032541,0
1.26663,3.21196,1.26335,3.10616,-0.0284253,0.620248,-0.0368143,0.287045,0
2.26116,-0.0663828,3.43289,1.0615,1.09367,0.404548,0.14325,2.08211,1
1.46122,2.7752,0.502814,3.16222,1.64776,0.482128,0.950789,1.37163,1
-0.140499,2.96907,2.2425,2.80972,-0.541298,0.851074,2.01502,1.42686,1
0.584578,1.59465,0.412602,-0.274441,1.83942,1.14725,-0.0694737,1.30663,1
1.57011,0.416029,2.63214,0.223252,0.462701,0.739337,1.94068,1.964,3
0.592146,3.30039,2.14329,2.63632,2.27795,1.30098,0.94579,0.902324,3
-0.12869,0.650838,0.172039,0.0970529,1.68578,0.135602,1.22295,-0.119807,-0
0.171148,1.73076,1.85107,2.9498,2.37165,0.030423,1.51304,2.25694,3
1.04235,0.126822,2.83201,0.276711,1.76121,-1.0162,0.789884,1.00832,3
2.12684,2.30141,2.3445,1.32978,0.503158,0.777462,1.57014,-0.0637116,0
1.98882,4.07098,-0.0679272,3.09766,0.364242,0.000325609,1.58258,0.0372719,0
0.651328,1.63569,3.58015,-0.0113762,0.332024,0.632492,0.753333,1.05514,1
0.295898,0.0520277,1.74382,2.38453,1.24299,1.13371,-0.0813882,1.22362,3
2.18028,0.828952,0.438311,2.1712,2.00178,0.154621,1.7595,-0.0432823,-0
0.311221,-0.143952,0.743987,1.05855,1.78054,-0.00212359,1.52074,1.49713,3
0.77924,2.99718,1.18811,2.39635,0.56483,0.829355,1.33791,1.87174,3
0.200946,0.516366,2.45992,1.15253,2.35556,0.243677,-0.147818,1.29498,1
2.00625,3.11708,1.71278,3.0273,1.26121,0.317789,1.75971,1.58296,1
0.780104,-0.349752,-0.0151012,1.94637,1.0643,1.14903,-0.142535,-0.0833256,-0
1.999,2.12306,3.00494,-0.0996625,1.7114,1.28215,0.0293618,0.0377217,-0
-0.14275,0.501864,2.03041,0.0994558,0.797676,1.24037,0.755918,1.64016,3
-0.372968,1.11222,2.35148,1.13099,0.832765,1.37733,0.371125,-0.146826,-0
-0.145823,1.87114,1.57592,2.54714,0.105962,0.0884338,-0.262257,-0.250599,0
0.61085,3.32971,3.39685,2.85077,1.75865,0.487438,1.76881,1.06491,3
0.475015,3.02243,0.768695,2.89759,1.60296,0.564487,0.869406,1.67729,3
1.72877,-0.296196,1.84389,0.0746981,1.86873,0.764989,1.38323,-0.127438,-0
0.135086,3.715,1.43064,0.747582,1.13148,1.53585,-0.211063,1.76488,3
-0.281677,1.04523,1.05225,1.15059,1.06655,0.862605,-0.262867,-0.0242531,-0
1.38862,2.72054,1.20257,0.36601,1.59543,-0.120708,-0.052181,0.773344,1
1.85581,0.992912,0.158841,0.0623646,0.974616,0.558673,0.0315806,-0.0348833,-0
0.0317791,3.68777,2.87218,2.8463,1.10323,0.923404,0.0842068,2.05119,3
1.35963,1.0222,2.0541,0.213106,0.761164,1.11383,1.60874,0.206514,0
0.467697,1.76478,1.44524,3.22549,0.952728,0.311591,0.425932,1.07912,3
1.138,0.319617,2.11558,2.40978,2.39244,0.878073,1.16289,2.40118,1
0.00525423,1.73657,1.23359,1.43256,2.1048,0.0146169,0.736986,1.76492,1
0.00808564,2.88947,1.68786,2.8636,0.937584,0.46039,0.170587,0.804021,3
0.413191,0.554697,2.70901,0.265459,1.43756,1.57371,0.154374,0.83382,3
1.85586,1.72128,0.38728,2.8968,0.630508,-0.138808,-0.487073,1.15854,1
1.2815,0.326547,0.0769892,3.34572,0.025852,0.761616,0.499728,-0.129644,-0
1.89583,0.156662,1.19453,3.16381,2.07226,0.0620246,1.38311,0.16371,0
1.8068,0.995513,1.22561,1.2528,1.16039,0.371055,0.450185,1.35032,1
0.899092,1.68678,2.98031,0.565633,2.18218,0.462029,0.969573,-0.0398322,-0
0.946521,0.913569,2.36903,2.44117,0.773691,-0.119532,1.06717,-0.0840294,-0
2.20278,0.683007,2.91292,1.05742,1.90294,0.928667,0.298779,1.27449,1
0.33617,-0.0203341,0.0225185,1.77129,1.64901,1.16266,0.383256,1.50138,3
2.02538,1.58063,0.125706,1.04805,1.70743,-0.182741,0.491366,1.11012,1
2.14113,2.75219,0.768044,2.11612,1.67654,0.156315,0.591384,1.74664,1
0.423167,0.0243635,3.30474,2.16656,0.41976,0.0344753,2.46897,1.09006,3
0.665879,-0.0905954,0.147889,2.38473,0.111703,0.818695,0.432389,1.70647,3
0.1598,1.57239,0.285936,2.88532,2.11338,0.208629,0.667877,2.32025,1
1.10198,2.10834,1.24138,3.24822,2.55035,0.537638,1.41742,-0.160677,0
0.189572,3.25375,-0.169368,0.610714,0.628527,0.815492,0.127472,2.06499,1
0.826062,2.04476,1.96213,0.963068,-0.201866,1.23509,0.600925,2.23845,1
1.77334,1.74373,2.1206,1.11339,0.154649,-0.354484,0.270927,2.85797,5
0.814765,-0.228277,0.652925,0.183383,1.25183,0.662514,-0.167777,1.18443,1
-0.201699,1.25426,0.876048,0.404736,0.207148,0.825162,0.385639,0.786075,3
0.282221,3.94808,0.407014,0.339329,1.44457,1.26562,0.0583619,1.38734,3
1.87981,0.0931053,1.36497,3.04426,1.86136,0.529923,0.573133,-0.124308,0
0.69458,0.187695,0.936731,0.857965,1.70246,-0.701661,1.88862,1.41433,3
1.08953,2.52823,0.469535,0.786033,1.44375,-0.337835,1.42424,1.54825,1
0.526488,3.43768,3.08961,0.732366,-0.135435,0.189578,1.21306,1.82874,1
0.0461499,2.72187,0.360212,2.72174,1.90035,0.544291,1.83644,2.23401,3
-0.575227,1.52193,3.09321,1.30836,2.18347,-0.218211,1.06035,1.79872,1
-0.156836,2.65089,2.98657,1.39188,2.01721,0.256854,0.984807,1.01862,3
1.96422,0.900141,0.435373,3.26723,0.303303,0.616329,0.26971,1.49873,1
1.24823,0.279027,0.00948837,1.17952,0.0169913,1.20212,2.02866,1.82972,1
1.22127,1.74406,2.85099,1.85943,0.985294,0.176713,0.465084,2.28339,1
1.63541,3.44129,1.68889,2.30486,-0.169771,0.754512,0.882546,1.26425,3
0.703687,0.633255,2.15796,0.794597,0.505984,0.28038,2.15077,-0.12431,0
2.09497,1.80019,1.82714,0.146976,0.128388,0.629598,0.203296,0.0161872,-0
1.30298,3.13412,0.801523,3.12411,0.28674,-0.198896,0.190091,1.83111,1
1.6466,2.49229,3.0515,1.38349,2.01648,-0.307072,0.641998,1.79081,1
1.72857,1.85783,0.1773,2.86123,2.05981,0.350168,0.349906,0.638686,1
-0.264648,0.76898,1.2925,0.0178108,2.00418,0.480713,0.0751932,-0.1288,0
0.813789,1.27819,-0.0630959,1.48589,0.566927,0.919852,0.0181788,2.11587,1
1.92406,-0.0237539,2.17013,0.713868,0.496798,0.421259,0.684161,1.88636,1
1.92677,4.2262,1.26755,0.0456096,2.13646,1.10267,1.67567,0.143187,-0
-0.104878,3.63774,2.92491,1.13486,2.13036,0.191507,0.15793,0.917201,3
1.57138,0.0490112,2.79112,2.5631,0.846929,0.655949,-0.0508951,1.63998,3
1.33313,2.04977,0.56874,2.22247,1.75776,1.16947,1.84652,1.23929,1
0.511263,1.11432,0.672268,0.238852,0.847198,-0.0103376,1.95289,2.55096,4
0.187717,2.97223,3.04524,1.72303,0.525003,0.625017,0.26962,2.42068,3
-0.159614,1.45163,2.69495,1.5525,1.15955,1.10044,0.831617,1.20445,3
0.5722,3.07049,3.01904,3.15068,1.02241,0.247621,-0.289679,-0.171057,-0
2.03863,0.83665,0.649402,3.09078,0.544773,0.212943,0.375246,0.963983,1
1.57727,3.72939,-0.0378129,0.754746,1.2113,0.899753,1.03184,1.94875,3
2.2076,-0.0317183,1.7335,1.01663,1.74522,0.273535,0.492041,1.14288,1
2.02158,0.272431,0.0922171,0.288369,0.471577,1.31729,1.33213,1.99441,1
1.52775,2.71576,-0.102438,2.88562,1.4537,0.68176,0.643207,1.90453,1
2.65408,3.68946,1.17827,0.901289,0.66233,1.21483,0.30682,1.83462,3
-0.347614,0.695571,0.12284,0.354639,2.03268,0.533274,1.1999,-0.130677,-0
1.05288,1.0554,0.51654,-0.251986,0.400581,1.41864,2.10896,1.74045,1
-0.100393,2.59965,0.994309,0.469469,1.22651,-0.0111007,1.91229,1.5703,1
1.03133,3.79306,0.482584,0.955763,0.616797,0.870582,-0.481914,-0.12201,-0
0.110717,3.56063,1.18482,0.421724,1.72273,0.479677,0.799058,0.697071,1
1.48306,3.08669,0.782078,-0.0126188,-0.437507,-0.0941938,0.263746,2.20546,4
0.977217,0.597298,2.55682,1.98663,2.0648,0.629848,1.21412,-0.0324314,0
1.04192,2.9475,3.20015,0.625047,0.21527,0.536686,0.387712,2.3302,1
1.65469,0.832247,-0.0707179,2.34405,0.890245,0.710582,2.24463,1.54106,1
2.00546,1.55626,0.247972,2.88666,1.02162,0.172243,0.0959333,1.84574,1
1.65343,2.26197,1.26746,3.20195,0.612374,1.55962,0.840831,0.55238,1
2.34772,3.37866,-0.0502705,1.12396,0.898139,0.30015,-0.274695,0.0167489,-0
0.249928,1.29854,2.11196,1.72002,0.542829,1.28846,0.669863,1.34931,1
1.5624,1.76296,0.689182,1.96212,1.70019,1.03262,1.52396,-0.0471306,-0
0.781237,-0.00842889,2.45913,0.174598,0.360897,0.650441,1.76995,2.53377,3
1.14598,2.82808,-0.0592067,2.00726,0.623998,-0.466306,1.7933,1.89473,1
0.870371,-0.0433216,0.560575,3.02417,2.0598,0.953782,1.88571,1.85743,3
1.3031,1.3173,2.9176,2.991,1.59852,-0.0580468,0.777993,1.94836,1
-0.439673,0.368128,2.01327,2.93374,2.08535,0.717594,1.45204,0.992192,3
1.06521,3.97163,-0.227883,1.63151,0.783509,1.29206,1.77568,1.2629,3
0.406236,0.00950745,3.14979,1.21157,0.350471,0.703433,1.8354,2.07765,1
0.199682,0.230949,3.05315,0.214248,0.34811,0.414525,1.82014,0.727538,3
0.706573,1.79193,0.0216479,2.56986,2.06275,0.777936,0.793093,1.53579,1
1.98003,2.15125,2.71934,2.77893,1.70939,0.538827,0.490734,2.10408,1
0.932484,3.81223,-0.0619437,2.17919,0.370727,0.441309,0.190029,0.99746,3
1.72184,-0.111034,3.22643,2.85141,2.07873,0.687835,2.05369,-0.0544868,-0
1.72219,1.50006,0.679307,1.98237,2.11852,0.125348,1.52139,1.59474,1
0.843428,-0.26473,2.07979,-0.235818,1.88045,-0.0133208,1.60485,-0.0349962,0
0.43236,0.686725,3.4343,1.7943,1.89306,0.778292,1.25893,1.98186,3
-0.214813,1.59321,1.3573,-0.163546,1.20313,0.213002,0.012692,1.58819,1
1.48112,-0.0452797,1.65193,2.68227,2.61528,0.235041,0.99401,-0.133907,-0
1.93656,0.447518,2.14061,1.21689,1.20693,0.644534,-0.065114,0.988198,1
2.23054,3.5603,0.317793,0.787067,1.21174,0.398634,0.00195501,-0.0405606,-0
2.02154,1.7805,1.66284,2.77604,1.95509,0.363162,1.4663,1.80915,1
0.157627,0.512114,2.48488,2.82132,0.540954,0.731068,-0.049001,1.3453,3
1.38544,-0.0460544,0.666488,-0.343949,2.13466,1.37876,1.32878,1.56121,1
1.18117,0.0578,-0.0246078,1.63894,0.8046,1.04329,-0.3278,1.92072,3
1.33254,2.09556,0.565043,1.01552,1.13666,0.484935,-0.215751,1.39785,1
-0.0134561,3.36602,-0.226381,2.89506,-0.128853,0.736218,1.37315,1.36734,3
1.02062,3.86536,0.114496,2.21581,0.668883,0.28619,0.0717294,-0.0107175,0
1.92672,0.542339,0.302536,0.975892,2.21172,0.348952,0.740899,1.87235,1
2.28311,3.29251,0.368342,1.56252,-0.911066,1.71476,0.498789,2.07453,4
1.86051,3.29805,2.68822,2.54931,0.86289,1.10322,1.35786,1.54086,1
1.87926,1.79366,0.614669,2.04089,0.590301,0.472878,1.17599,-0.108368,-0
-0.253726,1.37252,1.6798,1.88648,1.87024,1.10146,1.49164,1.56152,3
0.00573778,1.99014,1.88937,-0.20812,1.32462,0.731863,0.38119,1.39801,3
0.918632,0.775881,0.0976817,0.0389505,0.836549,0.399172,2.05191,1.9327,1
2.27804,-0.151422,0.668374,2.40806,0.267769,0.714738,0.631626,0.0141723,-0
1.1882,0.447593,2.33573,-0.0536681,-0.120049,0.532032,-0.0164102,1.27705,3
1.89799,0.079877,0.0897089,1.09834,0.859001,0.493716,-0.198459,1.84631,1
1.47684,2.03894,-0.0698297,2.21351,0.767864,0.367807,1.00958,0.869799,1
0.574239,0.218053,2.45776,0.212411,1.14426,0.251435,1.85822,1.86274,3
1.34196,2.86853,2.69218,2.69209,1.20359,0.492328,1.15384,0.910421,1
0.308178,0.624325,1.66908,2.54235,0.745236,0.539164,-0.452295,2.0009,1
-0.136934,0.808208,0.264364,1.39707,1.52804,-0.303876,0.831318,2.087,1
0.881315,3.18722,1.11768,-0.187793,1.81918,0.23805,1.8263,1.59054,3
0.451717,0.11987,1.44929,-0.242189,-0.737113,0.62936,0.704419,1.43994,3
1.75975,3.51607,2.51385,-0.0964071,1.16456,-0.424709,1.03326,1.37962,1
1.19606,0.484969,-0.174172,-0.207421,0.364264,0.664273,0.320298,1.11694,1
0.414017,2.29266,0.099743,2.53321,0.265305,-0.152145,1.82857,-0.131229,-0
0.736067,3.95172,2.19802,1.58485,0.384816,0.426233,0.895605,1.35402,3
0.991422,-0.276871,0.175616,0.307546,1.17478,0.715994,0.526923,2.13682,1
0.648716,-0.17186,3.06782,2.9369,1.96397,0.143415,-0.0418041,-0.220215,-0
1.42835,1.95294,3.08676,3.0923,1.85466,-0.550958,0.878827,1.20768,1
0.754501,3.13913,0.924068,1.95881,2.31567,-0.0162331,0.463556,1.45167,1
1.985,0.584309,3.12536,2.29317,2.04126,1.17194,0.957631,1.96421,1
0.595327,3.71193,0.694644,3.16926,1.79151,0.881726,1.34013,1.15947,3
0.335629,1.29281,2.11475,1.76177,1.12075,0.410299,0.156327,1.97187,3
1.12233,0.0062717,0.265612,2.68857,1.1056,-0.105284,1.79938,1.79693,1
2.07954,3.71197,0.678568,1.21987,1.87241,0.347685,1.1948,1.47888,3
1.26382,-0.386331,2.23009,1.09891,0.866039,0.507334,-0.232735,-0.177955,-0
0.083406,1.46281,-0.305293,2.92196,0.570288,0.45872,0.615909,1.71279,3
1.59287,3.45015,0.578093,2.15283,0.754587,1.25575,1.26526,1.9574,1
1.79162,0.272172,-0.051787,2.89407,-0.0234636,0.42865,0.821787,2.06445,4
1.04793,3.72469,1.16461,1.21442,2.09813,-0.330095,0.437726,1.33232,3
0.917854,0.661964,0.20226,0.0313198,2.02774,0.592705,-0.117846,-0.0728057,-0
0.918567,3.96583,2.7991,1.13686,1.48523,1.21094,-0.284764,0.97397,3
1.48372,1.66261,2.57731,0.207382,1.16902,1.05278,1.52616,2.20059,1
1.16977,-0.352887,0.225957,0.756986,1.78103,-0.0212059,1.25072,1.21294,3
0.648833,2.50673,1.51459,-0.278398,0.89793,-0.00709214,-0.222286,1.99516,4
-0.115592,-0.167083,0.453019,1.67615,0.496062,0.343177,0.03979,2.20445,3
0.364238,-0.314205,1.81107,0.601902,1.96674,-0.0204536,2.24789,1.47721,3
1.34105,2.77292,0.0313257,2.42705,0.916189,-0.286016,0.276842,1.90772,1
1.38508,1.26077,-0.242368,0.625651,0.705777,-0.464311,1.66052,1.73417,4
1.01965,1.1905,2.27069,1.86803,0.574209,-0.28116,0.757131,-0.168721,0
0.848909,0.48261,0.211007,1.08668,0.820339,0.162209,0.763966,2.29265,1
2.32999,2.64337,0.359095,0.9657,0.925451,0.718704,0.116978,1.6165,1
2.02136,-0.211315,2.16609,0.361416,1.08332,0.87641,-0.0920047,0.626754,3
0.202205,0.282129,0.140715,3.14552,0.811504,0.201111,1.14644,0.98622,3
1.93616,0.5511,1.78921,1.78135,2.20461,-0.233415,1.11885,2.43183,4
1.92993,1.91687,1.8801,2.63933,2.10202,0.541342,0.609897,-0.131684,-0
0.519391,-0.394437,2.10334,0.467194,1.34809,1.05173,1.51462,-0.0463621,0
-0.307788,3.3407,0.234751,3.0268,1.04503,0.95956,1.47297,2.12095,3
1.48865,2.09055,-0.0451845,0.39181,2.03214,0.647096,1.59533,0.390957,1
1.74068,3.78819,-0.00833454,2.79787,1.16906,0.266887,-0.0395625,-0.0351969,-0
2.10164,1.0831,2.67973,1.02579,0.781495,0.277964,1.08971,1.63113,1
0.63806,-0.212433,3.35318,1.34536,1.45173,1.16063,0.37029,-0.18708,-0
1.36708,0.36349,2.82449,1.7902,2.16107,0.701087,1.31968,0.897458,1
1.6789,3.95372,1.6143,3.12116,0.460945,0.613659,1.12762,2.25738,4
2.33349,0.229708,1.36525,1.23655,1.22754,-0.294114,0.0103115,1.83217,1
1.35802,3.26654,1.41962,2.10728,1.75363,1.01159,0.171143,-0.102346,-0
1.63796,1.51837,2.54243,1.28848,0.272738,-0.687734,1.6839,0.943452,1
2.15235,1.17005,-0.0928591,1.82829,0.243164,-0.231535,0.93136,0.915376,1
0.319312,0.23887,0.298371,2.49262,1.3095,0.370007,0.120103,2.24618,2
1.67899,0.93366,2.26192,0.13831,2.31186,0.981508,-0.133503,0.957943,1
0.742025,2.32973,2.67953,0.989608,-0.171652,0.853379,-0.587907,1.1862,3
0.0376588,2.22331,-0.194636,0.798321,1.94351,0.416118,0.0701587,1.7831,1
1.52004,2.74389,0.271922,2.60585,2.08154,-0.844873,0.816157,1.79536,1
2.15602,0.238811,0.548839,-0.13283,1.34034,0.582968,0.0923744,-0.0821913,-0
1.08897,3.70978,2.00055,1.44448,2.15145,1.30801,1.46543,1.07948,3
0.6351,3.62547,0.982073,-0.136717,1.84392,0.86672,1.50118,1.15597,1
0.120822,1.7658,0.53877,-0.051352,1.27524,0.658799,0.348249,1.73537,4
0.687168,1.41725,3.35906,1.24591,0.362028,-0.0289608,1.96242,0.873676,1
0.127458,-0.227124,0.480309,0.291124,2.29224,-0.198753,0.726759,-0.223343,-0
0.730709,1.19666,2.15814,0.932407,0.17417,0.318396,1.36999,-0.14391,-0
1.54594,3.69836,1.83653,1.61322,1.24339,1.52892,0.973438,0.00793813,0
1.15917,0.399597,1.40242,3.07573,1.31364,0.066863,2.24443,2.19935,1
1.97012,0.789636,2.3038,0.458048,1.20679,0.462818,0.581065,1.69736,1
1.25649,3.001,0.476906,2.9054,0.230159,0.0261768,1.402,0.532467,1
2.04719,3.74668,0.54804,1.53347,-0.0643468,-0.181726,0.0357806,1.76416,3
0.355347,3.31444,1.3194,2.06617,1.05396,0.0304568,2.04904,2.14063,1
1.35018,0.126438,-0.0562307,-0.184222,2.28466,0.794029,0.863298,-0.132368,-0
0.563587,0.328186,-0.0133473,2.50989,-0.159992,0.41548,0.909995,1.88861,3
0.533677,3.33949,3.05415,0.855601,0.48453,1.29481,-0.143451,1.16767,1
0.543,2.56046,3.04071,3.0392,0.384035,0.899489,-0.201154,-0.128952,-0
1.03363,2.08987,0.329675,0.657523,0.112193,0.324192,-0.0224373,2.02587,4
0.824202,2.17997,1.88041,0.877043,0.398166,0.0652479,0.807512,2.12991,1
0.370432,1.64571,0.181332,1.48333,1.37399,0.338973,2.22199,1.93359,1
0.841875,3.12562,2.95023,-0.258984,-0.171408,0.60526,0.48235,1.5803,1
1.31437,3.74545,2.50934,2.06371,0.0167565,0.739668,0.910928,-0.0434915,0
1.95963,2.74028,1.96442,0.371653,0.188432,0.531053,-0.314238,2.04407,1
1.65069,0.466106,1.0046,1.17933,1.54979,1.07073,0.0396458,0.677002,1
0.632763,0.116315,2.17425,1.27293,0.0174412,0.67458,1.09206,-0.0240858,-0
1.98077,-0.332153,2.32506,2.36703,0.0755841,-0.0319726,1.59669,1.89358,1
0.386163,3.43885,-0.117144,-0.177636,2.08422,0.377974,0.884231,-0.0652176,-0
1.18573,2.48002,0.736059,2.95988,1.90127,0.912536,0.844743,2.06962,1
2.06539,0.349613,1.94212,2.94861,2.28489,0.190547,1.36346,-0.00402992,0
0.0297855,3.86518,0.280515,2.43935,1.12335,0.340897,1.76949,-0.0760837,-0
0.413905,2.63556,0.480596,0.505187,1.51382,0.0456751,-0.187524,-0.0896814,0
1.90159,2.76273,1.55623,0.926751,0.948188,0.772147,1.27892,0.774616,1
0.65562,3.47907,1.59063,0.603341,-0.440391,0.925779,1.48354,1.36102,1
2.06274,1.48922,2.82884,0.122124,0.520028,0.461556,0.819065,1.59482,1
0.060747,2.75639,1.21399,0.432169,1.59204,-0.295291,1.00241,1.03056,3
0.850252,0.0749123,0.108682,1.9987,1.58745,0.220606,-0.291001,1.64245,3
0.222617,1.49115,2.48551,2.19157,1.42285,0.570108,0.958717,-0.0995861,-0
1.89413,0.124297,1.5759,-0.340901,0.613625,-0.219191,1.13894,-0.0781259,0
-0.206209,3.20201,2.88873,0.661373,0.646438,0.538821,1.43406,2.45616,3
1.79029,-0.125878,3.05359,2.75118,0.750422,0.154374,0.388122,1.95482,3
0.561401,1.72628,1.29285,2.96244,0.512536,-0.209278,0.46288,0.077027,0
0.199816,3.45798,0.791099,2.6497,0.572992,0.559872,2.64006,1.4965,1
1.56127,2.54874,1.88086,0.669136,2.19207,-0.0929925,1.47461,0.88023,3
0.895703,3.32607,0.272698,0.524968,0.412538,-0.332268,1.60224,0.755754,1
0.992298,0.777538,0.454981,2.44994,1.02178,0.846289,-0.118154,-0.0672472,-0
1.81131,4.0674,0.0889517,0.51638,1.55037,0.617457,0.124221,1.68719,1
1.9498,1.61312,0.568091,1.73416,0.640118,0.496422,2.16872,1.4773,1
1.20236,2.31293,1.75107,0.235548,0.0851877,0.423538,-0.0795709,1.68975,1
0.497234,0.649338,0.233324,0.869677,1.08863,0.209577,2.04531,1.79454,1
0.0331144,1.02156,2.2423,2.58325,0.611095,1.00761,1.39347,2.00635,3
0.0835712,2.43985,2.34275,0.87635,1.91768,0.542386,1.66489,-0.0710355,-0
0.546277,3.70393,3.00162,2.43235,0.889827,0.136347,0.17681,2.19207,1
0.866316,3.55449,0.591734,1.00171,1.74413,0.60733,1.50874,2.35,1
1.44291,1.97816,1.46221,2.30447,2.15834,0.605566,0.19671,0.702764,1
-0.121275,0.878024,2.07848,1.7938,1.02074,0.3318,0.543975,0.739397,3
0.92973,0.183715,2.91347,0.45171,2.06737,0.30973,1.81083,1.89932,1
1.9576,0.537547,0.0967995,2.05457,2.14347,0.932465,-0.0950564,1.64015,1
1.11529,0.690847,2.45408,0.297503,0.215317,0.818467,2.04645,1.93382,1
0.775268,1.20808,2.02185,-0.347679,1.57039,0.972193,0.213839,2.04148,1
0.0802141,3.28251,1.04016,0.710494,1.19968,-0.184124,0.786364,1.40596,1
0.0239606,3.29563,1.55493,1.82076,1.80173,0.807755,0.371591,2.16662,1
0.27648,2.64797,-0.0537602,-0.371706,1.4279,0.35384,1.15663,1.57421,1
1.74889,3.77386,0.0326968,0.265272,0.395588,0.993992,0.0806977,0.166906,0
1.61553,1.56547,0.184968,1.25735,2.10048,0.186388,0.29097,0.99531,1
-0.276116,3.66187,0.656632,-0.310569,0.790404,0.908765,1.25726,1.61886,1
2.05955,3.02535,1.46191,2.40376,1.3449,0.56553,0.413782,2.5625,4
2.07706,3.80749,1.4513,2.38435,2.09374,0.469538,0.48187,1.52771,3
1.29498,2.07482,3.06315,0.530137,2.71544,1.54179,0.569874,1.22116,1
0.159363,3.5658,1.60426,0.201365,0.157741,0.884013,0.59962,1.70675,3
1.16949,3.96953,2.29519,2.43136,1.64961,1.26084,0.261926,1.89837,3
0.719363,3.19114,0.62982,2.92968,2.80993,0.371678,0.847651,1.55993,1
0.326814,0.3374,2.97522,2.19647,0.375093,1.1049,1.27446,1.11442,3
1.85616,0.540865,2.78333,0.754565,1.5342,1.18241,1.17897,1.50366,3
2.46344,3.91294,-0.0235176,0.505173,2.2095,0.363291,1.0821,1.50317,3
1.23848,-0.213088,0.0771655,0.855716,1.80008,0.135757,0.849515,1.94355,3
2.16484,-0.147845,2.54695,2.63071,1.6048,-0.165809,-0.0804328,2.02525,1
0.60567,2.58381,-0.180697,1.77359,2.09461,0.500105,0.167621,1.80335,1
1.2167,3.08125,1.25522,2.45746,0.96249,-0.115739,0.139106,1.49109,1
1.83545,2.338,2.94119,0.198864,1.29105,0.087821,-0.00473031,1.55622,1
-0.155913,3.74083,0.845936,0.567668,1.0847,0.209364,0.592066,-0.0423443,-0
-0.0955187,2.49092,0.697352,2.4716,1.5544,-0.297109,1.84227,2.05461,1
1.71482,1.33455,2.91823,0.109599,1.65736,-0.180083,0.42533,1.87037,1
0.264587,2.72315,1.93302,0.0120851,1.41017,-0.217112,1.66898,-0.104893,-0
1.51136,-0.497334,0.865288,1.07287,1.2172,0.826341,1.60581,2.15044,1
1.26704,2.53943,0.298468,0.716342,1.68919,1.14214,1.11634,1.51238,1
1.48959,0.962874,2.95019,0.570967,1.71251,1.16243,0.208562,1.41726,1
1.39214,2.18972,2.66049,2.55862,1.21583,0.64356,0.246379,0.943239,1
1.71952,0.168915,-0.0299197,3.12674,0.54963,-0.0552827,1.70957,1.43382,1
1.91743,1.09145,3.29283,1.05589,0.323741,0.770406,1.04672,1.79502,1
-0.0570467,3.62059,2.77134,2.61645,2.12661,0.407405,1.22886,1.44008,2
2.19683,0.806895,1.31442,2.62793,0.879296,-0.340275,0.226045,1.5533,1
2.12238,3.22728,0.671086,2.58411,0.0902672,0.850095,1.35985,1.80387,1
2.27827,0.340381,0.434268,3.08359,0.694523,-0.143661,0.794229,-0.114232,-0
1.31192,3.37315,3.20227,1.30617,0.620551,0.668494,1.46072,0.609675,1
0.847689,2.05328,1.55677,0.373947,0.427415,0.00619433,-0.0883331,-0.0737677,-0
1.73649,2.67782,0.222779,0.393983,2.06188,0.137843,0.0684957,0.00497721,-0
-0.187627,0.739274,1.19074,0.412684,2.40208,0.200704,0.619663,1.47429,3
2.2631,3.76014,1.17979,0.361566,0.721978,0.20875,1.8617,1.50322,3
0.936152,-0.110016,2.90255,2.79635,1.28725,0.826119,2.54244,1.01566,3
1.83731,0.364774,0.486599,1.16776,0.18306,0.776409,0.229485,0.973947,1
0.856441,2.11209,0.0116163,-0.133279,0.246995,0.532893,2.20287,1.85618,1
0.797713,0.2915,-0.0287887,1.07757,0.862648,0.198126,0.451675,1.34833,1
2.15378,1.80955,1.86737,0.816493,0.692463,-0.239454,0.153171,0.988627,1
0.244363,0.531228,0.351555,2.22778,2.54112,0.212976,1.26094,-0.0779359,-0
-0.183955,3.11922,0.0988374,0.156133,2.18665,0.536385,1.89021,2.14492,1
0.321486,2.88012,-0.0496645,1.14857,0.354328,0.971505,0.19838,2.06841,3
0.898618,2.97371,2.06176,-0.12213,1.07619,0.57011,0.318992,1.97131,1
0.617185,2.16036,2.33556,3.11537,0.201708,0.364915,2.00883,0.010134,0
1.84535,-0.250936,1.80149,2.03508,0.902402,0.839005,1.23103,1.38214,3
-0.178205,3.68148,0.668025,1.31241,1.47611,0.0611979,1.59682,1.67202,3
0.829473,0.235412,3.51592,2.40053,1.11995,0.199841,0.655728,2.08807,3
1.26483,1.94422,2.51567,0.144875,0.306643,0.0449253,1.01834,-0.166695,-0
1.60616,1.61442,1.12235,2.7072,1.00193,0.199627,1.11944,0.935473,1
0.518006,2.08305,2.05657,0.413256,2.23698,0.881537,1.61411,1.77014,1
1.07805,3.77603,-0.107876,1.457,0.482442,0.631705,1.2625,0.894827,3
-0.19691,3.71185,0.912752,2.81348,1.09789,0.603395,2.08186,1.05581,3
0.0320444,3.63105,3.08847,0.11697,1.02735,0.0912033,1.94315,1.67072,1
0.0414134,0.886348,3.06484,0.395962,1.09645,0.401858,0.466315,2.30799,3
-0.289714,3.09154,2.11166,2.58772,0.239039,0.855102,2.41004,1.53039,1
0.722025,-0.313459,2.55374,0.474684,1.79427,0.0440134,2.0756,2.38066,1
0.759985,0.117689,1.96525,0.35622,1.14222,0.286928,2.12106,2.4919,3
1.30379,2.10148,1.71438,0.184695,-0.445487,0.166082,1.04458,1.69668,4
1.73394,2.28736,2.74298,0.625459,-0.000411607,0.15024,0.223805,1.98965,1
0.678059,3.02588,2.84095,3.03664,2.13464,1.46306,0.150094,2.19287,1
1.20564,3.45466,2.3356,2.03888,0.148762,0.41395,0.933722,1.24443,3
0.0171642,1.95563,2.23616,2.04057,1.80934,-0.507355,0.580246,1.05591,3
1.78293,2.15585,1.73575,1.13762,0.931182,1.44532,1.11027,2.05138,1
0.604711,-0.0154521,0.55523,1.22508,2.09951,-0.510278,1.58744,0.628885,3
0.978504,3.57815,2.58613,2.15769,0.586022,-0.0805526,0.338314,2.07318,3
1.66073,0.324466,0.0182245,1.10956,1.48759,0.275459,2.36366,1.4044,3
0.606114,-0.538677,0.787721,0.426255,0.452611,0.506303,0.485388,-0.0269488,0
2.46892,0.866285,1.21132,0.289099,0.198708,0.496844,-0.0584327,1.86725,4
1.86177,3.69335,1.66628,0.867183,2.40003,0.996336,1.3152,1.08885,3
1.31775,0.425859,2.69803,2.03911,0.882912,0.27084,1.97631,1.84974,1
1.31475,-0.194594,2.86607,0.700872,1.26604,0.740574,2.20603,1.84215,1
-0.0611951,1.87581,2.53799,0.573648,1.42833,0.737399,0.200489,1.34013,1
2.09477,2.02776,2.35385,2.44541,2.04624,-0.383773,1.532,0.0191716,-0
0.142531,0.360216,0.872151,3.29638,0.135965,-0.0628625,1.60766,-0.14034,-0
2.25393,3.58817,0.491128,1.50641,-0.281643,0.133163,1.21488,1.5657,3
1.56904,1.33207,0.383821,2.98621,2.45777,0.507881,0.30315,-0.115701,-0
1.26146,-0.23223,2.52103,-0.228846,1.64776,1.04384,0.0809854,-0.014929,-0
0.778414,1.04333,0.23104,0.00691982,0.043023,0.68596,1.72857,1.27713,1
0.693261,1.80786,2.78814,1.71967,0.720077,-0.266839,-0.0917091,-0.158247,-0
0.210927,-0.137678,0.810199,2.23925,-0.300323,0.940505,0.827096,1.4943,3
0.326119,3.68598,0.813784,2.73022,0.30788,1.29767,1.86576,0.948832,3
0.334818,-0.27285,2.87545,-0.198309,1.47013,1.25784,1.08261,1.49459,3
0.729831,0.00601548,2.01947,0.323754,1.34141,0.0630631,-1.00197,1.57353,3
0.500546,3.39834,2.66951,3.01276,0.352914,0.789769,0.54666,1.8226,3
0.3165,1.85541,0.238638,0.771365,1.77672,-0.424088,0.472712,1.33917,3
2.45795,2.34789,1.65927,1.03341,0.458629,-0.688151,0.914547,1.40883,1
-0.290383,0.517165,2.82858,2.92133,0.694743,0.556751,2.17316,1.10932,1
0.159535,3.71301,3.43011,2.48186,0.922318,-0.486173,0.950472,1.65005,3
1.1256,2.69352,0.920931,1.93065,1.59644,0.43233,0.493114,0.867493,1
-0.442743,2.89414,1.55171,1.8975,1.01996,1.24643,1.94852,1.66532,3
-0.116701,2.97053,0.906139,0.684167,0.446998,0.407095,0.438682,1.03302,1
0.981818,3.89398,2.25583,2.05026,0.0321729,0.989445,2.22547,0.00178558,0
1.3168,3.52877,3.00007,1.43471,1.01156,0.348628,-0.0855299,1.57879,3
0.336183,0.0836595,-0.19117,0.330199,1.51773,0.891776,1.06339,-0.157503,-0
0.656064,3.47319,3.11847,2.52333,1.21798,1.50319,1.62476,1.30087,3
1.8735,1.50435,-0.109196,2.92296,0.920694,-0.12583,-0.220408,1.53779,1
0.147312,0.999124,0.703351,0.655301,0.570424,0.706889,1.8392,1.33184,3
0.458546,3.04625,1.02402,2.22075,1.01317,0.747332,0.948274,2.16896,1
1.54479,3.35071,0.647277,1.07221,1.80018,0.0652007,-0.271847,1.51128,3
2.16394,3.90757,0.655804,1.31446,1.40184,1.62743,1.97225,1.74702,3
1.47392,-0.251548,2.49751,-0.143356,0.265716,0.101842,0.669568,1.97276,1
0.782702,2.13932,1.01998,2.87501,1.5449,-0.00032779,0.184016,-0.0855826,-0
-0.200061,2.42425,2.79541,0.0955618,-0.213615,0.0711901,0.313207,1.31474,1
1.71815,2.00554,3.55978,1.4285,1.6018,0.210625,1.66327,1.83155,1
1.95142,3.56835,0.255974,0.40626,-0.179984,0.763819,1.69641,1.28796,4
1.8336,0.763257,0.467517,0.0367496,1.76467,0.0576882,0.179603,1.22825,1
1.25798,0.774573,0.765624,0.678927,0.72592,0.107685,1.85236,1.57985,1
1.70742,3.49378,0.254136,-0.133248,1.37585,0.158769,1.8481,-0.00709342,0
0.643858,3.79772,2.42014,2.77972,2.35528,0.0422617,1.02646,-0.12943,-0
1.58023,-0.103196,0.0981308,0.910628,1.63043,0.623356,0.449784,1.15344,1
1.17504,1.34844,0.826378,0.103865,0.282508,0.635416,1.92044,0.182556,0
-0.103422,-0.132359,1.06929,-0.0541331,1.48133,0.740868,-0.0121881,1.53973,3
1.90847,3.70025,1.21511,2.02304,0.25345,0.541501,2.02941,0.0148325,0
1.21027,2.44424,-0.196937,0.567781,1.78051,-0.0615088,0.228686,1.07967,1
1.64914,3.72006,1.70519,0.703473,2.36135,-0.0303057,0.0492839,0.862293,3
0.200161,-0.180114,1.64406,1.89848,1.3605,0.515293,1.1582,1.27748,3
0.319449,3.82963,0.45166,0.0390652,0.812731,1.00333,0.345615,1.69268,3
0.416099,2.92605,1.63488,2.02949,2.48148,1.28976,0.656369,1.71122,3
0.635694,3.0913,1.61242,2.15782,0.811484,-0.329502,1.35187,0.388773,1
0.480774,0.141861,0.635454,0.297815,1.36117,0.672077,1.5118,1.65416,3
-0.0641612,-0.424586,1.28469,-0.29755,1.06984,0.199745,1.79119,1.3978,3
0.650833,1.41875,3.28948,2.52773,0.180142,0.802575,1.83878,-0.120866,-0
1.18124,0.587519,2.27505,3.06605,1.2461,1.17819,0.322192,0.0317371,0
2.33503,3.81728,2.86734,1.0613,0.655208,0.178093,1.49415,1.89186,3
1.4923,0.247005,0.450708,2.65689,1.33575,1.30383,-0.119702,2.00067,1
1.11861,0.904158,1.11699,0.753295,0.673519,0.449879,1.39191,0.189129,0
2.69079,3.88895,2.6888,1.44488,0.123085,0.239623,0.415138,2.04769,3
0.425978,2.83546,2.72493,-0.232144,2.17118,1.09211,0.680145,1.84614,3
1.19948,0.608614,3.02875,-0.160027,0.840868,0.937664,0.220625,-0.130931,-0
0.566614,1.45606,-0.0388649,-0.195262,1.86852,0.626025,0.16171,-0.153997,-0
0.039528,3.52755,3.26885,2.7658,0.293543,-0.195096,2.24259,0.801648,1
0.854222,0.212882,1.72783,1.48251,0.145479,0.667889,0.122366,2.06556,3
0.297134,2.79334,0.696393,3.17551,1.58504,0.54653,0.808762,1.54087,3
1.84892,2.59641,2.71029,1.05362,-0.0310287,0.0949483,0.169182,0.58695,1
0.100919,0.664201,0.00547763,0.763081,1.4358,0.420485,-0.31817,-0.102223,-0
0.205924,-0.0230047,3.03428,0.292136,1.34998,0.641408,-0.384442,1.11344,3
1.09418,1.06779,1.34847,2.17752,0.789831,0.302815,0.159162,1.66819,1
2.0527,0.324911,2.88297,0.995983,2.17581,0.60751,1.26913,1.59071,1
1.75203,0.447708,2.41662,-0.228055,0.328171,0.234022,-0.287602,1.76923,1
-0.276041,0.809014,2.94388,0.337534,0.670714,0.988779,1.92612,2.07274,3
0.519742,-0.015733,2.46822,0.0622823,0.89022,0.627995,2.0477,0.554717,3
1.18074,1.43393,-0.105648,1.51432,1.5272,0.684309,-0.253192,-0.0700248,-0
0.0541129,1.38466,0.45321,0.178912,-0.0763936,0.212825,-0.203184,1.7257,1
-0.0790153,3.85175,0.569444,3.00566,1.28302,-0.165675,1.73208,0.0470067,0
0.981675,2.21255,2.96365,2.18922,0.592862,0.652682,0.356044,1.84988,1
2.42245,0.774201,2.29587,2.62674,1.72005,1.4687,1.8885,1.47113,3
0.532282,1.53052,1.60801,1.77455,0.681537,0.664847,1.02545,1.9991,3
0.341327,0.84067,0.393287,2.45848,-0.314621,0.932475,1.00419,-0.231057,-0
0.117309,3.71559,2.37222,2.20191,2.02647,0.105869,1.2361,1.29127,3
-0.200183,1.92442,0.220622,3.03279,0.414179,0.689604,0.618567,2.27786,1
0.320154,-0.0277902,1.34142,0.579281,0.545735,0.607598,1.35165,-0.230652,0
0.581656,3.72876,0.0551511,0.67468,1.57361,1.58339,1.34072,1.36383,3
0.626312,3.92807,3.44943,1.72151,0.363592,0.992219,-0.208649,1.7052,3
1.05388,-0.0350379,1.59131,0.101346,1.66419,1.20658,1.19446,-0.0773985,-0
1.6532,0.554103,3.40139,1.2637,0.0286219,0.462449,1.11378,2.08493,1
1.28974,3.80108,2.62215,1.32743,1.06858,-0.262191,0.288005,0.771367,3
0.88082,3.3285,0.862592,0.421815,1.88086,0.90376,0.47297,1.51403,3
-0.0429548,3.65814,-0.00621547,3.05308,0.974778,0.717929,0.937676,-0.128736,0
1.57288,3.16315,0.949835,1.7136,2.26072,0.25633,1.52863,2.12563,1
-0.0679466,0.226967,0.204938,1.37881,1.13312,0.515818,1.68497,-0.157522,-0
0.685631,2.31769,0.719288,2.15361,0.718474,1.58048,0.20767,1.74311,1
1.92256,3.11235,2.43123,2.50469,1.2454,0.683458,0.50511,2.36386,4
1.9466,1.40394,1.47148,1.68249,0.327301,0.597238,0.0325578,2.18038,1
0.158768,-0.217749,3.44048,0.22546,0.864087,0.57103,0.0744791,2.08381,3
-0.0195114,-0.0115088,-0.337578,2.72296,1.91176,-0.057608,0.868549,0.81689,3
0.689735,3.81065,2.79833,3.05353,-0.0740853,0.83773,2.00271,1.51197,3
1.92741,3.91851,2.74967,0.785824,0.730219,0.737924,0.518145,1.51331,3
1.78822,3.18038,1.58525,0.893752,1.51783,0.406639,0.14023,1.54258,4
1.21041,2.44826,1.89492,-0.250988,-0.143929,0.881362,2.28642,1.84001,1
0.324514,1.48228,0.440238,0.655693,0.286771,0.453393,0.874908,1.54629,1
0.958162,3.06894,2.44449,2.08669,0.656779,-0.113259,2.03255,1.29945,1
0.542492,0.227192,0.388317,1.48016,2.09005,0.715924,-0.325146,0.946821,3
1.84162,2.4054,1.73704,0.0657213,0.481406,1.15598,-0.157996,1.91229,4
1.94727,0.284697,1.61237,1.27269,0.349884,1.0895,0.564417,1.58852,3
2.10525,2.33735,2.84411,1.9588,0.230957,0.750366,1.87924,0.0382348,0
0.279908,0.327879,1.9082,2.5982,1.22921,0.450753,1.35309,1.52264,3
2.01891,2.18317,1.5227,1.77354,2.27734,0.913068,-0.20429,1.07752,1
-0.104789,2.16838,2.22183,0.395503,2.35305,0.939509,1.88438,-0.189692,-0
-0.0335805,3.23464,2.48298,0.579497,-0.156716,0.699678,-0.0268406,1.47928,1
1.92957,2.23372,2.13902,2.16086,1.05266,0.10441,-0.289681,1.12857,1
0.613013,1.41678,1.34254,2.22508,0.844479,0.648095,-0.0808853,-0.0679116,-0
1.57774,4.05953,0.511183,0.423726,0.178018,0.0161536,0.307615,-0.0142277,0
0.867358,2.06613,1.61386,3.10663,-0.159513,0.415037,1.59732,1.53362,1
1.04392,3.70971,-0.0906195,0.115819,1.73667,0.216555,0.491111,1.20688,3
1.39099,0.234758,1.4226,1.71326,0.363013,0.452579,1.18474,0.818218,3
2.30145,0.0972691,2.70497,1.56881,2.28438,0.855855,0.992286,1.72406,1
0.00424855,3.35697,2.1484,1.41166,0.829794,0.825574,0.487405,1.9994,3
1.23957,1.40634,2.18084,2.8862,2.5998,0.529599,0.6023,1.67154,1
0.705567,0.690035,1.46823,2.95937,1.85321,1.16214,0.296255,1.65252,1
1.53741,1.11653,2.30857,0.461521,0.803017,0.826013,0.0739787,0.222784,0
1.06439,0.778174,0.274156,2.03881,0.640016,0.117344,1.51174,1.56164,1
0.551622,2.47207,2.06267,-0.199107,0.114365,1.15357,0.537834,1.46588,1
1.25145,2.98059,-0.129627,2.80485,0.238689,1.0459,-0.0767814,-0.0782034,-0
2.28966,0.0245365,1.60296,2.61735,0.301029,0.416058,1.87858,1.78263,1
0.451922,0.811794,2.67782,0.307875,0.595952,1.02097,0.610268,1.37102,1
1.42607,3.35935,1.6664,0.212172,1.493,1.09609,0.429646,1.5929,1
1.72001,3.03088,0.347304,2.97767,0.953194,-0.20931,0.792813,2.06973,1
-0.0258367,-0.0634019,1.99609,0.0389639,1.27892,1.04489,1.33051,-0.0780595,-0
1.41945,1.72652,0.285914,0.341365,0.8451,0.396416,0.130429,-0.0450476,-0
0.212656,0.170381,2.09598,2.6829,1.25776,0.21272,0.280457,1.90244,3
1.8337,-0.0683339,3.00801,2.14879,0.553965,0.781826,2.16047,1.73439,3
2.00814,2.63973,1.22538,0.383622,0.288762,0.372487,0.972615,-0.0548635,-0
1.9146,1.34974,3.31629,2.2629,0.259186,-0.142499,1.07678,1.65732,1
1.79252,2.73761,2.13728,0.0132443,-0.00900274,-0.149792,0.758054,-0.0371545,0
1.65196,2.27057,0.708253,1.16681,2.33066,0.162619,0.0570897,1.07461,1
0.616945,1.21288,3.00096,2.9864,0.083159,1.37421,1.43173,-0.0620103,0
1.14773,-0.292102,1.098,3.14308,1.55719,0.0474045,1.06914,0.879976,3
1.26926,0.0374644,2.89003,0.341386,0.0471272,1.06687,0.767545,1.15846,1
1.78922,1.12035,2.59031,1.89091,0.829273,0.247989,1.72711,1.7126,1
0.505387,4.08034,0.8449,0.832298,0.353761,0.711127,2.57696,1.20708,3
1.04822,-0.658638,2.38208,-0.302095,1.32865,1.31529,0.411472,0.765391,3
0.833114,1.44591,0.696046,-0.0480836,0.731053,0.596761,0.653624,1.81978,1
1.2432,0.554135,1.74889,0.63704,1.55964,1.4227,1.57674,1.78117,3
1.47049,1.66131,2.99912,2.63298,1.28346,0.354476,0.1534,1.87967,1
2.00015,2.6939,0.331376,2.2016,1.71735,-0.241112,1.18987,1.07513,1
1.88007,1.34338,3.30201,1.43736,-0.0550038,0.312077,1.57395,0.932437,1
2.14568,2.57385,0.300246,3.28424,0.780075,0.0766591,0.713986,1.78978,1
0.572999,3.14707,2.05368,0.464449,2.61374,0.346833,0.745522,1.00321,1
1.1292,3.07282,3.24957,1.88403,1.28116,-0.319103,2.21894,1.25903,1
1.14878,3.30667,0.34981,1.2403,0.683378,0.199857,2.2209,0.896429,3
1.06476,3.93102,1.30616,0.264255,1.80379,0.51627,0.143746,1.43277,3
1.64303,0.685338,0.176363,1.13212,0.950098,0.325658,-0.251368,1.15756,1
-0.0529684,-0.373913,2.28722,3.04432,0.638733,-0.397279,1.10723,-0.107215,-0
2.00414,2.18423,2.48686,-0.218539,2.33853,0.623252,1.3535,-0.0539365,0
0.612163,3.38326,0.552769,2.65357,2.29699,0.597069,-0.0798219,1.9852,1
1.08616,1.56859,0.120839,-0.012036,1.61155,1.67552,1.45823,0.0231596,-0
-0.0824723,2.86629,0.908778,0.832367,1.68839,1.14653,0.572469,2.16064,1
0.671061,0.362952,0.288689,0.129318,2.38151,1.0669,0.10712,-0.150009,-0
1.51853,1.67591,0.640146,2.70872,0.661274,0.979493,1.94782,-0.109489,-0
1.79109,1.89715,3.32965,1.37453,0.603449,0.32978,0.655117,-0.077952,0
3.04131,2.19469,1.86577,2.08404,1.0716,-0.150877,-0.253046,1.84482,4
0.340848,0.691393,1.82583,3.04972,1.33372,1.09109,1.0693,1.62971,3
0.0669111,0.00351193,0.655457,1.7337,1.40881,0.970189,-0.611393,1.7829,3
0.997119,1.88145,3.111,2.34949,1.64615,0.841038,0.0642748,1.7499,1
1.17568,0.226697,0.0734143,3.1523,1.17935,0.864928,1.69388,2.07898,1
1.82128,-0.64183,2.02768,2.67132,0.154716,0.445679,1.46641,0.452234,1
0.917776,0.325156,1.4416,0.926409,0.965759,0.852359,0.145856,2.48408,1
0.375109,2.08741,0.339661,-0.176887,1.9252,0.0618224,0.0205556,1.25842,1
0.885867,1.29153,0.158524,0.137777,1.99119,-0.473559,0.132783,-0.14109,0
2.05993,0.152487,0.931838,0.505134,0.602117,0.179512,2.13287,1.48604,3
0.358999,1.40997,2.83991,0.678952,0.652298,0.876956,1.45544,-0.0943767,0
1.62688,3.2891,1.06624,1.20027,-0.00957551,0.524203,1.32704,2.05918,1
0.439698,0.0912933,1.72844,0.233437,1.78068,0.186031,0.489054,-0.120389,0
0.221592,3.8615,2.06041,1.39203,-0.105147,0.385486,0.503198,1.06581,3
1.9748,1.70022,2.23808,0.166629,1.62972,0.758185,-0.237539,1.69322,1
1.33048,2.93409,3.22774,2.97262,0.539498,1.03931,-0.142615,0.905492,1
-0.144398,2.02934,3.24354,-0.181177,1.01496,0.349613,1.68634,1.4844,1
1.01027,0.579654,3.14833,1.13582,1.28812,0.868757,1.47488,1.89862,3
0.0784637,2.35451,3.57265,0.928573,0.423309,0.360292,1.01931,1.79385,1
-0.457856,-11.9726,3.21057,7.96355,1.62281,9.37496,-15.1421,9.48032,14
1.07097,2.73275,2.57961,2.8971,2.59671,0.531987,0.510657,1.77664,1
1.71526,0.570381,0.218398,-0.126673,1.31787,0.108351,1.41091,1.26697,1
1.1827,2.78868,-0.266487,2.88995,1.49767,0.542715,1.27184,1.62863,1
0.579805,0.641685,2.42517,-0.251198,0.242905,1.01182,0.340637,1.89738,1
1.67478,1.87803,0.910052,-0.044151,0.338505,-0.00924093,1.432,2.14807,4
0.643763,3.71744,-0.314259,0.871538,0.453906,0.130023,1.79688,1.16364,1
2.53393,0.163788,1.9195,0.735269,0.578871,-0.0499698,0.736639,-0.0276385,-0
-0.43591,3.87833,2.53339,1.13062,1.41775,-0.0950188,1.2216,-0.124087,-0
-0.166882,-0.209834,0.0127001,-0.166864,-0.125272,0.957383,0.476982,1.04494,2
0.468305,0.143108,2.44574,2.15211,1.1472,-0.306127,1.79711,0.874576,3
2.224,0.689814,2.13201,-0.233834,0.51811,0.919433,0.292613,1.04262,1
1.33285,2.38094,0.249231,2.30401,0.884173,0.310279,1.45174,1.59405,1
-0.0198795,1.41107,1.42476,3.06184,2.01137,-0.0156286,0.298792,-0.118772,-0
1.04605,0.352769,0.494222,0.141546,0.709644,-0.634158,1.23121,2.11996,1
1.25564,2.76395,0.158087,0.515022,0.703885,0.742117,0.115629,-0.0876634,-0
0.350217,3.40997,1.78641,2.60403,0.883282,0.239038,1.522,1.80393,1
1.16768,3.80584,1.48367,0.171756,1.68413,0.82052,1.60093,1.05454,1
-0.318869,1.39208,2.50583,0.326286,2.02116,0.467129,2.51687,1.16251,3
1.45602,0.0178278,3.06064,1.37681,1.16699,0.0807337,2.05909,1.76861,1
1.22819,3.28525,3.35608,1.62238,0.662361,1.30109,0.995501,-0.0983682,-0
0.663329,3.55766,2.06006,3.33272,0.292255,0.606955,0.208239,-0.105474,-0
1.31041,2.62479,-0.285391,2.79515,2.1499,1.00777,-0.0468247,1.69503,1
-0.180516,2.64606,1.08517,0.996048,0.850472,0.413256,-0.334372,-0.165969,-0
1.38073,-0.0285336,0.226762,1.64981,-0.109851,0.936966,0.530504,-0.00120061,-0
1.76119,0.438238,-0.000962335,0.0349316,0.249345,1.01234,0.816437,-0.0747308,-0
-0.058181,2.46438,-0.0506758,2.67148,1.68982,-0.0458867,1.90054,0.681908,3
0.337724,2.42858,2.13111,2.69837,1.43185,0.46865,1.66228,2.20616,1
1.66676,0.50991,2.01703,2.31701,2.4779,0.48361,0.937758,2.28644,1
1.54089,2.68321,0.219598,2.05956,1.91863,-0.0761458,0.649766,1.8361,1
0.939084,3.19626,1.0367,-0.0622257,0.996692,0.315955,-0.1153,1.94933,1
-0.0424418,3.61338,3.09639,0.863529,1.50595,0.350835,-0.223417,1.5418,3
1.41331,0.0788022,0.0439759,-0.123543,0.211665,0.349089,-0.178767,1.74004,1
1.35188,3.06193,1.99794,1.16522,-0.012901,0.939979,0.180997,1.05639,1
0.50228,2.97183,2.14428,0.734031,1.23841,0.369781,1.27564,0.0392474,-0
-0.296242,1.22388,2.43233,2.43167,1.18216,0.757589,0.462822,1.14795,3
1.04193,0.904742,2.52023,3.08738,0.352685,0.159663,1.74772,0.804669,1
1.01459,3.66647,0.633791,0.340374,2.081,1.36693,0.345145,2.05954,1
-0.0767541,1.23599,-0.0825933,0.00717262,1.87493,1.33889,1.13982,2.08937,1
0.394855,1.83342,2.93985,1.29131,0.507132,0.658896,0.242968,1.12224,3
-0.296254,3.43094,3.43674,1.87952,1.5246,0.618035,2.18499,-0.0801442,0
0.830516,3.91343,3.27253,1.15128,2.01995,1.28079,1.60979,0.0255868,-0
1.80098,1.71369,0.340243,-0.513065,0.984919,-0.131846,-0.143013,2.06341,5
0.24158,0.371916,3.0622,-0.1123,1.34866,0.474338,1.85574,-0.118765,0
0.734692,1.97592,-0.120847,2.88904,1.38736,0.17065,0.686185,1.34633,1
1.71879,1.52036,2.80851,0.588086,2.34978,0.597003,1.06086,1.22367,1
0.902912,3.25988,2.56571,1.08053,1.82387,1.40468,1.2196,0.0427732,0
1.28737,1.22642,0.690886,2.77306,1.55478,0.715857,1.64843,-0.0808951,-0
1.95547,0.0229594,0.566373,1.94916,2.25353,0.195427,-0.181457,-0.0207468,-0
0.952942,3.70859,0.304622,3.03542,0.86573,0.643857,0.0288803,1.8327,3
-0.278684,2.2506,3.2444,2.1959,1.48162,0.755797,2.08027,0.833606,3
1.60252,3.86976,1.15123,1.94936,2.22727,-0.0247804,1.88744,1.27173,3
0.0528144,0.381051,2.90602,1.31451,2.26377,0.392694,0.817148,1.04158,3
0.595778,4.12668,2.48283,3.14545,2.18551,0.742622,0.615883,2.40461,3
0.46808,-0.358164,2.67897,2.63942,1.6199,0.301396,1.20962,-0.0760702,0
0.226302,-0.467718,1.10391,3.35856,0.1345,0.32945,1.90261,-0.116054,-0
2.36527,3.71852,0.287265,2.56634,1.01709,0.977063,0.923256,1.36815,3
0.465391,0.640113,0.953498,-0.112968,-0.0155554,0.998099,1.92433,2.01781,1
1.6232,1.42914,1.44669,0.636298,1.37761,0.287996,1.10787,1.92686,4
0.78666,1.10874,2.79933,3.04098,0.0144791,0.270135,0.286545,-0.0960447,0
2.28635,0.700078,0.133323,1.6847,0.134015,-0.2103,1.87779,1.02918,1
0.603621,0.418184,0.457625,0.955003,-0.183437,0.170677,-0.0612742,1.48252,1
1.00154,2.53858,0.0497121,1.79718,2.33784,-0.0739283,1.67997,1.5349,1
1.77516,2.16294,0.23637,0.359085,1.41781,-0.421138,0.154371,1.07604,1
0.40449,3.80251,0.633542,-0.0193016,1.98284,0.566341,0.90348,0.96288,3
0.970448,3.6083,2.63586,2.68331,0.566257,0.829508,0.567265,1.09578,3
0.707796,0.183678,-0.155567,3.26084,1.27279,0.875345,2.48321,0.722786,3
0.528953,1.5432,0.231829,1.82613,2.17913,0.196422,-0.193106,-0.155141,-0
2.42079,3.64771,0.105503,0.933283,1.52203,-0.0166228,0.641696,1.14893,3
1.98999,-0.0159925,2.69924,0.584691,0.594035,0.843533,-0.20626,0.236788,0
1.04065,1.9691,-0.339023,1.82898,0.425945,0.875254,-0.188524,1.46414,3
1.50333,3.17644,1.64771,2.85325,2.40645,1.29299,0.441778,2.05344,1
-0.525037,-0.000718071,1.4405,2.76101,2.35151,0.598423,1.30496,-0.338914,-0
0.310163,4.39434,0.393336,0.344302,2.18644,0.757276,0.589437,1.6459,1
1.44537,1.54074,0.0510723,2.79782,1.94762,0.494637,0.250744,1.32365,1
1.93665,0.245306,1.73194,1.42613,0.00725525,0.0171102,1.23263,1.18192,4
1.31585,2.56661,0.513522,0.697691,0.955217,-0.326394,0.733042,1.45197,1
0.530399,1.12547,0.278058,0.126911,0.0709202,0.151857,0.516706,1.55648,1
1.69705,1.72256,0.779281,0.857173,1.93492,0.812351,0.0905341,-0.133155,-0
1.7497,2.57751,2.75956,2.72817,1.48439,0.217025,0.870683,1.55641,1
0.549543,0.24517,1.92379,2.77401,1.10759,-0.418188,-0.46381,1.56351,3
0.962083,4.16358,-0.212401,1.89589,0.562835,0.398863,1.40872,1.05225,3
1.78877,1.10372,2.35367,2.83684,1.87822,0.970484,-0.179311,0.0433867,0
1.93774,-0.115394,2.43082,0.187914,0.0661646,0.196688,0.555828,-0.10871,0
1.04636,3.90589,0.0462068,0.236578,1.36568,0.701775,0.781689,0.974949,3
2.19783,2.66372,1.18352,3.01861,0.910839,0.602244,1.57818,0.0136238,0
1.33626,1.1981,0.0278855,0.289973,2.33694,0.232697,1.05381,1.59211,1
-0.185964,-0.0358534,1.35557,0.282115,1.86636,0.456775,2.22618,1.11308,3
-0.314959,2.67439,3.3835,0.149342,0.648971,0.454944,-0.0488934,1.93059,1
0.982484,0.28043,0.502092,2.07884,0.380795,0.0792746,2.65292,1.43776,3
-0.140048,2.42212,0.940258,0.796641,0.670164,0.0809177,-0.128769,-0.084755,0
1.84967,3.53468,0.929263,2.86645,2.26523,0.405638,-0.275817,1.45797,1
1.00539,-0.182569,1.45906,0.990514,0.46058,0.0851478,0.591238,2.34311,3
1.88219,2.16066,1.18573,2.49194,0.00495458,0.260793,1.62913,-0.0312789,-0
1.69227,0.942063,2.16297,2.86114,1.28504,-0.324087,-0.179723,1.78771,1
-0.0726244,3.12682,2.70694,2.0946,1.25281,0.681997,-0.0456582,1.91926,1
0.112608,1.05243,1.24586,2.17422,1.65506,-0.000414635,0.276268,1.49853,3
1.76156,3.87424,3.15533,3.05888,1.19333,0.799222,0.620715,-0.0622574,-0
0.555938,3.80921,1.85993,2.61144,2.02171,0.992035,-0.163721,1.69965,3
0.702173,2.94732,0.967368,3.00253,0.690347,0.626283,0.731447,2.10678,1
2.11042,2.37357,1.63311,0.659419,0.086009,0.232773,0.0398474,1.72067,1
2.06753,-0.0302476,1.19251,0.581292,0.270228,0.112829,0.926524,1.87896,1
1.92503,2.91806,1.98931,1.20206,0.34194,0.74028,2.79775,2.46615,4
0.00525013,0.2524,1.11073,0.168162,2.16205,0.310189,0.416136,1.51743,3
2.3791,2.92314,2.72017,2.86478,0.242711,0.340044,0.213195,2.33937,3
1.72123,0.338925,-0.0931775,1.06277,0.0861097,0.561565,2.12624,0.889664,1
0.82268,0.212698,0.0629994,0.720452,2.19991,0.945111,1.91101,0.00683333,-0
0.515028,3.71725,1.2264,0.496695,1.05166,1.55197,0.0493187,2.39451,3
0.816612,2.88958,1.33794,1.03487,1.65151,1.30315,0.139716,-0.0647038,-0
1.60154,3.03606,2.82527,3.02681,0.0419734,0.1249,0.623248,1.62299,1
2.10024,3.73909,0.209643,0.674436,0.5534,0.953958,1.84023,1.37703,3
0.882562,2.11456,3.04516,2.20325,1.41054,0.864284,1.11454,1.8581,1
0.347183,2.6751,0.303686,3.055,0.0496914,-0.222443,0.756178,2.39531,4
1.33639,1.46463,0.0575499,0.622672,1.38787,0.0372703,1.7073,-0.0974906,-0
0.33671,0.169472,0.839156,0.233141,1.67418,-0.0316363,1.42406,1.23797,3
1.68862,-0.00616565,1.92827,0.869315,0.141019,0.401972,0.280823,0.00059,0
2.51302,-0.0961144,0.548339,2.66072,1.43017,0.162375,-0.0159891,2.16848,1
-0.170074,2.36456,0.0934015,2.83322,0.901164,0.118018,1.35811,1.95139,1
2.23596,2.05377,2.16697,2.61649,1.1635,0.0565835,0.665914,1.2335,1
-0.196659,0.77736,2.37705,2.35136,1.66763,-0.339739,0.715948,0.980294,3
1.60174,2.18147,1.14283,1.80929,2.53647,0.739756,0.156751,1.85402,1
0.107401,2.60081,0.307025,0.0657076,-0.0685567,1.03318,-0.355015,-0.161051,-0
1.08092,2.15329,2.12051,1.27139,1.97455,1.31125,-0.0738263,-0.0818913,-0
0.629858,1.01229,1.73874,0.704752,2.41308,-0.0536479,1.38095,1.2329,3
0.10726,2.28366,0.138047,3.01387,0.419949,0.590802,1.63841,-0.169832,-0
1.37627,1.82819,0.291894,3.10439,1.44037,1.06651,0.772641,0.115653,-0
-0.232315,1.1594,3.26341,1.47475,1.24679,0.718335,0.650515,2.51673,3
1.26951,3.3313,2.78526,2.02758,1.69961,0.966781,1.7473,1.55145,1
-0.210982,1.52217,2.70677,1.73769,0.361856,0.0285038,1.83656,0.559129,1
1.54907,3.8087,-0.0450431,2.38274,1.0248,0.232322,-0.0871297,0.947374,3
1.71316,3.29736,1.9165,2.80525,-0.140746,-0.245063,0.0916351,-0.0187279,-0
1.50313,0.80918,0.128791,1.28043,0.790687,-0.340925,0.480966,1.76605,1
2.23804,-0.111042,3.18797,-0.367814,0.548785,0.15197,0.890026,0.0239601,-0
1.09861,2.30507,0.294883,2.58105,0.77168,-0.0963098,2.01334,1.44399,3
1.84323,1.09607,-0.203026,2.45078,1.41229,-0.286323,1.94562,0.769577,1
2.14013,3.5628,0.937472,2.19074,1.71625,0.358781,0.383321,2.27703,3
2.42306,2.86233,1.96346,0.0192481,0.46258,0.771509,1.19204,2.41539,4
0.844311,2.33781,2.6523,1.47525,0.115406,-0.275576,2.05696,1.08563,1
0.663051,0.0353179,-0.24374,2.31547,0.73472,-0.157719,0.805586,2.24337,1
0.601807,-0.115733,0.0650687,2.49678,0.290788,-0.31623,0.457657,1.28284,3
1.01846,-0.00960615,0.460385,2.29733,0.620867,0.336457,1.43827,2.08492,3
2.28781,3.30308,1.553,-0.269113,0.810457,0.51908,1.3207,2.14462,3
0.974983,3.81913,-0.333663,2.3207,0.0104162,1.00932,-0.348244,2.00895,3
-0.0645973,1.63744,2.49652,1.63191,1.89741,0.0948602,0.771527,-0.127063,-0
-0.0960746,2.00802,2.5177,2.04768,1.63704,0.767331,0.144913,1.37644,3
2.17569,2.94279,2.40598,0.645252,0.447576,0.829536,0.691669,1.6036,1
0.0114537,3.51876,2.98207,2.58471,1.99189,0.973473,1.35722,2.48578,3
1.96558,-0.193432,0.351616,0.627033,1.62222,0.856537,1.16241,-0.0627045,-0
2.15355,2.84366,0.416798,-0.0855033,-0.0359984,0.646506,1.57668,0.912611,1
2.301,0.93722,2.20953,2.65539,0.393518,0.20364,0.150357,1.33521,1
1.45318,1.49198,0.138849,0.491291,2.44227,-0.296694,1.64588,2.01831,1
2.31935,-0.0731031,0.0784674,1.85026,2.01278,0.653116,0.069035,2.07509,1
1.93378,3.71292,0.643059,2.68345,2.43871,1.44589,1.13897,1.35584,3
1.72962,1.90137,0.59458,-0.358206,0.617823,0.690659,1.35307,1.37405,1
1.71542,0.808464,1.01763,2.10036,1.59749,0.573876,0.290056,-0.104736,-0
0.402191,-0.177825,1.39407,2.56215,1.2537,0.108416,-0.293101,2.2156,3
0.0876936,2.62508,0.711057,0.541351,0.0867801,0.645833,0.517095,1.54273,3
2.2535,-0.283475,0.128074,0.541258,1.55777,1.23829,1.01984,1.17033,3
1.01615,1.398,0.128863,1.86485,1.46305,0.397942,1.08319,1.66549,1
1.39405,-0.18531,2.21776,2.5323,0.921632,-0.406453,0.014811,-0.053194,0
0.316531,3.59769,2.89026,-0.0753786,1.04175,1.00255,1.79875,1.99823,3
-0.275394,-0.0671823,0.0494667,1.50029,-0.12087,0.454013,2.43504,2.031,1
-0.0365752,0.184343,3.28417,0.580704,1.49154,0.785619,0.358451,-0.146244,0
1.87132,-0.0841256,3.2729,2.67114,0.591885,0.982139,0.125634,-0.16387,-0
2.22084,3.33588,0.170906,2.92164,1.16381,-0.0304391,-0.146627,1.54208,1
0.0571725,3.80141,1.74001,0.199935,0.749591,-0.0057365,0.211378,1.44468,3
0.992933,2.28711,0.144483,1.07706,1.72495,0.192186,1.82701,2.00214,4
0.131108,0.264775,-0.067764,0.365305,1.91911,0.388295,0.581721,1.61894,3
1.15919,2.83435,3.26275,1.65441,1.56097,0.644056,0.0744662,1.51395,1
0.883482,2.58913,0.563506,-0.138821,0.803882,0.537578,-0.385463,1.87883,1
1.54578,0.363086,2.92263,2.46558,0.878201,0.98422,2.25071,1.968,1
-0.168028,3.87226,0.700422,0.608556,1.4728,0.306049,-0.263282,1.66165,1
0.850536,3.90881,0.960886,2.60023,0.924921,1.23761,1.53269,1.80024,3
0.244439,2.52549,0.389859,3.0356,0.834902,0.858445,1.6511,2.05059,3
0.0931394,3.26089,0.528077,2.27517,1.17739,1.29952,1.30841,1.39371,3
1.62857,2.28491,2.71571,1.69516,-0.0149412,0.666607,0.241074,1.48689,1
1.89567,2.46509,3.16536,3.0009,1.12239,0.701876,1.50601,1.65144,1
1.80959,2.84126,-0.00667021,2.862,2.43798,0.396785,0.766777,1.74265,1
-0.485784,2.29594,0.0258013,0.430369,2.37237,0.28115,1.78589,1.7447,1
1.13885,3.46747,0.203019,2.00125,2.87907,0.766389,1.53214,1.5834,3
2.03907,1.59973,0.775204,-0.397939,-0.121283,0.512892,0.430014,1.66584,1
0.9595,3.53363,2.04479,2.78464,0.583196,0.10326,0.740088,2.1698,3
1.8691,0.981453,-0.00470947,0.115597,0.951744,-0.00347455,0.948224,1.40217,1
1.24152,-0.0497502,3.17211,1.837,1.30909,0.821997,0.935061,1.69422,3
0.403197,0.135582,0.240831,0.154594,0.903504,-0.326747,0.988536,1.82202,1
0.482152,1.8795,0.277931,0.249811,0.953047,0.897169,1.95914,1.54376,1
-0.0663176,0.189763,2.8599,2.27866,1.57411,0.343194,1.04812,-0.238485,-0
1.76147,2.32417,3.42174,2.6613,0.649316,0.181598,1.7411,1.88329,1
1.60681,-0.228325,1.2488,1.60935,2.31408,0.952828,1.28692,2.22643,2
1.16141,3.67214,1.91406,1.22748,1.87069,1.25403,2.17314,2.18105,1
0.8053,4.02493,1.47211,0.959525,1.01147,0.691168,1.0069,2.11233,3
0.205454,0.51118,2.45836,1.63924,1.93356,-0.577073,0.725964,1.50291,3
0.790961,1.56035,0.387621,3.23011,0.354638,-0.0157714,0.23947,0.815476,1
0.0845106,1.40855,1.87383,0.111452,1.21246,-0.528375,1.87238,1.77767,3
1.47419,0.680759,0.468617,2.38514,2.03653,0.760188,-0.129057,1.40474,1
0.095508,2.78522,0.161435,-0.0849463,0.239915,0.649994,1.05092,0.593195,1
1.18968,1.19248,0.802942,2.74324,1.34609,0.0589408,2.02362,1.00631,1
0.0945757,1.61505,0.121863,0.626941,1.83867,1.36086,1.68136,1.69552,3
1.38591,0.861112,0.482972,0.0382873,2.57447,-0.173178,1.74086,1.62787,1
1.60365,0.159166,-0.0887364,0.27433,1.58849,1.78822,0.960644,-0.10175,-0
1.51613,2.52934,0.48303,-0.040181,1.28232,1.01863,-0.160009,0.878691,1
1.44709,2.87567,0.100717,0.751655,0.751352,0.183062,-0.025712,1.48069,1
0.490999,1.4486,2.65871,-0.327426,0.57496,0.00926289,1.59956,2.32775,4
1.86083,3.26507,-0.166606,2.24418,1.42553,0.536425,1.67999,2.33746,4
0.98845,4.04824,0.249248,0.557931,1.04529,0.457389,1.94688,1.02178,3
0.204825,1.88045,1.3008,0.682963,1.9711,0.0734821,1.15638,1.67287,1
-0.0137832,0.128537,2.24571,2.62035,1.72942,0.334849,0.225248,1.81379,3
1.28855,1.23317,0.251243,1.17284,2.33889,0.7562,1.36375,1.28388,1
0.366357,2.06595,0.997445,1.9784,1.66662,0.72726,-0.361268,1.78371,4
-0.231726,0.117125,2.38532,0.292117,1.73656,1.06776,1.17456,-0.204627,-0
0.506392,3.69814,2.9396,1.31202,2.21795,0.284764,0.884074,1.06634,3
0.608438,-0.385901,1.91378,0.234031,1.27878,0.658236,-0.0937646,-0.0254285,0
1.32051,-0.0109961,2.77641,2.96102,0.0934388,0.161914,1.75401,-0.0715673,-0
0.313339,0.253965,0.543887,-0.0910872,1.1858,0.243993,1.22616,1.47991,3
0.768353,0.322491,1.25122,1.41288,0.157718,-0.176859,1.26425,1.99328,4
1.72206,3.504,1.53271,1.6194,1.86944,-0.061811,1.99124,-0.00351989,0
1.05298,-0.203422,2.26706,0.0336945,1.13665,0.356896,0.0601097,2.34152,1
0.53575,-0.0962399,3.35928,2.0314,1.53106,0.693851,0.941502,-0.213457,-0
0.768981,0.475024,1.2638,0.160216,2.45573,0.171383,0.167795,1.89963,1
2.33788,2.74908,0.825301,1.75512,2.24772,1.1869,1.73166,1.15139,1
1.5864,2.53029,1.53553,2.10216,1.28257,-0.331494,0.169973,1.43379,1
0.556727,3.67694,1.70605,2.54048,1.38541,0.0807282,-0.0368286,1.50005,3
0.139468,2.45548,0.825997,3.05158,2.20941,0.21401,1.10402,1.92,3
1.05652,1.82451,0.428171,-0.209082,1.38878,0.00732809,0.460348,-0.102288,0
0.63452,0.503584,-0.0242156,-0.0866514,2.24292,0.336447,0.705987,1.41735,3
0.340723,3.59861,2.46269,1.34821,2.01349,0.162399,0.480861,1.08197,3
0.399816,3.70123,-0.319944,1.08966,1.26038,-0.0145028,1.18993,1.81883,3
0.885703,4.02355,2.67757,0.459062,0.762495,0.618711,1.26838,1.14334,3
0.550265,2.97293,1.40384,1.61229,0.893578,-0.146529,-0.0459418,2.23199,1
0.582608,3.06266,2.04287,0.717647,1.05973,0.611388,1.76012,-0.0668786,0
2.02386,1.99623,3.27069,0.0339088,0.935953,0.647519,1.16986,1.73004,1
0.0610126,-0.140983,1.81267,2.67611,2.65234,0.263646,1.4231,1.39804,3
0.186814,2.55191,2.27004,0.936044,1.7623,0.517097,0.927756,0.583496,1
0.702539,0.229384,0.287818,1.15131,0.39337,-0.530305,0.384254,1.67821,1
0.0894546,0.922945,2.37815,2.11668,0.872622,0.163091,0.283275,1.62659,1
0.308656,3.86885,0.928273,1.92515,0.283819,0.0420668,1.69024,2.00112,1
1.47076,1.47802,1.20204,2.59621,2.15222,0.510153,1.8665,2.09437,1
-0.18359,0.109152,1.59237,-0.076988,1.90365,0.213114,1.13276,1.06659,3
1.19557,0.0242906,2.87496,0.893935,0.324907,0.608506,1.39915,2.3758,1
2.08409,1.10767,2.04308,2.62796,1.35023,1.01459,1.29008,-0.0787105,-0
0.261676,3.25189,1.59966,2.46536,1.48433,-0.314373,0.194789,1.16082,3
1.28257,3.48055,0.71432,3.18169,0.592945,1.20565,0.909985,0.613586,1
2.10973,1.40642,1.29277,1.49028,1.02579,0.0841659,-0.0866393,1.5849,1
1.42872,1.9793,1.20226,1.29207,1.8363,0.254641,-0.0166515,1.69852,1
1.29286,0.636186,1.51351,0.595114,0.777124,0.880394,2.00163,1.63029,1
0.0986082,-0.0960263,0.415362,0.9015,1.91497,0.675623,1.70528,1.42357,3
1.70048,0.107316,1.0114,0.258519,1.09738,-0.196806,-0.119681,-0.00447333,0
1.4772,0.960007,2.86495,-0.205686,2.00844,0.174545,0.225672,1.78843,1
0.67942,0.635482,3.09963,1.63833,1.22084,0.823805,2.22244,1.45762,3
1.01399,2.35516,2.96504,1.49829,1.78301,-0.107368,1.01564,1.91985,1
1.93485,0.438959,2.71221,2.10761,1.62679,0.017864,-0.123416,1.73253,1
2.40292,3.68118,0.673574,0.320086,0.265682,0.515634,0.13785,1.08994,3
0.28606,-0.321,1.60775,2.98982,-0.0846592,0.609274,0.689672,-0.107096,0
1.34757,0.698938,3.13807,1.77192,1.3232,0.585188,1.51447,-0.000914281,0
-0.131375,2.26734,3.02809,-0.262346,0.277633,1.13951,0.912711,1.46583,3
2.22602,2.03032,2.49259,0.690829,1.44804,0.794127,1.7263,1.60325,1
0.813188,-0.369038,3.14696,2.72232,1.18459,0.0438733,0.440472,1.21028,3
1.65813,0.315579,3.25586,1.64415,-0.0345235,0.099168,1.8632,1.17637,1
1.97106,3.8449,2.77911,0.720419,-0.50872,0.300142,0.87698,0.845361,3
1.87635,3.75009,2.27284,2.31641,0.520702,0.154599,1.72144,1.79585,3
1.87123,2.3617,3.08008,0.0530666,0.012984,0.990527,0.878086,1.71136,1
1.66546,2.43857,2.63683,1.83542,0.671847,0.204315,-0.31523,1.94682,1
1.76922,2.41286,1.74925,2.26443,2.49969,0.0867242,1.83839,1.46136,3
1.97765,0.28483,2.82368,2.9118,0.273678,0.221906,0.154717,2.01023,1
0.738452,-0.139645,-0.166784,-0.0697881,0.248175,0.620532,1.94341,0.113204,0
0.283528,1.53593,2.25447,0.561801,1.64749,1.54887,1.61488,-0.00196482,0
1.1564,2.92463,0.0896844,0.79233,1.2433,-0.396141,0.155341,1.54553,1
1.74565,1.06444,1.78945,1.62376,2.20153,0.238744,1.86171,2.0803,1
1.96995,1.90919,2.53529,1.63321,1.92978,0.513526,0.455679,1.59173,1
1.13644,3.44502,0.953952,1.63728,1.31346,0.579308,1.15463,-0.0626466,-0
1.08129,3.11574,0.654784,2.84647,0.669711,-0.0235158,1.96223,1.44216,3
1.33891,3.16791,0.76112,3.42207,0.238158,0.41731,-0.156953,-0.159522,-0
1.85576,2.89042,2.64134,2.61072,2.56019,0.847593,0.227918,1.98912,1
1.79844,-0.193951,3.13013,2.97193,1.93998,-0.614923,1.1597,-0.00744777,0
1.50758,1.15679,-0.0222967,1.29765,-0.0344542,0.813609,0.524937,-0.0718316,-0
0.626629,0.364171,-0.162299,1.83464,1.32586,-0.352663,0.556652,0.989137,3
1.73226,-0.207493,3.14509,0.712081,0.778076,0.904825,2.18187,1.86408,1
1.26415,2.80132,-0.164714,2.00169,0.683888,-0.0870804,1.97867,1.81482,1
1.02644,1.96204,1.17977,0.0815736,1.64738,0.866871,1.55495,1.83797,1
1.52816,2.31472,1.56018,2.18401,0.0289536,0.310907,2.23928,1.65834,4
0.58186,3.64443,0.189098,1.31422,1.22995,0.894333,1.29206,1.40322,3
1.63474,0.709167,-0.00760006,2.16039,0.186976,-0.430655,1.00814,2.27785,4
0.0196219,-0.119542,2.20914,-0.109911,-0.42495,0.369176,-0.2149,1.98239,1
0.616763,-0.00403141,3.05004,2.30971,0.182835,-0.21802,-0.400265,1.76363,1
0.317896,2.15013,0.552821,2.20756,-0.006446,0.129151,1.44859,1.99706,1
1.18863,3.50403,1.41101,0.372015,1.22755,0.0406635,-0.334863,-0.0762967,-0
2.43044,0.209174,3.24236,2.00901,1.67706,0.549121,0.120202,0.234739,0
1.89057,1.23581,0.860001,2.19382,2.25621,0.0858619,0.0299005,1.94875,1
-0.327523,4.0744,0.808906,1.46341,1.16058,-0.165652,-0.0933391,1.55892,1
0.618876,2.02905,0.662941,2.13808,2.11994,1.22442,1.06893,2.02734,1
1.65292,3.37985,-0.149011,3.06435,0.829757,0.425407,1.43621,1.31598,1
1.43718,3.75705,0.772117,2.43751,1.66682,0.157182,1.54124,1.05343,3
1.31269,1.16196,1.143,1.55267,1.88599,0.46073,-0.369462,0.86542,3
0.02673,3.8097,0.799774,0.292191,0.474388,0.212149,2.12752,1.62138,3
0.671626,3.10959,1.82921,1.42404,1.25652,0.551471,-0.108291,0.0820298,-0
2.0208,-0.0186668,2.21079,1.21394,0.74478,-0.111015,-0.0209627,-0.0308951,0
1.10247,2.57864,0.544058,0.874377,1.03794,-0.323379,1.27031,0.886907,1
1.25177,0.124767,2.52457,1.60496,0.112839,0.219156,1.07403,2.31446,1
-0.2631,3.14169,2.2703,2.94093,1.26673,0.400426,0.81479,-0.106678,-0
-0.173484,3.01923,1.75846,1.34806,0.800747,0.0319742,0.763578,0.365993,1
-0.504634,1.41068,1.79793,-0.132398,1.63432,1.31625,1.3818,2.43813,1
0.108074,1.14986,1.38203,3.29032,0.844151,0.335672,1.77281,2.22805,1
1.46653,2.40542,0.817337,-0.27761,0.399699,0.195742,1.4396,1.4359,3
0.613131,3.65891,-0.0868312,1.70397,1.45195,0.132446,0.957833,-0.105017,-0
-0.0191644,0.568261,1.08254,1.38122,-0.000600814,-0.442724,0.424821,1.40499,1
0.119978,1.69488,3.06855,2.47392,0.600752,0.634144,1.23728,1.41702,3
1.45407,-0.408307,0.0661593,1.20855,2.03487,0.393172,2.18635,2.17668,1
1.24578,2.51879,2.05489,1.96127,-0.00243358,0.633581,1.38148,1.25602,1
2.39885,2.30903,3.21322,-0.141969,0.882715,0.434216,1.23191,1.16634,3
1.89696,0.326395,2.8181,0.591342,0.0740908,0.625542,1.94028,1.79189,1
-0.163765,0.516007,1.30106,1.46056,0.670896,0.27377,0.921536,1.58747,3
0.351647,0.178269,1.43537,0.228316,2.23878,0.524337,-0.097116,-0.144673,0
1.07258,3.15935,1.27523,-0.12436,0.0298131,-0.0153529,0.290857,1.16036,1
0.721236,3.77607,0.421069,1.81482,0.320017,1.01446,-0.106304,0.921596,3
1.63349,-0.517766,2.52342,2.80021,0.314436,0.400353,1.00533,0.0997413,0
2.19611,1.14817,0.57261,0.317918,0.107877,0.342242,0.186764,-0.0596713,-0
0.104196,2.32952,0.121832,1.28738,1.59164,1.50943,0.79891,-0.128998,-0
2.30909,-0.29255,2.64739,2.91769,1.63311,0.593174,1.80895,2.12674,3
1.9894,-0.0734459,0.95915,0.155342,1.55139,0.0577238,1.78326,-0.0188594,-0
0.320329,2.78735,0.657677,2.5337,1.7378,0.260132,0.997945,1.82469,3
0.554391,1.53193,3.37794,2.20735,0.429618,0.0197221,0.743378,1.60691,1
0.213854,0.407323,-0.0617526,0.845913,1.55671,0.56271,1.53139,1.3294,3
0.247237,1.71528,0.411911,-0.140982,1.91961,0.313813,0.080862,1.33382,1
2.01945,2.79768,1.54872,3.03265,1.60076,0.67346,0.899356,1.13205,1
1.49198,3.00455,2.19263,0.88339,1.7351,-0.28072,0.0264626,-0.0796571,-0
0.760282,2.83305,1.38885,1.46041,1.69779,1.08165,1.85443,1.67861,1
1.027,-0.0686686,2.44475,1.23538,2.02022,-0.312382,0.0827616,1.42968,3
0.595911,3.30175,2.13471,1.28521,2.11814,0.577664,0.33926,-0.10092,-0
1.68647,1.98827,2.80473,2.60986,2.11839,0.240313,-0.00840197,-0.0252676,0
0.674484,3.23682,0.0796035,0.649858,0.698436,0.148685,1.36008,2.10092,1
1.87845,-0.0901457,-0.0846215,1.49029,0.949288,0.311008,-0.154339,1.43317,1
1.03103,0.930303,0.166768,1.80797,1.55414,-0.460952,0.0323189,1.37166,3
-0.230539,2.74051,-0.0817784,1.07496,0.678824,0.843385,1.22674,-0.150389,-0
-0.249568,1.85395,0.526394,0.878425,1.4338,-0.433936,0.843304,1.50276,1
0.590218,1.01858,1.12448,0.184717,1.6935,-0.595511,1.28116,1.87927,1
0.47125,0.721794,2.62758,-0.275704,1.23849,0.541653,1.91229,-0.10226,-0
2.04317,2.19985,0.268195,0.747697,0.915091,0.92427,0.377596,1.11156,1
2.1054,4.28286,2.35432,2.1816,2.07455,1.23124,0.118619,-0.0225931,-0
1.66266,1.82733,2.92344,2.51032,2.11227,0.275867,1.852,1.71274,1
-0.0268743,3.04721,-0.239694,2.27457,0.551799,0.829894,1.9226,1.55847,3
1.51046,1.09827,2.80421,2.31614,0.479725,0.962242,0.984831,1.31713,3
1.15014,0.0506729,0.0578225,0.657432,0.917707,0.0136784,0.6343,0.733928,3
1.47569,2.91592,2.92484,3.18181,0.69478,1.67732,0.822844,-0.0521116,0
1.08943,3.58219,1.3995,3.24098,0.363023,0.308229,-0.0513368,1.89303,1
1.14347,-0.423623,0.66027,0.998467,-0.162466,0.416833,0.715081,1.48238,3
0.963987,3.92877,1.83581,3.06804,2.38587,-0.184479,0.604036,0.0435453,-0
0.480266,0.136417,3.23618,0.537214,0.410723,0.0700809,2.22072,2.13242,3
0.695978,-0.379071,2.29143,0.0108608,1.31889,0.426968,2.13519,1.72118,1
0.79724,2.25039,2.59576,0.451104,0.651001,0.700804,2.10511,2.18102,1
0.755445,2.736,0.396592,-0.0635686,1.72272,0.829653,0.0566135,1.0679,1
1.21898,3.50098,1.25192,2.59117,1.17123,-0.0366122,-0.493854,2.19007,1
0.586845,1.06185,-0.329257,2.39379,1.14614,1.05362,2.21389,1.97837,3
1.58082,2.98424,1.65186,1.96395,0.178647,0.216013,1.83398,1.86193,1
0.377177,0.817016,2.92212,0.58216,1.98299,0.317616,-0.506726,1.26595,3
0.0199518,2.98855,1.67587,1.50529,2.474,0.179433,0.889124,2.07902,1
1.33279,-0.0857567,0.845958,2.53892,1.27012,1.5783,0.451911,2.01527,1
2.07613,0.33256,0.838713,0.555925,0.653304,0.674524,-0.26958,1.60411,1
2.12383,1.17429,2.90303,1.91783,1.47309,0.744521,1.05131,1.34946,1
1.1102,2.71649,1.10137,2.14021,0.0628652,0.0736093,0.407641,-0.17155,-0
1.9796,3.19297,1.79224,3.11881,1.14118,0.694304,0.472529,2.29588,1
1.36789,3.7627,1.3029,2.43814,0.348073,0.0289034,1.12527,1.40418,3
0.92283,1.48513,0.0398862,-0.239016,0.190086,0.511412,0.0403444,0.35833,1
2.13877,0.949843,2.54377,2.44117,2.35266,0.0898878,-0.0460937,1.30516,1
2.1285,3.57994,-0.0270112,2.50467,-0.650079,1.11129,0.0740532,2.08568,3
-0.261895,2.59423,0.487865,0.0437781,1.32979,0.424786,1.96598,-0.0773609,0
2.09948,1.34742,-0.0948293,2.33317,0.74436,-0.296116,0.24424,1.02971,1
-0.314694,0.668482,2.6759,2.14009,0.426222,-0.325328,2.19359,1.49704,3
1.00063,3.36816,1.43899,2.93698,0.176005,0.743145,2.06761,1.35203,1
2.01824,1.02528,2.42626,-0.258897,1.06794,0.226294,0.935875,1.25691,1
1.27652,0.0381803,0.693764,0.176858,1.01609,0.904563,-0.266555,-0.0678195,-0
0.296226,3.1951,1.34192,0.837601,1.60563,0.854326,0.671509,-0.142713,-0
0.637568,2.55495,1.83428,2.25278,1.24902,0.65619,0.26136,2.02688,1
0.931586,1.86392,0.60312,0.491221,2.36759,0.479599,1.52546,1.45721,1
0.586417,3.77327,2.82606,1.05581,1.84846,1.09587,0.959498,1.68901,3
1.5558,2.47939,-0.0403706,1.47995,1.15895,0.194752,0.0646757,1.49631,3
-0.168162,1.13231,0.63445,0.377391,1.11345,0.789443,1.66303,2.11047,1
1.0799,0.89292,0.138088,0.46153,0.915941,0.826342,0.685827,-0.0549215,-0
1.94063,1.36786,0.124173,2.05867,0.349897,0.286315,0.158621,-0.0611654,-0
0.844473,2.71621,3.34919,-0.0299512,1.56153,1.15631,1.68118,1.99661,1
0.577603,2.93473,-0.0834293,0.736536,1.02809,1.00082,0.82695,1.3632,3
0.492303,3.28476,1.50231,1.10682,1.52811,0.412008,2.4218,0.963379,1
2.00419,3.70262,2.99626,0.492202,-0.113526,0.203682,0.00399681,2.06199,1
-0.376732,3.22525,0.979121,0.712344,1.84096,0.291549,1.19857,-0.0684044,-0
0.313188,0.66431,2.00341,0.57657,1.49128,0.398137,1.79748,-0.078189,-0
1.72411,0.964691,1.46128,2.70727,1.57871,0.187357,2.24855,1.27893,1
1.73898,2.56709,2.48939,1.27085,2.43254,-0.24645,0.249206,1.08182,1
1.84388,1.67288,3.20997,1.44787,2.1406,0.608617,0.535794,-0.0625174,-0
0.313162,0.058427,1.46426,-0.144175,0.438205,-0.443261,1.3602,1.27924,1
2.09054,1.60355,3.20181,1.6144,-0.316882,0.989279,1.85149,2.0464,1
1.16027,3.02629,2.42655,2.34517,0.549308,-0.232981,1.36911,1.80229,3
2.34008,-0.0857016,2.74038,2.63688,0.902005,0.580425,0.949244,-0.0277063,-0
1.74876,2.62817,1.88847,1.21831,2.60393,0.480869,0.877118,2.10278,1
1.63617,0.466452,1.80197,0.552618,1.4826,0.844199,-0.310161,-0.0715158,0
1.87572,0.0869875,3.36333,2.48184,1.39327,0.501091,2.09804,1.13107,1
0.832342,2.23368,2.5709,0.491396,0.259513,0.063417,1.46851,1.93164,1
1.51744,2.64444,0.367619,0.838663,0.518961,0.666936,0.193415,0.880608,1
0.801837,1.18291,0.333526,1.42199,1.11973,-0.248873,1.72727,1.57038,3
0.96265,0.804062,1.25754,0.868359,1.85308,1.59298,1.22138,-0.0659522,-0
1.62612,1.68336,0.274056,1.45505,2.60495,0.940118,1.05797,1.88062,1
2.00641,1.75148,3.36632,1.25534,0.0604931,0.630873,-0.153146,1.98671,1
0.512015,1.0793,2.38508,0.977586,1.42899,0.628758,0.276578,2.20345,3
1.70175,1.58375,2.427,0.288734,1.39869,1.03331,1.18208,1.61319,3
1.49072,0.12497,0.998975,0.0620161,2.09691,1.03668,1.65196,-0.120564,0
2.61222,2.91836,2.72556,1.21818,2.37544,0.139535,-0.0502767,1.85504,1
2.08351,-0.0068789,0.84367,2.23086,2.065,-0.104124,1.62051,2.15964,1
1.44381,1.60083,1.08318,3.17044,1.52451,0.343287,0.147476,1.99856,1
1.9596,3.40426,0.708386,3.08799,1.03899,0.263211,0.11381,0.0505217,0
0.159807,0.477877,0.700809,-0.0917446,-0.189296,0.174979,0.0215024,1.15578,3
2.51935,3.76472,0.0871848,1.5966,0.487898,0.993977,0.724343,1.58705,4
2.34378,0.172679,0.19966,0.421408,0.739215,0.531861,0.27448,1.49345,1
1.94704,0.440562,0.423849,0.714329,0.259095,0.421429,0.774,2.09398,1
1.67684,3.47253,0.81915,-0.173038,-0.541307,0.893887,1.17785,1.40634,1
0.397249,3.46126,2.67981,3.06369,-0.317175,0.592283,1.12791,1.84483,3
0.516964,-0.273655,-0.103986,1.1703,1.36621,0.836136,0.750617,2.34353,1
2.24478,0.722303,3.08924,2.59822,2.65377,0.487927,0.196796,1.50042,1
2.91571,3.93253,2.28483,0.249663,1.10784,0.415774,2.10521,1.94433,3
2.17135,2.43306,1.18918,2.69414,0.332829,0.634469,0.767583,2.01338,1
1.9153,0.455654,2.69697,1.49446,1.08415,0.773906,1.2499,1.72324,1
0.675743,2.20831,0.216765,0.284012,1.51918,0.720157,0.712462,-0.065306,-0
0.318843,0.852203,3.18364,2.56782,-0.0551805,0.586749,-0.131671,-0.160994,-0
0.12198,2.48174,2.37079,2.93261,0.550441,-0.261344,0.42009,-0.129599,-0
0.930042,2.7502,1.8963,2.33042,0.55533,-0.0539133,1.47175,1.95901,3
1.50205,-0.103002,0.084618,0.458632,1.42058,0.97197,2.25399,1.49155,1
0.336266,3.29652,1.43548,2.91497,1.43425,0.639334,1.80926,2.11735,1
1.99754,0.839733,0.329424,0.168188,0.521217,0.213451,1.26669,-0.170855,-0
2.44497,0.0329647,0.190847,0.032268,0.352306,0.626386,1.12362,-0.0398841,-0
1.18049,4.08677,0.0597183,0.889099,2.3919,-0.2392,1.89297,0.051929,0
0.317672,1.5096,1.26249,0.534774,0.864452,0.717562,1.60599,2.07226,1
1.895,2.22723,0.166333,0.259464,1.96208,0.246208,1.61096,1.78227,1
-0.359849,2.01651,3.64139,2.64545,2.04257,0.76794,1.31491,1.56111,3
1.23561,2.36929,1.88664,2.80142,1.8611,0.430863,-0.160813,-0.0512988,-0
1.01563,0.0518858,2.88951,2.53147,0.183247,0.910803,0.033045,1.6751,3
1.68112,1.60235,0.366743,2.3739,1.24572,0.422966,2.24143,1.6943,1
0.688488,0.961011,2.41043,1.52194,2.07284,0.832842,0.36086,1.8655,1
1.31047,2.57729,0.446053,1.79182,0.912699,-0.228988,0.619598,0.310471,1
2.13173,-0.0106939,0.193491,0.207119,1.38357,0.691703,0.938345,1.97726,1
1.38575,1.86516,0.710615,2.46849,1.17164,0.247364,-0.35382,1.8471,1
-0.159321,1.36765,0.00917084,0.078641,0.37128,0.260201,1.30042,1.59167,1
-0.241135,1.76216,0.365945,2.29044,1.13375,0.671474,-0.117866,-0.18438,-0
1.64235,1.42657,0.708081,2.27679,0.453518,0.417025,2.40649,-0.0214246,0
1.37188,-0.492791,2.2686,2.55612,0.454404,0.242581,1.74454,1.46407,3
-0.113964,0.597881,3.05675,1.36983,1.91051,0.953014,0.519601,-0.0739307,-0
0.655406,3.47203,1.83445,3.05185,2.42492,0.45667,0.632227,2.35092,1
0.606344,3.7053,0.0198582,2.59376,0.672436,0.117299,1.61916,-0.0875366,-0
1.51186,1.84334,0.0878618,-0.150949,1.58134,0.451861,0.328228,1.49143,1
0.672384,0.988719,2.38932,0.783407,1.54914,0.922758,0.471315,1.23765,1
1.49764,3.06392,2.84525,-0.406196,2.66173,0.848832,1.84316,1.53419,4
0.0967308,3.96476,2.9632,2.7179,0.412029,0.745273,0.666345,0.831038,3
0.532049,1.33274,-0.264295,2.00443,0.612874,0.475518,-0.200554,1.25806,1
2.12944,2.62469,2.83418,2.55383,0.873164,1.16948,0.487043,-0.0391256,-0
0.714772,0.199773,0.15807,2.78833,0.517122,0.379085,2.12631,1.93845,1
0.00520126,0.370548,1.12706,-0.181519,-0.327259,-0.115892,0.666613,1.1738,1
1.81401,-0.113429,0.681072,1.62262,0.326814,0.33344,0.0346211,2.09801,1
2.28823,0.894485,1.67855,3.06762,2.19348,0.301993,1.34,2.16646,1
0.934646,3.7069,0.420002,0.531214,0.0152013,0.705964,0.284525,1.21862,3
0.444983,0.327705,2.51957,0.734932,1.18036,0.358034,1.61319,0.963667,3
2.21104,0.202062,1.14759,2.42771,1.12323,0.952084,2.06612,1.58679,1
1.13342,3.97653,0.383904,2.79584,1.14469,0.405314,1.58701,2.75224,3
1.17857,-0.0978239,-0.137007,0.166749,-0.0253536,-0.0252146,0.715662,2.00963,1
1.22097,-0.136304,2.14139,0.694848,0.236979,1.24955,-0.15455,1.45723,3
0.976185,-0.323862,2.77515,1.907,0.413974,0.186321,-0.215881,1.24457,3
2.30018,3.73336,2.40023,0.588492,0.947232,1.08338,1.82633,1.2717,3
0.987151,1.05355,1.89715,0.249967,0.688637,0.28777,1.47251,1.48491,4
0.379088,2.26001,1.44843,1.53223,-0.119709,0.837504,0.682562,1.76305,1
1.50077,0.474766,2.66408,0.0856668,0.975175,1.26723,1.85851,2.37128,1
1.85732,1.05537,0.326986,-0.19136,1.36169,1.22002,0.795953,0.83467,1
0.359933,0.100697,2.55575,1.77443,0.020776,-0.0847905,1.91269,-0.0888598,0
0.882774,2.65685,2.5164,0.822559,0.670984,-0.719543,2.17835,1.19176,1
1.24265,3.58004,2.58566,1.21772,-0.0438546,0.240905,1.80761,2.54979,4
0.723093,3.40586,2.2735,0.398925,0.473854,-0.708008,0.490626,1.63311,1
2.05942,2.64802,2.68762,1.59822,2.02258,0.42089,0.723246,0.918219,1
1.66485,1.50718,2.06787,2.85774,0.922482,0.764513,1.57632,0.0177058,0
1.97936,1.11778,2.57168,3.1903,0.399126,-0.228756,1.18587,1.17877,1
1.03267,2.40169,1.57871,0.316458,0.804743,-0.13787,-0.00625507,1.23725,1
0.909533,2.7917,-0.119341,0.526267,1.05195,0.707545,2.39954,1.27087,3
1.08766,1.67816,0.406903,1.93522,1.6318,-0.259657,-0.261054,1.7015,1
1.42196,4.11813,0.221355,2.8505,0.591497,1.12261,0.0753392,-0.0413394,-0
1.87402,3.05973,-0.133877,1.85865,1.73721,0.0492469,-0.401188,1.13846,1
1.4601,0.629317,1.71007,0.950049,-0.741947,0.505092,0.883812,2.42782,4
-0.0627789,1.69015,1.92183,0.163603,1.57851,0.39628,2.30815,1.14187,3
1.77487,3.33106,0.92446,1.25903,2.72052,-0.070328,1.37665,1.90776,1
-0.00562918,-0.140692,1.9531,2.9113,0.642625,0.769868,0.179555,-0.100566,-0
1.39252,0.346453,0.176452,3.44687,0.575677,0.971709,0.121129,-0.175994,-0
1.8326,0.6773,0.115629,1.69189,1.45885,0.832427,2.11259,1.29899,1
1.45024,2.8908,3.11993,3.05081,-0.0584983,0.693884,1.50123,0.789418,1
-0.0337465,2.15475,3.09428,2.36409,1.21202,0.019192,1.71008,1.87029,1
-0.0562338,2.81089,2.06916,2.35232,0.765212,-0.114443,1.39925,1.1243,3
0.0351022,1.57494,1.7632,0.611291,0.727472,1.08994,0.0248129,1.47456,3
0.13086,3.37013,0.301885,0.679665,1.10889,0.253538,2.27291,-0.0882255,0
1.68939,1.30584,3.31522,0.786902,2.0176,0.901831,1.70263,1.73032,1
1.49252,0.715148,2.15217,0.60367,2.49202,0.339409,1.00133,-0.0148026,-0
2.0496,-0.0900573,2.60626,2.09762,0.774486,0.202529,1.94193,2.41841,1
0.544053,1.73038,1.17295,1.40894,1.3378,0.326886,-0.0164784,-0.0223238,0
1.29646,0.775459,3.00228,0.849571,0.0226116,0.16002,-0.323153,-0.0959156,-0
1.01412,0.0300786,0.709206,2.97595,1.56723,-0.402751,2.13503,1.2522,3
-0.11551,2.58838,0.733757,1.74383,2.66133,0.433904,0.249484,1.69615,1
-0.0493026,2.00092,1.40851,2.06244,1.76835,0.409942,1.55406,0.805672,3
1.46224,2.51549,3.32319,1.42052,2.54615,0.989324,0.645325,1.42153,1
0.255797,1.90649,0.169551,1.67994,1.38037,0.450759,1.37567,1.56956,1
0.932435,3.6095,2.76015,-0.0651517,0.176206,0.969792,1.19876,2.00893,4
-0.133297,3.03649,2.52018,0.513987,1.16676,0.0284987,0.311747,1.97708,1
1.11817,3.23215,1.91173,2.92492,1.78107,0.66061,0.757557,2.12143,1
0.26886,2.90515,0.11615,2.62617,0.112379,0.38273,1.96305,-0.154879,-0
0.0436617,2.8492,3.001,2.23543,1.54298,1.57821,0.454758,1.72357,1
1.23526,1.45234,-0.0369985,2.82338,2.28787,0.590393,1.33629,1.84511,1
0.0230655,0.463349,0.331771,1.21415,1.91401,-0.326153,0.673045,1.18754,3
-0.368542,0.488175,2.75883,2.12613,1.61323,0.157876,1.45407,2.32957,3
1.58695,-0.426058,1.86812,2.47187,0.457188,-0.0588897,0.807445,1.43618,3
0.978452,1.9935,2.62133,0.896015,0.986662,1.32939,-0.0623967,-0.0498451,-0
1.39762,1.8162,1.43911,1.07132,1.29588,0.653238,0.674916,1.58804,1
2.00261,1.54353,0.218669,0.597595,1.03338,0.565156,1.00072,-0.0110389,-0
1.79589,3.65205,0.212336,2.69734,0.611816,0.393898,1.75751,0.013726,-0
0.118645,0.160292,2.53983,2.89656,0.180681,-0.489853,1.5003,0.444349,1
1.81929,1.02833,2.40933,2.55901,0.770885,0.289709,1.46028,1.77152,1
-0.04909,0.695364,2.08056,1.92613,2.1498,1.41124,1.27473,0.888315,3
1.88361,3.31589,3.11233,2.14887,1.57285,0.0929323,1.76814,-0.0229113,0
0.2887,-0.0505684,2.87958,0.0918042,2.2217,0.467532,0.298027,1.86508,3
1.21645,2.82011,1.5488,1.73442,0.949145,0.408062,1.28235,0.0316176,-0
0.183919,0.685749,2.43934,0.934209,0.991529,-0.208938,2.34927,1.80948,1
1.56255,1.59962,2.8579,2.10962,0.235013,0.138952,0.789052,-0.129215,-0
0.959129,2.51252,0.989558,-0.0610813,1.00843,0.23831,0.471421,2.08788,4
2.17483,3.92085,0.660098,1.28791,0.741893,1.08746,2.46821,1.8082,4
1.37762,-0.134948,0.00570053,2.7762,1.35128,0.607783,1.02063,1.98219,3
1.95205,0.925498,3.11444,2.41328,0.571814,-0.0792931,1.28252,1.19036,1
-0.291994,-0.13896,2.13512,0.206022,1.42515,0.70249,-0.110618,-0.125041,0
0.296794,-0.56154,2.06464,-0.282407,1.68151,0.0890734,0.343524,-0.0526944,0
1.19118,1.06811,3.07125,2.59045,0.171777,0.817418,0.813783,2.34691,1
0.386556,3.33647,0.66529,1.95311,1.09904,0.333259,0.265503,1.95451,3
1.42121,3.77077,1.33653,1.04503,0.106,0.0570151,1.59158,1.60388,1
1.60802,3.25158,2.36762,2.92038,1.64639,0.588238,1.10727,1.85033,1
0.552253,3.58836,2.81823,1.30164,1.89879,-0.0625997,0.995103,1.8629,3
0.823688,3.40243,1.79002,0.145397,1.97651,0.844831,0.374336,0.904981,1
1.78347,3.41295,1.06817,1.5684,1.0447,-0.49922,1.55426,1.76316,1
0.775643,3.38289,2.06606,1.20919,1.75751,0.54752,0.219378,0.882895,3
1.82441,0.723408,0.0505214,0.358062,1.66656,-0.0340158,-0.370709,0.776266,1
2.06646,0.959589,2.60819,2.6058,2.15931,0.787506,1.21935,-0.0521713,0
0.542047,1.99225,3.10755,1.91077,0.276785,0.9828,-0.372354,-0.224025,-0
1.34132,-0.267296,0.0979721,2.41023,2.01482,1.29252,0.456875,1.22183,3
1.28028,3.2603,0.758265,1.09345,1.03203,-0.407333,-0.113292,-0.079457,0
1.69132,0.914618,2.20497,1.38764,1.38507,0.00172478,-0.250057,-0.0356801,-0
1.37461,0.0346182,1.21071,-0.12539,0.901007,0.85645,1.82663,0.878162,3
1.70011,2.67386,2.36239,2.98875,1.21081,-0.100491,1.54544,2.35734,1
2.15961,0.762055,0.337092,1.99032,-0.187656,0.37016,1.08259,1.98635,1
0.633145,0.019802,1.38992,2.96262,2.00337,-0.345638,0.739431,-0.0575647,-0
0.363843,0.558051,2.9853,3.01252,0.777036,0.0569135,0.775858,1.26306,3
0.867004,1.69713,0.190292,-0.122224,-0.0470996,-0.00360713,1.33316,1.73529,1
1.92911,3.06812,1.56305,2.4045,0.613887,0.909956,0.568306,1.09045,1
0.469457,1.65611,2.94122,0.800958,2.2049,0.267641,1.12925,-0.0251087,-0
1.49257,0.75436,0.925743,0.178683,1.77371,0.514901,1.01041,-0.0901382,-0
1.12082,3.83786,-0.191859,3.51813,1.0308,0.426904,2.18352,0.117808,0
1.52626,0.593614,3.34279,-0.330663,0.0586722,0.896425,0.378374,1.41398,3
0.930201,0.160457,2.06459,2.58331,1.98414,0.322447,-0.133606,1.83274,3
1.62057,-0.300746,0.633029,2.33501,1.87587,0.164639,0.713346,1.81028,3
1.42774,0.913893,2.49627,-0.0455117,0.51731,-0.0681852,1.64695,0.627163,1
0.333728,2.09025,2.28077,0.582272,0.992867,0.021842,1.30498,2.15238,1
1.70623,0.460386,1.62627,0.384545,1.37188,-0.152787,2.22172,0.97992,1
0.411342,0.0568751,1.82099,2.36139,2.34485,0.0965375,1.87187,1.19716,3
0.543731,3.82622,2.60774,0.441718,1.06281,1.03565,-0.615749,2.23958,3
0.621579,0.463675,1.49281,-0.332472,2.24324,0.951399,0.027675,0.869073,3
1.90753,0.135972,1.30969,2.00466,2.20102,0.548747,0.451392,-0.153718,-0
0.534135,3.47379,2.97714,1.78923,0.817465,0.590545,1.74389,2.11112,3
-21.7455,7.50278,31.6016,-1.56715,-21.5408,-14.2494,-5.86824,18.0131,2
-0.409534,3.20881,0.544128,0.945164,0.163921,-0.216757,0.781374,1.8332,1
3.21001,2.01195,0.553849,-0.157168,0.829855,0.335738,0.483486,2.02361,4
0.0608806,1.38961,2.1059,2.29993,0.455264,0.878239,-0.0294899,-0.233071,-0
2.158,3.52135,0.511868,2.28859,1.35276,0.443217,-0.212921,2.16044,3
0.106637,3.80146,1.25761,2.28166,1.76777,0.366264,0.119568,1.20615,3
1.15185,3.18525,2.90647,2.67198,2.0628,0.994626,1.17031,1.31954,3
1.09775,1.95013,2.9393,1.30035,1.67397,1.10853,0.176398,1.18888,1
0.10676,3.72183,0.61605,0.659155,1.6516,0.396673,0.89332,1.32219,3
1.3588,0.0833985,-0.0285907,0.912443,-0.384534,0.826084,1.24235,1.97082,3
1.88246,2.58454,3.04722,2.51277,1.42085,0.49318,0.981754,1.7256,1
1.20162,1.21097,2.40207,0.276322,2.44887,0.853114,0.61396,0.714275,1
1.4482,3.54344,2.4132,2.79799,1.67018,0.546992,0.141725,1.34783,3
1.59757,1.39643,1.24359,-0.295133,0.100534,0.100925,-0.241553,1.12738,1
1.98804,0.996964,0.923242,2.89173,1.76135,0.2451,0.0683226,1.45419,1
0.434133,1.0983,3.08104,2.83656,1.93205,-0.279178,1.51754,1.92597,1
-0.216073,3.75138,0.40808,1.44214,1.51407,0.508238,-0.467358,2.07119,1
0.549661,1.38235,1.1399,0.54589,0.838074,0.809964,1.33838,-0.0639707,-0
2.55364,3.62428,2.23953,0.578878,1.32049,-0.286026,-0.233359,2.39543,3
0.69117,3.99796,0.00101891,1.71825,1.56075,0.408243,0.519229,-0.0823477,-0
0.402928,0.558621,1.57037,2.41613,0.34448,0.358014,0.844817,-0.06745,-0
1.10408,3.70929,2.8705,2.3747,0.506827,1.00392,1.43246,-0.0904863,-0
1.06119,0.219673,2.37637,0.00785558,1.77408,0.630733,0.708221,2.03606,1
0.480761,1.59825,0.993389,2.03372,1.52775,-0.252289,0.199443,-0.113822,-0
1.76333,4.24474,2.30989,2.005,0.432478,0.844613,0.720754,-0.0578829,-0
0.488809,2.79913,1.1243,2.93026,1.31914,0.257406,2.1612,-0.0378992,-0
-0.186333,1.2693,2.01406,3.17766,0.588294,0.735253,0.118982,1.33487,3
0.69831,-0.354913,1.7191,0.0829414,0.110524,1.11867,0.959473,2.42315,1
1.71403,2.11537,-0.145165,-0.207966,0.647571,0.556948,1.36712,1.22194,1
1.25226,3.48772,1.74715,2.04867,2.41039,0.616365,0.993346,-0.0425982,-0
1.94997,0.786632,1.19669,2.84223,0.682656,0.544622,0.197919,0.753674,1
1.81014,0.90781,2.10513,2.83205,1.62463,-0.475212,1.60294,1.86662,1
1.20853,4.316,2.61482,1.34783,0.701205,0.586245,0.842183,-0.0231578,0
0.289655,0.634433,2.54057,1.51794,0.730949,0.453622,1.18245,1.91662,3
2.0013,0.129601,1.40564,2.73306,2.07071,-0.20485,1.21876,1.89267,1
2.04828,0.286959,2.80611,-0.21114,1.56027,1.27122,0.724601,0.0652067,-0
1.44716,-0.0610437,0.359236,2.50643,0.252688,1.31586,0.330505,1.86454,1
0.869229,2.1398,2.46494,2.90161,1.77145,-0.45149,0.818549,0.938383,1
2.14918,0.109043,2.68386,-0.0496468,1.63986,0.354807,1.36034,1.72811,1
1.49964,-0.317925,1.44371,2.65803,2.02929,-0.0239813,0.403282,0.859804,3
0.602864,-0.355409,1.88188,2.61421,1.18121,0.563489,2.10176,1.75282,3
0.925944,0.863082,-0.150766,0.348211,1.54637,0.633015,1.79875,2.06194,1
0.999756,1.88459,-0.00364965,2.84868,0.791157,0.670971,0.221566,-0.161486,-0
-0.108753,4.05522,1.53078,1.13844,0.912017,0.443133,0.623538,1.94161,3
0.458538,1.45386,0.784161,1.62421,1.59939,0.658962,0.212181,1.45051,3
0.879925,-0.0578077,1.14214,-0.190076,0.870194,0.102812,1.3784,0.999427,3
2.26297,-0.10561,0.0487232,1.55539,0.179497,0.496697,0.800189,1.54409,1
1.59917,3.33541,3.07318,2.17751,1.24222,-0.11017,0.44086,-0.014316,0
1.07419,1.42568,-0.0922954,-0.126474,1.57376,0.0409186,0.627479,1.45333,1
1.35209,1.12597,2.82531,0.619989,-0.269391,0.787928,1.45108,-0.0703721,-0
1.51441,0.484631,1.37057,0.445909,0.640708,0.0287703,-0.193631,1.2882,3
-0.150969,3.54652,1.57124,0.638411,-0.135255,0.831027,2.13781,1.30744,3
2.12992,-0.209956,2.09767,0.909211,1.4712,0.21696,1.75092,2.12001,1
1.52002,0.15618,1.77217,0.503014,1.38543,1.22363,1.14661,1.63968,3
0.726399,3.68614,2.09522,2.88855,0.874658,-0.18298,0.592208,1.97608,3
0.318863,2.07875,-0.137626,2.10923,1.58294,0.42066,1.82402,1.03613,3
0.694625,2.21541,-0.038768,2.94554,0.540378,0.0366816,2.0517,1.8834,1
1.23138,-0.226719,1.52046,1.78812,1.4725,-0.205869,1.21987,2.08405,3
2.17802,3.42489,-0.214319,2.75152,1.00356,-0.0774061,-0.0370222,1.16855,1
2.54184,3.64843,2.11246,2.50452,0.714909,0.656524,0.263955,1.60697,3
1.71743,1.06457,3.01761,1.74929,1.66651,-0.333952,1.40783,0.268854,1
2.18669,2.13447,1.8486,0.041423,0.498859,0.318697,0.431871,0.895106,1
1.43319,2.25712,-0.171103,2.64286,1.34655,-0.199121,0.292079,1.92136,1
1.00372,3.73284,0.656786,0.535433,0.429108,0.777372,-0.267576,1.25965,3
2.23306,-0.365426,0.397691,0.93716,1.3143,0.204142,-0.402159,1.67771,1
1.02795,3.89806,0.617331,1.97458,-0.09624,0.545603,1.42243,-0.0638106,-0
0.741569,0.47003,0.226352,0.290217,1.86545,0.522695,2.09801,1.66421,3
0.096418,3.4982,0.0681482,1.33771,1.82733,-0.22955,1.14573,1.76711,1
0.155512,4.0026,1.82383,1.71243,2.15766,1.7429,0.545991,2.09307,3
1.85072,2.94494,-0.0334522,0.417225,1.18753,0.0926716,0.982296,0.510281,1
0.48201,0.294723,0.706691,0.72943,1.56368,0.389382,1.30316,2.39373,3
1.68296,0.606065,1.49141,0.0921853,0.982104,1.01991,1.26633,1.80944,1
1.70112,3.78559,2.50607,2.12258,0.528716,0.443883,-0.0490401,1.76182,3
-0.0326617,3.15218,3.32456,1.29184,0.987329,1.02636,-0.406787,-0.0793988,-0
-0.0461118,3.4934,0.120253,2.84236,1.06289,0.889366,1.81472,0.992588,3
-0.103711,0.126722,0.277478,0.476767,-0.0537343,0.992228,-0.342922,2.14038,3
1.85417,1.6726,2.9199,1.12981,1.23627,0.952742,-0.224273,1.54763,1
2.50101,2.03408,-0.0229382,2.70648,-0.290404,0.082266,0.876192,1.97048,4
0.0144503,1.88202,1.77762,1.05879,1.97519,-0.113414,0.640543,-0.0515027,-0
0.767651,-0.204014,-0.175583,3.10328,1.33855,1.00244,0.928411,1.87194,3
0.531575,2.60995,1.43466,1.11546,0.999726,0.32388,0.428598,1.74429,1
0.480772,1.92274,2.51377,0.418347,2.26728,1.02794,1.79041,2.28414,1
1.91049,1.7324,2.89979,0.526212,1.43171,-0.0139694,0.455203,1.57416,1
0.728449,3.61098,-0.302422,0.609295,0.601086,0.680745,1.70955,0.898123,3
0.887384,2.49222,1.79587,0.459209,1.35363,-0.435964,0.644368,1.46367,1
0.507614,2.79053,2.34275,2.28326,1.42831,0.889319,0.363734,1.74704,1
0.813881,0.106747,1.17721,1.58813,1.38266,0.79842,2.46298,1.84798,3
0.19834,3.79278,2.58882,0.882746,1.52635,0.320403,-0.182464,1.47262,3
1.69297,3.90794,0.0523857,2.99478,1.6162,0.797943,-0.0356678,-0.0673734,-0
1.14211,1.80798,0.914575,1.21653,0.287437,1.38191,-0.0610132,1.78869,1
0.897379,1.1357,-0.114425,0.9552,0.156138,0.519195,-0.0449395,1.40734,1
0.705597,2.9875,0.83223,2.81834,0.461971,0.0130481,-0.467851,2.00494,1
1.55165,1.25786,0.161689,2.17123,-0.159203,0.903149,0.0539605,2.27118,4
-0.216078,-0.151961,1.90689,1.33677,-0.268262,0.856024,-0.186621,0.835478,1
1.40994,1.60615,0.807818,1.26823,2.34391,1.30449,0.396324,2.07081,1
0.990245,1.53909,0.116256,2.23463,0.491698,0.624311,-0.0789479,1.23982,1
1.36371,3.02728,2.2327,1.53409,1.37759,0.697277,1.82944,2.00427,1
2.024,2.94398,1.88449,0.429949,1.12924,-0.374947,0.975042,0.153393,0
0.853458,3.3028,1.88479,-0.0876486,-0.251236,0.315438,0.291081,1.3584,1
1.84867,0.531165,1.95547,0.537948,0.352523,-0.082978,0.675801,1.38832,1
0.865641,2.36883,2.89037,1.62733,1.71414,0.0909304,-0.230393,0.966946,1
0.880544,0.370928,3.15404,0.105182,0.7854,-0.520472,1.15944,1.81338,3
0.763818,1.1677,1.05902,2.49264,1.48634,0.70458,-0.0685207,-0.149899,-0
1.14841,-0.0981969,0.573745,2.62592,0.757519,0.99973,2.47534,2.27437,3
1.22165,1.75587,1.40472,2.77714,1.49702,-0.226863,0.719963,2.361,1
1.68475,1.74898,2.87339,1.43724,1.09308,0.395456,0.21917,1.30476,1
0.807122,1.03576,1.18726,1.68885,1.29085,0.575353,0.532326,1.83715,1
1.87684,3.33994,2.07718,0.692653,1.36527,0.739304,0.0689763,-0.083789,0
0.0728442,3.49067,-0.202216,0.806541,0.149912,0.910784,1.58963,1.85851,1
1.88075,0.406966,1.27199,0.959776,2.20182,0.209251,-0.220533,1.47957,1
1.78163,3.38979,0.984105,0.288366,1.7981,1.26487,0.172461,2.16078,3
0.099815,2.73031,1.12982,-0.132013,1.96411,0.384226,1.04335,0.0386494,0
2.22037,-0.257146,2.7841,2.11355,0.19204,0.0703133,0.527912,1.73794,1
0.779639,2.79458,3.30512,1.62249,0.887783,0.95201,1.19531,2.3422,3
0.575098,-0.266545,2.3326,0.483181,1.90034,0.563002,0.563052,1.48046,3
1.2915,2.07943,0.748592,3.13603,0.677305,1.27462,1.92751,1.4403,1
1.55354,1.8146,2.09653,0.319671,0.479584,0.636814,0.520251,1.39587,1
1.03614,0.929105,1.35819,0.964626,0.372551,1.5446,0.228594,-0.0303339,0
0.970176,1.98596,0.707023,2.29106,2.17333,0.676822,1.22364,1.77801,1
1.0931,2.36713,2.77762,-0.136348,2.40115,0.51738,0.564079,1.41482,3
0.35967,2.07221,3.28882,1.66661,0.975144,0.3749,1.06967,1.27875,1
0.868893,1.35916,2.55419,-0.0294005,0.429331,0.494671,1.96698,1.49388,3
1.25202,0.558921,-0.00775323,1.40588,0.192985,0.180569,1.04024,2.24114,1
0.270692,1.62085,1.33961,0.31128,0.827881,1.1957,0.239055,2.09682,1
2.12087,2.84127,0.777088,0.0486528,1.10615,1.05168,0.445394,1.46623,1
2.08944,1.34646,2.41314,0.119435,2.00135,0.766083,1.26082,1.37683,1
1.1901,2.73497,2.44693,0.582705,0.770618,0.147657,0.123791,1.6755,1
1.99483,-0.535972,1.60386,1.42319,0.784647,0.196749,1.02806,2.18133,1
1.33764,0.274546,0.821551,0.410017,1.98023,0.596182,0.539033,1.74932,1
-0.0438749,1.96782,0.447265,2.83977,0.913077,0.794657,-0.633551,2.03494,1
1.45411,2.45088,2.10726,1.43903,2.19339,0.364419,0.128008,1.86241,1
1.35332,3.5499,2.39174,2.85866,1.98841,1.95065,2.24044,2.45468,2
0.729161,1.89724,0.414089,2.89905,1.08348,1.51846,1.26117,-0.118799,-0
1.65167,0.804685,0.0601064,3.03585,0.974107,-0.32158,2.0552,1.44181,1
0.669677,1.07792,2.03023,0.89958,0.856597,0.97731,0.43601,-0.0451911,-0
0.215663,1.42142,-0.110796,1.67122,0.678841,0.0257337,1.73102,1.59175,1
1.30712,1.543,-0.0622999,0.230065,2.05484,0.3633,0.223473,1.37798,3
1.75513,1.88541,-0.114533,0.387482,2.14226,1.04793,0.332592,1.55322,1
1.42218,3.84409,-0.00680448,2.77508,0.744396,-0.326293,1.26862,-0.124443,0
0.410233,1.11158,3.46076,2.0705,1.01286,0.346683,1.6216,2.25211,1
0.283382,0.456827,1.95112,0.124433,1.78805,-0.406665,0.971574,1.82738,3
1.88706,0.0634491,3.32451,0.57539,0.699961,0.678756,1.0076,-0.0588886,-0
0.761394,0.181055,1.5655,1.26463,-0.00463886,0.376358,-0.426568,1.73443,3
0.573101,2.90114,0.129646,2.17632,1.20122,0.610286,1.53127,-0.103943,-0
0.682723,0.747013,2.3423,1.06925,0.981004,0.161601,2.23436,1.59368,3
2.43064,1.02584,0.580282,0.908127,1.3114,1.11832,0.233148,-0.00841145,-0
0.364509,3.87366,2.42826,2.87698,1.74384,0.484617,1.03224,1.36005,3
-0.191805,-0.594626,1.30042,2.79328,1.98174,0.706789,2.23997,1.04924,3
1.37571,2.07174,2.27494,2.19462,2.10883,0.680531,0.482738,-0.0661238,-0
-0.197749,3.34881,0.395716,-0.108399,-0.0846983,0.0906555,0.816862,1.15478,1
1.04987,3.16087,0.294179,2.29885,1.62113,0.840351,0.287234,2.28942,1
1.84241,1.08743,-0.324516,0.982395,1.95227,0.0670165,1.99412,1.85457,4
-0.011701,3.04707,-0.0925366,2.30874,2.58777,0.427834,0.0251098,1.7682,3
1.80173,2.13323,3.55942,1.66947,1.89764,0.314976,0.881878,2.16506,1
0.36201,1.75013,3.01062,2.87661,1.27801,1.04499,0.931155,0.878947,3
0.0707682,2.79409,2.60391,0.742812,1.99564,0.246697,2.16659,1.77917,1
2.11416,2.86431,0.635391,2.323,1.37789,-0.425582,-0.320979,2.67674,4
1.16956,0.771778,0.856526,0.301882,1.14978,0.875251,0.33432,-0.00114823,0
0.348491,1.33585,1.08446,1.83566,0.723624,-0.0639189,0.541081,1.9312,1
1.60173,1.41092,2.04297,1.83313,0.287041,-0.0970284,0.814019,1.94652,1
0.715616,3.52462,1.15453,2.36321,1.10643,1.669,1.60649,1.65617,1
2.03089,1.06768,3.10508,2.80202,1.81076,0.399844,-0.340805,1.59811,1
0.989542,0.0473651,0.319201,0.104766,0.0540389,0.519445,0.941495,1.62114,3
0.36476,2.11099,0.525083,2.92916,1.68545,0.373273,1.22141,-0.0992157,-0
1.54942,-0.187984,2.10651,0.312988,0.329068,1.16328,0.389221,1.11537,3
1.84969,0.272909,0.826187,2.48766,1.68025,0.341037,1.69911,1.24831,3
1.47817,0.683776,3.03272,0.0598394,0.29084,0.591026,1.81856,0.929092,1
-0.0672693,0.7878,0.422265,1.6699,1.08121,-0.421011,1.76257,1.50094,3
1.85083,1.75361,0.260961,0.158409,0.0976448,0.408187,1.59431,1.82391,4
0.811633,3.45511,0.549928,1.90109,1.31223,-0.448757,2.11623,0.0281804,0
1.95236,2.16432,0.0664102,0.299692,2.09506,0.0227545,-0.110077,2.05874,1
1.09173,2.1998,-0.0602263,0.955745,1.63154,-0.23522,0.580655,0.283017,1
0.620488,1.43301,-0.00966502,0.882836,0.471548,-0.622145,0.275929,-0.00935617,0
1.38901,-0.204806,0.244393,2.54815,0.1266,-0.464246,1.51657,-0.114472,-0
1.23712,1.52012,1.335,1.62189,-0.294387,-0.265534,1.47016,1.63862,1
1.66774,3.11417,2.063,0.136138,1.48064,1.07896,0.0194378,1.71337,1
0.639475,3.97906,1.44093,2.10345,-0.576023,0.649365,-0.437271,1.02645,3
1.31344,0.164851,1.02991,0.40219,1.32871,0.377286,1.32274,0.664813,3
0.561983,2.72425,2.70158,1.05513,1.5243,-0.0777439,1.51833,1.49723,1
0.0721324,1.5126,1.73987,-0.184676,1.3998,0.0183718,1.14229,-0.152974,-0
0.742705,1.57489,2.76117,3.04117,0.646426,0.891541,0.439674,-0.144986,-0
2.17252,0.734491,2.8543,0.257549,2.23638,0.85459,0.764597,0.14143,0
0.335705,2.74317,0.952202,3.11242,1.04292,0.631294,0.55273,1.43217,3
1.30432,1.37864,0.127988,1.65813,-0.0606113,0.695583,0.0445894,1.79026,1
0.235157,3.52019,0.150937,2.42063,0.288383,-0.371878,0.508125,2.34437,1
0.779823,3.86693,2.54939,2.82204,0.110943,0.34514,2.20514,1.31661,3
1.74987,3.58849,2.20742,0.376392,-0.30096,0.481394,1.22146,-0.0664146,0
1.29541,3.26931,2.18347,0.729358,0.197666,0.0722188,1.28308,1.16392,3
0.755263,-0.00713619,2.64171,2.42359,1.66613,-0.192642,1.32218,1.08615,3
0.31122,3.57581,3.04461,1.85864,0.0381095,0.575557,0.208438,1.24864,3
1.9334,3.2405,1.17784,2.72658,1.93247,-0.118791,-0.00467471,-0.0237591,0
-0.235989,0.764166,1.66529,-0.0247297,0.989587,0.869153,0.476832,2.1316,1
0.764905,3.12682,2.82331,1.14199,1.05515,0.726282,0.970624,0.752466,1
1.0813,-0.362811,1.54236,0.0441742,2.35153,0.542032,0.595701,1.44964,3
-0.0711194,1.39119,1.556,0.572537,1.48937,-0.0194494,2.47716,2.03587,1
1.41921,2.99898,-0.278492,2.967,0.1689,0.566928,1.35609,0.176925,1
0.844621,3.0317,1.07569,2.46671,0.650082,-0.181592,1.8842,1.66613,1
-0.199168,2.38303,1.78884,2.04371,0.803147,0.0508447,2.05423,1.36668,1
0.365053,0.259904,2.69382,1.62295,0.901244,0.753548,1.53159,1.09471,3
0.911493,2.47562,0.0295276,2.34344,2.13838,-0.245529,0.490901,1.48087,1
2.37947,2.73148,2.29166,2.75941,0.945349,0.532279,1.82248,1.86497,1
1.60094,3.68864,-0.214712,2.95585,0.337546,0.0500309,0.00427289,2.00785,1
0.0595281,0.879359,0.610901,-0.0860809,0.946822,1.20922,1.3472,-0.155062,0
0.9085,3.25777,1.47224,1.54635,1.27628,0.70722,1.88524,2.06171,1
0.227475,2.51068,0.0236419,2.92732,0.0847199,-0.0316582,1.87207,-0.199243,-0
1.5877,0.332995,2.96326,0.438744,1.56151,1.09297,1.76697,-0.0492816,0
0.65138,0.755437,0.212342,0.843925,1.33389,-0.104935,0.215062,-0.17293,-0
0.139792,0.47641,1.83283,0.475702,1.34514,0.587795,2.09681,0.907751,3
1.55774,3.56163,1.56064,0.401782,0.846,0.179827,-0.499961,1.83636,1
1.83549,-0.313783,0.0558331,0.423617,2.16706,-0.0240139,1.82768,0.882565,3
0.250772,3.33259,3.44897,1.97933,1.53334,0.971301,0.862909,2.14895,3
2.22283,-0.132126,1.62105,0.102173,1.66277,0.397268,-0.283058,1.8788,1
1.97562,3.86955,3.60632,0.920402,1.26612,0.220093,0.418474,1.66905,3
0.979947,1.54156,-0.117394,0.0319273,0.261194,0.275297,0.296481,1.51898,1
0.528361,0.211075,0.584458,0.286828,1.02188,0.592601,0.327633,1.57311,3
1.19941,0.0802715,0.0767279,-0.0449751,1.55179,-0.608577,1.07709,0.598964,1
0.991358,-0.232236,-0.181541,2.95212,1.74464,-0.355737,0.363791,1.20444,3
1.96721,2.67112,0.28625,1.72196,1.19634,1.04362,0.181728,-0.0425447,-0
1.08758,3.6812,1.9004,1.2061,0.472759,0.42876,0.465352,1.91986,1
0.472498,2.87029,1.54903,1.20059,2.79832,-0.148582,0.842928,1.66552,1
1.06472,-0.246392,2.21088,0.202409,2.40039,0.716433,1.11168,1.74869,3
0.330995,0.17574,0.991309,1.74098,0.945871,-0.196863,0.807889,1.87548,3
2.04654,3.11992,1.64216,0.386679,0.838816,1.29634,1.73038,1.73559,1
2.81597,1.63694,-0.453293,-0.324741,0.22402,1.06973,0.491942,1.96719,4
1.63009,2.39008,2.55213,0.994725,1.76138,0.628713,-0.329604,1.56713,1
-0.095767,1.84654,2.73274,1.97203,-0.155136,0.306373,0.999949,1.77242,1
1.97499,1.0981,1.78429,1.62147,1.31839,0.849538,0.143907,1.09035,1
1.15199,0.874044,2.61668,0.078822,1.07284,0.108518,1.30721,1.73081,1
1.97612,0.0607273,0.1928,-0.203052,1.10689,0.474295,0.757235,1.45033,1
0.99057,1.29985,0.00235161,3.07787,0.890919,-0.14666,-0.224598,-0.0957119,-0
2.08712,-0.334689,2.91436,2.20223,1.03822,0.230536,0.627308,1.63938,3
1.06358,1.18166,1.18954,0.307444,0.520041,0.298404,0.219535,1.73678,1
1.66849,0.108266,1.35728,0.564472,0.598476,-0.609778,1.0026,1.26877,3
0.97812,1.25692,0.247716,0.565354,1.45401,0.48776,1.76025,0.579598,1
1.87534,2.80585,1.10407,-0.0218681,0.0671463,0.306681,1.67769,0.417411,1
0.303943,-0.00820467,2.59431,1.28212,0.395423,0.802364,0.0765801,1.49689,3
0.603041,3.59838,0.286594,0.527001,2.52466,0.132018,0.715153,0.98621,3
1.45485,2.99198,-0.127695,3.03692,-0.23554,0.544717,-0.346079,-0.0898191,0
1.61815,0.323269,2.26176,1.10486,0.992375,0.390356,1.79733,2.06403,1
1.15719,1.82991,1.42657,2.6531,2.15394,0.21129,0.383793,1.75209,1
0.377158,0.796805,2.7771,1.81497,0.801497,0.917302,1.99574,-0.0724616,-0
1.33676,0.823516,1.88297,2.08103,1.81007,-0.00381196,0.186835,1.98034,1
1.10021,-0.236148,2.53279,0.397695,1.27308,1.01867,0.613264,1.69452,3
1.58509,0.880237,2.506,1.25185,2.35565,0.611778,1.92294,1.96194,1
0.190251,3.01649,0.293913,2.71087,1.68579,0.15603,0.109534,2.23631,1
1.39863,3.14235,0.197959,0.0508967,2.83009,1.03063,1.60953,1.63191,1
0.553958,0.0639945,2.6067,1.15514,1.384,0.874415,-0.423273,1.74383,1
1.49244,1.98402,2.71785,1.27412,1.5675,1.12367,1.78027,2.06394,1
0.646904,2.18709,0.633117,0.238427,2.93129,0.945888,1.01152,1.7355,1
-0.0243377,3.05362,3.3396,0.289911,1.24993,0.449261,0.768043,1.8235,3
1.46224,3.1828,0.0649198,0.333588,1.87485,-0.0650206,0.0263808,0.346895,1
1.56526,-0.108322,2.02151,0.0611906,1.95301,0.0826108,0.771441,1.55263,3
0.325553,2.88846,1.72106,1.19876,-0.479356,0.434751,1.99806,0.112774,0
1.58441,-0.12501,1.16203,2.6651,0.388825,0.383105,0.87115,2.22263,1
0.693333,1.97761,2.6845,0.608399,1.91876,0.101796,1.00913,1.86188,3
0.617858,-0.376197,0.958289,2.54328,1.54214,-0.388789,2.03276,1.62105,3
1.26848,3.75818,1.76215,1.29112,0.0147799,0.481739,-0.103157,-0.060727,-0
1.75479,0.323331,0.291798,0.537866,2.14738,0.522794,0.753477,1.71772,1
2.0017,0.269168,0.940789,0.255221,0.5411,-0.100734,0.1935,1.72289,1
1.79416,2.04831,2.29731,2.5077,2.43884,-0.283419,1.1047,1.73366,1
0.502445,3.24148,0.610618,1.66157,1.16694,1.22171,-0.251699,2.11305,1
2.15465,0.846794,1.39909,-0.340781,1.88178,-0.61471,1.01212,1.57219,3
1.36542,4.1535,1.67994,0.731916,0.802771,0.0838006,0.490423,2.45303,1
0.32157,0.587646,1.9609,0.0785179,-0.0704695,0.576606,1.69704,2.15206,1
1.44327,1.65815,2.70624,-0.436284,0.0925559,0.372994,0.389744,2.05195,1
2.69619,-0.142276,1.32671,1.13438,0.954021,-0.107412,1.04571,2.1199,1
0.240821,2.81079,2.47244,0.114626,2.32441,0.225748,1.47205,-0.0288733,0
1.394,-0.445704,2.27395,-0.193769,1.31311,-0.591942,0.976104,1.18424,3
1.95551,1.73318,0.519352,2.76541,2.03927,0.418596,-0.280769,1.29489,1
0.186795,-0.202235,1.1177,0.631485,-0.207677,1.29687,1.53145,1.68486,3
0.185368,2.68901,1.31277,-0.119241,0.370122,0.610676,0.967186,0.956009,3
1.57073,3.69897,-0.0601317,-0.26346,0.992017,0.580563,0.216087,1.4477,1
2.01927,1.82291,1.03186,2.58254,0.960519,0.361017,-0.315247,1.6922,1
0.553471,2.99451,2.58876,-0.00438801,0.90299,0.25745,0.520283,2.27717,3
1.77753,1.23851,0.480331,0.348591,1.56996,0.107115,1.61379,1.57796,1
1.22837,1.4637,2.57806,1.97409,-0.299176,0.974073,0.0387719,1.75671,1
1.35365,0.665272,1.34122,1.31142,0.969001,0.654947,0.0833182,1.15931,3
1.95223,-0.0705175,2.73038,1.51123,0.570859,0.358411,0.810854,1.65584,1
-0.3959,0.217674,1.82871,0.399842,0.987866,-0.0773501,1.19581,1.23777,3
1.56451,4.09593,0.389777,0.113835,1.55312,0.222738,1.44414,-0.0175354,-0
1.19785,3.39384,2.69238,1.75607,1.67074,1.23806,0.423425,-0.000134432,-0
1.27166,3.60964,2.70224,1.61439,1.22508,1.33644,0.327502,2.06783,1
0.681662,3.04438,0.0879923,0.542488,0.702244,0.338056,-0.306818,1.74762,1
2.36084,-0.183789,0.386756,2.29251,1.83075,0.205724,0.109415,0.693695,1
1.44911,0.747803,-0.175917,1.51316,0.351866,0.412669,0.17569,1.23534,1
1.03314,-0.25512,2.85894,2.29835,0.139485,1.07647,0.0478339,1.6455,3
1.08319,2.91439,0.171248,0.306465,1.71049,0.393954,1.30462,1.15349,1
0.193092,3.11439,0.309322,-0.110868,-0.701351,0.937202,0.356904,1.30142,1
-0.0986878,0.721572,0.356491,-0.279547,2.34459,-0.11442,0.767641,1.04526,3
1.2593,3.61932,0.882099,0.544371,1.68999,1.05477,1.24512,2.22886,3
-0.296383,1.2458,0.507988,0.414549,1.06143,0.261931,-0.0197557,1.44977,1
0.0845818,1.75988,2.7923,1.08237,2.00837,0.302591,0.247556,1.72273,1
2.28003,-0.0861838,0.508708,2.24603,2.53482,0.636741,0.868757,1.96308,1
1.66024,0.511425,2.27506,2.63797,2.23592,1.04365,1.10836,1.50528,1
1.55789,2.59773,0.415109,0.337124,1.59149,-0.313128,0.809329,1.40889,1
2.08461,3.11515,-0.271171,-0.231832,0.826178,0.0720399,2.13587,2.30904,5
1.28186,0.538515,-0.16269,0.313718,1.5336,0.675998,-0.550449,1.96764,1
-0.0250632,2.27412,0.676607,0.273157,1.36501,0.0561573,0.173164,1.4911,1
0.403431,3.74953,2.72421,0.833556,1.63907,-0.460371,1.61974,1.07356,3
0.86285,3.40543,0.728471,2.41183,1.27549,0.603001,1.61148,0.931056,3
1.94726,3.09312,2.84666,-0.141682,2.06664,0.832392,0.478537,1.20499,1
1.01523,0.190483,2.62103,2.31673,-0.0924264,0.0975221,1.60533,-0.113688,0
1.59207,1.10411,1.38437,0.893127,0.607802,-0.161347,0.0303184,-0.0856471,-0
1.29425,1.44062,1.66719,0.700625,1.50654,0.183929,0.5154,1.03235,3
1.42846,3.59078,3.11454,0.303965,2.12583,1.12739,1.04271,1.90806,1
2.31976,1.60592,1.29175,1.50636,1.85146,0.476092,0.485819,1.09185,1
1.51275,2.66179,0.049644,3.20615,1.24931,0.537333,1.74829,1.96549,1
2.05157,2.11047,0.449531,2.62196,0.254633,0.588832,0.426793,1.53983,1
1.18085,2.25432,0.0957562,-0.00543816,1.4251,0.65761,0.892718,-0.158907,-0
0.200673,2.29265,2.85551,0.884335,-0.0119281,-0.14127,1.39931,2.52823,1
0.243486,0.680632,3.0492,2.47881,-0.474586,-0.20759,0.188163,-0.108406,0
0.658838,1.92842,0.943652,0.919736,1.08417,0.909293,0.217874,1.15459,1
0.360517,1.42792,-0.223829,3.14879,0.227414,0.387393,0.660585,1.2585,3
1.81588,0.247539,3.16163,2.55268,0.246537,0.0667601,1.15881,2.16263,1
0.408719,0.323794,1.76208,3.13557,-0.453635,-0.151784,0.671321,1.65085,1
3.03513,3.59957,1.72019,0.749389,0.164295,0.058587,0.968877,2.01063,4
1.6768,-0.0854748,0.878208,0.428119,2.071,0.0107906,0.0492798,1.74884,1
1.81156,1.78914,0.773233,0.0442164,1.75763,0.328599,0.0409251,1.14605,1
-0.208392,0.434958,2.89922,2.86926,0.491794,0.627953,0.86118,-0.0813953,-0
1.92629,3.39617,1.54221,2.55428,-0.133158,0.201909,1.21541,0.69512,1
0.291392,3.34156,0.012107,2.89597,0.385313,1.03132,2.68135,1.02111,3
1.22097,3.47216,0.399285,-0.0806615,2.35805,0.471698,0.623818,1.82775,1
0.584768,2.88262,2.34034,3.02399,2.21176,0.411752,1.92493,1.74142,1
0.606284,3.69187,0.51638,2.68078,2.29281,0.686907,0.7529,1.1321,3
-0.012888,2.65821,-0.432009,1.3802,1.69488,0.437356,1.12206,2.42237,3
0.374817,1.06378,2.67824,1.27434,1.36522,-0.112544,0.0274759,0.613365,1
2.26717,3.23188,3.17382,3.00167,0.41296,0.935182,1.95209,1.33351,3
1.77009,2.10152,2.99837,0.414779,2.10111,-0.103092,0.750028,1.50959,1
0.189302,3.5663,2.05176,-0.249598,1.73917,1.26198,-0.0925283,1.18334,3
0.377768,0.141512,3.04922,2.54639,2.00752,1.29087,1.16684,0.000896128,-0
1.84948,1.3794,1.88767,0.0556706,2.12344,0.425924,0.877294,1.10186,1
1.16715,3.69859,3.77619,2.76956,0.434073,0.341551,1.20771,1.85963,3
0.9577,2.53562,1.31226,1.10562,0.246048,0.771671,0.731551,2.23666,1
1.4653,-0.227188,0.602796,0.846027,-0.035312,0.822793,-0.173013,1.1901,1
1.25296,3.69249,0.0840406,3.05369,-0.235799,0.872602,0.39106,-0.0162315,0
1.2966,3.26432,1.19545,-0.141192,1.34547,1.52754,-0.251412,1.74518,1
1.28962,0.21076,2.04785,1.65177,1.72459,0.964151,0.522435,-0.129924,0
0.165295,1.50174,1.87992,1.83397,1.25265,1.04455,-0.424424,2.02944,3
-0.178569,0.382183,2.08967,1.13292,0.628666,-0.337786,1.93454,1.7576,3
1.94548,0.494561,0.470229,1.48203,1.25657,0.0276723,0.61445,0.765874,1
1.61569,2.88863,1.68954,0.557092,-0.199598,0.939074,-0.0692443,2.24795,4
0.212955,2.54534,2.57699,0.456872,0.330707,0.356292,-0.0038523,0.991355,1
0.535437,3.47446,-0.299805,2.49784,1.83281,-0.0892875,1.37663,1.8109,3
1.98387,0.458149,0.272407,2.88286,1.29091,0.0166851,0.885673,1.5184,1
1.79667,1.71149,2.47874,0.000476624,2.20342,0.488578,1.65633,1.88239,1
0.803444,3.75306,2.31961,1.99477,1.32841,0.6717,1.87736,1.55034,3
1.27577,3.21781,1.10111,0.757274,0.589902,0.929412,1.37718,1.39113,3
1.59117,0.927348,0.843486,-0.093716,2.04821,0.257728,1.34172,1.34413,1
1.50936,2.01755,1.92014,0.291546,1.43052,-0.253227,1.3835,0.920025,1
0.114634,2.03331,2.0006,0.280635,0.0335182,0.08574,2.1047,1.09364,1
2.11711,0.754662,0.777161,0.0596918,1.40642,-0.421306,1.75058,-0.000622391,0
1.12607,1.13583,0.030361,0.874175,0.0923815,0.0234826,2.12688,-0.1331,-0
1.7041,1.60899,2.42023,-0.0461272,-0.116144,0.510753,-0.0643868,1.40957,1
2.4247,-0.0229048,0.0204405,-0.0785372,0.671184,0.134931,0.752383,1.33797,1
-0.196782,3.73347,-0.0391305,1.17579,-0.0468239,0.130725,0.570213,-0.120364,0
0.459785,3.66133,0.0338169,2.27959,0.850556,-0.203037,2.09781,1.57324,1
0.642011,1.02589,0.0147686,1.91882,1.50325,-0.366446,2.07858,-0.104285,-0
0.571154,1.92575,0.242348,1.75754,1.84194,0.18603,2.40142,1.66422,1
-0.380511,0.207718,2.2157,1.47995,0.150432,0.496791,1.7051,1.39957,3
1.27226,3.78977,-0.219898,1.89812,2.06524,0.377506,1.33261,1.53044,3
1.44506,3.86132,3.1524,0.684443,0.0264158,-0.0837357,2.0989,1.9997,3
1.65449,-0.0403294,2.4028,1.93893,0.675853,1.40763,1.08848,1.62405,3
0.689299,3.14695,1.34983,1.68016,1.86713,1.32934,0.940068,1.30303,3
0.379659,-0.238954,0.985971,1.80437,-0.0776795,-0.163211,0.544202,1.32074,3
0.0668449,2.22856,0.873319,-0.189287,0.872245,0.865365,0.0338564,1.25374,3
1.89506,1.81356,2.07108,0.167778,1.66903,0.120151,0.127405,-0.139513,0
0.202347,0.384855,1.14308,0.938433,2.52583,0.252737,1.319,1.3384,3
2.56215,3.82171,3.41077,1.12383,0.772796,0.468122,1.40883,1.62414,3
-0.0588547,4.21819,0.242657,1.15018,0.629138,1.15075,1.179,-0.168293,-0
-0.177793,1.22858,2.95636,0.472463,2.34859,1.18489,0.454467,0.86704,3
-0.166642,-0.106027,1.02543,0.302503,0.141267,-0.309184,0.0497837,1.81394,1
1.53322,-0.365405,0.55834,1.93891,-0.327225,0.268289,-0.592935,1.75335,3
2.30419,3.67297,0.421305,1.12532,-0.235017,0.750138,-0.0813384,1.78348,3
1.59782,3.23549,1.27637,2.99282,0.803357,0.346136,1.4229,-0.0335076,-0
-0.250315,0.764987,0.35208,2.97482,2.53981,0.13388,1.15465,1.15206,3
0.377364,0.890696,0.211357,1.01448,1.82128,0.616412,0.868008,1.94077,3
1.44131,3.37173,1.146,2.70685,2.14475,1.14028,1.75137,-0.0288711,-0
1.94091,2.51614,0.117667,-0.0299574,0.187668,-0.348271,0.573282,0.739582,1
0.307588,3.15066,2.66379,3.05659,1.1247,0.135028,-0.303299,1.21653,1
0.970358,2.87821,0.189676,2.07478,0.574005,0.972273,0.0944383,1.67899,1
1.9141,0.630646,2.59553,2.29868,0.785972,0.337197,1.86346,1.74548,1
2.11585,3.27289,1.8403,2.12486,1.4022,-0.417018,1.37839,2.50332,4
0.136501,2.9095,0.271317,2.79475,2.13485,-0.181022,1.37345,1.05196,1
0.172385,3.00471,1.4404,1.51956,-0.12491,0.351764,-0.19996,1.5847,1
-0.0521654,3.60274,0.264993,1.49671,0.996002,-0.368114,1.20742,0.913242,3
-0.155547,1.62504,-0.16359,2.25358,-0.0457117,0.054031,2.05958,2.17105,1
0.245353,-0.132541,1.70524,0.471302,0.91974,0.91864,0.529201,1.20156,3
0.387869,3.65366,1.69813,1.09259,1.23941,0.0976572,0.690916,1.97846,3
0.657918,1.79227,2.00106,2.06976,-0.248445,0.900536,1.21528,1.12389,1
1.84094,3.22373,2.10641,0.415251,2.38383,0.717626,1.40695,0.0616162,-0
1.71054,1.29561,-0.226476,2.34848,2.12586,0.417831,1.8734,1.8135,1
0.610346,-0.0363478,1.12214,3.1683,0.0967538,0.674175,1.67565,2.3012,3
0.640195,3.85749,0.132369,1.50514,-0.19957,-0.276834,-0.221168,1.39838,1
0.983532,0.0400451,0.35868,0.991884,0.869829,0.234815,-0.0365502,-0.134043,0
1.62665,3.91437,0.919503,0.135275,0.789995,0.111747,-0.0998461,1.75079,4
1.27337,2.82086,-0.00931053,0.644273,0.587546,1.00841,1.1112,1.84227,1
2.01545,2.60385,0.1821,0.803801,1.82039,0.524049,-0.137671,1.1547,1
1.88557,-0.264593,2.92227,-0.0876991,1.63012,-0.0684672,0.399882,1.5314,1
1.47576,0.321428,3.31011,0.324593,1.04148,1.13748,1.9166,1.44403,3
1.94527,1.75566,0.856652,0.360517,0.917444,1.33715,0.519708,1.43536,1
1.57817,4.00537,0.560368,2.38664,0.712609,0.221746,0.361386,0.17112,-0
1.37334,1.65223,0.0509438,2.3683,1.74239,0.23735,1.61736,-0.0653141,-0
1.45438,-0.178231,2.44848,0.644879,0.976595,0.26426,1.86004,-0.128622,0
1.46487,1.12023,-0.0722869,0.798659,1.13291,0.436165,1.74801,1.33965,1
1.51423,3.83151,-0.147554,1.75747,0.75644,0.651333,0.928432,1.13341,3
1.41452,-0.00936891,1.52423,2.01234,0.633873,0.23101,-0.036191,2.2095,1
0.342724,3.12467,2.28214,2.326,0.321114,0.0325511,1.13333,1.67478,1
1.17385,2.0804,2.54121,-0.102858,1.58612,0.325986,1.71546,1.26109,1
-0.0986005,1.14576,0.398942,1.90747,1.51463,0.293036,0.787751,1.40135,3
1.25384,0.283951,0.109177,-0.274334,1.17429,0.414422,1.52435,1.45835,1
0.794896,0.120161,3.26195,1.19399,0.459821,0.756445,1.88931,2.42258,3
0.420712,3.20517,2.359,1.81301,0.267645,0.826099,0.535974,0.931178,3
0.867838,-0.284249,1.26469,1.54283,0.651358,0.945095,1.88214,-0.160654,0
0.305787,2.05027,2.99526,0.72937,1.79074,0.995913,0.951519,-0.0898661,-0
-0.197635,0.625634,2.40979,-0.242092,-0.304265,0.655096,0.686262,-0.00854945,-0
1.66418,0.740737,-0.105901,2.87373,1.58602,0.608594,1.78285,1.26514,3
1.24704,2.3158,2.14463,2.17823,-0.636751,0.043133,0.971519,2.15776,4
0.216383,0.563405,2.6984,2.59794,1.23529,0.996243,-0.403581,1.16914,3
0.296688,0.624321,0.678094,2.24121,1.73205,0.424901,2.54641,1.75447,3
1.00599,1.10176,1.23808,0.293167,0.471047,0.36038,-0.0978207,1.06767,1
1.29782,0.488604,2.75133,0.468881,1.75531,0.727064,1.48899,-0.117008,0
0.840315,1.68842,-0.167594,-0.248387,1.40686,0.759267,-0.314518,1.40081,1
1.47049,0.27745,0.587073,0.568712,1.94021,0.473551,-0.179436,2.01785,1
-0.432113,3.14976,0.526906,1.49832,0.76074,1.04935,1.92587,2.10972,1
0.872276,3.23972,1.85717,0.956696,0.562429,-0.0587152,1.16442,0.992793,1
1.03745,-0.121697,0.278902,0.428391,0.214598,-0.107254,1.43644,1.74627,1
0.23761,0.44791,0.458373,1.84495,1.98987,-0.22161,1.13064,1.17388,3
2.07375,2.6025,2.88638,0.84034,1.1477,-0.254528,0.257061,-0.108251,0
1.36479,2.91635,2.36623,3.24506,0.814556,0.973163,0.230016,-0.156273,-0
-0.0164043,1.25378,-0.0791919,0.708448,2.039,0.55159,2.61054,2.06889,1
1.86935,2.86922,0.559242,2.83513,1.79772,0.081295,-0.00987752,1.27619,1
0.524045,0.260822,1.1988,2.12654,1.45998,0.502719,-0.32808,-0.116249,-0
-0.248478,2.90998,-0.207244,2.31213,0.784366,-0.0668161,1.83787,2.00124,1
0.544441,1.71124,-0.068739,2.63053,-0.10918,1.09007,0.791901,2.25191,1
0.732811,0.252214,-0.203098,0.481425,1.26983,0.735834,-0.555982,1.08169,1
1.76087,-0.15481,0.897683,0.260365,2.44772,-0.160923,1.35822,2.02657,1
0.137126,0.87882,1.15678,1.25695,-0.251512,0.362561,2.18071,0.22446,0
1.226,0.327745,3.02202,1.33115,2.16267,0.414625,-0.0973602,2.01579,1
1.9926,0.599492,1.41846,1.92218,1.79651,0.508064,-0.221917,0.82896,1
0.903502,3.5588,1.55145,1.43698,-0.00251542,0.639217,0.523848,1.04204,3
1.02316,1.43729,3.58256,2.10224,-0.642021,0.464872,0.310325,2.44265,4
2.10859,-0.0703599,-0.161458,1.21057,1.13993,1.04012,2.0102,1.96163,3
1.39609,1.50716,0.16002,2.43653,1.85122,0.405128,-0.174474,2.37993,4
1.07564,1.92447,-0.0406217,2.68786,1.75752,-0.122018,1.56048,1.22171,1
0.7518,-0.301312,1.65562,-0.0477045,0.648525,0.991721,1.40693,2.14173,3
0.821706,-0.592265,1.6141,-0.290756,0.652016,0.133228,1.89117,1.48404,3
1.72928,0.948243,1.34014,0.300155,2.02102,1.19351,0.859839,2.16942,4
0.47846,2.66109,0.266578,1.72244,0.53264,-0.0774678,0.380472,-0.074971,-0
2.01195,-0.405687,0.582573,-0.116653,0.170691,0.512021,1.19238,2.12347,1
2.0194,0.653849,0.631898,2.57226,2.32668,0.329019,0.789795,1.9343,1
0.786271,2.53353,2.43537,1.034,0.17979,0.0386334,1.11539,-0.0360918,0
1.44543,2.70934,2.89452,-0.281863,0.575223,1.24523,0.321933,-0.00626275,-0
0.354269,0.392654,0.543256,0.668562,1.99153,-0.02163,-0.366794,-0.252174,0
1.77955,2.36593,1.91894,2.70461,0.901038,0.826707,1.14155,-0.086053,-0
0.408285,3.52563,1.86707,0.81787,1.7887,1.20774,0.343706,2.13336,1
-0.18385,0.484481,1.83417,1.35919,1.17574,0.330447,0.342061,2.29261,3
0.229719,3.78334,0.0459708,0.447135,0.649031,1.01548,1.15994,1.3651,3
0.941056,1.15559,1.07111,0.100864,2.28093,0.438821,1.00176,1.24106,3
1.62695,1.38179,2.63957,0.614397,0.405399,0.751644,1.59231,1.98518,1
1.12987,0.355822,0.289045,0.317947,1.31798,1.15429,-0.0817425,1.33056,3
2.12034,0.15103,1.78182,2.3653,1.24766,0.998798,-0.238441,2.13469,1
1.53963,0.139476,2.8154,2.72719,1.63798,0.356885,-0.010967,2.01481,3
0.250003,3.97477,2.4669,0.641088,-0.196247,0.11007,0.552932,-0.0758986,-0
1.63556,2.32691,3.15132,1.89378,1.06247,-0.445408,0.0165925,-0.095938,0
0.586209,3.62013,3.26192,-0.137019,1.9414,0.325421,0.46708,2.10721,3
0.855312,-0.00199682,1.14082,2.70986,0.271266,0.0910125,1.22668,1.22803,3
1.8475,2.8478,1.48951,1.94494,2.08793,-0.0247602,0.577726,1.49044,1
0.0366107,4.0198,3.32732,1.62965,1.73658,0.576132,2.31926,1.51994,3
0.503199,0.61196,2.77191,-0.195686,0.1236,0.558144,-0.213165,0.0443073,-0
1.40231,0.0760074,2.77178,2.1478,1.15856,-0.327608,1.14848,2.2879,1
0.838824,1.518,-0.212691,2.7703,0.80312,-0.242782,-0.351818,1.72825,1
1.71555,0.202013,2.15492,-0.214228,1.13111,0.352903,2.00242,1.17889,1
0.161199,-0.119531,1.88738,-0.221976,2.20202,0.675528,0.421525,0.63475,3
-0.102158,-0.215848,1.07565,1.52318,0.729938,1.03494,1.27417,-0.0702584,0
1.71747,2.38136,1.43015,0.412904,2.11622,1.02277,-0.0695013,1.7246,1
1.57569,2.00587,0.114392,0.457806,1.82227,0.513719,2.35213,0.451686,1
0.929502,1.38935,1.53843,2.0476,1.27628,0.00309112,0.218066,1.88236,3
1.59946,3.16464,3.2113,0.0840826,2.41189,0.703032,1.3847,-0.0321603,-0
1.90509,0.902083,0.499209,0.496123,0.252534,0.414064,1.30762,-0.0544033,0
-0.0866696,1.55326,1.42216,1.30116,1.50753,0.536508,0.904925,1.40049,3
0.772386,-0.380626,2.56263,0.096697,1.0675,0.273189,2.3865,1.66822,3
-0.0738121,-0.115431,2.84367,0.735375,1.54967,-0.387963,0.0384793,1.85362,3
0.354425,-0.374252,2.20347,0.0931451,1.60474,0.388415,0.5268,1.32259,3
0.156676,0.762456,3.03165,1.28439,2.42086,0.674384,1.26171,2.27817,1
1.78847,3.0912,1.92489,0.269228,1.09644,0.124782,1.11831,1.8461,1
0.127552,0.0751759,0.299267,1.71913,0.75616,1.11576,0.749452,1.09417,3
0.774015,3.86115,0.240534,0.491308,2.67458,1.09868,0.336539,1.87982,3
1.80236,3.74469,0.0810825,2.94704,0.94706,0.999022,0.767907,1.60666,3
1.79016,2.89412,1.65137,1.35986,1.06485,0.643087,-0.369503,1.34178,4
-0.0731445,3.82621,2.29683,1.80181,0.454521,0.395168,0.735521,2.21514,3
-0.00586756,1.94641,-0.298807,1.73071,1.00717,0.315815,1.83471,0.980372,1
1.03418,1.93528,3.22261,0.806112,0.430075,0.301468,1.73418,1.81787,1
0.182788,0.975797,0.315149,0.398032,2.1695,1.28458,0.788556,1.32117,3
1.20827,2.42018,0.293312,2.37136,-0.135119,0.628758,1.75252,-0.0126518,-0
2.02362,2.89341,2.51778,3.06112,0.852468,0.525358,0.00535489,1.94221,1
0.56397,3.41092,1.68712,0.71945,0.512416,0.849572,2.34495,1.76332,3
1.04309,3.22744,2.72135,2.51072,0.809906,1.08364,2.17095,1.748,1
1.73837,1.41112,0.192148,3.10566,1.35699,0.825106,0.688907,0.0014618,-0
2.17281,3.29394,1.68848,0.0307534,0.926784,0.30429,1.1827,0.936713,1
0.162752,3.85866,0.626135,1.52243,1.80295,0.797591,-0.0334549,0.991595,3
0.0629555,2.06358,-0.0149665,0.840729,0.808644,1.15926,2.23648,0.926893,3
0.393878,2.018,0.00722423,0.652392,2.05055,0.100613,1.86859,0.690107,1
1.68254,-0.429567,-0.263863,1.14787,2.45377,1.06997,1.72103,0.93902,3
0.90016,0.986831,-0.0943825,0.977966,1.1722,0.599762,-0.282154,1.40603,1
0.217653,0.11523,0.16427,2.52384,0.423835,0.250769,0.491747,0.836418,3
1.55116,1.19738,2.38773,3.03809,1.29912,0.162597,0.15013,1.0879,1
1.06531,0.128444,2.5161,1.88348,0.844179,0.729872,-0.363703,1.88268,1
1.23357,2.28641,2.58592,1.029,1.39296,0.0708128,0.154663,-0.0947395,-0
0.432913,0.463348,0.214984,-0.201215,0.635138,-0.0724598,0.548742,1.15789,3
2.01228,3.11257,2.94898,1.72669,1.04713,0.250287,-0.409119,2.09435,1
0.683356,-0.729093,-0.0236297,0.695456,2.08806,0.729657,1.40206,-0.176454,0
0.279689,1.73644,3.32605,1.95007,1.06042,1.00636,0.117931,2.15243,1
0.83008,0.750968,0.307208,0.461748,0.651084,-0.492783,0.385536,1.76831,1
1.01831,2.0334,1.66421,2.01452,1.58743,1.04783,0.946686,1.47333,1
-0.0302052,0.28703,2.39965,1.77364,0.245516,0.107236,0.631444,1.52282,3
0.273095,-0.288521,-0.0567782,2.38512,0.161889,0.971055,-0.0921809,-0.0888124,-0
0.306187,-0.1008,0.155807,1.74759,0.547688,0.576208,0.237604,0.614538,3
0.683742,3.16777,0.964357,1.16059,1.91955,-0.101366,2.3373,1.78045,1
0.738069,3.96262,0.503742,2.99906,1.38494,0.266658,0.735973,-0.0761907,-0
0.080291,0.257278,1.19787,0.0849272,1.88599,0.262833,1.48719,-0.20775,-0
1.99497,0.416658,0.670717,3.4213,-0.0484855,-0.367592,1.01616,1.71617,1
0.318464,1.50074,-0.328795,2.31036,1.26088,0.708436,1.36176,1.75245,1
-0.116433,2.53366,-0.0325552,0.10451,2.59764,0.255061,0.896511,1.15041,1
0.506828,1.27402,3.25859,2.97686,1.06037,0.568616,1.76784,-0.0771601,-0
1.29575,1.70516,0.0872763,1.85318,0.667781,0.568855,0.922622,0.651792,1
0.594453,2.45689,2.44175,2.55267,1.11203,0.593082,1.32584,2.00526,1
1.52383,1.00343,-0.327478,2.71291,1.77254,0.924861,1.17632,0.914238,3
1.89884,1.02608,0.243589,2.91443,2.09071,0.315794,1.59533,1.59348,1
1.53382,1.80817,1.82442,3.14016,1.72524,1.14399,1.93964,2.2181,1
1.6731,-0.167926,1.78084,0.893582,0.233078,0.616262,1.50699,1.39713,3
1.58166,3.70592,1.16249,2.19699,1.44032,1.26384,1.77797,1.95837,3
0.772302,0.0888664,0.758275,0.382774,1.91889,-0.387435,0.917993,1.42605,1
1.8918,1.75227,2.97203,0.633748,1.45465,0.914994,0.775585,-0.0320327,0
2.13311,1.0908,0.07026,2.78694,0.0190166,0.178804,1.07496,1.39663,1
1.52503,0.344434,0.217282,0.239842,2.19623,0.477257,2.27498,1.69965,1
1.42368,0.862152,0.752776,1.58421,1.84066,1.50964,0.598254,1.60199,1
1.33166,2.6525,1.00899,1.18962,0.308925,0.824454,1.18959,-0.0963988,-0
0.648946,0.686576,-0.284648,0.91857,1.41822,0.62942,-0.123702,1.1216,3
-0.0930025,0.66138,2.80079,0.734523,2.14182,0.397332,2.46726,0.795992,3
0.271133,4.03246,1.73689,2.58806,1.00332,1.00811,1.64125,2.70487,3
1.96875,1.54318,1.32723,0.38875,1.67009,1.10337,0.853459,0.0203688,-0
0.435831,2.34053,0.535783,0.3765,1.45764,0.785049,0.249558,1.77415,1
0.368393,2.53541,1.83283,2.67696,-0.0664638,0.0808611,-0.325635,0.332136,1
2.642,1.82483,2.66758,0.67391,1.25462,0.675555,-0.273824,2.16594,1
2.23584,3.19276,1.32691,2.76327,0.625177,0.152205,0.141372,-0.0280082,-0
1.79695,0.918985,2.61851,0.720874,-0.113767,0.791103,-0.142273,-0.117039,-0
0.0632518,0.229836,1.36803,-0.12529,0.153559,0.15168,1.29374,0.783769,3
1.31188,3.27709,0.129846,-0.049751,1.13045,0.581318,1.47509,0.746713,1
1.85065,1.7824,0.177153,3.15057,1.6133,0.742188,0.263533,-0.0770473,-0
1.41438,0.912474,2.92833,1.47318,1.34776,0.477251,-0.382296,0.961648,1
1.90255,1.59371,0.139118,0.112752,0.322926,0.38181,0.0383468,1.02719,1
0.0585357,2.42958,0.0913637,1.54195,1.32059,0.853973,0.244692,1.67867,1
0.634734,0.421701,0.851612,3.23388,0.821416,1.20363,1.40428,1.61666,3
0.073508,-0.19987,1.02187,2.63297,0.597148,0.612543,1.60203,1.92428,3
1.78758,1.40979,1.90906,-0.181825,0.261637,-0.444106,1.5134,1.3229,1
1.74081,3.30254,1.28247,0.745532,1.18215,0.00490874,0.948405,1.13257,1
0.781303,3.52698,2.91159,2.66122,-0.140808,1.17222,0.4722,2.12593,3
0.578547,2.2645,-0.0368632,2.53987,0.0781139,0.384319,-0.0628032,1.74833,1
0.894963,3.81271,2.83646,1.44459,1.41445,0.90982,0.208328,1.77188,1
-0.311153,0.0906295,0.18039,-0.133949,2.34371,0.197825,1.36038,-0.213996,-0
0.276438,2.75863,-0.115422,2.34009,0.437761,0.623291,2.10402,0.530554,1
1.90625,0.706496,3.30054,-0.140642,-0.432503,0.941342,0.158815,1.14461,4
0.551911,2.07276,0.336177,0.910268,2.20748,0.424792,0.358059,1.36038,3
0.517766,0.233846,1.38298,1.09876,1.15411,0.785138,0.0719643,-0.0659462,-0
0.633295,2.05114,1.67957,3.25734,1.3969,1.46399,2.0284,1.89492,1
0.915746,1.12555,1.29177,2.70305,1.04705,-0.0213484,-0.207639,1.27312,1
0.47172,2.20216,2.15525,0.137647,0.0440916,0.998157,-0.155154,-0.0954262,0
2.34309,0.558607,0.83694,1.55694,1.68032,0.811629,1.93185,1.00205,1
1.67415,-0.0824487,0.403507,0.23044,0.574224,1.14463,1.35718,1.83223,1
0.670974,4.10825,0.131663,0.2424,2.2266,0.496815,1.37927,0.0285591,0
1.74536,2.90208,2.66659,0.128858,1.11423,-0.0104092,2.18494,2.05337,1
0.802188,0.263047,1.92033,1.07261,1.00888,-0.195781,0.369488,1.46013,1
1.5175,1.27061,0.960496,2.8429,2.31822,1.11556,0.818117,1.13058,1
1.65852,2.84526,2.43604,2.07535,1.1072,0.999774,-0.191301,-0.133646,0
1.77672,2.45528,1.44068,0.771434,0.356403,0.176698,2.06523,0.940345,1
1.07244,3.89892,0.150279,0.410151,1.80232,0.486233,0.0233534,-0.138333,-0
0.40156,-0.25557,1.68938,1.31736,1.37968,0.323987,1.35847,1.75343,3
2.22932,1.63439,0.926997,2.65865,1.51436,0.304891,0.640047,0.102764,0
2.2808,1.87306,-0.0648305,3.14098,0.0942196,0.239693,1.59331,0.933865,1
-0.157384,0.358147,1.93622,0.471342,1.81984,0.570308,0.0504497,0.714907,3
-0.151991,3.47046,2.90901,1.11236,1.37361,0.328306,-0.161722,2.04068,1
1.38908,2.91419,0.25966,-0.140184,1.39965,1.23411,0.467685,0.828824,1
0.0803952,3.19672,1.43948,1.40579,1.76032,0.454886,-0.287782,1.53469,1
1.81833,0.917753,-0.226016,3.10591,0.342955,0.113988,0.628717,1.51218,3
1.62786,2.21725,0.175625,0.692709,1.92473,1.3813,0.19628,1.37312,1
1.7373,0.108835,-0.0589622,0.395339,1.91002,0.186916,1.19131,-0.0795787,-0
2.18103,3.12011,-0.18873,0.182457,0.16602,0.311939,-0.336199,1.38911,4
0.905519,1.65247,2.07882,3.17959,0.517727,0.956509,1.89712,0.945867,1
0.813419,0.662933,1.15895,3.12652,0.0137478,0.0654217,0.322822,1.69114,3
-0.08068,1.91729,1.41497,2.83722,1.28307,-0.0609591,-0.367514,0.939835,3
0.62879,-0.0519248,2.8089,0.660001,0.482411,0.569855,0.117173,1.68349,3
1.63915,0.512348,1.62935,2.18053,-0.138092,0.339059,1.612,0.0191233,0
1.94792,1.93199,2.86999,1.27648,1.50925,1.61756,0.793222,0.112122,-0
2.13192,1.63058,-0.106286,1.77548,0.161936,0.500426,-0.153651,-0.118566,-0
1.97787,2.47356,-0.00333551,2.42535,2.04066,0.100841,1.67877,1.57098,1
2.07091,3.71992,2.87659,2.68583,0.778997,0.849456,1.78839,2.04312,3
-0.107401,3.52357,3.13966,1.25133,1.86146,0.618889,0.958628,1.80434,2
1.45702,2.95204,3.01019,1.60746,0.943148,0.263403,-0.085836,1.8536,1
0.839085,3.01038,0.26616,2.22918,2.44182,0.805444,0.188489,1.92909,1
1.15432,3.41833,2.4628,1.89421,1.1867,1.38776,1.11214,2.05006,1
1.88857,2.959,0.722281,1.86451,2.70745,0.510646,0.128878,1.56866,1
0.0498636,0.913341,3.45989,2.37266,1.56526,1.21378,1.34696,1.70474,3
0.182583,3.67241,2.20143,1.78756,0.0930249,0.719531,-0.168792,1.68812,1
-0.0459593,1.17872,0.595054,2.5643,1.294,1.19397,1.51831,2.26834,1
1.40248,1.74854,1.65418,3.02111,1.8375,0.0663008,0.212726,1.91849,1
0.155752,3.00438,3.262,0.91843,1.0338,0.09311,1.77379,2.21623,1
0.658256,0.961376,1.65636,0.687445,0.45166,0.254074,0.749379,2.12897,1
-0.478152,1.02272,3.52381,2.54593,0.403962,1.28784,1.62562,1.14436,3
0.540551,3.89292,1.01435,1.07002,2.12898,1.2427,0.931955,2.1398,1
2.13723,0.166657,0.654818,1.89025,1.59932,0.68487,1.86401,1.77748,1
-0.391024,2.181,-0.217209,0.707327,0.751996,1.3751,-0.264078,1.44597,1
1.4524,0.740949,1.67146,1.43344,1.40156,0.265221,0.274903,1.96863,1
0.19801,3.59541,1.70264,0.709704,1.1186,1.41932,1.89625,2.12858,3
0.772535,2.36085,-0.0924967,-0.180615,0.17697,0.675775,-0.179489,1.17153,1
0.382696,3.79681,0.89967,2.45302,2.19671,0.777049,1.31803,1.15589,3
2.47367,3.98622,2.39818,2.98039,1.51085,-0.013014,0.483485,2.61292,3
2.02779,2.59343,1.39489,0.844852,1.31783,0.481892,1.3273,1.14759,1
1.67981,-0.0454105,3.2678,2.86998,0.24661,0.525562,0.219308,-0.00491591,0
2.10172,2.63738,0.985035,3.34067,0.2701,0.285733,-0.00705774,1.69841,1
0.0867573,0.165136,2.77165,2.46593,-0.725503,0.227726,1.17701,2.0451,1
1.95999,0.343527,0.444905,0.1096,0.0439873,1.02904,0.694188,1.0698,3
1.44346,-0.0151765,1.45789,1.10896,-0.252279,-0.258851,0.589595,1.43952,3
0.624956,0.424825,2.06688,0.365741,0.801102,1.76719,-0.0542127,-0.105234,-0
-0.214432,0.0920433,2.49117,1.24145,0.443085,1.43875,1.67329,0.722597,3
1.8396,2.36042,1.68091,1.63471,1.28091,1.06849,-0.00267084,1.57638,1
0.823955,3.66069,-0.119407,-0.0348329,-0.235715,1.18017,-0.140806,1.26551,3
0.525411,2.07417,0.180166,2.89285,1.27555,0.00530998,-0.196026,1.47196,1
-0.0470399,2.33476,-0.282937,2.60356,1.44095,0.696344,-0.121703,1.06994,3
0.302718,0.99829,2.2781,1.73486,1.15512,0.369707,0.0144565,0.897336,3
0.640878,3.88443,-0.157818,2.9313,1.47353,1.57659,0.987047,1.57744,3
1.24794,0.162463,0.239924,-0.141537,1.13393,-0.439346,0.554371,1.12611,1
1.11898,2.43986,2.94516,1.02052,2.09927,0.333453,1.58711,1.82986,1
0.938727,2.78967,3.00961,0.516471,0.970406,0.9089,2.24809,2.20847,4
-0.160389,-0.111067,2.40783,1.88424,1.00414,1.13823,-0.132983,2.17207,2
-0.152915,3.24608,0.334475,1.92712,0.818763,1.16833,1.49858,1.76729,1
-0.011904,3.01291,1.44614,2.43931,0.117811,0.544297,0.509672,0.837024,1
0.773116,3.74056,0.899912,1.55707,0.171593,0.575617,-0.464814,2.06773,1
1.67873,0.152563,0.780699,-0.182094,0.32887,0.265598,0.624682,-0.0942589,0
0.122358,0.212166,-0.0189628,2.95044,-0.652775,-0.0761199,1.04219,1.78497,3
0.501317,-0.155093,1.14841,-0.110133,0.928584,0.750936,1.54248,1.29154,1
1.3529,3.41905,2.35807,1.6879,1.24869,0.702378,-0.0655016,1.98241,1
1.94333,0.253207,1.54344,0.205872,0.392447,0.691527,2.02387,1.67731,1
0.570176,-0.29849,-0.206903,2.41071,2.16395,0.198465,1.96358,1.53885,3
1.64781,0.47023,0.00640226,2.58611,1.29298,0.785122,-0.0621756,1.11559,1
1.32598,3.20781,0.120002,0.661497,1.58396,0.116688,0.503608,1.16791,4
0.994391,2.39671,1.83903,1.92756,0.323166,0.313213,1.51055,2.48589,3
0.737811,-0.0435137,2.97082,1.47662,0.36111,0.987347,0.16853,1.78332,3
1.46589,1.2315,2.92025,0.391441,0.509504,1.24467,0.645389,1.48721,1
0.212151,2.99515,2.56028,2.5359,1.35677,-0.199336,1.23333,0.865622,3
1.44936,3.57412,0.103348,3.31715,-0.345241,-0.204573,0.267052,0.0260528,0
1.29445,0.246498,1.18559,-0.0466209,0.853557,0.386659,2.00032,-0.152141,0
0.900039,2.12925,0.885574,-0.0676263,2.16697,1.14024,0.321475,1.01067,1
-0.0574262,0.113729,-0.0642817,0.464033,2.25198,0.0356138,1.67055,2.32076,3
0.278607,1.19528,2.65434,1.97603,0.336946,0.181705,1.95136,1.13424,3
-0.376361,2.33755,1.56738,2.71587,1.28842,1.42139,0.394377,1.68568,3
-0.35484,3.09732,2.86389,1.39887,1.11428,0.356686,1.69797,1.08185,3
0.518927,0.645194,1.3955,2.93064,1.35503,-0.193811,0.153396,1.97966,3
0.946888,-0.0849213,2.74032,0.814881,1.20785,1.13849,0.089266,1.30772,3
1.54476,2.06329,0.477222,2.86837,1.18344,0.928624,0.0426848,1.08423,1
0.337542,2.29696,1.34597,2.70116,0.735934,-0.213153,-0.256653,0.787572,1
0.135885,-0.1385,2.64011,3.10121,0.0504573,0.0896445,0.401064,-0.150992,-0
1.38624,0.317596,0.670535,0.880668,2.38591,0.729319,0.000464415,-0.112898,-0
1.86929,0.119938,1.87628,-0.214401,1.60325,0.23615,-0.440262,1.53701,3
1.28085,-0.231162,2.08918,-0.0129605,1.57067,0.280072,1.74574,0.697117,3
0.859035,3.60658,1.03792,2.87974,0.381291,0.116058,0.715282,1.9843,3
1.33089,4.0231,2.9663,1.84967,2.14946,1.22566,1.89993,1.30981,3
1.71798,2.33274,2.12377,3.16685,0.623516,0.578729,0.632683,-0.0729508,-0
-0.198472,0.682962,1.58585,0.444004,1.39353,0.918021,1.66403,2.04294,3
1.78625,4.03057,0.375707,0.136182,1.56078,0.61782,2.06787,0.0318293,-0
1.23523,2.67029,1.63389,2.2275,1.01912,-0.444721,0.7111,1.57413,1
1.55498,3.05231,0.456745,1.10748,0.797139,-0.120029,2.03703,1.1196,1
1.88628,0.481492,0.0803052,2.47837,1.98604,0.168052,0.809514,1.55785,1
0.800419,0.60729,2.66188,0.854436,-0.0759369,-0.631262,1.03793,1.64879,3
0.411987,-0.321738,0.908656,1.7633,2.12183,0.63363,0.794533,1.98491,3
0.502324,2.04767,0.254454,0.578516,1.02916,-0.284877,2.05549,1.15827,1
1.67869,1.7358,3.07666,3.14241,0.432699,0.141384,0.663582,-0.126818,-0
1.1232,2.76466,1.15483,0.079172,1.79569,-0.447249,-0.108216,1.38766,1
1.82196,1.55313,0.691773,1.72789,1.50579,0.870921,-0.139691,-0.0785797,-0
1.35137,3.77299,1.78439,0.162873,1.9149,1.04406,0.662688,1.92267,3
-0.0769338,2.4594,1.11373,2.49862,1.88237,0.137581,0.663135,1.93299,2
-0.372033,2.15069,0.331136,-0.206416,2.16327,0.117552,1.19574,2.20313,1
1.61743,0.165031,0.621474,-0.296641,2.20466,0.653484,0.590354,-0.0892621,-0
0.697704,3.60039,0.299117,-0.127782,0.465293,1.20941,0.280234,1.75429,1
1.71725,0.088164,1.22386,2.97733,1.95621,0.00884931,0.0725956,0.966804,3
2.0148,0.174724,2.56625,1.30859,0.532896,0.976114,0.241129,1.73145,1
2.17898,2.02203,2.76177,1.63998,0.737106,0.909797,0.0651507,1.69298,1
0.468267,1.40027,0.165994,0.975951,0.401977,1.18986,0.584472,-0.0604013,-0
1.62475,0.598131,1.2872,-0.311631,1.81142,0.358619,1.12213,1.72111,3
1.10819,3.24833,0.00575605,3.03529,0.147348,0.919134,0.561275,-0.0764232,0
0.397386,0.854248,0.173682,1.16775,2.05046,-0.0183162,-0.141442,1.80256,1
0.00365999,-0.0246668,0.17836,2.46376,1.46971,0.0925688,0.686304,1.80668,3
0.543204,-0.261833,2.18924,1.45874,0.60516,0.820323,0.19577,1.58786,3
-0.204295,1.44626,1.94344,2.37595,1.07189,0.668336,0.208647,1.48349,3
0.473685,0.660342,0.202164,0.387188,-0.431594,0.500605,2.2168,1.01291,3
1.64705,0.0563269,0.172634,1.80704,0.299162,0.609799,-0.0895617,-0.0757447,-0
1.27866,0.110686,1.18968,1.08636,1.47233,1.29269,2.20833,2.04634,3
1.41731,0.189906,2.24381,1.96932,0.745859,-0.407491,0.676076,1.94788,1
0.172984,2.5912,1.24469,3.21698,0.82158,0.918131,-0.372061,2.06473,1
0.750748,1.72376,0.144025,0.495846,1.06575,1.11729,2.43377,1.14171,1
-0.207997,1.47489,1.87292,2.66991,1.01157,0.427649,-0.0745954,1.72745,3
1.77753,2.2633,2.44477,1.69735,0.862837,0.16283,0.680932,-0.063319,0
1.78007,4.06286,1.63768,0.380423,0.875802,1.00458,1.0201,1.07374,3
1.22449,-0.447465,2.36903,1.92271,1.14688,0.512567,0.922836,2.41736,3
2.00787,0.313722,1.265,2.51485,1.00764,1.404,1.75156,0.637719,1
0.650032,3.82712,1.32138,2.75345,1.33008,0.666457,2.10585,-0.0712719,-0
-0.0471368,0.114362,2.89462,0.120759,1.11609,0.647373,1.6132,2.41026,1
1.34871,3.51454,1.15989,1.77573,1.97522,-0.10125,1.38673,0.847159,3
2.09651,0.0615945,1.21715,1.70556,0.364872,-0.287411,0.598112,-0.0538114,-0
0.389697,0.621681,0.464277,0.790085,2.13051,0.315145,0.11475,0.95858,3
0.961292,0.285276,3.25412,1.89951,0.62898,0.161385,1.48102,0.956965,3
0.472288,0.675893,1.81879,1.1525,1.64012,0.729464,0.550576,2.4526,1
0.406824,1.36101,2.27034,1.3798,2.43484,-0.129296,0.20427,1.38564,1
1.70026,3.03582,0.0464909,1.45379,0.187195,0.6537,1.01892,0.298414,0
0.603684,1.262,-0.142828,0.874968,0.285791,0.204635,0.191762,2.1236,1
2.08926,0.331191,0.0330161,1.72552,-0.24225,0.0986948,0.710639,1.25518,1
0.118786,2.72509,0.543691,2.50906,0.930287,-0.143739,-0.117715,-0.050301,0
1.5928,2.98775,-0.0953812,2.92959,0.298634,0.458439,1.82921,0.3651,1
2.76769,3.23867,2.14705,-0.541017,-0.0575994,0.895226,1.28668,2.72661,5
-0.199769,1.71158,1.53154,1.15482,1.21605,0.706218,0.64519,2.05158,3
0.0319715,2.92536,1.3892,1.42749,0.289364,0.397193,-0.408642,1.75367,1
0.393945,1.68625,0.886127,-0.143647,0.949795,0.283147,0.0776409,-0.0180746,0
2.05526,1.63805,0.93384,2.58911,1.59441,0.447485,-0.285642,1.99886,1
0.953306,1.91802,0.283063,1.42186,1.36124,0.802968,0.724628,1.89277,1
1.14482,1.10569,-0.0503071,1.64544,2.56987,0.880625,1.48301,2.00712,1
-0.0296198,2.40257,0.624185,0.0422448,0.133718,0.965444,0.494004,1.25371,1
0.648226,2.19336,3.41654,0.340595,0.924952,0.159939,0.698728,-0.0672729,-0
0.436144,0.37566,0.906708,2.79552,1.31066,-0.0686963,0.316669,1.98567,3
1.96047,0.00781017,1.34735,0.224938,1.73444,0.369562,0.0559135,1.15827,1
2.04416,0.0398687,1.67536,2.45652,1.10118,0.423035,0.600398,2.12425,1
0.0988209,0.952986,0.18226,1.40224,0.104545,-0.020661,-0.10834,2.18108,1
1.91637,3.674,0.0552941,2.05264,1.86261,0.64523,0.126497,1.81897,3
1.39739,0.641166,0.23491,1.77884,0.480308,0.334795,1.349,1.25024,1
1.73543,3.2562,1.46316,1.70244,-0.392384,0.199731,0.577721,1.63366,1
0.129314,0.0473342,-0.00736832,2.50871,1.52954,0.263778,0.442831,-0.0883392,-0
1.65848,3.34959,3.00301,1.3829,2.34938,0.709797,1.38717,1.6041,1
0.695116,1.13973,-0.0408356,3.11339,-0.0378175,0.839926,1.46222,-0.0377113,-0
-0.407169,1.07441,2.79911,0.546472,1.06941,0.321172,-0.150141,0.904236,1
0.529496,0.759764,0.107159,0.643934,2.18789,1.4874,0.582732,-0.0870267,0
0.176005,3.30793,2.95094,3.11281,-0.00283001,0.42955,-0.0198659,-0.155125,-0
0.116071,0.388683,2.14646,0.847298,0.955733,0.891187,-0.186297,-0.217864,0
0.679407,3.48188,0.152862,0.123521,1.26577,0.0604088,0.390773,1.56872,1
1.6894,1.11179,1.74145,2.08367,1.91418,0.577703,0.480897,1.31265,1
2.2015,2.33033,1.82,3.04674,1.61022,0.259977,0.315309,1.79022,1
1.31066,2.99647,0.341393,1.60753,0.614033,-0.0361557,0.971112,0.229881,0
1.01747,3.59293,2.72576,2.29947,0.884145,0.877896,0.748898,2.16308,3
0.402551,3.62397,1.72193,1.24994,1.71519,0.601871,0.283584,1.41722,1
0.493564,3.93287,0.48827,2.50603,0.137289,1.36441,1.70232,1.41843,3
1.96137,2.72123,0.155472,1.76047,0.592541,0.46703,1.47641,1.15561,1
1.09986,2.15808,2.83423,1.38006,2.58709,0.0118644,0.0537047,0.992227,1
0.829144,1.22901,2.1386,2.18653,0.132369,0.324674,0.545844,-0.0755817,-0
-0.174104,0.910068,2.52591,1.35909,1.62007,0.032437,0.634462,1.65651,3
0.7796,3.67305,-0.0236498,2.65469,1.37174,0.276154,0.985605,-0.0603694,-0
1.32916,1.79114,0.337377,2.97235,2.50988,-0.0956056,0.628774,-0.111917,-0
-0.157913,2.48751,0.0775741,1.70091,2.02398,0.278373,0.24602,-0.104335,-0
0.642515,0.758084,0.262915,1.12211,2.13601,1.05031,1.63353,-0.145188,0
1.79365,3.08915,2.1986,0.17383,0.0450829,0.679994,-0.435785,-0.0220294,0
0.140891,1.93391,1.16471,-0.0647723,2.23616,0.580083,0.67783,2.27307,1
1.07181,0.805718,0.133796,2.87722,0.667814,0.269993,1.18841,1.20563,3
0.434016,1.70537,2.59102,1.66622,2.69409,0.107312,0.736268,1.96673,1
2.24923,3.75333,1.59825,0.726509,-0.0763251,-0.21476,1.39533,1.72207,3
0.624511,3.9501,2.6355,0.952843,0.979895,-0.30634,2.42359,1.31628,3
2.05572,3.26716,2.26864,2.67586,1.45516,0.699466,-0.0439962,2.29245,1
1.13543,3.66554,2.30625,2.0309,2.53227,0.417186,1.64235,1.86449,3
2.45436,4.21031,2.11998,1.37912,1.67202,0.832476,0.563899,2.64432,4
1.69278,0.444472,2.24482,-0.0452128,0.9502,-0.12196,1.36067,1.31197,1
-0.129434,3.36773,0.053071,0.286841,2.1113,0.0488691,0.075578,1.00213,1
-0.0714944,2.30964,1.95324,2.11196,2.19658,0.554919,-0.329318,0.9737,3
0.1631,3.52919,0.353737,0.951024,0.875313,0.736617,0.294478,-0.118125,-0
0.552823,3.1506,3.43436,0.997934,0.369326,1.03217,1.22641,-0.101096,-0
1.47397,1.04704,1.97853,3.17501,1.33841,0.668782,1.17175,-0.0245247,0
-0.255596,0.216443,3.00916,2.31058,0.611832,1.14021,0.245071,1.10515,3
-0.21399,3.13229,0.0971629,2.13774,0.838566,1.23698,0.0776003,1.91894,1
0.568816,1.02451,0.83259,1.93513,1.27086,-0.0180316,1.71751,2.91365,3
-0.245484,1.79001,3.28278,0.322443,0.946535,0.139573,1.67277,1.51129,1
1.04682,2.96071,2.85865,1.9148,1.98865,-0.644349,1.25082,1.7094,1
0.172833,0.909749,-0.0955733,-0.225595,0.143324,0.596494,0.586475,1.63787,1
1.80269,-0.0717692,0.197848,-0.103253,1.45998,-0.0905931,0.799613,2.23016,1
2.04257,0.542508,2.79751,2.80861,1.09588,0.52855,0.615824,1.21031,1
0.722663,1.37132,2.22665,-0.292561,1.21766,0.8399,1.30334,1.28693,3
0.587961,3.31345,0.299687,3.01012,0.590634,1.15778,1.17554,1.37415,3
0.98252,1.30314,0.22941,2.81161,2.30244,0.313684,0.378723,-0.207089,-0
0.432998,0.0936675,1.71216,2.40378,1.76282,0.623811,1.48073,1.18855,3
1.92591,0.687884,1.48367,2.33996,1.36682,-0.412882,1.08005,0.4822,1
1.78049,2.39371,0.794807,2.65003,1.11109,-0.121739,-0.3433,1.70526,1
1.86178,0.058367,0.0894693,0.460189,1.44681,-0.133361,2.03067,0.525995,1
-0.156365,2.97554,1.55275,-0.0552222,0.837015,1.23961,-0.154591,0.936559,1
-0.218392,2.92575,0.168533,0.338504,0.0571567,0.134452,0.274388,1.52565,1
1.58052,0.894931,3.1619,0.307023,0.893193,0.000259991,1.53308,1.66502,3
1.84404,1.63205,3.10338,0.150729,0.726639,0.628613,0.357278,1.75124,1
1.91429,1.08799,1.40377,-0.00991827,1.45808,1.16438,0.207443,1.36235,1
0.534952,2.75273,2.90408,2.09414,1.18036,0.984541,0.0265969,1.68897,3
1.07701,1.14055,0.0353982,0.137046,2.66057,0.253987,1.10303,1.53396,1
1.81807,3.03068,3.29904,2.59229,1.37916,0.193161,1.46485,0.00868327,0
-0.0196529,1.23941,0.0339108,0.130126,1.17931,0.392827,-0.272446,1.1473,3
1.31215,1.27632,0.183683,2.98942,1.03772,-0.508871,1.443,2.01663,3
-0.0252462,2.19626,2.81552,0.182674,2.13995,0.242875,0.0344137,0.886283,3
1.96062,1.39091,1.0766,0.751467,0.116551,0.394815,0.166258,1.85244,1
0.937811,-0.0747932,0.473231,1.54336,0.462031,-0.0331666,2.00121,1.0776,1
2.16208,3.56213,0.573777,2.41219,0.757197,1.06298,0.110805,1.95482,1
1.34865,-0.278515,1.99287,2.12006,1.13218,0.0912208,0.902977,1.08908,3
0.696497,1.12239,0.846528,0.131666,0.903242,0.0151824,1.70932,1.77961,1
1.82246,1.27817,0.4402,2.74625,1.24614,-0.253225,-0.300573,1.30605,1
2.07106,1.11731,1.01089,1.64369,0.662845,0.903997,0.068905,1.64677,3
0.675343,3.92492,2.35584,-0.0686811,2.67215,1.3988,1.4617,2.01632,1
1.82388,1.4897,0.186212,1.10974,2.24904,0.0525965,1.8749,-0.0191674,-0
1.64866,3.72484,3.88204,0.526201,0.282743,0.0741991,0.793972,1.79393,3
1.59747,0.0882447,-0.0164911,0.169698,0.222686,0.378672,0.0523546,0.995845,1
1.52379,0.837408,0.895911,1.97465,0.361348,0.734688,0.101096,-0.119746,-0
0.693237,2.30154,0.963737,-0.325987,0.553726,0.779785,0.360942,0.807999,1
0.466864,4.01901,3.14706,2.23909,1.60982,1.18344,1.04309,-0.0546971,-0
1.47155,3.61237,1.3674,2.12226,1.12039,1.09319,0.651973,2.12896,3
1.39116,-0.272484,1.0793,-0.0441524,1.7864,0.605379,1.7001,2.03958,3
0.486833,2.63195,-0.0739174,0.767529,1.56908,0.294076,-0.279082,2.29383,1
2.19313,3.79213,0.298137,1.86067,2.07682,1.16681,1.64305,1.64833,3
-0.169844,3.31007,2.76002,0.291211,0.553574,0.45081,0.900995,1.15991,3
2.03104,0.79035,1.95739,2.32577,2.30798,0.312108,-0.2409,0.696652,1
1.20358,0.740084,0.077185,0.793077,2.34226,0.759957,-0.0560433,-0.0863032,-0
1.04123,1.52483,2.80055,1.11994,0.440976,0.341457,2.41123,-0.0990563,-0
0.545167,0.258158,2.08202,1.93137,1.42374,-0.114803,0.297853,2.3863,3
1.15046,1.40443,1.99567,2.33979,0.390817,0.312017,1.9116,1.9426,1
0.292264,1.47419,1.54219,0.285584,1.7753,0.697981,1.17549,0.987637,3
1.79046,1.45986,0.202458,0.514466,0.796431,0.535093,0.668276,1.75444,1
0.221328,0.825915,0.241346,2.33059,1.4876,0.431567,1.77256,1.70285,1
0.467101,2.76302,2.27,2.33971,0.991273,1.17816,0.601122,-0.132466,-0
0.121947,2.96843,2.59493,0.641179,0.162015,-0.282202,1.2879,1.66177,1
-0.234195,0.797421,0.246106,2.18879,0.177792,0.23816,0.170728,2.06316,3
1.29749,3.34597,3.21512,3.15945,0.297212,0.347916,0.658452,1.81098,1
1.83878,3.78243,1.36563,1.02314,0.185595,0.714205,-0.028121,0.16631,1
0.790655,2.92852,2.37027,0.613551,-0.303635,0.0645642,1.4483,1.77219,1
0.542046,0.448095,1.45125,0.145919,1.13166,0.32136,2.026,2.06475,1
1.55469,0.80664,-0.0407035,1.48546,1.7644,0.114064,1.55272,-0.000781002,-0
0.430693,3.10505,-0.158545,0.000582862,0.607607,1.37628,0.103815,0.701747,1
1.90631,0.908928,2.869,2.33261,1.09337,-0.0583906,-0.158995,-0.108751,-0
1.34442,2.81522,2.77413,0.334706,-0.182177,0.0597721,1.65665,0.324309,1
1.37547,-0.0590458,0.0818805,2.80352,1.90403,0.885023,0.543481,1.97384,1
-0.00464834,2.64484,2.87925,0.138475,1.62629,0.449442,1.71605,1.46185,1
1.75074,0.237824,1.32907,1.57546,2.4109,0.686058,0.536105,1.09074,1
2.16562,3.18427,1.85816,0.0798649,0.887167,1.13623,0.332787,1.32652,1
0.808006,0.654018,1.77683,0.610712,2.36873,0.670627,1.62909,1.2153,3
0.394019,-0.0391404,1.08195,2.46632,-0.0114014,0.791252,-0.234693,1.27259,1
1.89777,0.731908,0.181166,2.63706,0.219713,-0.253272,0.117616,1.22828,1
1.77173,2.70515,1.74424,3.05891,0.420218,1.02844,-0.043167,-0.0829345,-0
0.769435,2.60291,1.91418,0.189182,-0.119115,0.794496,1.77529,1.1868,1
1.27636,1.72189,-0.113573,1.87883,1.07624,0.147838,-0.315021,2.03372,4
-0.264583,2.8015,-0.0258183,0.0984659,1.81424,0.779009,0.211333,1.74104,1
-0.0225535,4.47913,0.0307902,-0.147187,-0.173146,0.074503,1.09135,2.32116,1
1.67854,3.62505,1.30466,1.93433,1.54243,0.765115,1.48497,1.95377,3
-0.0474218,1.81125,2.4658,0.950949,0.900829,0.950663,0.914608,-0.139718,-0
1.72188,1.57177,0.823927,-0.0169098,1.22267,0.476815,0.858341,1.9679,1
2.01218,0.470199,3.09392,1.64291,-0.178047,0.171496,-0.247228,0.11911,0
0.700717,0.252686,0.0250524,0.6859,-0.265392,0.634733,1.48673,1.07717,3
0.474854,2.24202,3.81433,2.1131,0.761468,0.495928,1.62561,2.06176,3
-0.252719,2.55227,1.42972,2.54872,1.36973,0.351843,1.87355,-0.138355,-0
0.0625808,1.48638,1.88439,2.84607,1.71812,0.324658,0.917919,-0.139838,-0
2.14376,2.08088,0.520506,0.787976,0.377849,0.332721,1.45362,2.61818,5
0.781526,4.14013,1.79508,0.234564,1.45582,1.12171,1.30101,2.54154,3
0.364725,2.16508,0.712898,0.0164892,1.33628,0.87299,0.502595,1.93312,1
0.974393,3.8233,0.103234,1.92306,0.58699,0.43933,2.04758,2.26951,3
-0.268818,1.86381,1.66508,2.71615,0.819086,0.154654,1.06808,-0.0950414,-0
0.607243,2.45923,2.40882,2.16644,0.362445,-0.247346,1.44305,2.26705,1
1.71168,0.280497,0.110457,0.188527,1.09878,1.13522,0.354661,1.60469,2
0.00696415,1.97575,0.420419,0.295941,2.53707,0.508345,1.54307,2.01995,1
1.30497,2.18776,2.81858,2.21817,2.20125,0.752299,1.4551,1.51586,1
1.98033,3.66168,1.93039,2.31837,2.01728,0.851468,0.977638,1.53919,3
1.4026,3.96965,0.406856,2.70539,0.979411,1.04177,1.53002,1.31326,3
1.01275,3.06558,2.40676,3.28928,1.58175,0.00732652,0.611049,1.27173,1
1.8697,3.36515,0.325894,0.172779,1.23181,0.634247,-0.29963,1.99521,1
0.90585,0.704972,2.35918,1.6045,1.27123,0.980982,-0.293586,1.95097,1
1.50751,2.1817,2.92947,1.06855,0.30896,-0.293802,0.896267,1.28526,1
1.00623,-0.428712,0.282711,2.87059,1.27055,0.122574,1.49025,2.23681,3
-0.0979897,3.03054,0.586729,0.0605746,0.37554,0.532411,1.06053,0.926014,3
2.21533,1.15812,0.126757,1.65357,2.41298,0.322845,0.510722,-0.124025,-0
1.83867,-0.257579,2.78745,1.93399,1.39725,0.792067,1.3725,1.57383,3
0.122256,1.15008,1.12053,0.630602,1.91378,0.0841206,2.4046,1.86244,1
1.40101,3.80482,1.88303,2.47965,0.514242,0.53434,2.28144,1.19731,3
0.480198,2.18209,0.0629596,-0.234573,0.352038,0.116612,1.80495,1.11974,1
0.799685,1.53464,0.179253,0.0808348,2.28327,0.484984,1.502,1.74695,4
-0.3212,1.99752,1.60039,1.13978,2.48264,0.569397,0.0811747,1.8991,1
0.252555,2.68906,-0.0423245,2.71193,1.88588,-0.424246,0.910124,2.27413,1
-0.145884,1.56415,0.932545,-0.0455188,0.602046,0.159262,-0.0842999,1.06803,3
1.35391,0.341992,1.34655,0.428781,1.05504,0.328422,0.0283698,1.89617,4
1.79548,8.13688e-05,2.7561,1.93967,-0.0464557,0.594442,0.580008,1.63675,1
0.1522,2.06853,1.8031,1.15695,1.52554,-0.0137948,2.52367,1.7781,1
0.165577,0.489722,0.0381005,0.641684,1.35019,0.230727,-0.0526386,-0.140918,-0
1.47171,-0.280827,3.18881,0.991373,1.34363,0.443745,2.23612,2.0243,1
1.06859,2.23212,-0.103708,0.501562,2.22043,0.839512,0.167058,1.8497,1
1.77222,3.22808,2.26399,0.714694,1.01641,-0.562848,-0.116578,1.10056,1
0.423315,0.84359,0.797172,1.03259,1.57884,1.60126,0.619836,1.19392,3
1.20538,0.0627169,1.70513,2.8532,0.58379,1.03946,-0.0506191,0.982566,1
1.83658,3.807,0.381166,0.763504,2.12263,1.05237,1.40829,1.97079,3
1.1062,1.03754,0.327243,1.28436,1.92666,1.23085,1.90047,2.02216,1
0.97334,1.87786,2.04346,0.938333,1.79748,1.1795,0.644086,1.67492,1
1.56966,3.74788,2.08373,0.502044,-0.132359,0.390315,0.12815,1.52921,3
1.48819,2.42229,3.19606,2.06104,0.35317,0.0400284,1.46422,1.02564,1
1.74547,2.82755,1.25592,0.0165753,1.4161,-0.166862,1.29933,0.0113998,0
2.0242,1.4452,3.06063,2.92018,2.24973,-0.120106,1.33528,2.16024,3
0.306209,0.935907,2.13448,2.9553,0.738946,-0.0665031,0.282048,-0.114269,-0
0.28094,1.73997,0.0836221,1.85712,0.369579,0.0522228,-0.362945,1.92177,1
-0.402498,2.71176,0.298367,2.18369,0.256901,0.686166,1.66869,1.44814,1
1.12254,2.17178,0.334133,1.25588,0.264121,1.08866,-0.453385,1.82091,4
0.0466457,0.426115,2.55786,0.673468,-0.149423,0.923191,0.0148667,-0.11178,0
1.74277,3.80668,2.0166,0.305895,0.284512,0.050566,1.11132,-0.0717158,0
1.20349,0.810027,1.66499,2.37221,2.13664,1.13434,0.352913,2.15911,3
0.0379746,1.06644,3.21634,1.56423,1.06291,0.11588,1.383,1.50006,3
2.00008,1.85541,3.16335,2.71841,0.556584,0.860868,2.01432,1.0856,1
1.19178,2.91199,1.26589,2.88157,-0.14719,0.59109,0.829587,0.625693,1
0.15524,0.111219,0.169382,0.323795,-0.176005,0.677034,-0.11284,1.53483,3
1.19466,-0.115388,1.08826,0.590135,2.17162,-0.100427,2.37965,-0.00264914,0
0.824437,3.13446,-0.17236,0.820136,-0.474861,0.194379,0.538563,1.77581,1
2.32825,0.684693,2.84277,1.82935,0.579186,0.770268,-0.183535,1.68645,1
0.735755,-0.347287,2.50287,1.90681,0.499639,0.765175,0.378989,2.39705,1
1.62628,1.33193,0.723362,3.00949,1.81383,0.521113,-0.258901,0.86397,1
1.72582,2.6133,0.240952,3.05889,1.30876,0.889746,0.0154417,1.27735,1
-0.291134,1.68548,1.98826,1.43437,2.28403,0.969616,1.46287,1.45002,1
-0.0341274,2.85446,0.766479,2.36902,0.889035,1.04029,0.601934,1.42377,3
1.93848,-0.0111436,1.1515,0.346948,1.3616,1.05252,0.66506,1.11534,3
2.19358,2.97984,1.75702,2.74926,1.83847,0.192863,2.13612,0.0679812,0
1.61443,0.943823,-0.0226233,2.67392,1.76669,-0.302834,0.977948,1.10392,1
0.460682,2.14869,2.81879,0.478636,0.108556,0.15375,0.955832,1.85264,1
0.402562,1.09591,0.38237,3.32306,0.279962,0.547802,1.31891,-0.0884494,-0
2.45199,3.86125,0.648421,1.44717,2.05497,0.609084,0.494241,1.18192,3
0.423906,-0.234831,0.312637,1.06777,0.958839,1.30542,1.44738,1.31052,3
1.93716,-0.0100522,0.120059,2.22442,1.64117,0.134804,-0.157402,1.68103,1
0.120678,1.63189,2.84843,0.584117,2.06048,0.565733,-0.0826893,-0.104236,-0
0.352962,1.52812,0.826542,0.195145,-0.0304828,0.786793,0.060984,1.36236,1
0.117452,1.94661,2.24991,1.78236,1.9996,1.18405,0.606603,1.63401,3
0.0242915,0.483371,2.88129,0.710985,0.109493,1.35612,0.37268,1.67135,3
1.41645,3.52004,2.44175,2.44444,1.44267,0.535298,0.851788,1.39121,1
1.17788,3.86898,2.17477,2.45253,-0.166465,1.16195,-0.0832185,1.45347,3
0.780288,3.05374,2.44128,-0.129985,0.629753,0.469364,2.1995,1.92157,1
1.87951,3.24306,0.950539,0.687084,1.67075,0.189573,0.196043,1.00094,3
0.668675,1.1498,2.05939,0.980988,1.17323,-0.345119,2.11466,-0.0724314,0
0.515507,1.69957,1.95728,1.38203,0.914339,0.426431,2.2353,1.09016,3
2.25343,0.892524,1.07455,2.37331,1.69082,0.48897,1.95466,2.03906,1
0.294686,0.177374,0.257373,1.84642,1.77069,0.676623,0.43591,2.26922,3
1.00908,3.05085,-0.200864,3.18547,-0.135609,0.686687,-0.0568664,-0.155441,-0
0.719999,0.633057,1.18756,1.12605,-0.130154,0.192688,0.334448,1.55891,1
1.4072,1.96133,2.40827,2.98138,0.0362495,0.160016,1.2614,1.97558,1
1.11936,-0.181706,0.541066,2.65871,0.521479,0.70283,1.78151,1.81827,1
1.40583,0.384722,0.157761,2.2051,2.06111,0.403172,1.28725,0.815424,3
1.46085,1.70417,0.270831,0.377821,2.31839,0.905655,1.71408,0.00120564,-0
0.53368,0.0338866,2.66783,1.017,2.41633,0.630969,1.60113,0.945527,3
2.36286,-0.0876038,0.968531,2.46714,-0.0361578,-0.21845,0.749177,1.72072,1
0.564469,0.861929,3.30468,2.48598,0.185416,1.09667,-0.00574718,-0.161617,-0
1.01402,0.951204,3.44979,-0.142169,1.92433,0.613033,1.80949,1.94079,3
1.39298,2.07102,1.08494,3.15886,-0.266704,0.760029,1.55189,-0.0431298,-0
1.38209,1.52231,1.72356,0.0270187,-0.0114816,0.782555,0.0429281,1.59066,1
-0.080384,0.950803,3.10883,2.86989,1.1413,1.22491,1.96088,-0.169309,-0
0.310342,-0.0453,1.10916,1.20059,1.08573,0.290422,-0.159369,1.1995,3
-0.0590985,0.978895,2.49072,0.0339559,1.02465,0.0174472,0.627465,2.01928,3
-0.0452128,0.959623,0.907688,2.25242,0.186924,0.141747,2.11169,0.894394,1
-0.121832,3.78828,-0.0237656,0.355054,1.40606,0.745762,-0.194609,0.851452,3
0.225338,0.0691071,-0.0654913,0.431062,0.909664,0.388883,1.29257,-0.0677924,0
0.00776559,3.60816,-0.270623,1.21243,1.10307,0.479396,-0.0436537,1.81677,1
2.25316,3.84212,1.03086,0.380056,0.101245,-0.259392,0.963951,1.11392,3
1.34628,2.80119,0.284584,0.57825,2.05609,0.356161,2.26943,1.99439,1
1.55952,4.28965,2.30407,0.401136,1.85752,-0.240966,1.20684,0.0480102,0
0.175415,2.90876,1.50894,1.17529,0.776821,0.602895,1.14064,2.01786,3
1.99729,-0.362514,-0.25301,1.34086,0.159882,0.705997,0.960185,2.0372,1
1.60375,0.359955,0.835757,2.82025,2.55058,-0.228155,1.3257,1.54999,1
0.14955,2.57909,-0.121164,0.410705,2.09639,-0.291635,0.716936,2.14072,1
-0.15707,2.15546,-0.135098,1.98489,1.59962,0.197609,1.9379,1.65009,1
1.15531,2.14465,1.63759,2.59794,0.225042,1.19491,1.76304,0.0864524,-0
0.558316,4.0169,1.31226,2.72616,0.730651,0.778208,1.53215,2.35304,3
-0.213849,0.990429,1.02682,-0.0466556,0.0226532,0.248893,1.60419,2.18893,1
0.479487,2.33362,1.18958,2.00146,1.7124,0.736986,1.88273,0.859645,3
-0.134319,1.58665,0.233676,-0.31073,1.76634,0.774455,0.433516,1.57725,1
1.9914,3.08567,-0.145908,2.80448,0.801475,0.214667,0.402348,1.90605,1
1.35551,2.7002,0.733043,2.2215,0.165175,-0.0221557,-0.113783,1.74213,1
1.09675,0.514609,0.124762,1.21363,0.433101,0.887723,0.848319,-0.0341145,-0
-0.0296028,0.022617,0.122552,0.244678,1.35752,-0.136137,0.458919,1.05059,3
0.106586,-0.532228,0.309593,2.69425,0.826932,0.671509,0.539648,1.84895,3
0.723361,1.02397,0.938818,1.76338,0.20707,1.0384,1.34872,2.11701,1
1.67262,3.0846,0.0401416,2.79604,-0.229635,0.551383,1.58744,1.95117,1
0.319284,1.29783,3.08339,1.41316,1.70054,0.827311,2.26906,1.83247,3
0.779106,3.8381,-0.195711,0.651524,1.42956,-0.0470063,-0.0131193,0.999014,1
1.2679,0.317705,0.549825,1.20469,2.55391,-0.242425,1.62049,1.87389,1
1.17148,3.55657,0.718961,0.776368,2.18513,0.141114,1.94838,1.38071,1
1.50025,2.33848,0.414572,1.39871,2.8049,-0.093158,1.17503,1.90813,1
0.273596,2.16061,2.47673,1.0433,0.523073,0.636797,1.13078,-0.127128,-0
1.56043,1.62684,0.400845,0.293008,0.58483,0.440266,-0.0206664,1.5485,1
1.13789,2.67307,0.613977,-0.0281953,1.90848,0.431324,0.954427,2.00222,1
1.1443,3.86932,3.65208,0.509075,1.34321,0.488027,1.06525,1.73226,3
0.419063,1.92388,1.75302,2.06931,0.281665,1.45081,1.19149,1.83078,1
-0.241191,0.224819,-0.0316653,1.06626,0.166988,0.432744,0.692463,-0.180009,-0
1.80656,1.08442,0.221768,0.652392,1.27655,-0.00611411,1.40993,1.84136,1
0.280868,3.1649,0.831173,2.11941,-0.123685,0.245588,1.60515,1.31932,1
0.506461,0.657218,2.22416,2.02987,1.66245,-0.225065,-0.0474753,-0.16075,-0
1.20598,0.337518,0.0261811,0.932156,1.66774,0.0675361,1.61408,1.76271,3
1.78762,2.55852,2.08814,1.63116,0.923402,0.735665,0.213413,0.548563,1
0.833235,0.239942,1.81485,1.5236,2.42747,0.746891,0.309963,1.90979,3
-0.404217,1.5985,3.04612,0.114642,1.8672,0.763681,0.812322,1.28019,3
-0.120892,1.20294,0.408846,2.66329,1.97458,0.565227,0.235882,1.42602,3
0.560807,3.84695,3.18744,3.12887,0.530343,0.58423,0.672523,2.16005,3
1.15065,3.81403,2.90803,2.32517,0.55429,0.626688,0.415018,1.55323,3
1.37487,0.0647018,0.814001,2.71591,1.41093,0.52762,0.423674,2.20275,1
1.44223,2.48815,3.17918,0.0712688,1.3714,0.81104,0.793803,1.77298,1
2.14228,3.46431,-0.0205619,0.527538,1.21537,0.40635,0.43197,0.0586723,-0
1.51153,0.273035,0.110998,0.623186,0.828088,0.311125,0.725025,2.1684,1
1.94483,0.295299,2.92745,-0.000972162,0.811397,0.437791,1.30455,1.7759,1
0.470514,2.52473,0.621171,0.406079,0.395918,0.531813,2.13701,-0.14849,0
1.29422,1.81014,2.63455,0.509127,0.849482,0.411754,0.47137,1.35456,1
1.47283,0.519048,2.7183,2.7452,0.036322,0.215202,0.698175,0.871358,3
1.33588,0.297174,2.35842,0.318938,1.31389,-0.106091,1.05027,2.07454,1
2.34004,2.21065,2.61523,0.325565,2.26058,0.0849206,1.28852,1.85411,1
1.04654,1.78714,2.2055,0.32849,1.3611,1.20077,1.97699,1.56653,1
1.01629,1.12717,3.10712,0.16603,0.0500117,0.455468,0.0846415,-0.0428534,-0
2.09314,3.18112,1.06574,2.93199,1.7497,-0.0939729,0.26968,1.87176,1
1.9379,3.33494,2.76208,0.303043,1.77909,-0.155053,0.00780825,1.26498,3
1.05058,-0.411168,1.13391,0.826102,1.7079,0.856785,2.03414,-0.169859,0
1.99675,0.029223,0.678333,0.61956,1.35566,0.350449,0.0866133,-0.124725,-0
2.64033,3.84497,0.292345,-0.246623,2.09423,0.619686,0.0339831,1.28666,3
-0.000482162,-0.0218078,0.200903,1.92204,2.10945,0.76014,0.297534,2.52826,3
2.12307,3.14543,0.832124,1.18977,1.84867,-0.195906,1.57981,0.729308,1
1.92094,2.7038,0.908081,2.9603,0.720995,-0.184885,1.57481,1.848,1
0.37153,2.38715,0.0378574,2.39094,1.10347,0.0773926,0.48404,1.88251,3
2.10045,0.330884,1.98958,2.99539,0.249477,0.642953,-0.140351,1.7715,1
1.59261,3.5104,0.816537,2.08069,1.0126,0.883029,0.382691,1.15411,3
0.81515,0.147317,3.21851,-0.110478,1.6388,0.102265,0.786766,-0.103381,0
1.53213,2.98411,0.86857,1.83037,1.23865,0.915659,0.134979,2.08567,1
0.292095,0.657911,2.82318,-0.0323325,2.27637,0.526335,2.13297,1.63175,1
1.75274,1.62439,0.287931,1.62449,0.796329,0.26167,-0.140252,1.64535,1
0.56016,3.56816,3.01678,0.421683,1.0881,-0.134057,0.464556,2.12906,3
1.6946,3.48807,2.76717,0.235902,1.00855,0.134174,0.610477,-0.0275921,-0
1.39355,2.67311,2.72349,2.04292,2.52584,0.730903,1.49574,0.952903,1
0.893419,0.152959,2.34629,0.727099,0.981517,-0.233298,0.224909,-0.00487687,-0
0.122764,2.09346,-0.209352,2.66034,1.15783,-0.359481,0.527421,1.29399,3
1.76253,0.938268,0.341409,2.03988,0.210995,1.16963,1.12593,2.93745,4
2.02255,0.622604,3.05923,0.277845,1.61579,1.18851,1.25837,0.697486,1
2.33677,3.47047,1.56205,2.18745,1.19787,0.00669855,0.146924,1.87419,1
-0.203935,0.717575,1.39552,2.10983,2.16249,0.324005,2.03501,1.48932,3
1.7439,2.30195,-0.0107961,0.680609,1.48113,0.751591,0.0583908,1.72521,1
0.506494,3.21208,1.6637,2.68799,0.223245,0.166865,-0.525942,1.89498,1
1.16024,2.4751,1.34018,1.7879,0.913792,0.333916,0.759385,1.70801,4
1.22704,2.17797,0.134455,2.50542,0.16665,0.0990715,-0.175872,2.07613,1
0.910073,3.3066,1.47946,2.04444,2.194,0.575774,1.31176,2.17597,1
2.25497,-0.15152,2.8514,1.65361,1.71677,0.851012,-0.251475,2.1137,1
1.44108,-0.160015,0.060129,0.166531,-0.106752,0.245672,1.87572,2.08311,1
0.533036,0.524898,1.79671,1.6965,2.4136,0.742602,-0.252952,2.64194,1
2.13555,3.60054,0.717873,1.77827,1.12063,0.865548,0.827117,1.50347,3
0.474729,0.43479,3.02322,2.39257,0.447773,0.539631,0.702147,0.880729,3
-0.0844589,1.07694,0.564205,1.17444,2.53158,0.467957,1.32786,1.62122,3
1.39054,3.65876,3.31922,1.46663,0.13623,0.187172,2.18041,-0.0448399,0
1.08327,2.72707,3.11585,1.1936,0.762124,0.260159,0.729501,2.17822,1
1.2714,-0.075581,2.10897,0.607172,2.5468,0.772629,0.479562,1.23266,3
0.678441,1.42169,0.53658,2.30025,2.19024,-0.292049,0.00556822,1.64514,1
1.63107,0.119094,2.01835,-0.0779838,0.970311,0.663139,-0.284814,1.75655,1
1.91565,1.84271,2.15194,2.97926,2.40111,0.696671,1.73222,1.64374,1
1.48329,3.01956,-0.133602,-0.029224,-0.333407,0.46186,1.43075,1.45819,1
1.41141,-0.305667,3.14894,1.3187,1.73468,-0.122428,1.88396,-0.0450438,-0
0.953618,3.99976,1.90558,0.352502,1.46179,0.26887,0.604803,2.06161,3
1.49433,0.815941,0.816994,0.245568,1.82014,1.12527,-0.0811894,1.85228,1
0.747326,3.58891,0.638691,2.76789,0.829548,1.39836,1.30796,0.944587,3
1.81106,1.2598,0.73431,0.146725,1.91133,0.233271,0.0208982,1.67895,1
1.92795,0.114476,1.78942,2.1909,1.98612,0.995591,1.31083,1.52113,1
0.700694,0.599792,0.15624,2.36952,0.848843,0.278905,0.269244,1.63571,1
0.436214,1.21778,2.40405,1.27075,2.26011,0.985884,1.86257,1.9162,1
1.77669,3.80082,1.64586,0.153976,0.131077,0.282777,0.427162,1.4213,3
1.78297,2.02177,1.05722,2.68105,0.771151,-0.393944,0.780209,0.223012,0
1.04655,1.35482,1.393,2.08476,1.30806,0.227466,1.92386,2.31571,1
1.26838,3.27394,3.07957,2.85669,1.03303,-0.00370149,0.115199,-0.109965,-0
1.52764,2.70055,3.24133,2.85306,2.01433,0.739781,0.216253,2.10508,1
1.63415,2.04026,1.57056,2.07999,-0.147417,0.185773,0.130754,-0.0251996,-0
0.193257,2.24756,3.40547,2.71266,0.305087,0.453421,1.96844,2.10135,1
0.191102,-0.0842966,1.33095,-0.536882,0.155966,-0.156118,0.404325,1.21232,3
1.50632,3.2726,2.21485,0.495514,-0.119568,-0.208832,0.136596,1.81607,1
0.836342,1.50114,0.249215,2.79491,1.49334,-0.487612,1.7981,2.04349,1
0.306196,0.467229,-0.202787,1.98903,1.66669,-0.399542,1.5713,1.09917,3
0.193198,2.99633,3.0346,1.74412,0.162326,-0.258793,1.40689,2.15636,1
1.13503,2.82863,2.77218,2.78446,0.951327,-0.269346,0.963595,1.63236,1
0.0509511,0.919684,2.38392,0.727483,0.119726,-0.0584713,1.8572,1.53243,4
0.755004,0.40113,0.184098,0.633243,0.505062,0.624423,-0.396416,1.13564,3
1.92778,0.924112,2.08024,1.17491,0.205098,0.742081,1.41359,2.03127,3
2.05576,3.60628,-0.0817152,-0.140972,1.36143,0.243506,-0.283178,0.588167,1
0.903846,3.52788,0.00592648,1.86383,-0.0485205,0.0427257,1.41865,0.0106872,0
0.38746,0.0143491,1.7415,0.697913,1.18607,0.652557,0.124236,-0.0325872,0
0.896524,3.91699,2.84249,2.29686,1.78316,0.236798,0.0985373,1.85542,3
1.80686,2.70938,3.26372,-0.61622,-0.35054,0.587857,0.227097,2.10821,4
1.9119,0.968655,2.98978,2.61936,0.078818,0.175296,1.77356,1.52893,1
2.33339,-0.0988137,0.372967,1.60866,0.779126,0.487587,1.77829,1.25928,3
2.11618,2.63528,1.85557,2.7118,2.25068,0.319374,1.43771,0.838647,1
1.3507,0.953191,0.389396,0.339719,1.27894,0.022152,0.0929274,0.914936,1
-0.152279,3.22823,1.13425,0.632709,0.903566,1.43078,0.154338,-0.0404352,-0
1.45748,3.78428,2.03949,2.94557,0.545266,-0.411844,0.436563,1.39824,3
1.46178,1.19939,0.0991232,2.92564,1.93421,-0.498423,0.704416,1.12748,1
0.77706,1.68897,0.0936993,0.686649,1.81427,-0.506197,0.0659922,-0.10967,-0
1.57457,3.7186,-0.149684,0.764994,1.53953,0.86331,0.781856,1.27702,3
0.195687,-0.109592,2.91132,-0.181702,0.376222,0.728317,0.167227,1.15863,3
2.09175,3.85771,2.30075,0.618695,0.896008,0.78316,0.441463,1.30077,3
1.30337,0.0107386,0.361178,0.500146,1.09198,-0.0639959,1.66517,1.92407,3
0.0189433,2.88852,3.37394,-0.0716154,0.870864,1.15615,-0.165306,2.13337,1
1.92448,2.46345,1.58278,0.401569,0.460024,0.377337,0.372883,1.96705,4
2.23075,0.321772,0.920046,2.084,0.632074,0.0215773,1.9117,2.10692,3
0.306424,3.16935,-0.0474341,0.0843353,0.72525,0.0451391,0.164363,1.1595,1
-0.0152668,0.321562,2.89686,2.6964,2.29601,1.1411,0.170244,-0.151118,-0
0.359092,1.95187,0.258712,0.049201,-0.092946,1.47854,0.45301,-0.00440312,-0
0.985586,3.53855,1.82665,3.09638,0.312055,-0.31609,-0.0246679,0.688377,1
1.90926,3.26771,0.283208,1.70166,1.02616,0.845509,1.65651,1.36445,1
0.794304,0.0828075,2.81621,2.37824,-0.365741,0.748946,0.263352,-0.169004,0
-0.0759424,2.30178,1.4082,0.549096,0.684361,1.00786,2.23676,-0.0243591,-0
-0.0882126,1.90885,3.33888,0.459084,1.84744,0.02922,1.19004,1.57595,3
0.432379,0.611455,3.14518,0.0682864,2.40099,-0.0753313,0.276805,1.79597,1
-0.119042,3.6301,0.770848,2.19449,1.45149,0.892716,0.616126,1.33493,3
-0.153765,3.87471,2.43817,1.0977,0.449752,0.49284,1.56431,1.84762,3
2.05944,2.60234,0.396059,2.21265,2.13862,0.483554,0.557287,1.44931,1
2.34673,2.81684,0.530981,1.42269,2.00882,0.749322,0.197851,1.91367,1
1.48441,1.84859,0.210478,2.84547,0.343903,0.84758,-0.0260678,0.907599,1
1.6438,2.73117,0.610213,-0.1456,0.766648,-0.647204,1.00932,1.62145,4
0.532394,0.143888,-0.346913,1.65155,2.01451,0.2039,0.632427,2.07562,3
0.0727058,3.77191,2.80269,1.26609,1.74645,0.823066,-0.19617,1.51769,3
0.271849,2.67717,1.09502,2.56532,-0.340575,0.251941,-0.31267,1.54276,1
2.0484,0.771997,0.297889,0.676351,2.0336,0.2124,1.92441,-0.082186,0
1.64344,3.77485,2.74696,2.31831,0.029793,1.17,1.84339,1.50609,3
1.82067,2.96861,-0.12793,0.00863157,0.234792,0.00178476,-0.157445,1.40674,1
-0.146331,1.95094,-0.16491,2.53163,2.10608,0.510891,1.39913,2.00004,1
1.82348,0.0350887,2.7236,0.986873,1.25186,0.144834,1.21742,-0.0901836,0
0.18732,-0.028966,1.68938,1.2612,1.19088,-0.452001,-0.378931,1.45704,3
0.752184,2.68906,0.555626,0.373336,1.06782,1.57297,0.712248,0.973725,1
1.26726,-0.407251,0.448977,1.90213,2.33445,0.592061,1.04746,1.63559,3
0.508065,2.38903,2.19533,0.9299,1.2211,0.15135,1.34845,0.798406,1
2.10935,-0.105309,0.237488,0.93117,0.964102,1.03083,0.116529,-0.0427868,-0
0.918196,1.22404,-0.0999615,2.69573,1.78841,0.443406,2.06483,1.64956,1
0.923034,0.16418,0.453579,0.311401,-0.584184,0.297612,0.221424,1.60903,1
0.498492,3.57459,1.0421,2.72884,1.19104,0.449041,-0.490304,1.93717,1
0.453756,1.90641,2.69242,0.45064,1.68794,0.248128,1.32778,1.66905,1
0.80269,3.68413,2.21386,0.98364,2.38812,1.18941,-0.116072,1.57141,3
1.76043,1.75693,0.610663,0.924593,1.38992,0.465461,0.960985,1.45946,1
1.27928,3.13406,2.87047,1.2062,1.6846,0.565664,0.629436,1.75384,1
1.00927,-0.382965,2.6475,2.41233,0.944529,0.381737,2.30343,1.23367,3
0.0885399,3.09513,0.0773876,2.22806,0.257525,0.621178,0.423237,1.40631,1
1.50676,0.710038,2.51634,2.18974,2.28132,0.29017,1.88705,1.69351,1
1.11282,1.60086,-0.199874,2.68699,0.322239,0.0801711,0.305113,-0.201717,-0
1.7191,3.70739,3.05714,2.16097,1.22181,0.482459,-0.103734,-0.0776178,-0
-0.0682341,0.278872,1.18863,0.669022,2.14279,0.405961,0.508173,1.1952,3
-0.291637,1.61764,0.243359,-0.142736,0.385672,-0.436855,-0.0311509,1.64708,1
0.179158,0.515268,1.43501,3.20474,1.28993,1.27255,1.42366,1.135,3
1.75576,0.341062,1.5937,0.165953,1.49036,0.0759586,-0.0893997,-0.0973334,-0
-0.219289,-0.0270312,2.37523,3.17047,0.5164,0.564116,2.39334,-0.107455,0
0.974314,1.64146,0.0394893,3.09065,1.35218,0.715241,-0.412231,-0.186738,-0
0.525208,3.35589,0.248381,2.24576,0.0578711,0.594789,-0.106276,1.93405,3
1.27819,1.1465,0.893027,2.10564,0.0156013,-0.359181,0.580182,1.66312,3
0.36071,2.24729,0.0455995,0.503617,2.12566,1.68366,-0.108638,0.869652,1
0.155782,-0.204441,2.03642,2.50319,2.37555,0.406608,0.949555,1.19237,3
2.03083,-0.549172,3.04795,1.04263,1.84857,0.245967,0.00603028,1.84727,3
1.72901,-0.104483,2.91367,2.8769,2.05398,-0.0633051,1.34892,-0.0602252,-0
0.764225,2.03205,2.485,1.36664,0.663296,0.144047,0.405653,-0.0341931,0
1.11237,3.52008,3.29857,0.15995,0.844379,-0.284816,0.791136,1.47141,3
1.96633,3.82343,2.75633,0.802187,0.43338,0.402649,1.49971,0.136946,0
2.96827,3.68541,-0.208198,0.10574,0.90969,0.648708,0.61056,1.54711,3
1.77671,0.684237,3.28772,0.311596,0.375937,0.0329001,1.4349,0.603398,1
1.24806,0.428784,3.43445,0.425059,1.78806,-0.404924,1.31595,-0.099347,-0
0.784149,0.283536,1.23279,0.110279,0.415398,-0.0203391,1.4678,1.08952,3
0.405215,3.25527,1.80063,1.05507,2.31295,1.28491,0.345316,1.71669,3
0.184355,3.30775,-0.0602765,1.55446,1.14214,0.0850884,0.729442,1.88267,1
0.705824,2.91817,1.40195,3.23169,1.66078,0.56114,0.749419,1.25268,1
2.46151,0.294487,3.33745,2.59577,0.236643,0.612793,1.86653,1.31711,1
0.311706,1.70865,3.3021,1.03725,0.170141,0.322712,0.220277,1.93626,1
1.17555,3.62878,2.18664,2.73294,0.485452,0.0678367,0.0943349,1.48467,3
1.005,1.38911,3.27318,2.7246,1.19387,-0.209031,0.647867,2.11209,1
2.25391,2.16461,2.05032,0.547315,0.192394,0.0661647,0.11462,2.07137,4
-0.375835,-0.144346,1.60495,0.64795,0.652464,0.667272,1.55497,-0.144408,-0
1.99548,2.7097,1.5925,2.10178,2.15589,0.259253,-0.158265,2.03805,1
1.43163,-0.263407,0.577954,0.0777034,1.95555,1.77253,0.0551645,0.00348376,0
1.52649,1.4792,-0.196643,0.38204,0.491348,1.03524,0.0234077,1.6801,1
1.03702,3.10715,0.312557,0.87848,-0.161833,0.807293,0.297057,1.65486,1
0.17846,2.87223,2.65541,2.96231,0.408634,0.777435,-0.494957,-0.144465,-0
-0.0419069,1.06487,0.150978,1.7443,0.952465,0.488959,1.28992,1.2755,3
1.15359,0.163531,2.41393,0.270187,1.07979,1.3309,1.39057,1.22386,3
1.89279,-0.085012,2.1191,-0.0921255,-0.415564,0.938508,0.310007,1.59597,3
0.408075,1.75912,0.299885,2.23177,-0.0461037,-0.117585,0.596776,1.65168,1
1.09525,2.69905,1.95227,2.60616,0.654982,-0.0649311,0.0283797,1.33239,1
0.677033,3.25767,0.751805,0.0313442,2.21581,0.467564,2.1754,1.51818,1
2.14864,1.60505,1.35931,1.95468,2.02572,0.444878,-0.506789,2.12824,4
0.121779,2.86137,2.48191,1.87673,0.885283,0.389883,1.77897,1.74836,1
-0.334425,0.368801,0.930816,0.316666,1.53896,0.881361,0.579611,-0.072912,0
2.13823,-0.165649,0.940732,2.42432,0.745931,-0.0449527,0.557502,1.89637,1
1.37346,3.87886,3.31215,2.92792,0.443956,0.802751,1.34097,0.972385,3
0.339592,2.79699,3.15527,2.23436,0.228567,1.016,0.626126,0.606042,1
2.06568,0.178316,0.907488,2.77858,0.100793,0.74017,0.840643,2.08898,1
1.84095,3.66268,2.47166,0.232931,1.46657,0.678748,2.10502,1.94135,1
0.941779,0.979975,0.476162,1.91037,2.26424,-0.26377,1.25031,-0.146995,-0
0.368696,0.0417168,3.33859,0.233584,-0.0667702,-0.210851,0.98607,0.137919,0
-0.106652,1.82004,2.1779,0.603705,2.25037,0.61943,0.0162954,1.18206,3
0.451722,0.000481645,2.68582,-0.093059,1.00319,0.693557,0.176161,1.3252,3
0.714362,1.59204,2.51438,1.47412,2.10015,0.895706,1.89818,0.885248,1
1.78669,1.11038,1.04068,1.01413,1.73967,0.409751,-0.0159196,0.993954,1
1.42104,3.65092,0.674958,2.16929,2.25847,0.136595,1.79746,0.180842,1
2.24326,0.111589,0.636186,1.75503,0.814533,0.665273,1.00347,-0.0452857,0
0.296596,3.87588,0.0161964,0.681775,1.00163,0.34186,2.05488,1.35992,3
1.46739,2.33395,0.725191,2.70064,1.50358,0.0018874,-0.114524,1.26139,1
1.73278,2.30881,1.78263,0.859179,0.937033,0.719021,0.083317,1.38572,1
1.39848,3.10645,2.20199,0.705476,2.15512,0.136426,0.874442,1.87703,1
0.39113,1.25038,1.08998,2.64529,-0.365789,0.549208,2.14385,2.07374,1
2.31634,-0.0105079,0.253176,0.623393,1.43002,0.522295,0.824948,1.40604,1
0.852327,0.347445,0.994675,1.93569,2.73294,-0.0711758,1.21751,1.23458,3
0.675598,3.42213,-0.100982,1.46818,-0.375547,1.35453,0.114408,-0.167874,-0
1.3267,0.0498476,0.0396591,1.28592,2.53079,-0.234616,1.65525,1.69162,3
1.61605,1.62597,0.213509,-0.626143,0.0546582,0.918313,1.32075,1.54241,4
0.708215,1.52156,1.68087,0.54766,1.67606,0.773023,0.161099,2.22912,4
1.54433,3.57925,2.7486,1.69614,1.5812,-0.251655,1.3664,2.3665,3
1.96301,2.78964,3.2677,0.318283,1.09574,0.255226,0.239092,1.7669,1
0.982236,1.58732,3.339,2.73516,-0.103314,1.14816,1.52731,2.00866,1
0.518885,-0.0726637,1.63179,2.89664,1.96631,-0.316472,0.60639,1.13353,3
0.0956786,2.65963,2.4734,2.30465,-0.627756,-0.018165,0.308499,1.50329,1
1.50723,1.88775,0.0826682,2.3153,2.36752,0.662012,1.81243,2.18681,1
1.94447,3.48938,1.65617,1.21917,1.87013,-0.0595694,-0.275374,-0.029162,0
2.08678,1.73476,0.00381664,1.48122,1.14086,0.781817,0.662821,1.34648,1
-0.297037,4.09964,3.22184,0.242987,1.23437,0.713256,0.197941,-0.140953,-0
1.5013,-0.320638,0.459011,2.42338,1.59965,0.135005,1.38834,1.19986,3
1.81057,3.8339,0.265905,2.01539,-0.164587,0.423055,1.00929,1.29715,3
0.319501,2.4731,0.384433,2.57734,0.663501,1.1399,2.13664,2.12703,1
-0.190261,-0.269683,1.57639,0.309126,2.16196,0.0495604,0.786385,1.33801,3
0.905795,-0.111649,0.41016,2.97119,1.52693,0.273526,1.84843,0.764138,3
2.83517,2.57706,0.463846,3.47211,1.00067,0.81826,1.6185,1.84028,4
1.3297,2.28721,1.16993,0.011462,0.891945,0.0114455,0.0976711,1.41204,4
1.8602,4.20126,0.587544,0.571908,0.918864,0.78318,1.38607,0.00836085,-0
2.06033,2.08115,1.02484,0.739086,2.03742,-0.0267892,0.0392868,1.55494,1
-0.369704,-0.108781,3.09938,1.3039,1.89462,0.252297,1.30076,1.20872,3
0.67104,1.63478,1.21381,0.0863752,2.66841,-0.114712,-0.0428924,1.76488,1
1.59819,2.53457,3.0106,2.94499,1.23817,0.72007,-0.177645,1.8389,1
0.895567,1.8042,-0.0283581,-0.00821624,-0.333705,1.09899,-0.181262,1.86561,1
0.21549,1.00436,2.12871,3.07528,0.625945,0.054821,0.0176451,1.90437,1
1.48052,0.923247,0.944565,2.83555,-0.0435167,1.03154,0.599318,-0.0942565,-0
0.689561,-0.162295,3.26645,2.43863,1.37281,0.934695,1.79785,-0.0309258,0
2.26362,3.08926,1.14724,2.64981,1.05115,0.788441,0.464959,1.46118,1
2.03948,3.1434,0.513919,1.41188,2.06202,0.318392,1.61333,1.48672,3
-0.238103,1.66851,0.0320736,0.134107,0.511903,0.596184,1.38529,-0.0783314,0
1.55749,0.606494,3.23393,1.89044,1.07196,0.0196435,1.87834,2.01243,1
0.839943,0.660062,-0.192353,0.204555,-0.361763,-0.354914,0.17153,0.314331,1
0.685829,1.36393,0.346453,3.37986,0.0568606,0.271494,0.50034,1.51896,3
-0.155475,3.20644,0.208844,1.81261,1.16226,1.12258,0.0763128,1.93295,1
1.48308,1.42027,-0.0614876,2.26454,0.700094,0.219642,1.5136,0.00725553,0
1.54609,1.16913,0.461822,-0.148306,2.12925,0.129319,-0.0455203,0.171808,0
1.48223,3.03957,0.410725,2.61159,0.402138,-0.243344,0.033871,1.53589,1
1.47075,2.95516,1.71805,0.261277,1.33378,0.0555318,1.83813,1.59732,1
1.90988,0.393642,0.0909732,0.351056,-0.414707,0.501407,-0.0493415,1.74342,4
0.307694,3.67416,2.96005,0.510136,2.14991,0.984085,1.97751,1.49586,3
0.891767,-0.0595843,0.600856,0.22888,0.781998,-0.416818,2.0772,0.934449,3
0.758477,0.841617,2.03531,2.63473,1.76808,0.0309659,1.61472,1.36235,3
0.238452,2.94348,3.09519,0.386694,1.91791,1.50641,0.0984567,1.75322,1
0.965041,0.853033,2.49976,1.53845,1.16348,0.77555,1.70742,0.586928,3
-0.0130271,-0.255782,0.955105,-0.178307,2.25409,0.673123,-0.421531,1.62999,1
1.67144,2.27573,0.690218,2.87043,0.807415,0.518938,-0.0587387,2.08488,1
1.83869,3.90278,3.24026,1.54745,1.34406,0.755612,1.25249,1.2785,3
0.819657,3.82582,-0.212771,1.58342,1.16894,1.11325,1.65737,1.05218,3
1.03471,1.36079,1.47368,-0.0172247,1.68948,0.257165,0.704778,2.03676,1
1.86748,0.190471,2.13175,-0.027351,-0.452004,1.29853,-0.214362,1.58836,1
1.28643,2.78861,0.590168,2.86886,1.90082,0.805423,1.76928,1.0404,1
1.16537,3.88722,2.25605,0.787948,1.66683,-0.231993,-0.0136112,1.17214,3
0.522503,0.624725,2.12569,0.202624,1.80039,1.02232,2.09236,2.04004,1
0.528314,4.04382,2.18345,0.996759,0.836046,0.713432,2.49622,0.0160496,-0
0.0717926,1.08045,0.248913,-0.13854,1.97907,1.40415,0.154636,1.17839,3
1.74675,1.5323,2.18483,0.0536544,0.682302,1.00299,1.07326,1.27394,1
1.57689,2.96678,2.75611,1.56165,1.16872,0.619392,0.694434,0.899179,4
0.373345,3.1883,2.53559,-0.128882,1.40993,-0.230547,0.443623,1.67795,1
0.0799098,2.42122,1.57333,0.202224,0.340846,0.270771,0.199356,1.93311,1
1.55069,3.9207,2.19242,2.29552,0.577776,1.00361,0.516227,2.30823,3
1.68782,0.870018,0.00316242,2.84123,2.08421,-0.518968,1.05223,1.12549,1
1.45458,1.94487,1.97942,2.85927,1.53514,0.290198,1.91899,2.09248,1
0.936092,3.10085,0.875081,3.0142,1.42595,0.163916,1.60802,1.19062,1
1.58491,2.2041,2.74853,0.0537833,1.30789,0.542481,0.235097,1.58887,1
1.97048,1.2662,1.63476,0.736468,-0.535909,-0.35285,0.868098,2.25714,4
0.778855,-0.204523,2.85106,-0.131867,0.905332,1.24193,2.03234,1.92038,3
1.85082,0.893866,0.951528,2.19982,1.79057,0.11644,-0.0403792,1.09947,3
0.855334,3.11689,-0.0291453,0.0793038,1.4919,1.1281,-0.474476,1.79661,1
0.141187,0.482074,3.06892,1.73143,0.167202,-0.10623,-0.357458,1.77497,1
0.0334046,3.63218,0.697695,0.864867,-0.235448,0.698875,1.01527,1.72865,3
1.04121,2.92213,0.480363,1.27722,1.42938,-0.308818,2.0408,1.89623,1
1.12238,0.789764,1.83691,2.7094,-0.0183057,0.871298,2.02163,-0.0288726,-0
0.176615,2.17146,2.70596,1.15226,0.409599,0.47798,1.76765,2.00943,1
0.562938,0.152324,0.0970269,2.40743,2.33329,0.29041,1.58107,1.04151,3
1.78206,0.574936,2.90161,2.15656,0.153817,0.835752,1.5102,2.05629,1
0.487266,0.110858,2.48565,0.441827,-0.318092,0.798537,0.966825,0.726551,3
1.26092,1.74036,0.550979,1.07933,-0.0620336,0.106978,1.83364,1.81452,1
0.973643,0.939048,0.135428,0.0722787,1.28083,0.669907,0.898477,0.948195,1
1.75497,2.57519,2.47003,3.07621,0.912858,0.148158,1.79916,0.65334,1
0.395246,3.73103,2.73732,0.228441,1.18561,0.267494,-0.00345008,2.04344,3
1.64761,0.324426,1.90483,0.00106168,0.458141,0.673054,0.323774,1.95262,1
2.12103,0.297567,1.63142,0.212083,1.22243,0.523061,1.68872,0.07672,0
0.23404,3.51542,2.55798,1.57653,0.707609,0.621514,1.50045,2.22423,3
1.74789,0.60214,0.271446,0.475412,2.39047,-0.333635,1.65681,1.42253,1
0.557156,2.12441,1.48634,1.19603,-0.0220788,0.583717,0.847367,1.34928,1
0.197665,-0.261692,2.37174,3.18697,1.18468,0.222135,0.619025,1.47747,3
-0.122521,0.779796,1.64186,1.81978,1.40705,0.224409,-0.316545,1.30475,3
-0.191684,3.93645,2.61267,3.18184,1.11973,0.904319,1.23781,2.31134,3
0.0289765,0.313542,1.8297,2.83413,2.00266,-0.095438,0.112952,1.80486,3
0.352152,3.29695,2.76177,0.293214,2.17484,0.320102,1.06531,1.14067,3
1.72297,0.59137,2.77048,2.52808,1.87792,1.2818,-0.134576,2.1542,1
-0.0154022,2.09931,2.49216,1.33224,0.567126,0.166221,1.31108,0.948311,3
1.1795,0.00318602,1.95887,-0.487748,0.0199709,1.08244,0.189506,1.60707,1
0.451818,3.28031,0.583205,0.0347477,1.21398,0.215199,-0.24803,1.01743,1
2.1678,0.395054,0.43328,0.365345,0.0379281,0.762048,0.404072,0.639086,1
1.89134,0.261495,0.0228081,0.545771,1.29203,0.259454,0.709525,2.21696,1
1.83677,1.54823,2.28938,-0.323126,1.83072,0.664548,0.53564,1.92757,4
1.85619,3.69537,-0.287126,1.99339,0.45031,0.708456,1.31852,2.08205,3
0.978511,2.18578,0.13131,0.0219152,1.48851,0.850157,0.496619,1.35489,3
0.949586,3.08858,0.142114,0.385167,2.07003,-0.00741071,0.481345,-0.0758952,0
1.4992,3.96211,0.181027,2.99603,0.221273,0.184935,1.69074,2.01894,3
1.49136,2.83476,2.92711,2.78378,2.00118,0.699247,1.85857,1.49487,1
2.54251,3.78682,2.28312,2.69569,-0.0434374,0.725933,1.07589,1.83102,3
1.31999,2.75675,1.36755,-0.169085,2.88548,0.955479,0.943114,1.97491,1
1.06216,-0.176789,0.0934575,0.942713,0.135017,0.313266,0.707134,1.22718,3
1.39345,2.43324,1.45227,0.860868,0.158355,0.880894,0.851227,2.23139,1
1.24372,1.6071,0.379701,3.02816,1.21498,-0.0484722,0.492066,1.64182,3
1.08944,1.13708,0.782217,1.2902,-0.33042,0.339624,-0.418445,2.8342,4
-0.24507,3.31786,0.902356,0.436808,0.497196,0.269119,0.398779,1.17371,1
0.735189,2.41262,0.242869,0.471764,1.9435,0.910521,0.180703,-0.163401,-0
0.640376,2.08189,2.68386,0.705984,0.762942,-0.084699,-0.141575,2.02943,1
2.21236,3.90613,1.9199,2.22357,2.44334,0.422131,1.42275,1.75349,3
-0.339222,0.396758,2.16686,-0.398674,2.3518,1.41757,1.48485,1.62603,1
1.46531,3.58001,0.531786,0.922757,2.60304,1.03499,1.19167,1.96341,1
1.25807,0.0686299,-0.14157,0.209305,0.0238809,0.486746,-0.0943549,1.76639,1
1.37421,0.315691,2.16202,0.153641,0.58764,1.39757,0.743719,1.89458,1
0.678765,1.35006,2.76635,2.20768,0.330857,-0.322956,0.47856,0.965023,3
0.615803,2.50542,1.12512,0.669394,0.712594,0.628891,1.01229,2.05562,4
1.00532,3.77318,2.42095,1.78736,1.30157,1.02719,0.730792,1.309,3
0.00273971,1.58783,0.488031,0.648593,1.62672,-0.730022,1.05544,1.87299,1
0.89808,0.578024,1.64205,-0.274819,1.61977,0.212386,0.424212,1.81464,3
0.325627,1.43078,2.18381,-0.0733357,1.42037,0.0282552,0.190932,1.81872,1
0.196807,0.0112359,2.51837,2.85884,0.470053,0.602695,2.59517,1.41208,3
0.514335,1.73075,-0.20661,2.07488,0.831718,0.372161,0.17096,0.749836,1
1.7092,-0.0631127,0.500353,0.469843,0.777622,1.16099,-0.314155,-0.0289778,-0
0.379181,3.87102,2.88301,0.3065,1.21055,0.461901,1.2902,1.35133,3
0.377988,0.261971,2.67736,3.15849,0.8972,0.562435,-0.242699,-0.0755158,-0
0.122142,0.767662,-0.0444891,0.352407,1.81298,0.125212,1.47201,-0.0755403,-0
0.710044,2.22166,1.14976,1.72505,-0.27445,0.547549,0.199374,0.351099,0
0.645588,-0.124341,-0.191869,0.517439,0.791607,0.623722,0.8634,1.16872,3
2.2154,0.326202,0.889458,2.32107,0.860509,0.840216,0.135278,1.92407,1
1.44284,3.45024,-0.0156155,1.23848,1.20734,1.0617,1.02653,0.0496083,-0
0.241147,2.05268,1.4651,1.72706,0.926584,0.117494,1.83368,1.87492,1
0.78185,3.38103,2.82113,-0.0959451,0.357148,0.518955,0.397414,-0.0813629,0
0.205969,3.65609,0.523167,2.91803,0.232312,0.579507,1.64391,1.84792,3
0.185032,2.59381,-0.010432,0.710105,0.383293,0.759965,1.36054,2.1096,1
-0.0414962,-0.155232,2.1996,-0.044946,1.1629,1.13193,0.465573,2.28266,3
1.45466,2.97027,2.15402,2.95118,0.724034,0.481621,0.585552,2.20425,3
1.52969,1.27478,1.58717,2.60305,1.90097,0.885757,0.0492976,1.79439,1
1.288,0.786609,0.168788,2.17673,2.55512,0.339673,0.261932,1.92359,1
0.738512,1.55818,0.107934,-0.175353,0.927523,0.929359,0.675787,-0.0289668,-0
1.2602,-0.0395645,-0.135072,2.50109,-0.0324903,-0.132286,0.576195,1.34541,1
0.595236,1.82239,1.59548,0.903032,1.8461,1.25686,0.870829,1.76912,1
1.54098,0.519723,2.97767,0.356018,0.986239,0.971478,0.210196,2.1965,1
0.895489,3.74101,2.18655,1.66542,0.942976,0.287904,0.680671,1.66931,3
0.411253,-0.0829441,2.66264,1.80845,1.89474,1.07343,1.09024,1.59259,3
1.00974,3.72796,1.50055,2.91716,2.07761,-0.107037,0.280189,1.93332,3
1.77296,3.12578,2.8271,0.58639,0.148918,0.739193,1.1951,1.71123,1
0.236836,3.67628,0.338952,0.682215,0.771058,0.530513,0.126883,1.17669,3
-0.426111,0.970587,1.90965,0.899425,-0.139433,1.06557,1.2908,1.52536,3
1.65224,3.65879,1.36679,0.148206,0.635298,-0.369502,0.81137,1.13442,3
1.58569,1.60425,2.25253,0.636425,1.35998,0.738786,0.0884411,1.48639,1
0.302212,3.68096,0.0295089,-0.230785,1.95925,1.12935,1.50851,1.11861,1
1.13136,2.78371,3.20902,1.47188,2.11172,0.749573,1.73514,2.07831,1
0.515655,2.10388,1.9598,0.390676,1.19332,0.803162,0.731682,-0.14538,0
1.72925,2.97646,2.43811,-0.0936266,0.263434,0.847953,1.52666,1.56853,3
1.21293,2.55669,1.56045,2.25454,2.32898,-0.0363913,1.77513,1.79511,1
1.4812,3.15113,3.09868,0.191893,0.799348,-0.12832,1.91252,0.934031,1
1.98551,2.07503,1.29257,1.18819,1.46805,-0.0453461,-0.0489593,1.7437,1
0.866517,-0.252985,1.07166,2.86111,-0.355184,0.941618,-0.0456571,-0.192724,-0
1.53348,-0.0178214,1.53253,1.07572,1.34105,0.445283,1.63098,-0.0824813,-0
0.687771,2.6879,3.37475,2.6553,0.0596892,0.759716,1.6402,2.47213,4
1.05482,0.272228,2.86303,-0.0662718,0.697643,1.41112,0.602013,0.00994499,-0
2.26516,1.41992,2.29887,0.242041,1.45635,-0.060627,0.566356,1.12834,1
-0.284602,0.764136,3.05884,-0.389159,0.0606163,0.00888605,1.41474,2.03613,1
0.603506,0.710624,0.238004,0.265871,0.337517,0.190958,2.19456,1.97415,4
0.0790752,0.485511,2.08853,0.0260552,2.31859,0.684589,1.66779,-0.112902,0
1.18646,2.80386,-0.000907254,0.884814,1.05655,-0.226481,-0.204834,0.917054,1
0.487127,3.57496,1.03062,0.492277,0.730899,0.658973,1.2591,1.60684,3
1.94706,0.0584757,0.094614,0.31718,0.784167,0.689781,1.16924,1.86781,1
1.12993,2.68899,3.08725,2.79463,2.22869,0.476051,0.57844,1.67755,1
0.618991,2.34297,0.182209,3.01189,0.410155,0.734215,-0.108984,1.27727,3
1.22352,2.06306,1.99833,0.617885,1.14321,-0.677999,2.36211,0.925348,3
0.858353,1.24024,1.22237,1.91621,1.57805,-0.251305,2.29966,-0.118974,-0
0.00126371,1.11031,2.38583,-0.137528,1.62991,0.0277908,0.929344,1.09393,3
-0.0134524,3.50479,1.02992,2.27194,0.991442,0.36699,-0.0963427,2.10912,1
1.89633,-0.211832,2.2478,-0.166706,1.16805,0.282286,1.39295,1.83776,1
1.56452,0.262931,2.72078,0.46186,0.730391,0.494149,0.239555,-0.0176323,0
2.28833,-0.44489,0.589717,-0.173145,1.39381,1.16676,0.164019,2.02707,1
1.87997,3.74052,2.91028,2.72671,0.459256,1.38627,1.72461,-0.0906074,0
2.08183,1.85458,2.47207,0.817082,1.64309,0.602008,1.69844,0.0648904,0
0.690721,3.26086,2.5615,1.4444,1.16065,0.139337,1.38422,1.50063,3
0.522439,1.67554,3.89289,1.05325,0.489842,0.982487,2.17519,2.04689,4
0.91389,3.69908,2.25418,2.796,1.38055,-0.263878,0.930859,2.09423,3
0.956364,2.61596,0.606507,2.90029,0.27003,0.232205,0.787152,-0.0642791,-0
0.553469,2.60922,1.34327,2.78737,0.599192,0.14244,0.65014,1.65945,1
2.35766,1.31447,2.9174,2.51542,0.751326,0.261704,1.85123,0.504018,1
0.191895,0.0728526,0.284562,1.86278,1.83345,0.516852,-0.309855,0.820474,3
1.29288,2.09199,2.36582,2.04903,0.612032,1.59089,1.05987,1.92724,1
1.85871,3.74056,1.5165,2.01406,1.64132,0.322621,1.07624,2.50011,1
1.94227,1.05442,0.91644,2.91991,1.36501,-0.0745683,0.0917085,1.51453,1
1.29754,2.868,2.81305,1.00517,1.20173,0.101014,-0.0125416,1.92696,1
0.623106,-0.133549,1.18626,0.792152,1.34115,0.506557,2.25072,1.44306,3
0.803364,0.566741,1.11614,1.94334,0.0772974,0.366968,0.0184722,-0.119767,0
0.423589,1.53759,2.78157,0.367136,2.37963,0.977418,0.394291,1.24905,3
1.6905,-0.135033,-0.00482429,-0.0749502,1.56017,1.34695,0.456854,1.29719,1
0.170476,0.619396,0.594572,2.45061,-0.314868,-0.0802854,1.98996,1.13857,3
0.333819,4.00133,2.42553,1.26101,1.08374,1.08515,2.0207,0.00616629,-0
1.31445,3.83571,0.696442,1.27729,0.891088,0.572135,0.644923,1.08079,3
0.503833,3.67768,2.93227,-0.144838,0.727994,0.856166,0.664075,0.870942,3
1.89382,-0.480726,0.693575,0.0633892,1.24496,0.812069,1.56625,0.80996,1
-0.305068,2.3691,-0.00154724,2.69493,0.526684,0.21643,-0.0123909,1.98571,1
0.96302,3.3921,0.793318,2.96809,2.56908,1.1192,0.785684,1.95996,3
1.32412,3.32161,2.70808,2.21785,-0.179991,0.602179,2.11717,1.59693,1
-0.174707,1.56414,0.233707,1.70492,1.60037,0.265413,2.25998,1.39958,3
1.11244,3.78804,2.4077,2.04447,-0.107063,0.143691,2.36928,2.00382,1
1.12612,-0.0872506,2.51067,-0.146443,-0.120747,1.57557,0.908204,2.10119,1
0.155765,-0.384044,1.784,0.272554,1.89307,0.506869,1.04788,0.605495,3
2.27972,3.07721,3.04374,1.8366,1.38555,0.779273,1.39285,-0.0824433,-0
2.15476,3.28646,1.8658,3.08229,0.729518,0.455843,0.954189,1.42057,1
0.719397,-0.0285139,1.13908,0.709257,0.0532305,0.197079,1.55529,-0.0684663,0
2.34517,3.78908,1.93828,1.44783,1.60789,0.032616,1.48876,1.39505,3
0.291843,0.217756,-0.0690489,2.55572,1.85807,0.832945,0.591901,2.06234,3
1.00644,0.0589292,1.59948,2.72599,2.37718,0.382537,1.62575,1.45507,3
0.8985,2.36149,1.31743,1.59821,1.56929,-0.34659,0.0143197,2.23746,1
1.6864,3.02845,0.800482,2.84871,0.785427,1.22944,0.815816,1.32821,1
0.333666,0.910301,-0.00438585,1.79527,-0.0080642,0.948632,1.81867,1.95417,3
0.443578,1.04271,2.77477,1.80902,1.96647,0.247396,1.30145,2.12346,3
1.56502,2.14912,1.05965,2.60206,1.92266,0.376287,0.159749,-0.122064,-0
1.2082,2.37431,1.72174,1.70859,0.170392,1.02574,0.375311,2.038,1
0.132345,-0.188626,0.874828,3.25003,-0.539019,0.912944,0.875217,1.78885,3
0.044526,3.80983,1.99726,0.559778,0.930501,0.836202,-0.0624983,1.72625,3
1.04328,0.828478,0.423816,0.101178,1.85699,-0.128239,-0.0516095,0.496347,1
1.86466,3.40944,0.906655,0.447128,1.30642,0.243466,0.817562,1.36015,1
0.763941,0.54288,1.79457,0.00255966,2.20071,0.25961,2.25952,1.93601,3
1.11109,1.90421,1.23015,1.19943,1.32725,1.48229,0.230759,-0.164886,-0
0.062832,2.24248,2.89967,1.75713,1.81881,0.0526387,1.58455,1.83439,1
1.68421,2.63913,2.74436,1.13914,1.00377,0.773807,0.691979,1.67731,1
0.478828,2.38493,3.08269,-0.169819,0.229801,0.614625,1.60743,1.91171,1
0.104062,-0.0462018,0.700314,2.6468,2.32608,0.58154,0.530481,-0.155305,-0
0.488066,-0.239742,-0.135918,2.73433,0.959964,1.72074,1.26784,2.17021,3
2.12975,1.35214,0.270337,2.37941,2.1038,1.15153,0.463911,-0.0789512,-0
0.959646,2.75411,1.6821,1.59225,2.18798,0.26825,0.0398102,1.39142,1
2.21813,1.61904,0.110075,0.00982398,0.383862,1.03433,0.609576,0.755181,1
1.06277,1.47145,2.40124,3.09244,0.673061,-0.108266,0.740264,-0.0827948,0
1.65619,2.79952,2.3707,-0.107163,0.106637,0.661723,0.821728,0.477063,1
1.50085,3.60423,0.632992,1.5809,2.37081,0.572909,1.52699,2.00563,1
-0.0344479,4.0588,3.15052,0.12701,0.391255,0.476117,1.72702,-0.228609,0
0.0242946,3.27381,2.88081,2.8308,0.999117,1.00694,-0.333081,-0.221927,-0
1.39581,2.69449,2.28997,0.538901,0.198799,-0.0228594,1.8517,-0.0913538,-0
1.10836,3.41163,-0.223371,2.98387,0.349666,0.581697,0.320338,-0.0803912,0
0.0624517,3.65171,0.116542,2.4136,1.20525,0.604128,1.81863,0.96349,1
0.0216667,1.65118,3.46876,1.90819,1.88994,0.22608,2.35189,-0.271403,0
1.90669,2.2441,-0.198962,2.89388,0.664847,0.153192,0.464217,1.47008,1
1.29797,2.15825,1.94251,0.536336,2.36682,0.155197,0.707698,1.63808,1
0.293409,0.59284,1.77258,0.649113,2.19692,-0.368662,0.55245,0.887194,3
0.840411,3.6639,1.74806,0.578404,0.605033,0.994419,0.511302,0.923654,3
0.339818,2.59886,0.16219,0.933611,0.379447,0.763937,-0.225891,0.94882,3
0.809169,0.790623,-0.409038,2.1705,-0.291367,0.0755791,-0.295763,1.71211,3
2.25144,0.14538,1.80277,3.02277,1.26124,0.2844,0.1625,2.2605,3
1.20925,-0.626552,1.66569,2.38644,0.39121,0.372395,0.276137,-0.0682834,0
0.911397,3.59699,1.54431,1.92023,1.46694,0.794277,2.00944,0.413131,0
1.52776,2.31606,3.09498,1.17095,1.17937,0.494528,0.70223,2.26729,1
1.49211,0.676404,3.18939,2.19144,-0.13717,0.827042,1.93549,0.976706,1
1.53784,2.1502,0.494972,0.0705856,0.237581,0.124911,-0.159284,-0.126905,0
2.58664,2.15761,0.526359,0.507648,1.77647,-0.0365528,1.62325,1.63371,4
1.30122,0.129197,2.87753,0.0460606,2.46943,0.552618,1.08891,0.875487,1
0.325102,3.78581,-0.0275456,2.99103,-0.0152098,0.25025,0.616488,0.415853,1
0.374134,4.08379,2.47475,2.20985,1.38126,0.900476,0.130232,-0.19451,-0
1.53139,2.72139,1.42238,2.38421,2.02491,0.987591,-0.356585,1.89971,1
1.39402,2.79822,2.41218,2.59195,1.83888,0.0822832,0.111805,2.0537,1
0.456086,-0.28079,0.211468,2.95474,0.658527,0.036851,0.670909,2.1106,3
1.08793,0.753812,2.14173,-0.145698,1.46434,0.876064,-0.330664,1.83261,1
0.272907,-0.379999,2.11518,1.15191,0.166168,0.260501,1.65817,-0.045824,0
0.191211,1.03835,3.18204,2.12639,2.55332,0.97494,-0.230356,1.64519,1
0.864435,2.35171,0.433691,1.64598,1.32341,1.32071,0.44609,1.54477,3
1.92421,1.24676,1.57021,0.433217,0.657769,0.470054,0.263884,1.65749,1
0.495879,4.08128,1.05328,1.79045,0.943137,0.688896,1.16052,0.0070405,-0
2.71232,3.66664,0.516037,1.73761,0.558158,0.648782,0.917561,2.10108,4
0.204541,1.64301,1.63961,2.91717,1.52603,-0.4039,1.9142,2.36122,1
2.05815,0.674552,1.31601,-0.185822,2.34665,0.159049,1.65044,1.19027,1
0.325955,3.9071,1.82947,0.0713805,-0.279203,0.0885201,1.03158,-0.172771,0
1.89319,3.69139,3.39193,1.57925,-0.0689644,1.05187,1.08293,2.47278,4
1.29047,3.81721,2.97052,2.91681,0.841105,1.02168,1.62924,-0.0193782,0
0.365373,2.04315,1.58785,-0.0251509,0.0694085,-0.124039,1.24911,1.41419,1
0.0311163,3.12399,0.818327,0.23563,2.03156,0.897376,0.530306,1.03683,1
0.848998,-0.258198,1.83484,0.303173,0.142821,1.07763,0.207926,1.69659,3
0.674779,2.99431,0.122966,0.574945,0.252254,0.361199,0.730881,1.75995,1
0.149968,1.44642,-0.319271,1.94535,1.37608,0.574717,0.753963,0.79617,3
0.0341512,2.23868,3.09009,0.76567,0.235822,0.497643,0.0981762,1.68881,1
1.19128,2.65208,2.85795,0.895401,1.41602,-0.272209,0.397474,1.90429,1
1.33907,3.45473,0.41026,0.270139,1.62233,0.961201,1.64701,2.25647,1
-0.488345,0.0971157,3.44575,0.674789,0.470457,0.864991,1.65355,2.37028,3
1.32931,0.854054,-0.0315303,1.76252,1.86552,1.23075,0.495567,1.84842,1
1.13792,2.27622,2.40887,-0.0902579,2.39741,1.32433,1.60197,1.70403,1
1.94628,0.53823,0.767623,0.119108,0.763301,0.284391,1.24979,2.20224,4
0.28955,1.30032,3.12472,2.86676,0.584326,0.836073,1.83422,2.5504,1
0.435644,1.318,1.47001,0.333195,1.02344,0.728109,2.10043,0.846179,3
0.185691,3.21343,3.09307,0.138809,0.756385,1.39235,0.451833,2.05247,3
2.25813,3.66119,2.93078,0.916566,0.694492,0.183019,1.13365,1.37529,3
1.40074,3.48718,2.26986,1.77476,0.754502,0.743724,0.832915,1.25136,1
1.2242,1.19373,2.87962,2.44761,2.13006,0.453374,0.716687,0.363001,1
0.264752,3.45007,0.519234,1.24055,1.88397,0.801849,0.48899,1.12187,3
1.27346,3.68486,0.658928,0.681255,0.840928,-0.0389108,0.636334,1.47269,1
0.175867,-0.103245,2.85046,3.16074,0.367441,0.347071,0.221982,1.37242,3
1.87822,0.241585,3.02845,2.62251,0.663365,0.0962686,1.1942,1.95535,1
1.84757,0.893354,3.00996,0.683854,1.44767,0.335279,-0.165809,1.38691,1
1.08664,0.59998,2.77288,1.64881,2.09448,0.484208,0.300632,1.64649,3
1.74008,2.53645,0.551087,1.43416,2.46312,0.0509126,1.88959,0.0804756,0
2.1178,0.531184,1.34274,2.97871,2.2791,-0.325267,-0.165857,0.860094,1
-0.303481,-0.231507,2.05798,2.86176,0.0928611,0.908752,0.914725,0.237427,0
-0.133891,0.396942,0.99365,1.88792,1.75383,0.405268,0.261646,1.69651,3
0.870531,0.544066,1.2025,-0.0986385,1.60979,1.30568,1.47676,1.21701,3
2.12328,0.484386,0.600739,2.38597,2.08357,0.919759,1.07409,1.8299,1
0.543707,3.89328,2.26216,0.625015,-0.493883,0.786446,-0.0506068,2.006,3
0.447805,3.33094,0.12266,2.06352,0.709162,0.822331,0.841235,1.11512,1
2.34254,-0.286055,0.867943,2.3722,0.550157,0.493217,2.43292,1.24585,3
1.47863,0.06546,0.310743,2.76437,1.14536,0.226803,-0.221826,1.5323,3
1.24291,1.98211,2.96767,2.61939,1.06407,0.447968,0.0457915,1.82423,1
0.424412,0.512284,1.02509,-0.20229,1.85478,0.56201,0.668594,1.00843,1
1.55877,-0.210852,2.79992,2.5778,1.75065,0.378473,0.879636,-0.117129,-0
0.902053,0.679782,0.0176512,1.4441,2.38636,0.760131,0.942745,1.24674,3
-0.0557183,0.980313,0.436637,1.24579,1.70543,0.380643,2.25985,0.929583,3
0.217482,0.0576541,0.368218,0.0934596,0.883778,-0.0863972,0.485061,2.00052,1
0.765894,-0.128986,2.58089,1.88554,0.19942,0.229941,1.31661,2.07302,3
1.13224,0.937278,1.73466,2.24957,0.628399,0.730284,1.06955,1.28937,1
1.94896,1.90167,-0.139447,1.9113,0.76809,0.691879,-0.291062,1.92896,1
2.08329,2.37839,0.745564,1.68707,1.50343,-0.424594,0.249353,1.45131,1
2.25653,3.93329,1.04445,2.90462,1.97456,0.291224,0.700757,-0.0548687,-0
1.99038,0.741397,1.59159,0.458531,1.2152,1.06265,-0.0615972,1.53325,1
2.01701,3.55123,0.306861,0.455754,1.7654,0.710473,0.923857,0.0600289,0
2.21171,-0.209997,0.355907,-0.303066,1.44191,0.0840176,0.453971,0.284188,1
0.45758,3.77074,1.34122,2.81315,1.22846,1.06856,1.20627,1.6877,3
0.258774,1.124,1.08373,0.779979,2.26324,0.540356,0.755336,0.789825,3
1.908,2.55449,0.97113,1.83912,1.01508,0.583703,0.148519,1.75171,1
-0.200873,2.68934,1.24451,1.1235,1.10265,0.704572,0.407077,0.948566,1
2.03319,3.31691,2.64026,2.98514,2.21675,1.04942,-0.267802,1.77207,1
0.486334,0.263042,3.19122,-0.274871,1.04975,1.08268,1.80957,2.00128,1
0.211273,3.57325,0.0485776,1.40051,0.467559,0.857519,-0.161013,-0.120025,-0
2.45509,2.69568,0.551774,1.70489,1.4163,0.510238,0.0881618,-0.0170983,-0
1.03821,2.73768,0.221496,-0.142895,1.27489,0.558927,0.47843,0.959246,1
2.00054,3.36543,0.186998,2.74652,0.621736,1.03742,1.83813,0.0124018,0
-0.292811,1.41344,2.2665,0.203047,2.01295,0.166515,-0.0243916,1.45708,1
1.46843,2.8375,1.97268,2.82493,1.08188,0.316772,0.365933,0.839984,1
1.79253,0.383764,3.00018,2.42691,2.11479,0.0866866,1.096,1.48506,1
0.085167,0.836677,1.20024,0.521336,1.61343,0.63175,0.0709072,1.67857,1
0.440219,0.631303,-0.197758,2.66905,1.80084,0.775246,-0.271814,1.52363,1
0.0875918,3.36208,2.76818,1.47696,1.03506,0.638665,1.38092,2.02494,1
0.759015,0.985418,0.396182,2.73799,1.59034,-0.670255,1.72193,1.69889,1
1.75695,0.454024,1.3064,1.00953,1.25312,0.10655,1.70707,1.99417,1
2.02776,-0.220641,1.07561,1.87162,-0.486676,0.0172144,0.877073,1.63894,1
-0.13566,1.59696,0.0393234,-0.0449928,0.193852,0.187176,0.0313859,1.29929,1
1.09359,1.65427,2.62955,3.06765,1.99468,0.653433,1.44713,2.20689,1
1.94975,2.53702,0.248547,2.14357,0.728297,0.258495,0.715131,0.11147,-0
0.0477408,0.0633364,3.17538,0.756838,0.712596,0.10572,2.7058,0.864211,3
1.45774,1.58014,0.0481632,0.649681,0.936447,0.327377,-0.112396,1.97597,1
1.08994,1.00386,3.15807,0.46923,1.49035,0.327396,0.00893729,1.86904,1
0.132764,3.60805,3.25044,1.89022,0.00286915,1.22301,0.138367,1.87499,3
2.14342,0.253175,2.51857,0.570138,0.480723,0.490364,-0.0495843,1.32492,3
-0.0426703,2.06434,2.08826,2.34296,1.1685,-0.0584078,1.12923,2.09092,1
0.384662,1.59275,2.62421,1.50277,1.24226,0.305385,1.19619,2.19381,1
1.75494,3.21625,0.0040219,-0.172624,1.97518,0.469397,1.17669,1.34042,1
0.932186,1.00171,0.419215,3.13472,0.112743,-0.0468849,1.07029,1.65587,4
1.44063,4.06337,1.05899,0.393201,1.17052,0.241646,1.29819,1.61211,3
2.43428,0.00182568,2.46178,3.03346,0.912056,0.765552,1.24446,0.912774,1
1.91317,1.20384,0.207026,2.34677,1.45472,0.375855,0.418281,1.01448,1
0.356004,3.42377,1.84441,2.57443,1.29527,0.390806,0.447583,0.704755,1
1.18908,2.56465,1.67476,2.72141,1.98246,-0.307805,0.662974,-0.0654422,-0
0.328418,2.18085,0.0185046,2.47344,1.8664,-0.0116403,0.470129,1.98671,3
1.35821,2.54248,3.16766,2.25139,0.681611,1.03207,1.41463,1.61511,3
1.22786,-0.0109104,0.94823,0.0656873,1.38096,0.0105029,0.57388,-0.0111576,0
-0.235749,0.551444,0.748349,2.07051,1.6604,0.984069,1.82417,-0.134838,-0
1.5282,1.11175,-0.153636,2.82852,0.562576,1.2044,0.10397,1.11847,1
2.40683,-0.381801,2.06887,2.43023,-0.345498,0.474432,1.68867,-0.10603,-0
0.149474,3.01674,0.138794,2.09497,1.08065,1.35622,1.77743,1.1591,1
1.99408,3.83298,2.56477,2.37626,2.0398,0.646243,1.11497,1.2761,3
1.96413,3.17384,2.28168,1.89948,1.02814,-0.128775,0.367856,1.80996,1
-0.213702,-0.0522042,3.16221,2.5385,1.29123,-0.00664288,0.466075,1.82137,3
0.444278,0.514117,3.05441,1.81625,1.82431,0.259862,1.87653,0.767374,3
1.69806,1.57331,1.68974,1.40754,0.389506,0.0623767,0.272616,1.76477,4
1.5238,1.9415,0.806205,2.42355,1.38824,0.905689,1.44675,2.32922,1
0.286027,1.09767,0.130566,0.303136,2.31209,0.477318,-0.197434,-0.0670727,-0
1.20884,2.70831,2.93272,2.74358,2.54466,0.0183985,1.54296,1.5315,1
2.17269,0.296193,0.312145,0.831177,0.94138,0.893893,-0.000358245,1.39577,1
1.988,2.28097,1.91485,2.84221,0.647575,-0.156453,-0.205338,-0.0868721,0
1.11522,2.45851,3.22476,2.46634,0.421519,0.31678,1.86835,2.28491,1
2.08933,3.05501,2.82371,2.8571,1.57455,0.877001,0.833566,1.29673,1
2.19687,3.96567,2.14004,0.693014,-0.327934,1.12006,0.755659,2.01769,3
-0.0456869,2.3635,0.985716,0.0353638,0.0166288,0.870381,-0.208422,0.0223509,-0
0.824028,1.2568,1.33591,1.88385,0.569217,1.16912,1.33066,1.28103,3
1.89911,3.18131,3.69213,3.23195,0.474715,1.00249,1.91947,1.85974,1
0.861776,3.81948,2.55047,2.53732,0.282908,-0.313707,-0.0980331,2.25241,3
0.893474,3.49058,2.5547,0.614835,2.17641,0.704806,0.672205,1.37002,3
1.85985,0.344704,0.165933,2.97927,1.16704,1.03802,0.838582,1.91312,1
2.17561,-0.262697,0.9524,-0.0530077,0.867482,0.352088,0.083996,2.03777,1
1.15161,1.10113,1.05193,1.10145,2.1622,0.00875351,2.18115,-0.039335,-0
1.3728,-0.236302,2.99582,2.46419,0.119108,0.349113,1.90989,1.89936,3
1.31938,0.787107,0.00515859,-0.0134686,0.555942,0.972492,1.49503,-0.000858962,-0
0.887255,0.427795,0.23911,0.434505,0.686154,0.143835,2.24072,-0.103467,0
2.2978,2.45974,0.450125,-0.0316058,0.556165,0.169097,0.391326,-0.0332572,-0
2.0497,-0.392414,2.83589,2.03114,2.21859,0.464819,1.18678,-0.0724611,0
1.13229,4.31213,2.9869,2.2951,2.15336,0.616566,1.90069,0.00477865,0
2.69129,3.49144,2.15718,0.203033,0.402137,0.273607,0.934245,2.0316,3
1.62235,1.14002,2.6004,-0.339718,2.06641,-0.178151,0.771492,1.54942,1
2.29099,3.05265,0.215377,0.428815,0.298709,0.402984,1.34211,1.55358,1
0.987713,1.73393,1.04534,1.88697,0.481007,0.746467,0.0311861,1.30232,1
1.03155,3.6806,1.91907,2.12455,-0.26731,0.775281,0.895057,1.80561,3
0.5233,3.53141,-0.0333893,0.482719,0.0698296,0.808531,-0.186406,1.40587,3
2.21775,0.343789,2.40651,2.15851,0.943829,0.529197,0.774369,1.66182,3
1.99945,0.695701,0.518979,2.01822,-0.108883,0.0407872,1.11083,1.63237,1
-0.0312039,1.61748,2.98209,3.25927,0.634513,1.14505,0.723652,1.86313,3
1.17315,2.93131,0.469951,0.741971,0.904585,1.44288,0.640518,1.52417,1
-0.310039,3.37198,0.923163,2.88579,0.675479,0.16448,2.50376,0.407473,1
0.753723,3.39085,2.86636,1.02275,1.00472,0.591592,2.1877,2.06629,1
0.119321,4.05789,2.32927,1.6851,0.0517621,0.310627,0.421369,-0.136264,-0
1.86717,-0.163058,2.45604,-0.296197,0.361137,0.262737,1.68089,1.74504,1
0.578829,3.64144,0.934914,2.99191,1.00495,0.194499,0.677037,1.21828,3
0.848484,3.02529,1.73039,3.08273,1.84482,0.759765,0.160913,1.79857,1
0.820558,1.2185,2.6821,2.34915,1.47124,0.944652,1.27951,1.9027,1
0.694525,2.73435,-0.149803,3.04112,1.5066,0.530696,1.38572,0.859206,1
1.47501,3.74594,1.10127,2.24585,1.67919,0.163461,0.81651,1.34042,3
1.78915,0.987226,0.98853,0.636574,1.87538,0.550983,0.647617,2.16626,1
-0.0323675,2.88574,2.28427,0.0051094,2.27838,1.36861,1.38295,1.60958,3
0.566237,1.04125,0.195886,-0.0475421,0.200258,0.966669,-0.322834,1.45081,1
1.8922,2.92899,1.80617,2.07692,0.189237,0.927083,2.16421,1.73569,1
-0.0564358,2.33895,2.71199,2.96133,0.154482,-0.0532766,1.97222,1.50845,1
1.75752,2.49919,1.44714,0.199991,1.02564,0.144628,0.682743,2.25142,5
1.38846,0.855964,2.95278,2.217,0.202335,0.568045,-0.298921,0.886271,1
1.6305,2.21317,-0.0233882,-0.165351,0.297836,0.0972936,0.605391,1.13165,1
0.609137,3.57104,0.139773,2.07301,1.81405,0.717836,1.26514,0.830435,3
2.13019,0.302214,2.95566,-0.0988636,0.70404,0.442001,-0.143298,0.0980703,-0
0.827094,3.81521,1.67481,1.74375,1.57773,0.898649,-0.0500573,1.58916,3
1.34098,2.33043,0.259096,0.649277,0.393463,1.42899,1.46765,1.56825,1
1.7553,0.694296,1.45053,2.45999,1.29925,0.637025,-0.0853601,2.17375,1
1.74149,1.43343,1.30097,1.10543,1.82183,0.446196,-0.240114,-0.0715513,-0
1.73633,2.33598,0.397245,2.20075,2.35672,0.960705,1.09631,1.06028,1
1.12818,1.87351,0.900163,0.754872,1.13,0.236074,1.17183,1.74694,4
1.48866,2.93327,0.104439,0.847804,1.36168,0.959163,1.55592,1.00545,3
-0.0591291,1.9576,2.28672,2.42806,-0.165898,0.177054,0.677582,1.2293,1
0.800603,3.78158,1.71441,0.904997,1.79611,0.0502434,1.28093,0.0289616,0
0.847258,1.91035,2.36527,0.214228,1.71702,0.240023,-0.0949836,1.63453,1
1.71738,3.48063,-0.150699,0.527167,0.992327,-0.247591,0.916935,1.67227,3
1.8944,-0.0156057,1.26393,1.61972,1.63857,0.214734,1.44929,0.981329,1
2.17427,1.98811,2.22626,2.68142,0.065682,0.442534,-0.137901,0.820853,1
1.01677,0.376057,0.0558554,-0.0799609,-0.0764923,0.914066,0.432383,-0.216689,-0
-0.0602511,0.879609,1.77122,0.181127,0.368453,-0.526067,1.17936,-0.201328,-0
0.0692391,1.22809,2.75063,2.15439,0.252968,-0.260233,1.10655,0.865321,3
0.914573,-0.287522,2.15831,-0.00679095,1.77408,0.431974,-0.108332,1.3335,3
0.142087,0.156284,0.145881,2.62775,0.650483,-0.374352,0.429422,1.08293,3
0.83324,1.30739,0.757295,0.149632,1.60263,0.383555,0.8091,2.07395,3
0.116989,3.04751,3.15356,0.514522,1.23084,-0.521292,1.48218,1.80968,1
-0.031908,1.80182,1.2228,3.1641,1.39701,0.955052,1.9698,1.0364,3
0.503248,2.8949,0.218578,0.249466,1.92117,0.126031,0.388038,1.35762,1
1.9222,1.19232,2.15692,2.88669,0.0292669,1.02999,0.573331,1.19656,1
0.278544,0.360446,2.44358,2.74082,1.10231,1.00354,2.40199,0.767774,3
0.55597,2.79623,3.01616,2.38359,0.843996,0.421107,1.46148,-0.0662923,-0
2.4799,0.252786,1.31185,0.524531,0.434965,0.475235,1.08482,1.7806,1
1.33361,1.16033,2.1895,2.02305,1.65147,0.958585,2.19485,1.32875,3
2.31814,3.7876,-0.134139,2.088,1.01656,0.599166,1.12151,1.04999,3
1.05087,3.24664,2.5991,2.72729,0.162007,0.0860301,1.1064,2.03821,3
0.681476,-0.318455,2.59025,1.89206,1.55169,-0.196145,0.285009,0.650158,3
0.46556,0.394424,0.113655,1.7029,2.26368,-0.352188,1.23739,-0.0939084,-0
-0.230683,0.551309,2.99288,1.30583,1.5446,-0.620316,0.346281,1.32102,3
1.3683,2.64664,0.38225,3.00765,0.452175,0.526415,0.94761,0.00070248,-0
0.669876,4.12926,1.95753,0.238891,0.0759973,0.636637,2.05693,1.7877,3
0.0599272,3.96295,1.32672,0.0434752,1.82116,0.65239,0.31157,1.80347,1
1.8596,0.321709,0.752714,3.07281,0.676396,0.554176,0.168891,1.40679,3
1.84451,3.89924,0.237836,2.58725,1.05262,0.503966,0.226244,1.69387,3
0.00046689,1.62954,0.562716,-0.19958,0.0763868,-0.0847833,1.86471,1.54111,1
0.2073,2.68678,2.34787,0.908497,1.17173,0.762743,0.304079,1.9582,1
1.38713,1.31493,1.7628,2.25769,1.91714,0.75808,-0.172732,1.87976,1
0.453476,1.64768,2.1033,1.27338,1.19175,-0.207492,2.10512,0.0010053,0
2.24076,4.05832,0.785805,1.66343,1.45334,0.362012,0.488665,1.33576,3
1.49744,1.18797,0.182006,2.52086,2.52829,0.236321,0.952488,1.22346,1
0.1719,0.618889,0.643165,0.140724,2.28407,0.700222,0.643687,0.973794,3
0.916389,1.35454,2.9495,2.06877,1.6069,-0.415702,-0.0677351,1.55869,1
1.70296,3.81302,0.964471,0.31643,1.84643,0.494486,1.49443,1.7761,1
1.71425,1.34032,2.78229,2.67744,2.06433,-0.345088,1.33161,1.83866,1
1.26266,3.32975,1.0822,2.57766,1.2125,0.402616,0.713438,-0.00973191,-0
2.00515,0.709262,0.0220315,3.07083,0.281446,0.075213,1.06893,-0.0286863,0
1.33685,1.74046,1.43774,0.633294,0.307879,-0.499451,0.252306,1.71385,1
0.979132,-0.0304396,0.221827,-0.010969,2.51683,-0.0999969,0.315043,1.86845,1
0.227409,2.90714,1.16744,0.265127,2.65951,0.246868,-0.0269216,0.872997,3
1.85563,0.0852909,0.411671,0.0634237,2.11063,0.31562,0.0622013,1.79499,1
0.0132028,1.1362,0.332503,2.34582,0.564423,0.193724,0.285872,1.30402,1
0.274165,4.01143,2.92796,3.01177,1.20635,1.08395,1.19395,1.6912,3
2.05429,0.0184594,0.312949,1.14874,1.94293,0.66876,1.75973,2.06784,2
-0.167833,1.32556,2.14537,2.37836,1.03347,1.11325,1.1473,1.15025,3
2.20921,1.20549,2.11075,-0.239891,1.71996,0.709891,0.939977,-0.0580924,-0
-0.180112,0.234441,3.07695,1.43965,0.354377,1.64191,0.672255,-0.224584,0
1.21641,3.43739,0.322181,0.0779676,2.55645,0.226896,0.196498,1.64141,1
1.33565,-0.383137,0.0136263,3.06868,0.617728,0.807607,0.113879,0.980511,3
1.57247,0.770679,1.51781,0.697327,2.34663,0.574732,0.247189,1.89681,1
1.12681,2.88023,1.56526,0.537268,1.59174,0.610275,1.55322,-0.0641874,-0
1.57698,2.59085,2.57951,-0.268958,1.75825,0.596715,1.52929,-0.0298982,0
0.169489,0.296412,0.0256095,0.739171,0.93334,-0.026164,1.72496,2.01224,3
0.425252,4.07447,2.04469,0.151503,1.17503,1.06998,0.914655,1.98467,1
0.941021,2.3298,0.557813,1.82477,1.87937,0.141767,2.08167,1.12729,1
0.0596165,0.977514,-0.21383,0.269102,2.32228,1.09662,0.252468,-0.120018,-0
1.08196,0.0270128,-0.10907,-0.323723,-0.52127,0.487262,0.624645,0.736568,1
0.894808,3.87945,2.62512,3.02127,2.02247,0.408024,1.0659,1.98812,3
1.53774,0.505085,0.317979,0.523028,0.667398,1.04199,0.00315756,2.03417,1
0.828949,3.48302,2.4549,2.58295,0.953192,1.24622,2.11551,1.45458,3
1.69395,1.64056,0.583525,3.0097,0.122407,0.052652,0.368473,1.69683,1
1.15557,1.33106,0.11651,1.23259,2.03405,0.501305,1.00883,1.98678,1
1.24819,1.58417,0.192628,-0.254174,1.58211,0.724574,1.7755,1.33029,1
1.25062,0.46365,1.69581,2.61509,1.20433,0.0954611,0.730056,2.08649,3
0.191592,2.42078,2.16612,2.02463,0.993748,0.0334598,1.06793,1.35651,1
-0.0491913,1.96374,3.18048,2.74118,1.62005,0.835933,2.17184,-0.126522,0
0.80411,0.0199261,1.96685,2.32701,0.0620007,-0.218865,0.918885,1.72542,3
2.44632,0.536446,-0.638516,-0.151541,1.50861,1.09055,1.41857,1.68209,4
2.30808,1.00126,1.72426,0.147437,1.59304,0.454876,-0.321908,0.0397044,0
0.759196,1.35634,1.13456,-0.32003,1.33765,1.11632,0.227566,0.813467,3
2.11438,3.68451,0.471575,0.0576471,0.709445,1.12743,-0.0352416,1.48971,3
1.20389,0.577597,0.911762,0.157034,1.40029,1.39217,2.52773,2.4428,3
1.82309,0.484172,1.38074,2.78061,1.31263,0.153186,0.118579,1.88737,1
0.402595,0.424721,2.67402,0.17783,1.45166,1.00752,1.27891,2.27679,3
0.929996,3.50507,-0.52674,0.410802,1.29961,1.22898,2.0961,2.24693,4
1.46248,2.83714,2.94346,1.65828,0.997373,1.46848,0.542008,1.85747,1
1.26905,1.66911,-0.161709,1.95262,0.284604,0.8252,1.66852,2.12049,3
1.06771,3.85658,3.0306,2.97828,-0.267401,0.366128,0.82002,-0.0101809,0
0.410779,1.57039,-0.0326361,3.00427,-0.277343,0.392857,1.79604,0.603724,1
0.968571,-0.234964,2.27539,2.42314,0.325701,0.595493,-0.0167397,-0.0792983,-0
0.365552,0.898258,-0.0103237,1.63914,1.80198,0.140574,1.66565,-0.167588,-0
0.990722,4.28041,0.267142,0.129777,1.98103,1.47655,0.770118,-0.0957638,-0
0.733455,0.0671328,0.5103,0.602573,1.32846,0.660544,1.31611,1.704,3
0.151617,2.89185,3.64542,1.23604,-0.0785967,0.0555106,1.97233,2.40061,1
0.999625,2.59375,1.96107,2.81821,1.55279,0.51989,1.51224,2.1416,1
1.09274,3.20229,1.37696,2.64393,0.45778,1.07267,1.91756,2.3547,1
-0.0276063,0.636446,1.71103,1.26996,1.61889,0.0957483,0.184328,1.27172,3
1.05453,0.713634,2.41833,1.38551,1.17233,0.851261,0.995095,2.24327,1
-0.102378,0.166176,1.30332,0.049395,0.484637,0.420282,1.74198,1.21122,3
-0.111563,3.00845,2.4165,0.420188,0.8482,0.757004,1.57052,-0.0743297,-0
1.77041,0.820158,-0.187512,2.05928,1.59468,0.18068,0.33586,0.381764,1
1.21597,1.41376,1.26938,-0.0673712,0.227081,0.308226,-0.115561,1.44359,1
1.46672,3.08999,2.96963,2.77968,1.54344,0.995929,-0.36435,1.71752,1
-0.0124859,1.60972,1.24325,2.52716,0.588435,0.402831,-0.291737,-0.0954314,-0
2.11679,2.85359,0.155432,2.63156,1.84663,0.439943,1.75372,0.0896949,0
0.235724,1.28826,2.60115,0.347056,0.313072,0.586367,0.624639,1.42198,1
0.0166411,3.87162,1.73685,2.70269,0.546968,1.4427,0.483482,1.52535,3
0.932835,-0.101387,0.894803,2.18131,0.713338,-0.00552858,2.42102,1.69123,3
1.73723,1.72164,-0.0275851,2.74804,2.4895,1.05278,0.389274,1.73099,1
0.480031,1.67065,3.19958,0.294813,0.880672,0.490406,0.883402,1.60172,1
1.59599,1.55455,-0.0198774,-0.44628,0.583823,0.555909,0.20864,1.10548,1
0.669565,-0.219069,2.38702,0.153089,-0.122661,1.03132,0.54684,1.44908,3
0.475365,0.535943,2.00792,1.17763,-0.0800825,-0.161931,2.02029,-0.118956,-0
0.517046,3.17191,0.220447,-0.101649,1.20341,1.11443,1.52224,1.35921,1
0.325522,3.77446,2.81293,1.54163,0.0966619,-0.571923,0.394756,-0.0216123,0
1.20453,0.234617,1.28541,0.99793,1.33609,1.45013,-0.226611,-0.0978278,-0
0.213927,3.26821,0.754091,1.29866,0.259489,1.20726,1.5584,1.50015,1
0.847971,1.44476,1.15912,0.627591,1.33804,0.572669,0.0475028,1.2118,1
1.10907,3.77938,1.68134,1.03716,1.8624,0.303669,0.931656,-0.0879908,-0
1.45755,3.24909,2.46021,0.359044,2.11452,0.564539,1.0805,2.05917,1
1.61028,3.73684,2.12912,0.991887,2.24057,0.222012,1.18982,1.45908,3
2.48237,1.41514,2.4628,1.88983,0.347145,0.190267,1.26016,0.0298763,-0
1.78859,2.36567,2.36533,-0.242712,1.2297,0.76497,-0.21796,1.29518,1
1.83992,3.62154,2.54947,2.87098,2.01811,0.0784096,1.10434,1.49811,3
0.692478,1.81675,0.583713,1.56703,2.8037,0.26589,0.260401,1.49791,1
-0.347775,2.9844,2.57121,0.0516424,0.85167,0.232048,0.139145,1.80033,1
1.40476,1.07658,0.241151,0.690498,2.15474,0.126121,0.522184,-0.0966773,-0
1.94731,2.77346,2.76918,0.397432,1.17149,-0.314198,1.43584,1.73233,1
-0.263647,0.967662,2.41762,-0.247795,1.86845,0.508997,0.25599,1.29045,3
0.724145,2.75904,1.2491,0.14129,0.171436,-0.405197,1.59647,1.3633,1
1.2406,0.878589,0.228519,0.0297112,0.807795,0.0886417,0.874668,1.58972,1
0.414349,0.24747,3.28596,0.588412,1.55345,0.510451,1.15489,2.3243,3
1.37818,1.71687,0.487049,1.08514,2.35032,0.159784,0.0881492,1.17648,1
1.31267,0.0132323,2.72358,3.18118,0.920642,0.16245,-0.419841,-0.193257,-0
0.0382891,1.88634,3.3792,0.962515,1.29279,0.727906,-0.210402,2.32236,1
0.356024,2.11393,3.48584,0.258338,1.14089,1.14785,1.12082,0.821686,3
0.00673937,2.50708,0.238596,-0.161193,0.873796,-0.296008,1.07186,-0.13923,-0
1.89012,0.384967,1.80606,3.09991,1.85393,0.0827202,0.0877765,-0.180624,-0
0.526006,0.916842,0.134768,-0.197786,0.815035,0.772342,-0.0355626,1.34361,3
2.38471,-0.18247,1.94962,2.39023,1.64364,0.0940448,0.507104,0.0344398,-0
0.551486,2.80113,-0.203509,0.0157106,0.689164,0.655623,1.3154,1.9015,4
1.09746,0.0522873,3.11628,2.45234,1.40226,0.500912,0.189528,0.932731,3
-0.17605,3.60574,0.267148,0.616334,1.41397,0.360365,1.07022,-0.045474,-0
1.30785,1.68086,3.51115,2.2737,0.771132,1.03523,1.25878,1.37968,1
-0.167159,0.489312,3.27283,0.854622,1.81567,0.762532,1.93016,1.76478,3
2.42305,1.02491,-0.361107,0.563742,-0.484908,0.357269,1.57943,1.92546,4
0.858038,3.58134,-0.043526,1.34696,1.85036,0.659266,0.360528,1.12381,1
1.82194,-0.013333,1.34524,2.78322,0.267655,0.611371,-0.203601,0.128748,0
1.148,3.76626,2.20215,-0.101186,1.93884,0.889343,0.595129,1.77127,3
0.783089,1.17992,1.87438,2.12528,1.72028,0.556222,0.0382564,-0.209177,-0
1.77379,0.0326667,0.67662,0.426976,0.992122,0.344639,-0.370145,-0.0480904,-0
0.0258527,0.2862,0.964174,2.03998,1.62952,0.834116,1.14345,1.14765,3
2.09883,0.603521,2.9594,2.12459,0.291101,0.402383,-0.120832,1.64413,1
1.50701,1.47094,2.76313,2.33687,0.659275,0.333382,2.27318,1.4023,1
0.716896,1.93521,-0.455221,2.11042,1.27107,-0.250259,1.47817,2.54882,4
1.3735,0.709969,0.464031,3.18891,2.5591,0.309748,0.062533,0.853303,3
0.238133,1.51787,0.370596,0.662269,1.22348,0.308844,1.83408,-0.0993298,-0
1.49079,1.15877,0.884095,2.77088,1.0675,-0.496453,0.922359,-0.0214187,-0
-0.62103,0.204547,2.04246,1.27151,1.76913,0.490487,0.912169,2.18573,3
1.97203,-0.183143,3.02062,1.15066,2.37305,0.328262,0.955756,-0.0558538,-0
0.191854,0.0554935,1.70737,0.301307,0.322224,1.01184,1.04,1.62505,1
0.821623,2.69728,0.855757,2.02528,-0.166564,0.607143,-0.440409,1.81885,1
0.594296,1.70504,0.597367,3.26624,1.1433,0.820904,0.00264589,-0.16305,-0
2.06195,0.368041,1.21031,1.30832,0.704734,0.905627,1.78872,-0.0179465,-0
0.812754,2.13225,2.90806,0.368913,0.585412,-0.202414,0.78573,2.27056,1
0.516712,0.0792181,0.204243,1.93981,1.61196,0.225067,0.197259,1.97628,1
1.31371,3.84556,2.46138,3.05731,-0.139404,0.595063,1.8437,0.0244557,0
1.57097,2.84135,0.150994,1.23585,0.494816,0.712408,1.12234,0.0155239,-0
1.65328,0.190062,0.217657,0.560318,2.04117,-0.326023,0.0811095,-0.0570584,-0
-0.00681095,2.26002,1.92221,1.69016,1.95545,0.761904,0.895445,0.942714,3
-0.144401,3.48437,1.39859,1.81093,-0.0177007,0.328824,1.77527,1.25909,3
-0.356991,0.772827,2.97334,0.375606,0.827173,1.12439,0.856016,0.883549,3
0.41749,0.432144,2.88818,2.16306,2.21939,0.00492357,0.337365,2.17223,3
0.0242464,1.47149,-0.0841596,0.26043,0.0802028,0.664072,0.482012,1.68256,1
1.82858,2.90949,3.02354,2.90596,1.69181,0.402551,-0.0538162,-0.0929508,0
0.832226,0.968668,0.42955,1.3231,0.376651,1.42106,-0.212613,-0.0826084,-0
1.14457,1.61498,1.5785,2.82847,1.73188,1.42107,0.964019,-0.0589909,-0
0.390083,0.246437,2.03572,1.08101,1.71799,-0.381128,-0.192357,0.932628,3
1.98756,1.2474,1.0616,3.026,1.35139,1.27333,-0.327503,2.33319,1
1.32361,3.54553,-0.220134,0.182977,0.0657156,1.15948,1.58968,1.63563,1
-0.116146,0.304277,1.04178,1.96909,1.3316,0.350012,1.78056,1.39813,3
1.1214,3.83274,2.46174,1.91445,0.120362,-0.395185,1.4691,1.31836,1
0.535302,3.70753,2.21769,2.27637,2.29178,1.44656,2.11195,1.06347,3
0.739077,1.16288,0.788003,0.409409,0.867997,0.549894,-0.17991,1.7226,1
1.06983,0.445523,-0.084622,1.27846,0.817036,0.0966949,-0.00687056,-0.136508,-0
0.943616,3.42719,0.138129,0.26141,1.55561,1.58216,0.115458,-0.0281464,0
-0.0167202,1.21769,1.00799,2.90376,1.49763,0.110806,-0.310173,-0.112019,-0
1.27951,3.41352,0.0497504,1.6132,0.909332,1.31486,0.112411,1.20072,3
2.03422,1.24801,2.35146,1.61476,0.399505,0.652341,1.70173,1.0223,1
0.722256,0.855623,1.93416,0.299145,0.720337,-0.147903,-0.390098,1.19706,1
1.44365,0.198486,1.39446,2.3923,1.68636,-0.300446,2.15424,1.65977,1
2.03573,2.81429,2.62723,2.67484,0.855944,0.900704,0.926694,1.49037,1
0.641758,1.26682,-0.229384,1.89797,0.043374,0.24651,-0.00614927,1.75668,1
0.0552048,3.17366,2.73072,0.0341898,2.28172,0.0792224,1.85432,0.655786,1
1.62998,2.87949,3.23617,-0.0486214,1.98893,0.437567,0.254679,-0.109936,0
1.0147,2.5677,1.35937,0.374791,0.14157,0.906745,1.78507,0.904231,1
1.51756,3.89064,0.464579,3.05055,1.57035,0.616376,-0.220833,1.57803,3
1.20426,0.18071,0.217273,1.09496,0.360867,0.192193,0.281186,0.925503,3
-0.123203,0.516665,3.03682,0.370545,1.56158,0.140045,1.50115,1.13327,3
0.0844572,0.623789,2.41043,2.02335,1.44681,1.05902,1.52462,1.50372,3
0.897413,2.02036,1.1861,1.05169,1.75036,-0.138378,1.47534,1.88132,1
2.41412,2.103,2.6301,3.04657,0.939853,1.57431,-0.00579575,0.0428053,-0
2.30233,1.57203,2.70976,1.18435,1.30116,0.324341,1.50426,1.88555,1
-0.00468971,3.19118,0.0216997,0.530023,1.30365,0.591489,1.2285,2.01559,3
1.29693,1.4286,-0.115627,0.0788748,0.506101,0.288371,0.799567,1.00062,1
1.78567,1.29847,3.19561,0.277345,0.292927,0.247091,0.479069,1.38057,1
1.43402,2.54506,3.02764,1.60789,0.300413,0.115948,2.35418,1.50089,1
0.0377472,-0.122011,0.65147,0.228575,1.50289,0.248282,0.0124262,1.26644,3
1.815,3.93281,1.24605,2.29853,1.35752,0.769705,0.302802,0.0480948,0
-0.169933,3.927,1.39411,1.05195,0.617291,0.0924312,2.50232,1.22923,3
1.28152,4.10274,3.12418,0.0383875,1.05758,0.293685,0.49778,-0.0662301,0
1.55974,0.0828534,0.125257,0.29253,-0.292695,-0.0555354,1.14282,1.16645,3
1.86451,2.07161,0.134074,-0.161858,2.30118,0.449545,0.961079,1.6917,1
1.01046,-0.273219,-0.198517,2.49871,0.130973,0.856178,2.18861,1.66817,3
2.16505,3.92883,1.1308,0.425185,0.442291,-0.02556,1.46467,3.06269,4
0.394959,3.19569,2.49385,0.70316,1.44935,0.720784,0.437336,1.63353,1
0.243222,1.69911,2.39673,2.52351,0.741039,-0.397226,0.440636,1.099,3
0.424269,0.361299,2.71284,0.205812,0.193236,0.793677,-0.51192,-0.0168757,-0
0.38124,0.555092,2.27485,2.96558,1.3783,1.24416,1.06215,1.93098,3
1.92463,2.71719,0.318558,0.0740146,1.70227,0.00742932,1.19003,-0.0489524,0
1.17018,3.8452,3.47715,0.926268,0.645155,0.51217,0.193444,2.25031,3
2.28393,1.57393,-0.0115487,-0.107129,0.52325,0.295625,0.793431,1.0068,1
1.67415,0.552533,0.615167,0.626213,1.41903,0.444275,1.48474,-0.0467343,-0
0.0539974,2.77277,0.0865617,0.458101,1.91548,0.751216,0.258661,1.93389,1
1.85669,1.57432,2.90796,3.34339,1.10584,0.900405,0.985184,-0.125098,-0
-0.310501,4.1255,3.01893,2.17684,1.2627,1.61366,-0.0308327,1.54111,3
0.561585,3.08554,-0.0257226,0.918258,0.184205,-0.221198,0.908493,0.751083,1
0.600833,0.297948,3.3562,2.03096,0.258073,0.840533,1.62865,-0.0926889,0
1.08713,0.614487,0.00412913,2.29404,0.28617,0.744373,-0.198374,2.06316,1
2.04339,0.703047,3.00266,1.99653,2.06081,0.399491,1.08821,0.0115247,0
2.0631,0.962276,-0.00187387,0.0888761,1.47323,1.20447,1.60794,0.448456,1
0.859675,3.02414,2.33006,3.08579,0.405215,1.11272,-0.0789256,-0.109151,0
1.31224,1.5182,1.23726,3.0576,0.452725,-0.188189,0.698004,2.08467,1
-0.180274,2.16877,1.80895,-0.116798,1.70101,0.112694,-0.179054,0.825392,1
0.395703,2.95035,1.82627,-0.0733585,0.996152,0.460563,0.602582,2.4886,3
0.465493,1.43329,0.530389,2.90061,2.57503,0.434518,1.78245,2.06087,1
0.785691,0.350438,-0.210375,3.20732,0.535504,0.544724,0.988189,1.98017,1
0.2637,2.82403,3.11949,2.12282,1.25055,0.731019,1.23236,1.4288,3
1.08931,-0.062467,1.02537,-0.304222,2.60672,0.378021,0.310846,1.82882,1
0.747804,3.79341,0.0244144,3.31853,0.591325,0.0280555,1.00866,-0.0847959,-0
1.84365,3.52682,2.09166,1.18896,1.89706,0.812006,1.29149,1.07755,3
0.362651,2.37712,2.84066,0.473179,1.23171,0.177669,1.10264,1.61463,3
1.28169,0.994809,1.08969,1.9051,0.174113,0.14229,0.482638,1.68231,1
-0.0563521,3.40412,1.78418,1.94086,2.36729,0.996404,-0.31415,1.80816,1
2.2677,0.622182,2.31836,0.476739,1.3696,0.205959,-0.036687,2.09257,1
0.286451,3.84205,2.01738,2.81739,2.25888,0.29437,1.59724,1.93708,3
1.19226,2.84991,1.63578,2.79809,0.78706,0.863736,1.01344,1.77773,1
1.30503,3.40899,3.14894,3.06085,0.460977,0.573962,1.1374,1.32005,1
0.816598,2.429,2.36419,0.412712,2.46532,-0.159971,0.513163,1.6371,1
1.39974,3.79098,1.54352,1.00971,0.493593,-0.177713,-0.473874,1.64326,3
1.1946,4.27587,-0.0906455,2.21081,1.27619,1.12761,0.925187,-0.0251075,-0
1.65232,1.88573,0.756334,0.0406254,2.25169,0.827818,0.440984,-0.100206,-0
0.847617,2.74311,3.32696,1.90658,1.30508,-0.0842131,0.325224,0.865605,3
-0.321752,3.63293,2.53843,2.90098,1.16349,0.614705,1.25372,1.08182,3
1.56945,-0.329224,1.50329,1.79868,2.20975,0.1835,0.0713303,-0.155975,-0
1.26732,2.61176,2.64567,2.93456,-0.107462,0.350325,0.689056,1.52898,1
1.86927,2.69148,1.27434,0.137845,1.69684,0.985557,0.278677,1.32248,1
2.31026,0.635963,0.16432,0.407169,0.600319,0.469291,0.739949,0.263414,1
1.30709,2.72412,-0.0726551,2.52646,1.25467,0.428573,2.34333,1.93748,1
-0.158664,0.179853,0.789114,-0.0703575,1.69086,-0.0247323,0.226507,1.07187,1
2.29185,1.44098,0.392033,1.33102,0.204735,0.210324,2.09774,1.97043,1
1.76049,1.03318,1.34644,1.42478,1.10625,1.34314,1.98363,1.468,1
1.40962,2.38037,2.32103,1.45899,0.775562,1.14459,0.048979,0.418189,1
0.90921,-0.098698,0.012568,2.72534,-0.0142911,0.113236,1.98228,0.868744,3
0.796688,0.807458,0.404307,2.63141,1.02909,0.717272,2.12004,0.824048,3
2.14327,-0.415039,0.188262,2.87291,1.9334,0.761812,0.710997,1.47609,3
0.512305,-0.206745,1.92956,0.565226,0.764876,0.473188,-0.114972,-0.0970236,-0
1.98293,4.11312,0.222449,2.2225,1.94882,0.987459,1.95221,2.29629,3
0.790894,0.799061,3.19031,0.225072,0.950304,-0.551794,0.600228,1.64075,1
-0.0160867,3.97411,-0.233518,1.45967,1.8017,1.53077,1.4824,1.18805,3
0.510902,0.635249,-0.0343195,-0.37831,0.0251928,-0.368291,0.588031,1.58777,1
0.854825,0.759035,0.0147839,2.29723,-0.362731,0.374313,0.682487,0.983109,3
0.650991,1.18882,2.08517,-0.04317,2.07272,0.0986168,1.97579,1.0339,1
0.665969,0.0104712,2.727,2.06487,0.98365,0.315053,0.693566,0.956557,3
2.23176,2.48619,3.01761,2.74721,0.791187,0.246101,1.76703,1.45006,1
0.64386,1.82457,0.361407,0.137496,1.55953,-0.104051,1.32036,2.14576,3
0.625544,3.20037,1.21103,2.74483,-0.330976,0.365264,1.71307,1.48571,3
0.842631,3.44377,-0.0893648,1.25651,2.012,0.731849,1.5034,-0.0958014,0
1.8236,0.190419,1.47867,2.76427,1.42531,0.542657,2.35961,2.27514,1
0.289117,4.05402,2.08987,-0.0158945,2.29541,-0.079336,2.44554,-0.018261,-0
1.027,1.09003,1.97785,2.46653,2.25745,0.754594,0.0391065,1.34814,3
1.3183,3.07892,0.384579,2.9402,2.26371,-0.0834888,1.56886,0.00787598,-0
0.0379097,0.399701,3.07441,1.1372,1.94913,1.09435,1.18313,0.915186,3
0.74284,3.99415,1.92679,2.31457,1.04537,0.352443,0.503551,1.70035,3
-0.186419,0.944167,1.3354,0.354238,-0.0262301,1.39784,-0.318403,-0.125196,0
2.34789,0.0159043,0.940184,0.00638314,1.4975,0.410923,1.19303,2.03095,1
0.59535,3.90938,1.77023,0.255514,0.778509,0.345064,-0.450991,1.42528,3
0.852852,1.72886,1.10665,3.32049,-0.00285994,0.623983,0.567239,2.09605,3
0.897572,-0.0591406,3.18964,1.20191,1.99747,0.661992,1.53473,0.0129375,0
0.534811,0.163298,2.2618,2.61403,0.145649,-0.0266537,1.13526,1.94407,1
0.286635,3.4547,2.3487,2.26538,1.9021,1.03222,0.826835,1.88357,3
0.78535,0.674471,-0.0913676,2.4442,1.96901,0.231874,2.08979,1.88885,1
2.41229,-0.332192,2.34849,2.2193,0.466908,0.169619,1.74805,1.44641,3
0.0888966,3.95091,2.65762,2.81639,1.06981,0.61791,1.01069,1.7386,3
0.65999,1.25819,2.59122,1.0301,0.650209,1.35008,1.45624,2.24366,1
0.148192,0.353169,2.20121,2.26591,0.813236,0.70128,1.80088,1.121,3
1.40437,1.91711,3.22466,0.981406,0.904619,-0.037597,0.912976,-0.188155,0
2.00988,0.714446,0.375899,0.486007,2.05095,0.265386,0.234258,0.80586,1
1.72877,3.23689,0.439012,1.02331,1.49802,0.484795,0.13241,0.00239974,-0
0.783205,2.37772,0.640374,0.742267,0.772451,0.178302,1.85065,1.69682,1
0.943491,0.845089,-0.0496198,0.954157,0.753378,0.110638,1.06438,2.08298,1
2.06996,0.721552,1.39893,0.969686,1.03153,1.06153,1.64136,0.787442,1
1.89441,1.24286,0.387668,0.0857455,0.549434,0.635559,1.10789,1.62537,4
0.473499,0.745717,-0.216804,2.68932,0.613336,0.130514,1.32756,1.58723,1
-0.484005,2.34917,2.96907,2.581,0.558071,0.207221,1.52949,-0.122039,-0
-0.0374459,3.65333,2.28984,2.83981,-0.221131,0.572617,1.15861,1.37727,3
0.641623,-0.134612,1.48698,1.76152,1.93392,-0.396941,2.23571,2.05761,1
0.475273,0.251584,2.8059,-0.042876,0.270444,0.606543,2.17675,1.17346,2
-0.0878174,0.636218,0.751579,0.0404284,0.306893,0.961403,0.46373,1.71845,3
1.4449,0.274145,2.39801,1.94904,1.44639,0.928764,2.37009,2.2359,1
0.0230577,1.33983,2.67181,0.610284,2.24645,0.490255,0.225355,1.87777,1
0.536948,1.57731,2.72136,1.8938,1.3471,1.06624,-0.182546,1.74085,1
1.75106,3.94422,2.88971,1.30114,1.03921,1.00846,0.847538,2.11886,2
1.88952,1.48035,-0.0647232,1.58098,0.532199,1.06481,0.435511,1.06182,1
1.38819,-0.241733,2.40874,2.27363,0.138747,0.914386,0.606566,1.29702,3
1.96951,1.48631,2.32283,1.33711,2.46229,0.30073,0.27757,1.40782,1
1.33655,3.90528,1.77858,1.7368,0.967438,0.843707,2.55486,1.1958,3
1.82148,0.847261,2.96598,1.60148,-0.100521,0.144584,1.40085,1.20278,3
0.548647,4.0812,1.37943,0.675977,1.15846,0.57265,-0.0599265,2.14728,3
0.516148,2.51812,2.20628,0.191119,0.685697,0.114496,2.28714,1.90014,3
1.41185,0.811028,0.431031,3.16059,1.60423,0.385844,0.848978,2.04771,1
0.117659,0.288722,3.20153,-0.0646871,0.753383,0.0526137,1.0431,0.765604,1
-0.21891,0.671938,1.86266,3.00136,0.840237,0.558417,1.94341,1.80761,3
0.407527,2.21793,-0.0523104,0.110088,1.14793,1.40709,1.06874,1.35456,1
1.52823,0.590915,0.855217,3.04725,1.14738,0.0263486,1.25368,2.18032,1
0.546526,3.30365,2.38702,0.258694,-0.305761,0.922921,1.2437,-0.04483,-0
1.0556,1.3212,0.698621,-0.374055,-0.38371,0.621969,0.949155,1.82355,1
-0.076146,0.794323,-0.117429,0.421127,2.12319,0.389001,1.3247,1.91987,1
1.15457,-0.365513,1.17106,1.82059,0.554212,-0.0185892,1.82648,2.10314,3
0.0126087,0.525294,2.14484,2.228,1.80512,0.241071,0.411169,0.875997,1
1.9588,-0.151692,3.19602,1.01782,1.79898,0.863758,-0.0250702,1.15429,1
2.0661,0.0912074,1.34211,2.90404,1.66426,0.491385,-0.115615,1.34698,3
1.26081,2.68895,1.2124,2.05772,2.52256,1.03063,0.130947,1.94916,1
-0.0378141,1.53126,3.52194,-0.0825156,-0.0744292,0.612602,1.01849,1.7756,1
0.831995,3.92843,2.0943,0.300244,0.676356,0.756477,1.47054,2.14673,3
0.570083,0.472496,0.348645,2.00627,0.321202,0.440523,0.200706,1.63372,3
1.02428,3.55835,0.421538,1.06459,1.87423,0.711345,1.40452,0.93927,3
-0.11033,2.22468,0.794289,2.43507,0.8116,1.41074,2.30244,1.07441,3
-0.280553,1.07519,-0.0790465,2.6987,1.04864,0.0844906,1.62167,1.37537,3
0.294378,1.82092,2.16238,0.373766,0.754834,0.606351,1.31891,1.22437,3
0.932301,1.38203,2.76176,2.76764,0.132383,0.0794275,0.0145046,2.01423,1
1.44401,1.41998,2.52595,1.68269,0.0768651,0.0680768,0.0730761,0.717877,1
0.062491,3.65449,-0.00139439,1.00839,1.03066,0.286428,0.270647,1.84962,1
1.04587,3.50866,2.75644,0.888946,1.86573,-0.0180304,1.55985,2.26349,1
0.913763,1.27299,1.05886,3.22523,1.66018,1.10793,1.47963,1.81596,3
2.28931,1.88379,0.771266,0.117629,2.05825,0.490425,0.840792,-0.0601302,-0
1.10487,3.80372,1.02737,1.7194,1.52193,1.18284,0.902765,0.051453,0
1.63464,0.428385,0.687323,0.241921,0.943097,0.108293,1.22997,-0.0859943,-0
0.349049,3.92548,0.0511958,0.53407,-0.432179,0.884525,-0.00517426,1.78983,1
0.0721132,3.75535,0.827794,0.516622,1.46954,0.0523399,0.538461,-0.0351744,-0
1.61692,0.527889,0.113735,2.9133,0.806672,0.678082,0.766253,0.00285231,-0
0.721181,1.45849,2.00695,-0.164852,1.88926,0.180442,0.296972,0.882159,1
1.57069,0.69547,0.624161,0.826331,1.83234,-0.441009,1.4784,0.751629,1
-0.0353068,3.93236,0.819932,1.57475,0.910795,0.490786,1.07136,-0.0755198,-0
1.17683,3.54251,3.16752,2.10626,1.72516,0.1314,2.05668,-0.0386704,0
1.6439,1.34641,0.0253592,1.60578,1.37089,0.285757,0.0102784,0.926981,1
1.93941,2.38561,3.16455,3.12147,2.0798,0.88004,0.90349,1.09399,1
0.69278,1.85461,0.0129225,1.86551,-0.118872,0.0985707,1.10033,1.80172,1
0.830059,1.64977,2.74108,1.05269,0.445062,1.00751,-0.283487,1.85499,1
-0.0070144,2.88993,3.10456,1.49755,1.1211,0.244951,-0.226333,-0.148815,-0
1.32355,0.875498,0.758502,1.28252,1.74988,0.160665,1.85212,2.05926,1
2.13463,0.247563,2.6934,2.84234,1.08089,0.146009,1.10415,1.95656,1
1.75161,0.0112474,0.263748,1.00145,2.08788,0.0547702,-0.0501831,0.991549,1
0.725058,-0.496249,2.66352,1.22578,1.12869,0.559078,-0.198822,-0.0744768,0
0.40977,-0.720481,0.891879,1.72368,1.70721,0.332138,0.730363,1.95468,3
1.55447,3.16685,0.760755,3.29607,0.943091,0.862071,0.739912,1.82802,1
1.90506,2.76365,2.92594,2.44552,0.332983,-0.096492,0.312733,1.79706,1
0.246239,1.72713,0.251105,0.220338,1.38093,-0.230632,-0.0834492,0.28986,1
2.65986,3.55307,2.74177,0.619029,1.54424,-0.138468,1.89562,2.55568,4
-0.0123932,0.483428,1.62318,1.48791,1.89239,1.01324,0.34983,1.68319,3
0.392944,0.782031,0.576759,0.673073,1.43547,0.125314,0.241963,1.47251,3
2.06165,0.587862,0.306352,2.83182,0.31873,-0.157445,0.0752803,0.697355,1
0.814895,0.998434,0.102352,2.9578,2.24871,0.750012,0.0607322,-0.175352,-0
1.77797,1.15123,0.011522,0.340716,0.882272,1.14557,1.94516,1.80542,1
1.91123,-0.120233,1.62109,0.156182,0.692391,1.57235,0.139477,1.36653,1
0.00650895,0.784437,1.80922,2.66553,0.856639,-0.655756,1.03261,1.45971,3
2.23457,1.43567,2.62727,1.67821,0.845776,0.179561,1.4201,-0.0726762,0
-0.517058,2.1865,-0.0171016,3.06841,1.49521,0.188609,2.03179,-0.220007,-0
1.6518,0.84796,3.02265,2.4521,0.56505,0.935028,-0.0579077,-0.026588,0
0.316784,-0.268816,2.26204,2.76136,1.12201,0.655927,0.0470982,0.98731,3
0.26136,3.90287,0.367667,0.0840269,2.21038,0.694427,0.413399,-0.0771881,-0
-0.193489,3.13423,2.52754,0.518513,1.17102,0.241925,0.586778,2.05318,1
1.81173,0.0675503,1.16947,1.2543,1.38262,0.280733,-0.276903,1.453,3
1.66308,1.45029,1.19667,1.81604,0.935161,-0.343917,1.4314,1.01787,1
0.423834,2.98664,-0.0453087,0.676323,-0.20325,0.886758,1.20897,0.721621,1
0.138326,2.71979,1.55529,0.285685,1.51475,1.49132,1.44404,0.950491,1
0.662923,2.20374,1.48752,0.595671,0.422114,1.61891,1.97136,1.65322,1
0.205283,0.163327,3.11471,-0.044971,1.04709,0.770577,0.504638,2.2258,3
1.36692,1.08104,0.0630002,1.73047,2.54433,0.0267647,0.56456,2.16543,1
0.34599,3.18578,1.25002,2.89258,1.32167,0.882783,2.12569,2.26405,1
1.58383,-0.48413,0.698983,0.793443,1.06572,-0.0986427,1.40868,2.276,1
0.366947,1.75279,3.08081,1.84264,1.84648,0.351769,-0.0944323,0.968147,3
-0.415605,-0.0359557,0.937609,0.979316,1.19883,0.291237,0.764846,-0.0234816,0
0.307202,0.470066,2.19567,0.917467,2.22368,0.816191,1.5064,0.820344,3
0.215302,0.841209,0.50012,0.0599013,2.66565,0.699383,1.64617,1.70973,1
0.232313,3.59962,1.70399,0.273883,1.82783,0.598259,1.71944,2.07797,1
1.05532,3.91883,0.20339,0.316222,0.512128,0.0760696,1.60638,2.18736,1
-0.0539723,2.72037,2.56478,0.223932,0.661359,1.10591,1.21042,1.85219,3
1.33732,3.19778,2.7071,0.274707,0.223032,0.35359,0.220063,-0.088229,-0
1.8595,4.28948,3.18208,2.89532,1.82818,1.00519,1.89161,-0.0538763,-0
0.229563,1.70807,2.55943,1.45926,1.84213,0.0950935,-0.340144,1.03144,3
0.972629,-0.292786,0.2281,0.14916,2.07645,0.307843,0.637714,1.39401,1
2.08924,1.35038,2.09223,1.76978,2.48654,-0.139811,0.698531,1.55293,1
0.065066,-0.42768,2.35642,0.412599,0.397146,0.631467,0.297769,1.9015,3
0.267427,1.65713,2.67495,-0.386578,1.12189,-0.169864,1.09061,1.77165,1
1.64223,1.6566,1.49785,0.933051,1.11109,0.67614,1.3428,0.725295,1
1.55807,3.68583,-0.152195,2.37748,0.946677,0.265907,0.253274,2.15406,3
0.829559,0.669861,1.05144,1.37712,1.17382,1.02555,0.195101,1.62447,1
1.8172,1.23479,0.389981,1.98715,0.791824,0.0396856,0.329582,0.824328,1
1.16886,-0.341948,-0.0196836,2.78167,1.83119,0.0198704,0.453414,1.59579,3
0.539948,3.50006,2.76792,1.43845,0.243783,1.3205,2.17693,1.69164,1
-0.224217,0.606767,3.14881,2.80418,1.66985,0.740209,2.31903,1.63817,3
1.14988,0.902528,0.771456,0.941296,2.47977,0.0611719,-0.166272,2.32161,1
1.74423,3.56162,1.16941,1.69381,0.787976,0.419737,-0.276818,-0.0398313,-0
1.57451,2.12234,-0.253639,2.41745,0.0903497,-0.017563,1.27421,0.0371059,-0
0.0230133,3.14952,1.85807,2.34027,1.79284,-0.40143,1.73734,1.28476,3
1.47363,0.338302,2.317,1.73154,1.7252,0.56669,0.96443,-0.0700421,-0
0.976774,3.43776,2.26561,2.67511,-0.09089,-0.547597,0.212349,1.7166,1
1.59984,0.479037,1.2259,2.58013,1.98276,0.811875,1.68403,0.533701,1
0.616264,0.542294,2.92744,-0.154117,-0.50132,0.637978,0.0891894,2.09118,1
0.806265,2.83341,0.0918906,3.00461,0.730661,1.00391,0.57831,2.26534,3
1.12499,3.4537,1.6932,0.103211,1.19543,0.782218,1.85767,-0.0176492,0
0.924789,0.769504,-0.00090422,0.405205,0.936091,-0.276051,1.91941,1.26732,3
0.214683,1.54196,1.02451,1.01504,0.230541,-0.0809257,1.06078,1.60401,3
0.321913,1.43785,2.03015,0.0916343,1.85363,0.192156,0.711902,1.7539,1
1.04617,-0.0309616,3.0007,0.318806,1.78981,0.806872,-0.338346,1.3075,3
1.03637,3.1394,2.19932,0.245098,2.16718,1.40681,0.459385,-0.120188,0
0.460675,0.0651714,0.050799,0.954295,1.7318,-0.315028,0.552228,1.26033,3
1.87273,0.0721744,1.17821,2.63667,-0.0257136,0.120215,0.416455,0.640592,1
1.49127,0.242873,3.34876,2.74341,0.255224,0.0724846,2.19093,1.31083,1
1.56594,0.263987,-0.133554,-0.226171,0.260858,0.735408,-0.136462,1.22832,1
-0.185601,2.6937,1.65377,1.95796,0.619691,0.400966,0.132657,-0.330072,0
1.54892,2.258,0.258455,0.382337,0.136805,-0.360682,0.21,0.918009,1
1.87505,0.88504,2.30764,1.85392,0.462619,0.645888,1.40645,0.0686683,0
2.10449,0.339889,-0.0602651,0.561393,-0.0412516,0.288065,0.60262,1.21027,1
1.3229,1.66162,0.270394,1.02,0.604856,0.818757,1.06754,1.97149,1
-0.0961254,0.572192,1.29748,1.70465,-0.148455,1.2599,1.13722,1.60062,3
2.21847,1.76339,0.207629,0.426064,1.32097,0.646747,1.20378,1.06947,1
1.09025,0.76831,-0.349452,2.16932,0.103884,-0.0745953,1.38858,1.83042,4
-0.0305671,2.99863,0.380735,0.981704,1.46836,0.153417,0.0832976,1.87991,1
0.966093,1.12449,1.77781,1.70497,2.78859,0.50295,0.076839,1.02158,3
0.663205,2.84987,1.74841,1.27819,0.997338,1.28223,0.82222,0.767252,1
0.864084,3.74679,1.50506,1.16513,0.257115,1.24955,2.11771,1.6795,3
0.0306834,3.42289,0.158623,2.92016,0.830769,1.0689,0.435599,-0.0877845,-0
-0.121423,0.510471,2.92009,1.84003,2.10181,0.521208,1.14471,1.25624,3
1.96461,3.82545,2.38142,-0.0703904,0.981305,-0.00241251,0.0282506,1.63973,3
0.171701,2.87537,2.64854,0.950772,1.96341,-0.166625,0.391128,1.25465,3
-0.114464,2.8557,0.240233,-0.244994,1.12595,1.09531,0.349761,1.76929,1
-0.16549,0.498408,2.37285,2.0926,1.51447,0.862916,2.01336,1.7098,3
0.802608,0.121506,2.75135,3.32418,0.66357,0.775942,2.15166,1.50039,3
0.182722,4.06046,1.71317,1.1572,1.9476,0.465595,2.09162,1.45036,3
2.07922,1.67637,2.18034,1.98336,1.06129,-0.161526,1.68333,0.572277,1
0.932807,2.63006,0.916804,0.160404,1.64608,0.871832,1.05449,2.00752,1
2.10378,-0.188527,2.38149,2.06105,0.514186,0.644803,1.16732,-0.0827952,-0
-0.0444707,3.44607,1.39767,0.684074,1.04353,0.513402,0.690779,1.10175,1
0.361214,1.02932,0.75889,-0.17873,0.52001,-0.299369,0.35613,0.297727,1
1.18485,1.87341,1.02739,1.82993,1.95651,-0.0208831,1.0904,1.89201,1
0.945095,0.401139,0.857974,2.3306,1.429,-0.38656,0.932492,1.56867,1
2.4896,3.08728,-0.191521,2.62135,0.86247,0.536053,2.10431,1.67471,4
1.82467,-0.14386,1.03647,0.523056,2.38046,0.63386,-0.118839,1.24361,1
0.758404,1.35003,0.134753,1.77521,1.79446,0.555865,1.82818,0.542876,1
0.252303,1.09773,1.78736,2.74577,2.29305,-0.189655,0.107492,1.84109,1
1.51226,0.233055,0.690127,2.37512,1.19226,-0.122329,0.100944,1.93318,1
1.06893,3.62157,0.435812,0.0620265,1.41205,0.207347,1.46235,1.68514,1
2.10634,-0.12186,0.121058,1.2508,1.71578,0.388971,1.06209,1.68868,3
-0.146483,2.42577,3.33538,1.83884,-0.264535,0.247654,1.72274,-0.153988,0
1.43378,2.30112,0.11062,1.06025,0.811314,0.214616,1.88608,1.29688,4
2.58535,0.657007,0.808316,0.0443326,0.0975043,-0.231673,1.61057,1.18454,3
1.884,2.53082,2.27816,1.02861,2.22395,0.724279,1.64453,1.73819,3
1.94654,0.114751,2.15476,0.897127,2.32978,0.174722,1.36461,1.82774,1
2.14469,0.678929,1.64526,1.00393,-0.300703,0.29517,-0.0151641,1.10582,1
2.02703,3.2355,2.23445,1.40274,1.08268,1.28033,1.28963,2.08691,1
1.61433,2.92096,2.68317,2.96909,1.03255,0.127748,0.130695,1.40087,1
1.95767,3.45703,0.195672,2.29171,1.15378,-0.393919,-0.193633,1.88881,1
-0.233609,0.0225825,1.40857,-0.319488,-0.207318,-0.155743,0.885965,0.0858077,0
0.492532,-0.220687,1.19702,0.200661,1.52259,0.996748,-0.126565,0.800409,3
1.80056,1.53692,1.77662,-0.114853,0.0901989,-0.355636,0.111811,1.13878,1
1.97036,0.295925,1.79396,1.03333,1.03654,0.552117,1.80683,1.45162,3
2.05212,-0.127639,-0.0966773,0.111567,0.259153,0.586209,0.688764,-0.0945629,-0
0.372733,-0.00537127,1.29059,2.66052,0.198677,0.367811,1.69077,-0.192188,-0
0.448014,2.51292,2.32597,1.27208,-0.124487,0.637174,-0.0240957,0.952366,3
-0.312421,1.87456,1.08377,1.19923,0.523643,0.758675,-0.43361,1.59155,1
0.0945859,2.889,3.49331,2.87615,0.178038,0.700521,0.864759,1.85711,1
1.04712,3.6672,0.97019,2.92917,1.39353,0.468677,1.77974,1.36425,3
0.719317,2.03052,3.08854,2.46578,1.48869,0.161484,1.97199,1.64015,1
2.19668,0.199899,1.80614,0.0212515,0.318568,0.65377,-0.373107,-0.0830926,0
-0.0765061,0.0820583,0.109027,0.68408,2.11509,0.0212855,0.293772,0.851232,3
0.21998,0.914532,1.91946,2.89714,1.14604,0.0127042,1.30992,-0.151488,0
1.98406,3.08346,3.21018,0.142753,1.84899,-0.256046,1.66632,-0.033294,0
1.58193,0.575257,0.551166,2.5155,1.82529,0.296494,-0.00191669,2.031,1
2.05437,2.87335,0.0931908,3.0181,1.90787,-0.178584,1.54542,1.24591,1
0.530806,3.06881,2.06803,0.413293,1.31562,0.763456,-0.365807,0.274829,1
0.248348,-0.0268335,2.69836,0.141262,1.00396,0.971526,2.0624,1.98032,3
1.05814,3.93788,1.33114,0.645489,1.79807,0.472593,2.04419,2.23187,3
-0.450552,3.43174,1.99089,3.05789,0.465995,0.305758,1.33446,-0.0916712,-0
1.19064,2.47994,0.431154,2.78349,1.17464,0.845559,-0.0425031,1.81527,1
-0.0902994,-0.444681,1.70995,1.10435,2.07367,0.694992,1.88858,2.10592,3
-0.365901,0.304087,1.79954,2.47104,0.193456,0.638771,0.930834,1.37517,3
1.79539,2.08216,0.10169,1.7185,0.333169,0.199853,0.27147,0.887378,1
1.8744,0.120811,0.277129,2.73109,2.03646,0.234906,-0.055516,2.06003,1
0.388811,3.47173,2.14963,0.342696,2.48619,0.306466,1.1975,0.831485,3
0.313698,1.64009,0.846692,1.36257,0.397863,-0.276595,1.92698,0.818366,1
0.361232,1.90131,0.949227,2.98607,0.515948,-0.820148,1.95297,1.02769,3
0.405983,3.91506,2.74232,0.644773,0.562097,0.28662,1.72859,0.971693,3
0.756923,2.06324,0.59824,0.414326,2.67437,0.668678,1.00761,1.26374,3
2.01085,0.467781,0.479463,3.19996,0.596331,0.934835,-0.0800148,2.10666,1
1.48127,3.93287,0.118434,1.81007,0.310715,0.600348,1.0824,1.48976,1
1.44347,0.413257,1.97509,0.173505,0.121176,0.146064,-0.0203641,1.39077,1
0.459617,1.70555,2.99701,1.32545,1.61963,0.39422,1.15002,2.24685,3
1.0422,3.71353,-0.187435,2.23909,0.561687,0.61742,0.0345493,1.00961,3
1.9087,2.53855,3.07917,0.379979,1.13529,0.602078,0.115933,0.787945,1
2.0265,0.835671,0.950392,0.662851,-0.173684,1.06459,0.009978,1.84735,1
1.06915,1.17156,2.66167,3.02586,0.769181,0.361128,0.259653,2.01193,1
1.02452,1.22604,3.2167,3.01988,1.2978,0.984306,1.61953,2.15202,1
-0.132068,2.71507,2.91996,2.5065,0.429453,0.736014,1.32163,1.1906,3
1.1814,0.0583628,2.93469,2.32821,2.17441,0.553404,0.859967,2.20049,3
0.961944,3.0989,0.158662,1.87034,-0.195148,0.90655,0.308707,2.02636,1
2.09551,2.19976,2.24284,1.60461,0.244847,0.36348,-0.328424,1.50774,1
1.32236,3.01002,2.73737,0.373718,2.16179,-0.0781935,0.690286,1.98073,1
0.530023,3.54866,-0.175434,0.139064,2.13023,0.666226,0.538644,1.26625,3
2.10103,0.287238,0.024079,1.76869,1.37192,0.619601,-0.187795,1.78164,1
0.776719,1.42726,2.73325,2.3175,1.19548,0.63987,-0.0542471,2.08476,1
2.1009,3.35605,1.06855,0.373237,2.2951,-0.100152,0.861394,-0.0207742,0
1.07155,0.838855,1.75775,3.28941,0.0073491,0.0586749,0.940238,0.736527,1
1.03088,3.19915,0.685037,0.638736,-0.370503,0.56622,-0.0588256,1.59464,3
0.945093,0.287062,-0.0534576,2.16374,2.63274,0.7453,0.836235,1.62828,1
2.06195,-0.282232,0.496558,0.299196,0.387602,0.152318,0.0473208,1.62099,3
1.26252,0.169748,3.00841,0.881482,1.03482,0.464186,0.72466,1.66574,1
1.32424,0.236904,0.11201,0.467029,1.38016,-0.0502896,1.72782,1.81814,1
0.227073,1.81237,0.941604,1.28206,0.292267,0.00994091,-0.115182,-0.0591029,0
0.76718,0.487013,0.363502,1.67759,-0.236211,0.307783,1.22518,1.66611,1
-0.0967184,2.41174,0.52583,3.33502,2.27513,0.681641,1.64215,1.12902,3
0.937419,3.99004,2.00031,0.380096,1.61517,0.00265845,0.812574,0.992138,3
0.761923,2.77822,1.95489,2.37278,1.90069,1.13168,1.5729,2.06119,1
0.755143,3.01907,2.89175,3.13331,0.354622,0.32538,1.17541,2.15296,1
-0.00374581,1.65744,0.128002,1.81485,2.52837,0.742005,1.67757,1.10182,3
1.01405,0.204332,3.13428,0.820989,0.327425,0.803728,0.695947,2.0774,3
0.410281,3.68501,0.418892,2.3439,1.45819,1.40281,1.93448,1.25547,3
2.22165,-0.286297,0.205655,2.72861,0.794664,0.282249,0.132138,0.0183594,-0
1.59202,0.551675,-0.102027,0.0516815,0.767683,0.52778,-0.0693143,-0.131425,-0
1.69345,2.58424,2.64803,1.39846,2.40063,0.39813,0.649031,1.48123,1
1.03597,0.472114,0.263301,1.93745,-0.0221145,0.125483,1.35927,1.39996,1
0.9271,0.839676,3.02487,2.31107,0.820054,0.577424,0.127533,1.94661,1
1.59605,0.181038,1.01094,2.71659,-0.0323313,0.74067,0.227989,-0.181565,0
1.02366,0.1627,0.958488,-0.150386,1.75621,0.409513,0.618134,1.2715,3
-0.0374547,-0.100711,2.98967,2.24555,0.899431,0.285789,1.74182,-0.219417,0
1.32923,2.17738,3.39276,2.91718,-0.251183,0.103716,1.52434,2.05169,1
1.10512,-0.48847,1.73284,-0.134005,0.590218,-0.315032,1.61125,1.94639,1
0.362056,3.26327,2.26845,2.69581,1.8309,1.13201,-0.508929,1.70645,1
1.44366,2.25619,1.99062,3.226,1.40814,1.57417,1.49156,-0.0926259,-0
0.81458,4.00895,0.0144221,0.055545,0.0136784,1.26388,1.26662,1.69511,3
1.33998,0.776407,0.219913,2.74794,1.96383,0.740454,1.95486,-0.0208974,-0
0.566621,3.72108,0.268491,1.04079,2.19406,0.456305,0.826392,0.95303,3
0.600027,2.17588,0.822671,1.84651,1.28914,0.257293,0.502257,1.86218,1
0.0474565,2.39755,1.38572,1.57128,0.131469,0.662224,0.393914,1.72012,1
0.156361,0.651965,0.572598,-0.0224538,1.04714,0.647189,0.727027,1.91718,1
2.5806,3.82431,2.06087,0.149715,1.08672,0.317853,1.83045,1.27513,3
0.318017,2.4474,1.28009,1.48246,1.70648,0.310938,1.69464,2.03861,1
0.187009,2.30377,2.2041,2.39777,-0.127862,0.83419,2.04762,1.84979,1
0.282504,3.88498,-0.318283,0.932595,0.698166,0.0164908,1.67097,1.41814,3
1.3628,4.08317,1.31769,2.0326,0.029747,0.491486,-0.227373,-0.171671,0
0.489166,0.498687,3.18834,2.65123,0.760048,0.224824,0.815864,1.42965,3
1.12848,2.53534,1.58206,-0.255668,1.95932,0.206771,1.96483,1.83004,1
1.62272,0.0101712,1.84219,2.04901,2.55952,1.02324,0.618881,1.86206,1
1.6681,3.56819,2.63083,2.57628,0.535344,-0.120147,0.670829,1.58167,3
0.5676,0.536315,1.54746,2.05048,0.102902,-0.198957,1.56034,1.80096,1
1.29933,2.31663,1.35966,2.74818,1.22716,-0.28652,0.416417,1.58169,1
1.64666,2.30282,3.24638,2.10915,1.68983,0.174182,1.69977,1.72296,1
0.953721,1.25254,0.0401069,0.644595,1.13761,0.0237878,1.36404,1.01201,1
0.135332,2.46562,1.73467,2.79488,0.87701,1.32734,-0.0342392,-0.17435,-0
1.17659,2.18848,2.15856,1.05933,1.90167,1.16656,-0.0516892,1.63858,1
1.39792,0.550666,1.34372,2.89338,2.12355,-0.371582,1.91034,2.04644,1
0.347754,1.94884,1.5012,0.114289,0.367557,0.857945,-0.367387,1.43179,1
1.11349,3.23866,0.19191,1.58799,0.5157,-0.068404,0.57703,0.00819818,-0
2.08906,0.187356,0.719232,0.170907,1.03514,1.30158,1.11385,0.00547362,-0
0.318754,2.20329,2.17192,2.36135,2.19558,0.279419,0.037852,-0.162241,0
2.16923,0.376522,0.128599,2.25423,1.85576,1.43339,0.790596,0.720025,1
1.1308,1.31085,1.75153,2.108,0.12561,0.626781,1.90335,1.82591,1
1.05124,0.697235,-0.36507,2.98226,2.32857,0.826688,1.33395,1.15343,3
0.454246,1.11716,0.964117,0.863124,1.5128,0.745975,1.69898,0.185214,0
2.0584,1.77222,-0.163807,0.748085,0.308471,1.06393,0.0426518,0.556414,1
0.919886,1.25073,-0.00833845,2.2722,1.43642,-0.598815,0.114352,1.03309,1
0.481046,1.22485,1.47441,-0.195426,0.966834,1.67064,1.23425,1.27381,3
1.87013,3.83229,1.69564,-0.0543862,0.302778,1.08403,1.74777,1.17242,3
1.29701,-0.153722,1.33306,1.66754,1.95641,-0.578975,1.28177,2.01894,3
2.85266,2.0343,0.0514098,-0.063581,1.84259,-0.427882,0.435068,2.08309,4
0.165441,3.72519,1.93379,2.69768,1.68085,0.143808,0.0628073,1.72457,3
0.454456,0.128234,2.42873,0.391134,1.83437,1.23857,1.11328,2.19483,3
1.20735,2.37646,-0.0254465,1.90571,-0.114288,-0.116544,0.45452,-0.083513,-0
1.66631,1.26315,3.14766,1.65754,-0.166564,-0.518844,1.29006,1.06089,1
0.701979,1.9332,1.21264,1.59233,0.851661,0.123754,2.25768,1.37625,1
1.08373,2.85064,0.186184,1.92565,1.72163,0.0462862,1.67373,1.85451,3
1.35683,2.1521,-0.0706378,2.99852,1.21777,1.17199,0.373695,-0.0786908,-0
1.07686,4.05099,2.89519,0.106879,0.933978,1.09126,0.466161,1.6008,1
0.147085,2.05284,0.913366,2.92653,1.43997,0.968021,2.01332,2.12141,1
1.30282,0.0157146,2.57402,1.93843,1.21917,1.1105,2.40075,0.945468,3
1.57613,0.440121,3.34279,-0.292767,1.00605,0.530618,0.151501,1.61455,1
0.790273,3.95789,0.589028,2.70811,1.12396,0.354298,-0.420771,1.54516,3
1.55734,2.43689,0.379351,2.54289,1.24683,1.03368,-0.375497,1.04229,1
0.862443,3.568,0.451116,1.16165,-0.390614,0.453706,-0.209524,0.316464,1
2.4166,-0.301142,1.87578,0.930669,0.954666,0.0535287,1.47905,1.89051,1
1.14346,0.767379,-0.246194,0.0110372,1.5106,0.613609,0.232321,1.69959,4
2.01136,3.39459,0.0499749,1.23024,-0.0376745,0.433632,0.568351,1.9034,1
1.24254,0.17577,0.491382,0.295855,0.0205629,1.0014,0.398962,0.878979,3
0.415912,3.47965,2.09748,0.210178,1.92777,0.928597,-0.00362589,2.02032,1
2.02677,2.3572,2.94804,2.63431,0.549088,0.275426,0.182512,1.02528,1
0.490391,3.46687,1.95646,2.73606,-0.11321,0.836555,1.66567,-0.0641018,-0
0.0225768,3.8406,2.37378,-0.153117,0.438829,0.899089,1.11502,1.39451,3
2.6732,1.56671,0.0383671,1.66235,-0.139055,0.511997,-0.570183,1.94427,5
2.21047,0.435207,-0.11744,-0.293458,2.08716,1.30233,0.541308,1.45943,1
0.729495,3.62543,-0.434138,2.77482,0.567806,0.768298,0.79525,2.07388,3
-0.335583,3.12623,2.06947,0.767141,0.802525,0.465685,1.12197,1.02635,3
0.0461327,1.41848,2.47937,0.812717,1.3884,-0.323022,1.20841,1.39523,3
-0.0116984,1.4313,1.41734,2.41966,1.43499,0.0544306,0.108926,0.895154,3
0.870994,-0.409413,2.78078,1.70167,1.62439,0.592121,1.87692,0.582237,3
1.51554,1.7327,0.846329,2.85938,2.38273,0.985473,1.55005,1.80442,1
1.09878,2.81174,0.869692,1.79841,0.706722,-0.643223,1.88428,1.16714,1
1.46865,0.101356,0.183033,0.505405,1.17835,-0.331206,0.304438,1.49962,3
1.53479,3.85653,3.292,2.35358,1.57171,0.497392,0.196801,1.99078,3
1.39235,2.84944,0.0539041,3.09738,0.506968,-0.0644376,-0.0557648,1.30433,1
0.986793,3.55216,-0.0226471,2.14324,0.182155,-0.323476,0.986875,0.940784,3
0.427812,2.93847,1.92746,0.541853,1.15977,0.466714,1.88364,1.57355,1
0.2467,1.35369,1.32823,0.876834,1.57715,0.44969,1.75863,2.11895,1
1.71827,0.0771577,0.093697,0.456592,1.70659,-0.261873,0.13392,-0.0255182,-0
1.2191,1.14155,3.4949,0.103801,0.0900358,-0.237979,0.514139,1.85684,1
1.23662,3.45753,-0.040992,0.0472548,0.996657,0.0373753,-0.0611773,0.291088,1
-0.215277,2.78146,0.234931,0.822547,1.28979,0.32526,2.19388,1.69505,1
1.13334,2.73463,0.612891,1.38558,0.685984,-0.255435,1.10116,1.49415,1
1.82172,2.61464,1.43908,2.93262,1.49251,0.421339,1.38014,1.68322,1
1.52354,1.75065,1.40075,1.48465,1.63721,0.641887,-0.220847,1.52922,1
0.499194,1.06275,3.02002,-0.113185,-0.194151,0.576352,1.02381,-0.241872,-0
0.0912392,3.34711,0.0387692,-0.0166122,1.01627,0.0532025,0.74917,0.498223,1
1.55253,1.11994,1.60318,0.444698,0.216912,0.160218,1.34001,1.83744,1
1.02001,0.753692,2.38548,0.804145,0.832853,0.550216,-0.640269,2.16519,1
1.78495,1.5317,3.0693,0.268163,0.42463,-0.00312809,2.02756,1.911,4
0.867887,0.976628,0.195806,3.15687,1.82792,0.314419,-0.0370019,1.91456,1
0.60366,-0.0866008,0.590778,0.845126,1.35606,0.752845,2.09132,-0.148362,0
0.198359,-0.229059,1.6857,1.00566,-0.121,-0.0718553,1.78512,2.15191,1
1.41685,0.284715,-0.221231,2.92034,2.18184,-0.127895,0.166026,2.04096,3
0.589054,0.773391,0.470686,1.53221,0.605446,0.829763,0.625937,2.02292,3
1.10682,2.08335,1.06673,-0.0529835,0.316532,0.281184,0.297061,1.23395,1
1.45645,0.0970445,2.43602,0.932974,-0.143153,0.201798,0.335573,1.60777,1
0.174944,0.166742,0.856795,2.9297,1.1299,0.179572,0.0908429,1.26752,1
1.36209,1.45478,0.0797464,0.732278,1.30374,0.0134687,-0.330722,-0.0761324,-0
2.50109,3.66792,0.852886,0.888743,1.49737,0.947254,2.09025,1.25134,3
1.63404,1.74815,1.93925,1.757,1.80113,0.421117,-0.190501,-0.134965,0
0.139601,0.0402441,0.711608,-0.0274629,-0.106767,0.948546,0.458329,-0.178266,0
0.25404,1.96689,2.46684,2.24332,1.70118,0.568148,0.250022,1.18023,3
-0.158087,3.98432,2.76963,0.581197,0.3595,1.07741,-0.170988,0.982369,3
2.21549,1.61631,0.967713,2.64967,-0.232061,1.05463,0.903447,0.451698,1
1.30722,2.07049,1.18858,1.23512,1.79084,0.462817,1.68308,-0.0109209,-0
-0.165658,-0.271648,1.10291,0.756809,0.698753,0.668481,-0.43157,1.12807,3
2.10655,2.55842,2.59455,2.39274,0.293589,0.810295,0.0170947,0.966451,1
1.30834,3.55731,0.924723,2.23383,1.4546,1.25972,0.418765,1.70992,3
1.15876,3.45852,2.11957,2.41691,1.32728,0.430063,1.12067,1.03283,1
0.197721,0.0521036,1.60811,-0.375319,1.16823,0.797628,0.818818,2.1325,3
0.231959,0.552028,0.375327,0.776757,1.84743,0.378816,2.04576,2.08061,3
0.143069,1.88627,0.2616,0.0977092,1.94382,-0.0648274,-0.233358,0.00837449,0
0.318087,-0.0909734,2.83271,0.529701,0.322786,-0.544978,1.63951,-0.103111,0
1.66233,0.0706378,1.06821,2.56618,1.92308,0.277392,1.58528,0.0367131,0
2.33524,-0.692402,1.76732,2.96891,0.976052,0.0665398,1.10185,1.41186,1
0.644252,2.68863,1.91399,0.104478,1.37447,1.98792,1.06999,1.84403,1
1.10552,3.38188,-0.306942,1.30197,1.13168,0.693641,0.529236,1.09474,3
0.907651,3.48777,3.18279,2.45088,2.34543,0.691878,0.58168,1.58432,3
0.317161,1.43393,2.76808,0.196875,2.32611,0.226429,0.340339,1.57801,1
1.84814,0.792116,2.92234,0.174054,1.1498,0.725027,-0.240404,-0.106041,-0
2.57874,3.64005,1.34571,0.396588,0.497024,-0.132371,-0.0244169,2.24361,4
0.155965,2.01828,2.20035,2.21972,0.706254,0.621123,1.92039,1.65003,1
1.84806,0.861397,1.59633,0.933711,0.56919,0.246655,0.586494,1.34126,3
1.46769,0.167828,3.00609,2.91158,0.746672,0.290619,-0.233048,-0.0513813,-0
1.17641,1.65887,0.00120582,2.3628,1.58606,0.266512,-0.0146367,1.97516,1
0.113959,0.793367,-0.314791,0.723755,0.135447,0.962672,2.01463,0.72011,3
0.764157,3.65461,3.43341,2.10676,0.726327,0.226367,0.00205554,1.56687,3
0.443869,3.75658,1.71046,0.530237,2.04686,0.510894,-0.234823,1.45789,1
2.07053,3.75232,0.404133,0.645284,1.90052,0.132653,-0.00164199,1.30416,3
1.72733,0.344904,3.02738,0.522943,0.216824,0.870986,2.1625,1.43711,1
2.15615,1.05178,-0.101154,0.686431,1.01307,1.43422,0.272087,1.71513,1
0.0108759,0.219682,2.34194,0.353546,0.346606,-0.102654,0.268375,1.5061,3
1.05069,-0.252515,2.93963,0.446932,0.0823015,0.273234,0.00825,-0.128856,0
0.647675,2.33985,0.0928794,0.982535,0.929894,1.67624,1.61318,2.12451,1
2.19575,1.32296,1.24023,0.420905,1.15857,0.387265,-0.193725,-0.10206,0
-0.108433,1.58539,1.01819,0.303777,0.533977,0.871955,1.06967,1.48651,3
1.66517,0.560083,-0.114997,0.0757842,0.519494,0.432572,0.384913,0.917972,1
2.01075,1.51483,2.67105,1.01814,1.06513,0.297816,0.867021,1.68044,1
1.13196,0.385139,0.828371,1.54415,-0.357968,1.15283,1.48795,1.87966,1
0.745462,1.58288,0.552628,1.53303,2.32917,-0.134381,0.303448,1.65636,3
-0.214037,3.71035,-0.0745248,0.586405,1.43654,0.585938,0.0272264,2.15115,1
1.53959,1.31122,1.46521,2.73497,-0.0786205,-0.0598374,1.96277,0.557546,1
0.347344,3.67197,0.987278,0.0805446,0.178576,0.0467287,0.381041,0.842632,3
-0.135785,0.0732758,0.394528,2.48776,0.725265,0.262943,0.491701,1.08403,3
1.42095,3.78475,2.17666,2.90197,1.26776,0.757972,2.16012,1.94345,3
1.1439,0.151961,0.213757,0.139101,2.5771,0.689598,0.91652,-0.156891,-0
0.578193,2.87022,3.05601,1.04433,1.11981,-0.174312,-0.164546,1.59863,1
1.37876,2.50974,-0.139117,2.24315,-0.0293518,-0.0173294,0.239059,1.6675,1
1.81464,0.0379962,3.0238,1.85916,1.10004,0.863696,2.1787,2.16695,1
1.77319,0.507479,3.07656,2.21387,1.48479,0.0798151,0.907674,1.28714,1
1.40284,0.0927003,1.86823,0.234965,1.5803,1.55853,1.34737,1.52303,1
0.826389,3.37402,2.64428,2.48864,0.733249,0.367772,2.01463,1.78772,3
0.115431,1.42819,2.73292,1.03839,1.44678,0.415408,0.779101,2.04848,3
-0.165845,3.69115,2.36144,2.26681,0.531145,0.0453378,0.0865598,1.56507,3
-0.450771,3.64222,1.76085,0.289034,1.19017,0.306803,1.98739,1.86841,1
-0.348047,0.800604,1.81267,1.74507,0.883129,0.618324,1.99295,2.30799,1
1.02482,1.20365,-0.249814,0.963874,2.75126,-0.0829366,0.599014,1.19328,3
1.5173,1.81007,-0.173246,0.00174929,1.77986,1.04907,0.740353,1.85935,4
1.99141,3.27453,1.2611,0.222184,1.28457,0.622533,0.667023,1.60573,1
0.0153822,0.15746,1.95914,-0.062504,-0.537506,-0.011064,-0.113357,0.728882,1
0.94787,0.528955,0.0253548,2.73565,2.07958,0.197251,1.25602,1.91734,3
1.97363,3.18175,0.879334,0.775135,1.72412,1.1927,1.39422,0.172674,0
1.95042,0.096369,-0.182835,1.17481,1.75929,0.100888,0.312083,-0.0695714,0
2.41337,2.52284,0.250425,2.27382,0.497269,0.086559,1.00989,0.535165,1
1.99882,3.21123,0.509091,1.19992,1.49662,0.69875,-0.0484599,1.29127,1
-0.0915997,0.415569,0.162438,0.474729,1.56384,0.831081,-0.323723,1.15773,3
0.396123,0.607493,2.46464,1.92657,0.303222,0.154105,0.903642,1.31042,3
1.7061,-0.348801,2.09046,0.0303264,2.49159,0.548754,0.16348,1.31644,1
0.807252,1.43515,0.195147,0.558842,0.824988,-0.280356,0.955737,1.99147,1
2.27499,3.78799,2.58637,3.01301,0.0362994,0.199921,1.7169,2.13607,1
0.578458,0.018307,2.71833,0.829662,2.39785,0.160808,0.262855,1.5122,3
2.07051,0.170734,1.45861,0.0938533,1.46637,0.81581,0.441015,1.44871,3
0.401823,-0.448274,3.2317,2.40943,-0.14296,-0.118421,1.6159,1.77375,1
1.60069,3.67767,-0.0146602,2.5566,1.65593,-0.170807,0.697863,1.98075,3
2.21674,0.428323,0.0997636,0.584836,1.95128,0.620764,0.951927,0.918206,3
0.648992,-0.0296755,0.307612,-0.273144,-0.428211,0.349084,0.983347,-0.176386,0
0.164308,-0.122024,-0.157536,2.74429,2.18319,0.296813,-0.0567455,1.20527,3
1.3137,2.99617,-0.158731,1.71079,1.59589,0.8018,0.196764,1.30127,3
0.770405,-0.35179,2.57589,1.19513,0.272102,0.596503,0.0315114,-0.0491846,0
0.0337088,2.05407,0.561636,1.41346,0.464855,0.72576,1.5846,1.48542,3
0.211202,3.76615,2.26444,2.23629,1.40594,0.660696,1.15784,1.51762,3
0.360386,0.307877,1.51881,-0.0185192,0.535259,1.0213,1.38621,2.014,3
0.0191654,3.79566,1.27934,0.205907,0.598098,0.346495,1.12142,2.03072,3
1.89574,-0.322301,2.60375,0.0682522,1.14656,0.534623,2.39083,1.24253,3
1.0758,1.98335,0.246139,1.87933,1.27717,0.507095,1.0762,1.25447,1
-0.118804,0.355075,-0.0530171,1.62519,0.678946,0.0669774,-0.353007,-0.113604,-0
2.31206,0.360596,0.424043,0.982751,1.79596,0.883867,0.884974,1.74728,1
1.85599,2.50772,-0.0806406,2.01019,1.77517,0.119118,1.2169,0.0222036,-0
1.83042,1.51332,0.118499,0.343702,1.66409,0.210254,0.452043,1.53034,3
1.82353,2.34689,1.64932,2.85865,1.31314,0.631838,2.09365,0.105935,0
1.98059,1.99007,1.7749,-0.418323,1.38796,0.567892,2.04805,2.17961,5
1.65454,2.43418,0.883147,-0.142889,1.59962,0.0339694,1.50419,0.67507,1
-0.105498,2.20259,2.35453,0.289822,0.36855,-0.296289,0.0680014,1.06065,1
1.21155,0.0868332,1.67244,0.887308,0.00495726,0.277463,0.756595,0.967895,3
2.05025,2.02627,1.92767,0.728471,0.237932,0.65366,-0.4505,1.94017,1
0.688801,1.04761,2.41073,0.157051,1.80545,0.685632,0.121853,1.04648,3
1.96741,0.844295,0.432067,0.215586,1.11349,0.282443,1.75676,1.65074,4
0.299219,2.92252,2.99149,2.97356,1.36336,0.202158,2.21104,1.64116,1
0.753831,0.43581,2.41528,2.56865,1.5012,0.424536,1.68604,1.87202,1
-0.333243,2.48904,2.38093,2.18974,0.288927,1.25739,2.07776,2.07595,1
0.749446,-0.110046,1.55673,0.330572,2.14023,0.312556,0.445635,1.51897,1
0.481337,3.87385,0.681386,2.45089,0.463931,0.510803,2.2145,0.831984,3
1.02635,1.03453,0.946146,3.10522,-0.00118868,0.774693,1.26835,2.07785,1
1.71973,3.90053,0.0274246,1.32559,1.91472,1.36235,0.397588,1.38228,3
1.13026,3.62818,-0.0349071,1.81205,0.735369,0.711465,1.55552,0.0257317,0
1.48375,0.553322,1.72995,1.75311,0.636177,0.297791,-0.191123,1.24363,1
1.58713,3.84605,3.12213,0.889925,0.382506,0.69015,0.230361,-0.0610023,-0
1.74912,0.16434,0.0658665,-0.248532,0.333005,0.0896921,1.33144,1.43184,1
1.3449,3.38155,2.85177,2.56852,1.86499,1.01818,1.73543,0.925663,1
1.48989,3.98996,1.57822,3.38175,1.5978,0.602362,1.39491,1.28127,3
0.8938,3.53127,-0.115,2.77763,1.57844,0.535263,2.07195,1.17486,3
0.732862,0.221111,1.58647,3.05829,-0.125917,0.179259,0.014108,1.104,3
0.237251,0.0419081,-0.0236667,0.00436242,2.71521,0.309467,0.497564,1.74685,1
1.69858,4.09441,3.35019,2.51354,1.40509,0.958318,1.35503,-0.00678471,0
0.836138,3.82323,-0.0683916,3.1772,0.648053,0.504879,0.649164,2.40812,3
0.46418,1.08097,1.72645,1.82131,1.18234,0.689043,-0.0235571,1.72976,3
1.54293,4.1701,0.690884,0.61121,1.24218,0.448748,0.338951,-0.025547,0
0.929403,2.84653,1.87306,3.09031,1.76685,0.480559,0.416257,2.25393,1
1.36478,1.09748,1.61551,2.40871,2.20653,-0.120106,-0.395882,2.22733,1
-0.0227358,1.73427,1.55539,2.89193,0.817333,-0.240797,1.83296,0.803198,3
0.234232,3.7792,1.9359,2.14953,0.77698,0.94318,0.488544,1.85217,3
0.303051,3.4503,2.37358,0.253925,0.470834,1.27482,0.70542,1.30795,1
1.24373,0.082591,0.995261,-0.0322841,0.650569,0.0643941,1.01566,1.81614,3
1.00917,2.01724,2.22788,1.67075,0.417832,0.110426,0.465168,-0.124139,-0
1.09709,1.79362,2.39001,-0.202961,2.11843,0.609203,0.401896,0.690635,1
0.453339,3.78075,0.350962,1.84465,0.862331,0.361786,0.125843,1.10989,3
0.829159,1.91202,3.22485,2.9136,0.542163,1.41935,2.13682,-0.106144,-0
0.968545,3.87131,0.00341377,-0.0713791,1.46494,0.239079,-0.0619769,0.906856,3
2.24487,1.18185,1.35898,0.444405,1.46793,0.91874,0.0658305,1.50741,1
1.80948,2.18084,0.925516,0.226886,1.12011,0.505106,-0.198627,1.19407,1
0.395102,2.61531,1.53329,1.8634,0.504566,-0.559838,0.0466099,0.801371,3
1.22568,3.05034,-0.00706861,1.3536,0.506388,0.418757,0.288104,-0.0746959,-0
0.870481,1.58005,3.521,1.72333,0.775369,0.807417,2.17711,2.25094,1
1.7121,2.59244,0.367284,1.02544,2.36677,0.53061,1.12028,0.800942,1
2.09884,-0.164618,1.14875,0.279951,0.982424,1.40043,1.99572,1.79376,1
1.52009,2.16487,0.301672,1.36448,0.920513,1.21137,0.975128,1.95934,1
0.185898,1.35053,3.01929,1.37066,0.0472559,0.0059314,1.6448,-0.064763,-0
1.73964,0.5532,2.17178,0.912413,2.32853,0.239936,0.883396,-0.0479548,0
0.193338,1.00686,1.2906,1.11215,1.95453,1.15403,1.9317,1.47687,1
0.188063,3.76682,0.656801,2.39562,1.25124,-0.37986,0.162444,1.62352,3
1.56006,3.69904,0.786146,0.941422,1.23517,0.138645,0.427475,2.93238,3
-0.0857579,3.06683,0.925894,0.152865,1.57787,-0.0937805,1.07633,2.08943,1
0.570212,-0.39983,-0.273223,1.6899,1.49444,0.625149,0.758443,-0.22982,-0
2.05198,3.73092,0.852193,1.06618,1.9904,0.321499,1.59408,0.0122549,-0
1.93848,2.89445,3.10642,2.82879,2.42953,0.336166,1.79617,1.58738,1
1.42855,-0.054391,0.919423,1.15643,1.05521,-0.0548875,0.834972,1.51005,3
0.255827,3.01495,3.13435,1.54993,1.13604,1.37347,1.68638,1.52679,3
1.08284,2.74662,0.42344,2.04042,1.2795,0.0351069,2.20213,0.914968,1
0.847442,1.71656,-0.192185,2.42069,2.40575,0.297946,1.69723,1.71175,1
1.06103,1.58813,2.55941,1.067,2.00294,0.543214,0.985033,1.4239,1
-0.000239083,2.27196,-0.0888143,0.465905,0.988192,-0.225521,1.0618,1.56848,1
0.0874394,3.31494,3.18037,2.70447,2.14397,0.203711,1.02972,-0.170116,0
-0.255385,1.27522,3.26732,1.12814,0.573378,0.532694,0.364172,-0.209708,-0
1.95183,3.78759,1.4094,2.92455,1.26507,0.0616772,2.03906,1.5739,3
1.31893,2.98207,-0.182672,2.62455,0.259555,0.737476,1.18167,1.59518,2
0.691725,1.00294,0.34324,0.0587544,0.815501,0.843435,0.797656,1.84226,3
-0.0167312,-0.0279207,1.92613,2.72267,0.686259,-0.404256,0.110625,1.57786,3
1.90526,0.176973,0.616863,2.63096,0.416464,0.408399,1.28881,1.19377,3
0.965473,4.06347,0.763315,1.45019,1.60512,0.406707,1.36788,1.49506,3
2.2398,1.93555,2.72779,0.431223,1.72944,0.440932,0.387031,0.0426201,-0
-0.408524,-0.0427749,-0.219724,0.349273,1.11213,0.370251,0.3562,2.1657,1
-0.236256,2.41262,2.32138,0.184305,1.28552,0.61513,1.94988,-0.193794,0
0.0455496,2.67002,-0.133956,3.12309,2.18682,0.174785,0.176918,-0.198498,-0
0.0422999,4.1385,0.992956,0.578631,2.00792,-0.184415,-0.0423494,1.70043,1
0.676185,-0.419719,2.83357,2.78994,0.46856,0.531136,0.539838,1.40737,3
0.256748,0.412284,1.0242,2.45398,2.13815,0.462149,1.30988,1.96331,3
0.751765,3.91015,0.41771,1.84458,0.473354,0.494838,1.17028,2.04969,3
0.939393,0.349545,2.4506,1.63245,0.850808,1.66454,1.68691,1.41889,3
1.35335,3.57909,1.3035,2.16384,2.16072,0.816042,1.16093,2.07238,1
0.578881,3.70051,-0.245456,2.72659,1.77295,-0.065706,1.15102,1.23857,3
1.06038,-0.0125891,2.31932,1.25608,-0.267168,0.186618,0.512989,1.5953,3
1.99288,-0.2194,0.766723,0.996369,2.23152,-0.101303,0.0407854,1.71737,1
-0.0632047,0.718427,3.08748,1.21975,1.96193,0.42127,0.924945,1.06278,1
0.0120516,3.60409,2.40484,0.435181,0.809828,0.380737,0.305959,1.79591,3
1.25949,1.35503,0.332576,0.530884,1.60086,-0.252496,1.55886,1.65465,1
1.47532,1.73254,-0.236462,1.78415,2.63446,0.598554,-0.141976,1.8849,1
0.194484,3.14631,1.21574,1.30203,1.54302,0.0592107,-0.183873,1.82734,1
1.95149,0.884109,2.92384,2.01615,2.38854,0.0576254,0.657507,1.70991,1
0.620546,1.92015,2.34351,2.60072,0.252742,-0.485321,0.0533472,1.44428,3
0.791218,0.182568,0.19215,1.9163,0.128314,-0.178136,1.86563,1.09804,3
1.33243,-0.227176,2.68072,1.34697,0.467122,0.377008,-0.00343209,-0.13999,-0
0.7354,0.00570564,1.28308,-0.147661,-0.0968393,0.419718,-0.00392079,1.24009,3
-0.215856,-0.249805,0.985257,1.88688,0.468682,0.757745,1.93617,1.88267,3
0.85223,-0.369873,1.51495,0.300182,1.5599,0.139401,2.36773,1.78473,1
0.85214,2.6301,0.0550564,2.68144,2.20012,0.372424,0.698637,-0.0251645,-0
-0.238449,1.5791,0.959266,1.91133,0.379555,0.255872,1.97086,-0.0474299,-0
1.94942,1.38818,2.50206,1.99559,2.11368,0.782915,-0.0686292,0.327033,1
-0.151211,2.46977,0.185349,0.432036,0.624263,1.00519,0.60835,0.909282,3
1.75496,1.91089,-0.086585,0.993204,1.12483,1.11936,0.846264,1.19819,1
0.30315,2.7101,0.180135,-0.14437,0.394431,0.870256,0.828834,-0.143712,0
1.56884,1.1085,2.7429,1.85543,0.31936,0.747393,0.110556,-0.0541446,-0
0.900993,3.60505,0.510481,2.91107,1.36314,-0.11333,1.92617,1.68219,3
2.12626,3.52231,3.13799,2.51402,0.836369,0.0408756,0.311683,1.6208,3
1.82851,1.72027,1.76017,0.370059,1.1551,0.345085,0.792024,1.49537,1
0.0599932,3.40695,2.38775,1.83318,0.996081,0.425352,0.072972,1.23941,1
1.37042,3.86256,2.99237,2.93956,-0.0445606,1.08558,1.26229,0.985376,3
0.526686,-0.0777511,2.4374,1.15639,0.906197,1.49638,0.318369,1.20234,3
1.38541,3.61591,2.48274,1.64492,1.79625,-0.0653937,0.6491,0.00125205,-0
-0.210884,3.57581,0.0794999,0.782475,-0.0930021,0.893043,0.158216,0.844902,3
1.25567,2.19119,2.41062,2.7238,2.36941,1.21956,1.8727,1.67488,1
0.422859,0.920798,0.931291,1.67731,1.62672,0.541065,0.904134,2.10767,1
0.642425,1.70094,-0.495157,3.17758,1.76268,0.989403,0.797786,1.58532,3
1.82598,-0.13333,2.12114,1.23168,1.41978,0.247292,0.322135,1.61924,3
0.372136,3.61236,2.09245,2.30871,0.525447,0.913453,1.66665,2.06743,3
-0.0713421,3.26758,2.55544,1.60372,0.606426,0.288995,0.128654,1.52325,3
1.28288,1.44664,0.140372,2.6293,0.892996,0.831395,1.40767,1.89083,4
1.8893,0.435943,-0.0178749,1.32111,1.29803,0.154967,2.21801,-0.0955115,-0
0.631186,2.91441,2.26426,-0.139833,0.8976,0.696299,0.194656,2.12571,1
2.06349,3.11044,1.00327,2.01514,2.23209,0.864003,0.0380108,1.69924,1
0.908899,2.67545,1.09367,1.87334,-0.0632101,0.480543,-0.348299,1.40744,4
1.61744,0.0968254,2.88692,0.467699,1.22,0.122421,1.3002,1.74177,3
1.68266,1.31503,0.556632,2.59576,2.44732,0.626675,0.982476,2.11146,1
0.57491,0.0564852,-0.0989923,0.230125,0.336157,0.407706,1.57484,1.85895,3
1.59904,-0.251543,0.492506,0.503093,0.72562,0.201437,0.365715,2.35908,1
1.65221,3.64924,2.38863,1.99473,1.45965,0.996892,1.0642,1.84915,3
1.70041,3.12372,2.14463,1.81788,-0.281487,0.382231,1.2621,1.12804,1
1.72099,3.53433,2.56723,2.26851,1.86093,0.413371,1.24019,2.39324,1
0.476525,3.40965,1.56866,1.54256,1.19445,0.697898,0.207772,1.97831,2
0.0866182,1.21238,0.235341,1.31635,2.1625,0.597933,0.166006,1.69368,1
0.0134557,1.82457,0.831503,2.3898,1.20912,-0.264484,2.3691,1.51362,1
-0.0376334,2.04191,0.286997,1.78075,2.29635,0.470231,1.79514,1.86505,1
1.72621,0.0132447,-0.0739433,0.96114,1.72125,0.748624,1.86632,1.27354,3
2.24297,2.81966,0.00619589,1.17819,0.0683808,0.703346,-0.328728,1.76785,1
0.520262,1.83024,2.41549,2.06621,1.08855,0.668226,1.71964,2.28721,1
2.67716,3.56786,2.63846,1.86955,0.62085,0.325287,1.97394,1.07018,3
1.54844,1.86937,0.0992674,0.0920748,2.21047,-0.114356,1.42716,1.18967,1
0.444481,2.18835,1.16338,2.40344,1.49993,0.889098,1.76723,1.38979,3
-0.0713999,2.95462,2.78004,0.793605,1.10185,0.490246,0.966539,-0.21645,-0
0.93829,1.36727,3.0068,0.263645,1.08268,0.727686,-0.0673051,2.28214,3
1.01876,1.9011,0.947792,0.416579,1.35417,0.357425,0.811686,0.447558,1
0.191936,3.6315,0.365825,2.8106,0.236059,0.771763,0.00997313,1.76817,1
1.22628,3.94476,3.31528,1.71534,2.13345,-0.135348,1.91833,1.93502,3
0.685538,2.292,1.00733,1.74132,0.688298,0.0907991,1.93389,2.01234,1
0.663682,3.05672,0.00229764,0.864962,0.434225,0.455385,0.915239,1.55835,1
1.69552,0.247146,3.64402,0.494722,0.242161,0.880406,2.02279,1.95393,4
0.0840168,1.89869,2.76616,1.02545,0.436954,1.10422,0.982487,1.46696,3
0.720476,2.80391,1.8578,0.398501,1.08173,0.807189,0.278574,1.87656,1
-0.110996,1.67553,0.161517,1.03025,0.93183,0.937066,1.17674,-0.161165,-0
1.58518,2.72659,0.196918,2.43165,2.60057,0.252486,0.442859,0.9498,1
-0.00351242,0.592199,0.712231,2.24755,0.591496,0.477569,0.420618,0.581423,3
0.48894,-0.396785,1.66928,0.268805,0.985144,0.109541,2.03498,-0.0932552,0
2.19701,-0.197894,-0.0132507,1.45118,1.57114,0.711355,1.01356,1.77596,1
2.05367,3.66431,0.43934,1.44982,-0.085689,-0.00788211,1.27952,1.83011,1
1.82363,0.139632,0.364819,1.36665,0.501861,0.246175,1.17202,0.608557,1
0.349871,0.837138,-0.145964,0.0132888,0.758974,-0.298202,2.05381,0.964635,1
0.272696,0.584016,0.450112,0.334804,1.23359,0.626544,0.0512231,-0.147676,-0
0.425056,-0.0941187,1.06933,-0.372162,0.447292,1.23428,2.19843,2.30341,3
0.393493,1.9349,0.0508438,0.752526,-0.0235173,0.341572,0.907118,1.3076,1
1.82811,0.287826,3.166,2.73638,1.13842,-0.0877005,1.26129,1.52357,1
1.91432,1.22724,1.28062,2.91079,1.57855,0.364958,0.0931583,2.15673,3
0.175521,3.5607,2.56607,1.31362,1.3773,0.255645,1.34251,0.981897,3
1.98444,2.74315,-0.086038,2.32228,1.74086,0.747179,-0.423097,0.756535,1
0.879155,1.70568,2.76889,1.14956,1.58921,0.287855,1.34182,1.93974,1
0.313294,-0.0012926,0.90207,0.909904,2.2211,0.577496,-0.388845,0.855681,3
0.80066,1.35035,-0.169481,-0.0528394,0.309327,0.389324,1.21101,-0.116704,-0
2.18344,2.84799,0.0857276,0.697781,1.44939,0.323934,-0.591703,1.78917,1
1.82591,2.22878,3.27452,2.39109,1.84913,0.0445154,1.07471,1.96479,1
1.04885,0.576194,0.346086,1.05877,0.717107,-0.208497,0.316966,2.04373,4
0.595761,1.05776,0.265445,2.71478,1.33032,-0.387435,1.40018,1.53726,1
0.657088,2.07508,0.0413519,1.07149,2.45351,0.550064,0.548172,0.744041,1
1.77234,1.53675,2.08922,0.291516,0.509868,0.852283,-0.00391454,1.68422,1
0.748848,1.49764,2.48713,1.87589,0.726372,0.540102,2.15232,1.91207,1
1.58041,1.58599,2.09034,2.28063,2.1663,1.13149,0.65162,1.88678,1
0.0421332,1.4934,0.906976,1.19315,2.13022,0.406155,1.02452,1.15523,3
0.149427,3.47445,1.25721,0.315319,0.845676,0.308967,0.542718,0.61433,1
1.85801,4.17687,0.333624,0.617711,1.16353,0.891546,2.0188,0.0918273,-0
0.774575,3.30506,0.918457,2.97938,0.283925,0.269712,-0.259672,2.00012,4
-0.0682002,1.77007,0.896032,2.62672,1.90536,-0.0931542,1.07104,1.25041,3
0.657016,1.2905,2.28592,-0.0915789,0.645487,0.918622,2.366,-0.0588158,-0
1.00692,3.76407,-0.153123,1.24101,1.10669,1.27066,-0.161718,0.805042,3
2.04761,3.10209,2.19769,0.070214,0.779741,0.963947,0.989078,1.89041,1
-0.0259423,3.17067,2.20371,1.61691,-0.000402409,1.06387,0.628766,1.07358,3
1.94194,1.66672,1.35015,2.48269,1.6526,0.688237,1.95648,2.24937,1
1.60853,2.92871,1.54829,2.38354,0.665068,0.41574,0.501899,1.33259,1
0.896974,0.782969,0.0834813,0.969599,-0.192645,0.406173,1.83043,1.71252,1
2.03476,1.33572,2.75677,2.5597,0.512788,0.873149,1.29957,0.951786,1
2.37076,0.36304,-0.212724,1.38395,0.599536,0.838093,0.451696,1.73246,4
0.185584,2.38484,0.247046,1.81169,-0.128934,0.101085,0.317726,-0.138274,-0
1.22784,3.45458,0.850074,0.295492,1.02337,0.370775,1.973,2.01192,4
1.46188,2.54197,2.30704,1.59071,0.22087,0.740412,-0.379412,2.10802,1
2.03798,0.32752,0.126157,2.91206,1.15883,-0.238423,1.27819,-0.030644,-0
1.92265,0.531768,-0.0667263,2.35199,0.0979633,0.23714,1.35077,1.29985,1
1.3617,1.62535,1.68288,0.556088,1.72424,-0.457567,1.21362,1.66455,4
0.590148,-0.160356,2.89144,-0.352369,1.25324,0.0759451,0.69319,1.62136,3
1.98206,3.86457,-0.213718,2.13066,-0.129951,0.0735529,0.142786,1.66252,3
1.76635,2.32614,0.134395,2.09298,2.32378,0.10582,0.212277,0.781141,1
0.0817718,1.41838,1.91455,0.196128,0.566903,0.548445,0.101779,1.77003,1
1.76828,-0.414795,2.71812,2.42373,1.53761,-0.324911,0.0288787,1.48309,3
0.95702,3.78006,2.79336,-0.0812704,0.991274,1.00456,0.438067,1.2565,3
2.08418,0.959217,2.19574,0.754129,0.911956,1.1787,0.94823,-0.0860359,-0
1.92021,-0.0391066,0.104285,2.26113,1.90232,0.520122,-0.124794,1.96187,1
1.22558,2.07543,0.0959835,0.567686,2.29671,0.164182,-0.187233,1.09124,1
1.7721,1.29313,0.648038,2.08143,0.64321,0.870456,0.276669,-0.108698,-0
1.10317,3.56153,-0.0599573,2.12971,2.26586,-0.254612,1.80316,-0.00860103,0
0.771966,1.91886,-0.341866,1.98365,0.872836,1.15713,0.664585,2.04672,3
0.872527,2.35447,2.21231,2.79796,1.80049,1.06885,-0.056902,-0.114084,-0
1.44729,0.382585,0.0218429,1.20488,1.16135,0.480746,0.558686,-0.0845023,0
0.939911,2.58599,1.10272,2.92678,2.58912,0.77414,0.295592,1.91653,1
1.27711,-0.358662,2.31451,0.774075,1.35602,0.715382,2.01375,0.0858297,0
1.97491,3.44101,-0.160645,0.00427663,0.779894,0.010079,1.5625,-0.0448215,-0
2.05407,3.8067,1.9184,1.86114,0.264031,0.768633,1.31511,2.29919,3
1.37578,0.228163,2.21046,2.83721,2.62284,0.267631,0.325114,1.26414,3
0.953952,-0.223668,1.8123,0.0425745,0.27297,-0.349774,2.239,1.08335,3
0.945034,3.51704,2.34253,0.320677,0.276506,-0.4438,0.469925,1.75062,1
0.317392,1.82515,0.756615,1.69143,0.637204,-0.132258,2.24611,0.974231,3
0.264718,3.69803,1.36703,0.666021,0.723421,0.133126,1.8693,0.929988,3
1.6688,0.0823885,0.0963982,0.507246,1.61773,0.55858,2.19307,1.44843,1
1.81407,3.21701,0.204889,-0.127798,0.981201,0.232041,-0.206592,0.502771,1
0.306299,0.323119,2.22959,1.27628,0.290674,0.146146,0.905976,1.31608,3
1.09136,2.95638,2.47879,1.28777,0.0682891,0.443974,1.4835,1.33632,1
2.5168,1.23871,-0.203944,0.00056827,0.952646,0.617464,1.12013,2.27221,4
1.13764,2.38705,2.28428,1.56482,-0.191257,0.850841,-0.206416,0.731875,1
2.82401,2.67936,0.656085,0.79965,1.66431,0.145812,2.53632,2.0546,4
0.779911,3.90238,0.0739821,3.00171,1.85372,0.0161516,1.11702,-0.0603246,-0
3.61066,1.56012,0.399425,0.682154,0.299073,0.349018,0.906275,2.16105,5
2.37702,3.62301,0.953007,1.01186,0.0380636,0.823484,2.41556,1.88831,3
1.11937,2.13841,2.28148,2.72617,1.77064,0.363348,1.56369,1.36359,1
2.01975,3.55528,0.091578,1.12633,0.56176,0.711309,0.480961,1.59523,3
0.786026,0.205991,2.10783,-0.444041,1.18637,-0.506662,-0.47956,1.10027,3
0.671377,3.66912,2.40346,0.382077,0.120225,0.552217,2.21112,1.23671,3
1.88957,0.056327,2.368,-0.196421,2.49114,0.437419,1.25306,-0.176768,0
1.51932,3.18783,2.20319,-0.0768445,0.704703,1.12153,1.79459,0.72538,1
0.374919,0.364156,0.450005,1.23271,0.0174376,0.150182,1.74829,-0.194381,0
2.02348,1.37903,3.02073,1.41884,0.0629067,0.0448923,1.20464,2.00685,1
-0.0559409,2.35797,3.40065,0.379111,1.41877,0.293927,1.08563,1.57566,3
1.74691,3.12556,1.18855,0.653517,2.32181,1.22811,-0.0130177,0.1863,0
1.28714,3.44727,0.356464,3.25445,0.249436,0.588222,-0.317313,-0.0635593,-0
1.4014,3.5171,1.22649,-0.177243,1.24679,0.648272,0.0870745,1.41971,3
1.6108,1.62272,0.627418,2.64998,-0.160233,1.01738,1.20356,0.969257,1
1.99003,0.122076,1.30007,-0.0749276,1.5777,0.327947,0.298733,0.93994,3
2.04317,1.43356,0.0647283,2.00855,-0.548874,0.71875,1.38471,1.70638,1
0.866416,1.25173,1.57584,-0.0445839,0.849109,-0.122852,0.34087,1.98593,3
1.84292,0.0890787,-0.103194,1.41895,1.96712,-0.170643,1.82686,-0.0361481,-0
2.01531,3.88703,3.10122,1.62346,1.07136,0.138422,-0.194463,0.00823027,-0
0.222794,0.0489835,1.91234,0.316717,1.48476,0.905445,0.637347,2.57005,2
1.79358,3.09647,0.198091,1.18169,1.18188,0.812314,1.47019,1.98376,1
-0.170733,1.83606,1.76178,1.70999,2.15627,-0.107827,1.47837,1.72831,1
0.59735,0.716115,2.44346,1.99631,1.51842,1.16945,1.14769,0.0036453,-0
0.477261,3.37822,2.07089,1.1814,0.901315,0.580925,0.857436,1.61683,1
2.21236,-0.10186,0.434969,2.46058,0.675994,0.411102,0.0960128,-0.0407266,-0
1.46719,1.83011,0.0895999,2.07622,1.57088,0.20813,0.089482,1.71292,1
-0.031611,3.81376,-0.063749,2.061,2.53478,0.521855,0.328168,1.01184,3
1.29799,1.36094,2.91582,0.450328,2.52832,0.569591,0.639145,1.48454,1
1.14082,-0.15005,0.134746,1.4854,0.354628,0.282462,1.39924,2.15487,1
1.85435,2.22486,0.205505,2.87563,1.5253,-0.141615,0.0985858,-0.0857968,-0
1.2291,4.25751,0.563885,3.31807,0.753243,0.533589,0.658082,-0.0732985,0
1.78471,1.8842,1.56367,1.04515,0.872674,1.02712,0.0360419,1.67828,1
1.98218,3.63508,1.47439,0.946517,-0.219306,1.29168,-0.133074,2.13542,3
-0.044257,1.45213,2.3686,0.210686,-0.00493612,0.145941,1.44738,2.30395,4
1.59439,2.18715,3.10246,3.13326,0.594513,0.15862,1.485,0.323276,1
1.8907,1.53772,0.288125,1.30869,0.878986,1.29642,-0.127843,1.84629,4
-0.243255,0.932415,0.354227,0.79327,2.01871,0.156974,-0.131642,1.98655,1
0.866724,3.5119,0.554046,0.0311274,1.33697,0.683525,2.18536,1.95291,3
0.927877,0.0282122,0.753366,1.6274,2.69817,1.47818,0.347764,0.675162,3
2.00863,0.324526,3.11207,0.0839596,0.82377,-0.316649,1.74733,1.86243,1
2.35726,0.19916,1.40327,0.874754,0.914099,0.917794,1.32735,1.54121,1
1.40451,1.17437,1.22022,1.67461,2.3022,-0.320004,-0.342908,-0.0360006,-0
1.34612,-0.32169,0.240334,0.207862,0.731297,0.261479,1.54795,0.856487,1
-0.0714207,0.0487428,3.3368,0.228792,0.118256,0.893916,1.00166,-0.20638,-0
1.89629,3.61034,2.55688,1.80791,1.1009,-0.219313,0.736836,1.96841,1
0.990795,3.86515,3.30474,1.50368,1.58599,0.263789,1.25728,1.38316,3
1.30823,2.14017,0.731963,2.19373,0.9485,1.00785,1.0685,-0.030548,-0
0.456515,2.39055,0.0363897,1.05664,2.11618,0.627896,-0.22952,-0.157564,-0
0.588452,0.00666168,3.14627,2.16851,1.27506,1.02908,1.08613,2.46531,3
0.405425,3.27709,2.37687,1.71526,1.04198,0.969868,0.0838287,2.11612,1
1.43026,0.773924,2.72286,-0.103631,1.91099,1.52188,1.73304,1.49134,1
2.01978,1.0599,0.421376,2.91954,0.808465,0.882636,0.439219,0.448514,1
2.35071,1.19413,2.46681,2.96352,2.41609,0.999202,1.33181,2.06696,1
-0.34607,0.0533888,0.959289,1.91948,0.379811,1.02347,1.84114,2.17366,3
1.52806,0.202574,2.49131,2.02527,0.171999,0.731699,-0.175609,-0.0498971,0
0.512508,1.16039,2.99071,-0.238543,2.05646,0.406687,0.0110443,-0.0238671,0
1.65353,0.824484,1.85766,0.285711,2.51727,1.18788,0.195485,1.57497,1
1.51552,2.90186,2.75104,2.31719,1.62452,1.31287,0.217178,1.26264,1
1.16936,2.96049,0.417298,0.195707,-0.081211,1.08455,-0.448108,1.36922,1
0.725654,0.249946,1.06647,0.506861,0.364826,-0.366636,1.58723,1.30849,1
2.00764,0.819912,-0.253503,1.44862,-0.0809208,0.679785,1.53866,1.78946,1
2.3086,-0.192929,2.79748,1.35691,1.31972,0.223677,-0.140072,1.95229,1
0.243803,1.72513,3.16866,2.15843,1.25389,0.667185,1.39624,-0.0891334,-0
0.886417,3.09555,0.0798281,-0.00240916,0.726463,0.871115,0.466114,1.85087,1
1.28359,0.396098,2.78646,2.23315,0.680647,0.252713,1.74038,2.36248,1
0.265701,1.27699,2.99328,0.805367,0.661608,0.0906191,-0.227215,2.08483,1
1.79077,3.73849,0.841067,0.733146,-0.116781,0.301837,1.49149,0.0166401,0
-0.330569,2.6196,0.0643891,0.86645,1.65164,0.472974,2.20853,-0.0694925,-0
0.470467,2.9237,1.02763,0.290571,0.608618,0.789221,0.0342269,-0.101418,-0
1.79035,3.12399,2.87128,2.87591,1.03625,0.491598,-0.170221,2.01931,1
0.434447,3.33092,-0.152651,2.43374,1.29165,0.476543,2.0878,2.16122,1
1.85671,1.63085,2.67032,0.372064,0.532057,0.176363,0.895947,0.0172291,-0
1.86028,-0.289177,2.68376,2.94041,0.384365,0.891885,-0.46224,0.0140112,-0
0.819636,2.54346,1.6766,1.22498,1.93802,-0.343925,-0.369575,1.43944,1
1.50517,2.33704,0.0578378,-0.151311,0.683056,0.960129,1.05075,1.54274,1
1.48952,0.227966,1.80095,0.124785,0.718903,0.828493,-0.130143,1.79902,4
1.48458,0.311738,2.1753,-0.347787,1.52359,-0.160219,1.13912,0.7742,1
1.45855,-0.287392,3.08343,1.48057,0.966945,0.851452,1.26627,2.37324,3
1.61485,0.73495,1.0203,2.87856,1.06138,0.303364,0.405591,1.042,2
1.69736,3.88256,2.55994,3.04592,1.16829,0.488107,1.78722,1.29629,3
1.6182,3.77883,0.868586,1.77757,0.908005,0.667582,0.843665,1.36628,3
2.18778,0.539766,1.56419,2.4846,1.69375,1.0755,1.64135,1.41948,1
0.773793,0.810438,1.12694,0.160015,1.65722,0.498174,1.13732,-0.0412819,0
0.209435,0.0696691,-0.0180289,0.0617787,1.3205,-0.568148,1.32247,-0.175348,-0
2.10813,-0.234333,0.0158682,1.22035,1.51267,0.434935,-0.103647,-0.0265479,0
2.31575,0.932976,2.0055,0.667086,1.66701,1.0786,0.885272,1.7341,1
1.12831,0.330422,3.11871,2.10966,0.664664,-0.189372,0.792046,1.08035,3
1.37165,2.44589,0.786422,-0.00604179,1.37312,0.791325,2.11015,0.0343552,0
2.05427,2.65073,3.10766,2.6773,1.3375,0.573046,1.2901,1.55428,3
1.49315,0.478842,0.733986,2.69199,0.160503,-0.154618,-0.0574422,1.35623,3
1.16524,2.21842,2.90994,0.272889,1.20989,0.217324,0.00548848,1.05887,1
0.779453,1.38706,0.206438,0.490583,1.16559,1.51489,0.11049,1.57746,1
1.86401,4.11496,0.380706,0.632137,1.63888,0.641541,1.19242,1.72995,3
1.54353,0.893565,2.60758,1.09896,1.16389,-0.055587,0.473655,2.13186,4
2.03779,0.203172,-0.00122644,2.67597,0.38052,0.904691,1.79551,1.08451,1
-0.0515381,0.712126,2.69687,-0.245258,0.968864,0.372989,1.17807,-0.16678,-0
1.7737,3.064,1.76462,2.98508,1.70222,-0.0803509,1.48308,1.58041,1
1.97718,0.725771,-0.0589591,0.958701,0.962381,1.06305,0.991346,1.62375,1
0.612393,0.506656,2.53903,0.534257,2.55103,1.12735,1.33691,2.01091,3
1.87973,0.882219,0.69899,3.01104,1.11627,0.227301,2.28385,0.0162208,-0
2.40679,3.23797,0.423526,0.0263504,0.953841,0.207434,0.972585,2.39072,4
2.12034,0.679987,2.49951,-0.0992635,1.14673,0.581129,-0.090045,1.18344,1
1.70489,3.00325,-0.221541,-0.0899766,1.11403,1.06743,0.154377,1.24278,1
2.16985,2.59058,0.759005,1.0939,0.622183,-0.185455,1.02096,1.50385,1
1.44617,1.68752,2.2857,0.620395,1.58779,0.882236,1.65906,2.12356,1
0.765257,0.69787,0.565799,1.55037,0.957742,0.0349602,0.647448,-0.114024,-0
0.345914,3.20459,1.67292,1.6824,-0.0779111,1.13861,-0.101487,1.789,3
2.0834,0.936662,0.456747,0.569534,0.271455,1.04509,0.197592,0.0608076,-0
0.868017,0.0823158,2.87931,2.07392,1.53625,-0.227189,1.38712,1.93122,1
1.00483,0.248257,2.59374,-0.00590689,-0.166062,0.209417,1.41393,-0.0982304,0
1.44444,3.25706,0.808885,2.5826,-0.267698,0.355275,-0.0880448,1.75901,1
0.470324,2.19268,1.85141,0.139264,-0.460637,1.44764,0.790898,1.2877,4
1.78648,-0.156433,0.337498,-0.219655,0.532926,-0.359658,1.5806,1.01486,1
1.3726,0.130449,0.704819,0.968724,2.64968,0.931188,0.530987,1.96332,1
2.44768,0.6197,2.87833,1.3281,0.741861,0.456646,-0.282616,1.58141,3
0.945362,2.64384,2.18888,0.154608,1.61696,1.27236,0.410565,1.8919,3
-0.0442315,2.1788,3.13302,2.07688,0.418491,0.252927,-0.185454,-0.0165168,0
1.79083,2.34831,2.4816,2.6191,-0.462309,0.0053549,0.397353,1.64881,1
0.544396,3.58865,2.72901,-0.163375,0.930054,0.188018,1.85173,1.76485,1
1.59598,1.2073,-0.0505537,2.22353,0.221522,0.176239,1.15429,1.37865,1
-0.0620988,0.927441,0.428372,-0.00246117,0.979962,-0.596123,-0.0610726,1.79378,1
1.10932,0.683533,1.33127,0.478601,0.459754,1.73788,1.70021,-0.0464438,-0
1.87385,3.65812,-0.182823,0.496398,0.629379,0.416578,-0.540857,1.41447,1
-0.235026,-0.583089,-0.0666809,2.40135,1.32686,0.361186,-0.311801,1.5049,3
0.00320174,3.93959,2.71753,2.2813,2.35522,0.554572,-0.141212,0.542107,3
1.54837,0.321853,2.93294,1.49333,0.186085,-0.0145631,1.42673,2.10185,1
0.714994,0.842877,-0.261562,-0.0560344,0.121809,0.309159,0.93973,1.34482,3
1.54102,1.97055,0.29398,2.61461,0.428931,0.18838,1.73922,0.644251,1
-0.0274734,1.37521,2.00926,1.00095,0.948215,1.18117,2.31259,1.57332,1
1.0683,2.83604,-0.034352,2.3138,2.19877,0.305299,1.30533,1.18141,1
2.16579,0.80475,0.4651,0.494684,2.00826,1.03255,0.210245,1.58725,1
0.593735,0.227823,3.59122,2.59996,1.53206,0.580668,1.89337,1.79502,3
1.69545,3.39253,1.34214,2.72986,1.42813,0.762242,2.13063,-0.0818359,0
1.43685,3.74746,0.233071,0.432559,0.485004,0.208772,0.473988,1.58799,3
0.0765753,2.4513,0.785144,0.29863,1.05861,0.480729,-0.188939,-0.12099,-0
0.599273,2.96949,3.20254,1.70328,0.569882,0.593121,0.351535,-0.126431,-0
2.35752,-0.0236951,2.02715,2.44279,1.24752,0.632722,1.82256,1.46378,1
1.83206,0.420187,0.187918,-0.166038,1.67739,0.254009,-0.178062,0.419949,1
-0.179086,3.63306,1.40713,1.98499,0.251125,-0.113484,1.84871,1.81434,1
0.427726,-0.0241373,0.0419876,-0.0675396,1.2212,0.308995,1.54884,-0.087439,0
0.290853,0.265017,0.604258,2.35415,2.06264,1.22792,0.40749,1.52362,3
0.139686,1.51719,-0.134013,2.46655,2.36635,0.178726,1.04605,1.03485,3
1.71219,2.76264,2.04556,3.22029,1.05317,-0.13201,1.28546,1.98095,1
0.504895,-0.0591178,2.81369,0.292259,1.17704,0.49462,1.75198,1.57175,3
1.78924,3.89003,2.71998,1.47009,1.3485,1.74232,1.79178,0.0171477,0
1.01655,1.62398,0.577217,1.33467,0.605297,0.719401,1.52158,1.39329,3
0.568178,3.58892,2.78581,3.10668,1.17199,-0.00287997,0.58929,1.18195,3
2.21163,1.53732,1.71835,1.54406,1.0027,-0.037735,1.31054,0.95399,1
-0.299999,2.68049,0.563846,0.282646,0.210884,0.950641,1.85744,1.61697,1
-0.287298,0.0333638,2.42745,2.1893,2.19026,-0.384031,1.47166,-0.10933,-0
0.698719,4.16464,2.12946,2.04549,1.19741,0.90461,1.85203,-0.0354565,-0
0.374996,0.919649,3.38114,1.56084,0.850811,0.512819,0.250972,1.48864,3
0.193844,1.16925,2.76843,0.409473,2.03505,0.447941,0.835724,-0.0400262,0
1.45507,0.948038,2.27995,2.32095,1.70665,0.29784,0.348938,1.75885,1
0.760304,1.01696,3.03057,2.14177,-0.0174235,0.506705,-0.0766887,2.10222,3
0.199761,3.91824,3.01946,2.24838,1.39467,1.03834,1.91981,-0.0646381,0
1.80984,2.91217,0.161649,0.444531,1.88667,0.408102,0.0493598,1.91808,1
0.396896,0.859812,0.885858,0.252802,0.480857,-0.1017,0.442961,2.18378,4
0.452894,0.956448,2.7406,2.79425,1.44116,-0.050395,1.74048,-0.0799176,-0
2.49966,0.698151,3.13744,0.192255,1.76542,1.58067,1.21745,0.0531702,-0
2.01785,3.66294,3.56227,1.29431,0.764168,0.436126,0.0775169,1.60711,3
0.181104,3.75512,1.69054,2.46884,1.79342,0.370438,0.013471,2.18301,3
1.75748,0.619566,-0.0592061,0.751139,1.87447,-0.117082,1.6926,1.28152,1
1.58513,-0.0800912,3.4051,0.100085,1.11312,0.514201,1.52693,2.15326,1
1.48168,-0.0130957,2.64946,0.0519161,1.91497,1.68297,-0.336655,-0.083992,0
1.81922,2.51947,3.10365,2.44145,1.10982,0.427694,1.37258,0.742906,1
0.746426,3.10366,1.30397,1.2945,-0.12762,0.526738,1.69641,1.62013,1
1.89176,0.29466,1.08237,0.392387,1.61756,-0.646873,0.213827,1.19523,1
3.06779,3.69188,3.5711,-0.0113951,0.771367,1.16629,1.89328,1.83653,4
0.601009,0.624558,3.21976,1.30702,0.974896,0.0472483,0.394153,2.13196,1
0.572034,-0.273316,0.133081,0.550683,1.54774,0.578459,1.00704,2.35488,3
1.31455,1.98166,1.39249,0.797098,2.51461,-0.370738,1.25812,1.59796,3
-0.133169,0.341736,2.93647,1.44653,0.607075,0.947191,2.37085,-0.100331,0
0.561098,0.225624,2.26817,2.77776,0.20173,0.192337,0.739265,-0.12374,-0
1.06324,0.145904,0.0357272,0.902163,1.3104,0.759964,1.20229,-0.107987,-0
0.703496,0.815293,0.165317,-0.0404207,1.03683,1.20973,2.14389,-0.12256,-0
2.19037,0.294856,0.972003,2.60103,-0.0776133,0.155569,1.74217,1.45681,1
2.5391,2.95795,0.479126,0.830062,0.941141,1.1857,0.508542,1.66137,4
0.163248,0.100913,0.786145,0.98311,1.55569,0.269237,1.43753,1.47796,3
1.40047,1.29469,0.384522,0.168723,1.14279,0.635009,1.43968,1.41128,1
-0.494648,3.02903,2.74966,2.29512,-0.184669,0.225204,0.61832,1.42136,1
1.03845,1.4678,0.177401,3.01411,1.55325,-0.368918,0.231639,1.17414,1
0.531309,2.78179,0.942592,2.37113,0.419643,0.643578,0.457881,2.12698,1
0.831768,0.555089,2.40896,0.477545,0.856728,0.370504,0.185661,1.96357,1
0.0470618,0.921377,3.23883,1.79132,0.105646,0.279805,-0.285319,2.05675,1
1.52918,2.68587,3.39686,2.99081,0.769729,0.172975,-0.154435,1.86409,1
1.9928,3.75568,1.46019,1.81205,0.856022,0.337965,1.68255,1.98321,1
0.797386,2.39886,0.685232,1.79514,0.298042,0.102403,2.30375,1.49684,1
0.253546,2.40506,1.98882,2.87478,2.27948,0.618131,1.60358,1.81073,1
1.47322,1.8238,2.53305,2.88296,-0.688762,0.111729,1.58344,0.811714,1
0.173403,1.09176,2.08083,1.4433,1.66897,0.831923,0.486794,1.79413,1
0.683428,0.728297,2.0756,3.5135,1.55904,0.75403,1.90057,1.74452,1
1.12694,3.73922,3.42516,1.76703,1.1574,1.06239,2.12429,1.01051,3
2.0442,2.94263,1.91115,0.987086,0.733067,-0.217426,0.180705,1.79191,1
2.19685,0.57006,0.0585727,-0.0882057,0.468234,0.82552,0.72884,1.68763,1
1.9505,0.408613,0.867115,2.24562,0.338386,0.449236,0.661166,0.080806,-0
0.461847,3.90324,1.57699,2.16703,1.97962,0.709172,0.840362,2.057,3
1.22845,0.356738,1.61055,-0.117345,0.706489,0.797159,0.918155,1.88839,3
0.0104659,2.82273,1.19764,0.774724,2.35734,0.583061,0.105749,1.62944,3
0.153342,3.68682,1.21263,0.114301,0.182426,-0.313014,1.79683,1.47882,3
1.66877,0.858869,1.09811,-0.276183,0.542977,0.867804,-0.0658654,1.70527,1
-0.232781,1.48434,0.61867,0.808125,1.07571,0.845432,1.45475,-0.0473657,0
1.72296,3.63467,-0.180696,0.0945573,1.52004,0.269279,0.861698,1.27298,1
1.25901,2.75895,1.26357,3.00188,1.91233,0.255538,-0.108395,1.99723,1
1.39854,2.61419,1.29961,2.70955,2.08604,1.59089,1.5559,1.78601,1
1.45174,3.9759,0.17529,2.58116,1.97989,0.207736,1.28754,1.88803,1
1.7377,-0.251072,3.21074,1.18169,0.120517,1.07072,0.0423412,-0.118899,0
0.60146,3.37788,0.114609,-0.160639,0.939315,0.345972,-0.0745027,0.935876,1
0.0990726,2.51973,0.699979,1.09922,2.30825,0.0865662,-0.280132,1.31944,3
2.3166,0.0148224,0.186347,2.8649,1.93117,0.13295,0.862645,1.95371,1
0.540741,3.566,2.97592,0.162746,0.328882,0.508263,0.147065,1.68437,3
1.45581,2.56358,-0.00556651,2.30608,1.59691,1.27781,0.24325,1.6279,1
0.95702,3.83988,2.22454,2.16741,0.931524,0.721977,1.80848,1.19072,3
1.74814,0.165553,2.75484,2.40656,1.94419,0.788988,-0.18735,1.00655,3
0.13928,3.16721,3.14082,1.72187,1.24623,0.33925,2.3878,1.69256,1
0.868777,3.24131,0.682933,0.273863,1.42324,0.398477,1.84383,1.2165,1
1.84134,-0.47332,1.40558,1.82718,0.952764,0.697572,-0.090422,0.0396669,0
0.33717,1.25075,3.04372,-0.107161,0.657374,0.714819,-0.12585,1.47693,1
0.975076,1.31366,0.122904,2.40182,0.475498,0.00367681,0.2297,0.466476,1
0.760024,1.89593,0.134288,0.545784,1.69199,-0.0732875,0.0497585,1.576,1
-0.0579808,0.346929,0.380155,0.898988,0.820367,0.352833,1.26134,1.96659,1
1.69522,3.48374,1.27688,0.211476,1.14879,0.196068,1.09355,1.5825,1
2.10932,1.6935,1.98269,1.94062,0.676335,1.27917,1.97353,1.7733,1
1.63189,-0.162218,2.77876,0.29245,1.33488,0.386154,-0.039607,1.26444,3
0.628263,1.08089,-0.146827,2.31495,2.13488,-0.0631157,-0.47966,1.11803,3
-0.237909,1.6688,-0.0715367,1.15176,1.2574,-0.644278,2.48823,1.36435,1
1.92906,0.429037,0.232025,-0.310561,1.3652,0.438458,0.632678,2.04408,1
1.04134,4.04974,1.4322,3.06115,1.51054,0.0770752,0.929618,-0.0788181,0
2.04985,2.54275,2.43702,1.80753,2.4165,0.793794,0.759427,0.109549,-0
1.12102,1.39052,-0.205035,-0.388486,0.452274,0.618388,-0.191571,1.97848,1
1.2644,-0.202912,1.28171,-0.264125,0.807368,0.824291,1.08452,1.98979,3
2.22994,-0.255918,2.71292,2.02342,2.22888,0.798983,-0.0616375,2.03198,1
2.14888,2.68541,0.189928,1.21035,0.857095,0.549701,1.3393,0.112101,0
1.69208,1.41368,3.11922,3.06467,0.486994,0.391075,0.0477518,-0.147102,0
2.0196,3.24159,0.0689309,0.100219,1.00746,-0.32593,1.14056,2.05198,4
1.82328,0.972901,0.257267,2.8291,0.295304,-0.000107445,1.47761,1.88613,1
1.53679,0.752153,0.00999739,1.95551,1.65803,0.300938,-0.503203,2.01447,1
0.154236,0.518724,2.84695,0.943919,2.1457,0.146581,-0.663051,1.95633,3
0.774161,0.947472,2.41684,0.465403,1.98278,0.133302,-0.402387,1.49054,3
1.05542,3.71671,1.0109,0.967621,1.3495,0.577639,0.660223,1.21866,3
2.04301,0.260525,0.184113,2.19623,2.02213,0.272348,1.74704,1.04015,3
0.638675,3.7773,1.03691,2.69819,0.776824,0.419175,2.4058,0.881056,3
0.737141,2.05989,-0.0560053,1.58212,1.40216,0.61568,1.12341,1.34501,3
2.31177,2.62325,-0.21965,1.22938,0.295474,1.35061,0.451291,1.82711,4
0.024331,3.6412,2.90622,0.970656,1.00189,0.547289,0.730229,0.849446,3
1.00488,-0.256695,2.88467,0.424043,2.3612,1.03813,1.73556,-0.032408,-0
1.65802,2.57538,0.474963,0.705234,2.00703,0.00766672,1.63908,0.525916,1
0.104069,0.0644517,0.300555,0.395111,0.472605,-0.350363,1.23674,-0.323028,0
2.21517,2.14291,0.587462,2.31438,0.820676,1.52411,1.14489,2.37552,1
1.90253,3.7799,2.2016,0.816659,0.433621,0.532673,0.615182,1.97657,1
0.511303,0.428821,2.22473,0.0783944,-0.132638,0.164265,1.37105,2.47087,1
0.108634,2.9432,2.04462,3.10965,1.58102,0.597549,1.68604,1.70968,3
-0.250502,2.95512,-0.121373,0.530064,1.08632,0.492053,-0.226036,1.03719,3
2.01798,2.27585,2.75127,2.97244,1.01503,1.6086,1.14051,2.11919,1
1.90871,3.3244,2.58267,2.45738,0.851888,0.333376,-0.109293,0.837427,1
1.80154,-0.0856043,1.57794,1.00388,0.744969,1.34818,1.70538,2.14296,3
0.628927,3.92301,0.246552,0.510013,0.691741,0.425887,1.14371,0.664153,3
1.14131,1.93617,0.689963,1.86407,0.177782,1.1457,0.606662,2.09629,1
2.40614,2.08283,0.424801,1.72572,1.14984,0.840078,-0.0897854,1.85452,1
-0.14556,1.50292,1.79989,1.53493,1.06395,1.12223,0.0922229,1.85636,3
0.22667,2.52904,1.55405,1.27151,2.20643,1.0988,-0.369345,-0.0912426,-0
0.627558,0.409873,2.93149,2.43814,1.71441,-0.297852,0.698943,1.95107,3
1.87598,2.2994,0.528755,1.61805,1.47676,1.43555,0.886954,0.807919,1
2.08433,-0.0960397,0.798999,1.72665,0.417607,0.481164,0.400527,1.97884,1
2.01303,0.466776,0.13897,1.36858,0.852867,1.51338,1.46142,0.161227,0
-0.0571177,3.49499,3.12118,0.546378,1.07623,0.147416,-0.0266408,-0.155123,-0
1.07562,2.29722,1.87228,0.217948,-0.0759557,0.358044,0.278033,1.61447,3
1.85139,0.83166,0.276458,0.577809,2.35604,-0.0501783,1.15302,1.72726,1
0.671163,2.22559,2.08363,2.65034,1.76657,-0.183271,0.76272,0.947889,3
1.93928,0.429664,0.935123,2.21595,0.45106,0.971703,1.47506,2.156,1
2.37158,2.34243,-0.587497,1.22074,0.181429,0.493558,1.26334,2.26685,4
1.82234,2.94432,0.364874,2.99713,1.1143,0.0913792,-0.309353,0.15427,0
1.21224,3.67945,0.524172,1.28707,0.852641,1.03705,0.80476,0.971191,3
0.0476414,1.95429,1.56411,-0.386925,2.00472,0.421039,1.5703,2.02762,1
2.24636,0.253831,1.05562,0.520597,2.07603,0.101982,1.71118,1.18624,3
0.425809,0.461177,1.84729,1.89638,0.32809,-0.180023,0.0999521,1.35332,1
0.296119,0.878256,0.11055,2.73526,1.3432,0.360383,2.12135,1.99358,3
1.01663,0.0201359,2.62176,0.157425,0.848035,-0.310148,1.87663,1.10601,3
1.52519,1.56548,2.50623,2.54203,1.23866,-0.617002,0.93846,1.69485,1
-0.137415,2.40795,-0.0655588,0.764863,0.74992,0.31933,-0.269435,1.685,1
1.09277,1.69816,3.07178,0.564975,0.0895963,0.962119,0.61523,-0.116183,-0
2.31718,2.58906,2.16805,1.06655,1.94792,0.219964,0.913739,0.958619,1
1.99274,3.64279,1.61014,0.618771,-0.0338,1.02574,0.0245084,-0.0128244,-0
0.122752,2.23439,1.7244,2.1015,0.917034,1.11789,1.82045,-0.0545298,-0
0.659786,2.98694,2.65771,2.43127,1.26669,-0.379237,1.0574,2.1583,1
2.35066,2.40415,0.401014,0.164292,1.44354,0.558799,1.63655,0.0227731,-0
0.5288,-0.533493,2.65923,2.12427,0.366677,1.12337,-0.317791,-0.0051675,-0
1.34742,3.27808,-0.355922,2.8254,0.20875,0.242801,0.493868,1.86679,3
1.01935,2.86695,1.85835,-0.43373,1.55528,0.500394,0.658094,1.72438,1
2.24765,3.60757,0.661959,2.6555,0.479922,1.76431,1.08862,1.24324,3
0.137823,3.86881,1.18646,1.26587,0.994617,0.869136,1.51724,1.73996,3
0.436929,-0.392045,3.32283,0.358882,1.2779,0.975125,0.818599,1.08139,3
0.0779311,1.23627,2.79667,1.32786,0.687324,0.907453,-0.2623,-0.132632,-0
0.76753,3.13836,2.44787,2.66164,1.98493,-0.104186,1.87934,1.95936,1
0.898483,2.67556,2.86644,1.99576,0.844374,0.557136,0.69735,1.29114,3
1.08706,1.68375,0.0490983,2.60552,1.43975,0.231692,0.307007,1.29685,3
0.814984,3.66392,0.581709,0.224085,1.97772,0.806297,1.09013,0.176539,0
2.41015,1.86531,0.740008,0.329898,0.648302,0.00852657,0.906414,2.12598,1
2.04597,0.891297,1.93456,2.12129,0.741319,0.458409,1.90986,1.86072,1
0.133652,0.594545,1.61528,0.225355,1.89143,0.690152,2.19769,1.77658,1
0.0971123,0.405373,0.383095,1.85208,0.546282,0.0769132,0.85234,1.67762,3
1.34662,2.54052,0.0625385,0.894299,0.38247,0.136769,0.924653,1.02708,1
0.0737087,1.39202,0.0444446,0.730668,1.2214,0.421531,1.66918,2.26208,1
2.02404,1.03768,2.20273,1.73645,1.88815,0.28456,-0.346306,-0.106471,-0
1.94221,0.33887,1.38889,-0.411105,0.902327,1.06701,0.479572,2.33239,4
0.975604,0.599667,2.62307,-0.0391722,2.05204,0.59579,0.30973,-0.0862326,0
1.26156,0.930836,0.364095,0.703718,1.83206,0.0124453,-0.121603,1.73998,1
0.253415,1.19953,0.709342,0.153957,0.264011,0.780987,0.0252228,1.12993,3
2.06651,3.77212,1.98856,2.33474,2.42522,-0.141043,1.42976,0.0809411,0
0.155159,2.30927,2.67938,1.94669,0.970542,1.15918,-0.36594,-0.158826,0
1.02132,0.466206,-0.0125783,3.01902,1.68652,-0.273512,1.03418,-0.131053,-0
1.84202,2.11774,-0.23298,2.73191,1.80187,-0.0565836,1.2609,1.65761,1
0.857486,2.16749,2.22799,-0.477642,0.360553,1.19736,1.11019,1.224,3
1.67069,0.48647,-0.0359504,1.7041,0.201106,0.306557,1.25244,1.99073,4
0.582842,3.85857,1.57208,1.20077,1.26206,0.708004,0.849792,1.48443,3
-0.10538,2.90565,1.40005,1.61221,0.0861902,-0.041953,1.5443,2.13047,1
-0.105269,3.86751,1.56062,0.255048,1.7622,0.315029,1.96069,1.83868,1
-0.0836793,0.832016,-0.00209782,2.24523,0.72915,0.0474907,0.641096,1.58218,3
1.99212,1.8358,0.0319749,2.60678,-0.27701,0.261849,0.501152,1.25446,1
1.34158,3.70936,1.503,1.41518,2.67439,0.266572,0.232562,1.46336,3
0.765463,3.76918,2.42752,0.395188,0.449986,0.493898,2.28275,1.13063,3
1.64168,2.64276,1.09384,1.32696,0.702424,0.290107,0.741163,1.97955,1
0.0627322,2.19387,3.03676,1.95362,1.2348,0.886154,0.379933,2.05045,1
-0.240334,2.86402,1.76084,2.03375,-0.0294184,0.972469,1.26458,1.95262,1
1.42014,3.63746,1.96892,0.716842,1.45506,1.2202,1.68358,1.58539,3
0.240639,3.89002,0.611888,3.15126,2.21982,0.557128,1.42659,1.37842,3
1.39213,0.589891,0.152212,0.473367,2.4934,1.06534,1.08146,1.50365,1
0.256203,0.318274,0.483103,2.41473,1.21232,0.849025,1.26327,-0.137233,-0
0.402017,1.83904,1.49706,2.82154,2.21931,1.04522,0.272309,1.57265,1
-0.417979,3.82235,0.073033,1.07064,1.0478,0.946426,1.64507,1.04408,3
1.51152,1.30956,3.28134,-0.0709632,0.123602,0.726587,1.37152,1.58904,1
0.560584,0.787595,1.27129,0.218732,2.31118,0.84906,0.559696,1.70068,1
1.63802,1.28953,2.41289,1.54997,1.21164,0.340521,-0.197335,1.64809,1
1.47013,-0.0771076,0.683027,2.04182,-0.0247545,0.550236,1.43558,1.54226,3
1.46001,1.42676,0.495412,2.85511,0.808124,0.086752,1.94006,0.245672,1
2.08165,1.09961,1.21748,-0.164351,2.28816,1.05486,0.363598,0.967928,1
1.98643,0.71486,3.15339,0.272446,0.14218,-0.434769,0.921226,1.14202,1
1.90145,1.43293,2.14589,2.71622,1.37809,0.593607,0.647389,0.0635561,0
1.58506,0.648243,2.40982,2.24884,1.06596,0.608309,-0.490746,1.67101,1
0.743828,0.639523,0.323965,0.561638,1.9204,0.00140199,0.903534,-0.106321,-0
1.89855,1.815,-0.00926374,2.79016,1.41577,1.04432,0.369052,2.05355,1
2.55245,-0.223588,0.339073,2.35066,0.602359,0.465737,1.97586,1.38539,3
1.73184,1.09565,1.75736,-0.294792,2.90947,0.976863,1.79755,1.42429,1
0.932673,-0.482492,2.03278,0.750108,0.596869,0.874856,0.422171,-0.110539,-0
1.45046,0.523128,0.810091,1.64338,0.121751,0.0711407,-0.26325,-0.0971604,0
1.21259,1.19341,2.5052,2.27992,0.0268231,0.524439,1.96254,-0.229356,0
0.565911,-0.0278493,2.07825,0.0245667,0.869107,0.375393,0.968943,1.67789,3
0.906473,2.74367,0.87639,0.79381,2.18204,0.777396,1.75533,2.31835,1
1.48456,3.60182,0.106178,1.16669,2.24895,-0.297796,0.469991,-0.0119084,0
1.83719,3.8452,2.66157,0.348145,0.449461,0.694948,1.98652,0.0152898,-0
0.557923,0.0210452,-0.102978,-0.358898,-0.123872,-0.132353,0.487249,2.0363,1
0.0984567,-0.420296,0.95419,1.30831,0.512443,-0.344089,1.48844,1.30523,3
1.17287,2.86352,0.169626,2.61876,0.580583,0.401928,1.50103,1.63622,1
1.14244,0.758587,0.498281,2.58816,0.711197,0.751569,0.252785,-0.18102,-0
2.46731,3.25711,-0.165818,3.01213,0.595196,0.10836,1.90926,2.28821,4
-0.478442,0.942666,3.7155,2.80177,0.364062,0.792672,1.08009,1.9579,3
1.93196,3.46303,0.990235,0.584005,0.890054,0.334675,0.988311,2.0723,3
1.37478,2.8546,0.110336,2.91598,2.16362,0.451294,0.353506,-0.0739969,0
0.650285,-0.0994619,3.28841,1.2017,1.54671,0.40326,0.9349,1.16515,3
0.151521,3.40679,3.07473,0.210578,2.20988,0.727388,2.12841,2.11977,1
1.16401,2.63586,1.80402,2.3278,0.74047,0.917753,-0.0245729,1.70425,1
0.665961,0.127393,0.614683,2.26711,2.01903,1.12229,1.09075,-0.180794,-0
1.44212,-0.10949,3.13452,0.666413,0.319623,-0.107318,-0.0107723,1.67919,1
2.47765,0.76846,1.78713,2.69412,2.18968,-0.414611,1.10495,1.93778,1
1.55817,0.974083,-0.124165,0.292341,0.120293,1.1672,1.21143,1.79549,1
1.25342,2.42356,0.615536,3.46894,-0.50437,0.901236,1.2694,2.17997,3
1.88874,2.53808,0.16584,3.23365,1.36504,0.713583,0.472686,-0.0126142,0
2.33007,1.93497,3.31152,0.640526,1.4493,0.559952,2.11301,1.50015,1
1.53193,0.0218596,0.968782,0.503903,0.329129,-0.339192,0.884825,1.74239,3
0.25696,-0.315261,-0.0195003,2.3355,1.86432,-0.366716,1.87706,1.83777,3
2.1181,3.96814,0.766976,2.07607,1.00713,0.824027,0.904052,0.0146694,-0
1.50942,0.331573,0.321358,2.86643,1.46187,0.648598,-0.205595,2.14177,1
0.957434,0.0988805,3.344,1.58289,1.13545,1.16688,0.149966,1.57672,3
-0.0728817,3.75338,3.2361,3.10837,0.222016,0.460639,0.622755,-0.106551,0
1.43711,2.06472,1.32068,0.0525016,1.68863,1.30358,1.77282,0.399106,1
0.465092,0.0913125,3.29501,2.80867,2.02644,0.531908,1.80284,1.716,3
0.392132,1.53707,0.384503,2.65846,0.406392,0.21423,0.89902,1.51753,3
1.42418,1.39965,0.330938,-0.0217429,0.784,1.01943,-0.426887,1.51174,1
0.405292,2.98233,2.32891,1.19476,2.03521,0.066535,-0.505842,1.70918,3
1.91226,1.15155,0.212436,0.39313,0.965969,0.110748,-0.205958,-0.0484093,-0
-0.0325752,2.53325,2.32899,1.50737,2.18843,0.887954,0.422506,-0.0550702,-0
1.74241,0.24959,-0.261099,2.30702,0.936394,0.534019,2.07618,1.1764,1
2.00121,1.95066,1.99538,2.12333,2.71075,0.409647,0.898015,1.74338,1
1.47109,2.7547,-0.00813842,0.165344,1.17797,0.667416,1.39003,0.141314,-0
1.76131,3.40282,2.45301,-0.262616,0.283299,1.13282,2.06311,1.28463,1
1.04175,3.82269,0.582019,0.389641,1.69723,0.685627,0.827549,-0.0302737,0
0.230345,2.07744,2.66833,1.97847,0.740683,0.70099,1.57977,2.23949,4
0.399308,0.209736,2.68464,2.01586,1.48908,0.418939,0.537952,2.60257,3
1.95997,0.273395,0.0860316,-0.227887,0.299039,0.945627,1.69041,1.85724,1
1.24366,1.12236,1.79489,-0.421235,1.6514,0.0705089,-0.43185,1.4277,3
-0.242434,0.881302,1.4438,1.44788,1.10153,0.471029,2.31075,2.10359,3
0.645604,3.84516,2.7902,1.71429,2.32504,-0.090364,1.48547,1.85076,3
0.999145,0.0640175,1.50703,1.49339,-0.216331,0.312008,0.268743,2.23076,4
0.274029,0.795506,0.771618,1.64146,1.60929,0.00117333,0.794552,1.17761,3
1.54607,-0.168634,0.625958,1.77663,1.71456,0.536399,0.384523,-0.0542799,0
1.57546,0.0802851,0.651591,0.887726,2.09435,-0.194027,0.54484,1.57641,1
0.200973,3.20748,0.20584,0.575669,2.24456,0.263959,2.31755,0.998553,1
0.88367,0.539763,2.6113,2.35626,1.72947,0.659157,1.49721,1.86588,3
0.548873,0.90732,1.04227,0.753311,2.53504,0.442778,0.0424525,0.00874589,0
2.05452,1.49859,3.3141,-0.28282,0.420984,0.990557,0.67032,-0.0126747,-0
0.307299,0.821891,-0.0173916,1.69858,0.20324,0.231067,2.12009,2.27353,1
1.03637,3.30371,0.437495,1.49294,2.36162,0.253295,0.899694,0.0034172,0
1.636,3.85739,2.18214,0.41742,0.163344,0.930717,0.0514382,2.0685,3
2.15042,2.6145,0.579236,0.678152,1.53441,0.659206,-0.24439,-0.0287203,-0
1.657,2.18411,0.861496,2.86033,2.2202,0.406354,0.836471,2.20281,1
1.15522,3.88789,3.23533,2.26009,1.02055,0.575411,2.0806,0.00278984,0
0.820389,0.265849,1.2165,0.189114,1.37798,0.814954,-0.0459066,2.18654,2
1.04717,2.96269,1.07079,1.89345,-0.0566213,0.414237,-0.354351,0.604938,1
1.64575,1.32276,1.6973,0.140523,2.13412,-0.15215,1.6147,1.50212,1
1.55505,0.432777,0.610479,0.44911,1.65533,0.34266,0.512579,1.38615,1
1.28844,2.96564,0.59935,1.14721,2.40391,0.898039,0.0501502,1.13931,1
1.83078,0.133901,2.45389,2.0174,1.88954,0.163387,1.64711,1.81813,1
2.18468,4.05083,0.980148,1.59789,2.01499,1.44521,0.153141,1.82104,3
1.2388,2.65452,0.777252,0.15317,-0.128105,0.608074,0.328272,-0.00905135,-0
0.82534,1.44635,0.326458,0.433479,1.94208,1.00133,0.0294275,1.53721,1
1.91641,3.28546,2.78843,2.09523,1.4811,0.332162,1.65152,2.20067,1
1.53063,-0.152638,1.66516,2.99156,1.41465,0.24014,0.0616421,2.09759,1
0.943482,0.796274,2.09028,0.237,2.63642,-0.219773,0.91425,2.07028,3
1.66988,-0.120117,2.5544,2.29261,0.346934,0.614704,-0.203828,-0.0398252,0
0.858741,0.983403,0.0962455,1.6275,1.0804,0.537858,0.523536,-0.0446165,-0
0.593835,3.91114,1.12662,-0.363695,1.53263,0.465716,-0.028339,0.864752,3
1.91417,3.43508,0.16272,1.18075,1.79421,0.16547,1.45499,1.29654,1
1.91109,1.725,2.48185,2.90723,1.18662,1.52826,2.26876,1.80682,1
1.87881,-0.265852,0.135533,2.49224,0.842712,0.227126,-0.311025,0.00136522,-0
1.1805,2.36949,0.665335,2.73674,0.4888,0.428636,1.74209,1.8293,1
0.0521583,3.53086,1.9172,1.07118,0.935215,1.15325,1.39707,1.01434,3
1.03239,-0.327429,2.82297,3.00028,1.52631,1.50585,0.678991,-0.230474,-0
0.619317,3.01271,0.549657,0.0536446,2.84297,1.40208,0.400527,2.11405,1
1.21605,1.13557,2.53004,1.54923,0.810707,0.846545,0.235201,-0.0757203,-0
0.855107,1.07064,1.94259,2.44388,1.12278,0.661642,1.94614,-0.0679713,-0
0.548174,1.42799,2.30408,1.09668,0.587598,0.0788513,0.330789,-0.0831178,-0
2.08534,3.67778,3.01324,1.97355,1.75519,0.724692,2.04696,0.998131,3
2.00717,0.193082,0.851924,2.04767,0.579258,0.878645,0.467028,1.64685,1
1.72669,2.88367,3.13065,2.41913,2.07658,0.736408,-0.226847,1.92248,1
0.187153,3.41568,1.78885,0.228551,0.708366,0.580141,1.40473,1.92674,1
0.534136,-0.0311537,2.25883,0.0929156,1.20147,0.195582,0.953536,-0.26677,-0
1.05046,2.31501,1.15037,0.026355,2.39642,0.122367,1.15386,0.683314,1
0.895299,0.373977,0.208419,-0.000534516,0.327643,0.512612,1.02269,1.77425,1
1.65307,3.31049,1.07255,0.247177,0.548371,-0.139762,1.04054,2.28915,1
0.407229,3.59051,0.299549,-0.121672,1.16542,0.624331,-0.177039,-0.154217,-0
2.36828,0.850184,0.239768,0.449427,1.77812,0.282083,1.44236,1.27233,1
-0.289605,3.69314,1.32909,2.71064,0.984836,1.41708,1.42795,1.9286,3
1.54949,1.23854,0.191014,0.219171,0.978674,0.228792,1.48676,0.907423,1
1.78498,-0.236974,0.208229,1.98717,1.0487,0.96929,0.234416,-0.172798,-0
1.05459,3.86085,0.165604,0.568558,0.0786963,0.16783,0.169822,0.0142675,-0
0.586467,2.36827,3.38874,1.13223,1.69352,1.06442,0.877296,2.46944,1
0.64327,0.0141818,0.104766,2.41673,2.48252,-0.0882116,0.481882,1.03912,3
2.05596,2.09715,1.84692,2.59288,1.38182,0.0560693,-0.32507,1.79413,1
1.5936,0.97989,0.989851,0.0213285,2.68933,0.394146,0.137169,1.14414,1
0.91936,0.936254,3.36009,2.87648,0.635209,0.398003,0.269945,1.61736,1
2.14141,0.842697,2.29126,1.4382,1.69593,0.913539,1.73145,1.77687,1
1.9632,3.47943,0.774454,0.781728,1.64919,-0.198878,0.700317,0.957702,3
0.652354,0.627946,1.47753,2.13447,0.572655,0.239185,1.02615,1.53186,3
0.819388,3.33518,2.90087,-0.253329,1.91373,0.349171,-0.503095,0.825401,1
0.564574,2.04733,0.0202426,1.76924,0.825215,0.127637,1.01303,2.00741,1
2.02524,0.187902,2.26003,3.06084,1.96711,-0.00156119,1.84275,1.76795,1
1.78323,-0.223284,2.1661,2.24844,0.48557,0.392029,-0.0158797,-0.0746075,-0
1.47721,0.593853,0.438794,1.87088,0.747981,0.656332,-0.562001,1.56401,1
2.32997,2.09342,3.19383,2.17264,1.4153,-0.254613,2.2932,1.39389,3
1.52813,3.42697,2.62038,1.84184,1.87653,0.266542,1.38216,2.36688,1
1.7685,2.46852,3.12789,1.55867,0.900908,0.669775,0.504446,2.33176,1
1.55168,-0.152083,0.766217,0.415329,0.998005,0.111065,-0.103577,2.25943,1
0.536086,4.16894,1.97594,0.967491,1.78361,1.30398,0.112544,-0.124065,-0
0.633084,4.2128,2.63784,0.805378,1.19833,0.628284,1.77841,-0.0706528,-0
1.68197,3.8927,0.60747,0.286039,1.80355,-0.0360784,0.57651,2.07737,1
-0.0571433,3.79425,3.12487,2.7157,0.396904,1.0278,0.0102792,1.55684,3
2.46935,0.0768657,2.15325,0.44108,1.77301,0.165517,0.857318,1.27628,3
1.78208,1.90636,-0.0495007,1.50813,0.988928,0.318227,-0.0436769,0.945387,1
0.317491,0.562735,0.4052,1.81626,2.02711,0.874595,0.0348461,1.81922,3
0.494727,-0.277238,2.28748,1.11689,0.142073,0.908841,0.623206,-0.0629485,-0
1.71716,3.78158,0.853557,2.90364,1.47933,0.68536,1.56896,1.26947,3
-0.0699443,0.115958,2.57213,1.10035,1.75206,1.26277,1.08936,2.04696,3
1.89982,0.0725506,3.21217,0.150274,0.62798,0.519892,1.64585,1.48142,1
-0.192055,2.69678,0.234445,1.36481,1.24885,1.33337,0.144579,1.66737,1
1.68629,-0.0785565,0.28694,0.0377536,0.613403,1.3619,-0.255722,-0.088031,-0
2.05878,0.64488,2.97121,2.41344,0.648149,0.861743,0.792701,1.64535,2
0.102262,2.94358,-0.183734,2.03788,2.06115,0.916608,1.64089,1.22266,3
1.27747,2.34092,2.22587,1.68683,1.82747,0.0161453,0.242672,2.12795,1
0.249246,1.90176,1.68027,3.22994,0.49656,0.626444,1.94746,2.53958,1
1.13184,0.190714,3.35601,0.970971,1.30698,0.96239,1.19078,2.27334,1
1.51485,0.289511,3.0124,2.80813,0.441409,0.293409,-0.142491,-0.0597509,-0
1.54128,0.165176,1.37839,0.18035,2.26428,1.11723,1.40446,1.16382,1
0.85841,3.24549,0.0697633,1.59769,1.92706,0.487167,1.77934,2.2884,1
0.74399,3.71588,2.6808,0.497752,0.645624,1.11301,0.993102,-0.023,0
0.201596,3.89706,1.38817,2.42075,1.10635,1.11016,-0.156571,1.77782,3
1.54985,-0.286646,0.556106,2.99171,-0.0102439,0.0583456,2.11739,1.27358,3
0.425322,3.97788,0.883906,1.25994,1.97552,-0.0616763,-0.299421,1.38603,3
2.05129,-0.152407,-0.0544956,0.131936,0.63635,0.281046,2.249,1.13491,1
0.700996,1.21771,0.920563,2.86188,0.457565,0.78697,-0.340311,1.68477,1
2.60069,3.22253,0.917907,0.00750351,1.35692,0.616361,1.0685,2.31528,4
1.57012,0.992562,3.27192,-0.0209857,0.781768,0.386456,1.32399,1.92368,1
1.67304,2.73388,2.58608,2.87966,1.90033,0.376498,1.1655,1.95634,1
1.40359,0.69696,1.33494,1.84106,-0.0758271,-0.0119471,0.321109,1.44374,4
0.749728,2.45262,0.663035,2.20422,0.0382175,1.12206,0.234982,1.89874,1
-0.284311,2.7296,2.60953,0.561937,2.3197,0.0819363,0.743099,-0.0935987,-0
0.777081,2.41417,2.62042,2.0298,1.32843,-0.333026,2.03472,2.34576,3
-0.0344675,2.76119,-0.134802,2.94202,0.672783,1.17877,1.05337,-0.0807074,-0
1.64406,3.71282,0.813394,2.77525,0.22776,1.27322,0.970663,2.39624,4
1.88732,0.348498,0.238924,3.21486,1.95056,-0.157437,1.14217,-0.0473053,-0
0.409807,1.34169,1.49717,0.333583,2.00676,1.47194,2.01402,2.06557,1
-0.024753,1.06966,2.43022,1.7836,1.06746,-0.0512503,2.22599,1.5537,1
1.49668,0.591833,-0.0376128,2.25786,0.633559,0.485668,1.81006,-0.0564108,-0
1.17487,1.94593,1.26916,-0.000677552,1.18708,1.26169,2.1558,2.22439,1
1.64963,-0.156285,2.63366,1.31434,1.30052,0.237577,0.360325,-0.140646,-0
0.794913,3.59919,2.89971,1.12802,1.14027,0.134145,1.36909,0.827913,3
-0.0720011,0.368303,-0.281256,0.362282,2.09419,1.50944,-0.134869,1.54991,1
0.825801,-0.155582,1.62908,2.90509,1.70453,-0.045292,0.787226,0.597076,3
0.691986,0.834534,1.7439,-0.0432812,2.4736,0.625077,-0.017043,0.717292,1
0.30066,-0.230048,0.914962,0.854195,1.64499,-0.476309,-0.149803,-0.0591884,0
0.441886,-0.0548294,1.18181,-0.240947,1.51651,0.748363,0.223447,0.922518,3
1.31368,3.25974,-0.0825984,-0.418267,1.21907,0.397401,-0.102009,1.41411,1
0.188905,0.948242,-0.202505,0.447689,0.382017,0.593625,0.370004,1.65631,3
1.33781,-0.040434,-0.0752209,1.77599,1.24701,1.04362,-0.282996,-0.141135,-0
-0.0499918,1.17654,1.43983,2.38016,1.00861,1.36711,0.559522,1.57518,3
2.00235,0.0215498,0.207449,1.31906,1.82519,0.771724,-0.324756,-0.0736023,0
1.93762,0.828513,-0.0871145,0.191261,0.0875981,0.541261,0.580866,-0.0797791,-0
0.868446,1.14501,3.0483,0.0174508,0.386767,0.809134,0.302513,-0.070186,-0
2.15554,0.540135,2.95119,0.234272,0.0944195,0.596185,0.684331,1.79304,1
0.0891586,-0.575151,0.914418,0.801981,0.876944,-0.0432318,0.0655678,-0.316915,-0
1.45211,1.68983,1.43391,2.09574,0.199107,-0.669578,0.636078,1.38783,1
0.726727,3.13275,2.94989,-0.177673,0.3124,0.22426,-0.671346,1.7756,1
1.92568,2.76646,0.908403,0.340604,1.64358,0.665215,0.809312,1.82708,1
1.86329,3.1813,0.595404,1.54078,1.00642,1.06546,1.51506,0.0469606,-0
0.350902,0.0458877,1.54944,0.583565,2.16174,-0.620911,0.208044,1.05724,3
1.49734,-0.24593,-0.311028,0.503212,0.462872,1.16888,0.611782,1.35433,3
1.89689,-0.379091,2.1461,0.809719,1.44821,0.805869,-0.574655,-0.0584385,-0
1.90877,4.01113,1.34125,1.11181,1.9551,0.0752812,2.13732,0.0476747,-0
2.46401,3.70023,1.20487,0.0993717,0.634615,0.803249,0.960477,1.80532,3
1.28376,1.57994,1.89767,-0.00209171,2.38246,0.330469,1.04593,2.06046,1
-0.00346452,0.139621,1.09202,0.970531,-0.276777,0.185271,-0.10323,1.60734,3
0.233867,3.50252,2.35474,2.73457,0.960872,0.710501,0.842573,1.77453,3
2.30644,2.62592,2.09779,1.77101,1.28304,0.437363,1.31227,1.67032,3
0.970329,2.55594,0.595778,0.700324,1.47314,1.11638,1.40508,1.97858,1
0.717603,1.13332,0.944613,2.33754,2.26764,0.773169,-0.38303,1.04083,1
1.79796,0.401403,2.10539,2.53111,2.1754,0.370102,1.8173,2.25025,1
0.797662,3.6599,1.4827,0.0140735,0.993005,-0.0230755,-0.116425,1.05544,3
0.477556,2.56237,2.97114,1.14363,0.466532,0.656854,0.688718,2.41058,3
1.85004,2.74939,0.57078,2.81425,2.24013,-0.118824,1.87774,1.74165,1
1.30241,3.40795,0.925237,2.78043,0.522155,0.884656,-0.0113262,1.96752,3
0.0566459,2.86611,0.426066,1.63006,1.99581,-0.0710625,1.09196,0.784881,3
1.99363,2.46015,2.71406,2.91168,0.86961,0.517586,0.491751,2.08041,1
0.437183,2.11136,2.53298,2.49629,1.91091,0.0442451,0.497594,1.61956,1
0.157633,2.32018,2.19781,3.11521,1.45323,1.42608,1.76305,1.48393,3
2.05621,3.86002,2.05911,2.67022,0.529118,0.917305,1.73615,1.34189,3
1.38394,0.0637704,-0.0985546,0.0160812,-0.0945749,0.991264,1.52599,1.7702,1
1.38546,2.22163,1.51221,2.26124,0.951465,-0.128087,0.202981,1.11628,1
1.53881,1.90956,0.887129,2.97596,1.60364,0.859366,2.21556,1.31057,1
0.679569,0.595006,2.85062,2.40909,0.95741,0.304549,1.45455,1.45178,3
0.427213,1.03813,1.77052,0.4442,1.8419,-0.204435,0.913165,1.77527,1
-0.168202,2.56997,1.95618,2.59091,0.974434,0.470563,1.26204,1.18168,3
0.939245,3.7813,1.54884,0.220089,0.709761,0.309833,1.76682,1.92273,3
1.02944,1.84506,2.2896,2.81621,1.00944,0.378675,0.25037,2.02815,1
0.572664,-0.302434,3.07537,0.0944356,1.05692,1.21671,1.20739,-0.104879,-0
1.68399,2.43432,-0.100787,0.229708,0.437688,0.494173,0.595603,1.5079,1
2.21377,3.63898,0.791946,2.02313,1.14935,1.12974,-0.256235,1.97658,3
1.86111,0.862366,2.43478,2.39162,1.67342,0.0120643,2.15863,0.520064,1
0.813736,2.80337,2.35864,2.54647,0.197156,0.181047,2.34921,1.99294,1
-0.202622,0.641607,2.11655,-0.145034,0.938919,0.167421,-0.189392,0.975145,3
1.22008,3.32625,3.00805,2.41479,0.301359,1.25293,-0.0288719,2.22735,1
2.28425,-0.107368,2.61888,2.1741,0.446459,0.613719,-0.0604577,2.12534,1
0.86356,0.126092,-0.0191136,2.31404,2.32357,-0.0603288,1.70131,1.38422,3
0.224481,3.04474,0.592881,0.124276,2.38709,0.292237,0.620091,0.866185,1
1.61524,3.8484,2.29249,1.37085,1.49435,1.1451,1.7988,0.0923221,-0
2.35545,3.76617,2.00504,2.97451,2.04343,0.117054,2.2999,1.2435,3
1.90344,0.474933,1.93904,3.04942,0.627763,0.154947,0.18981,-0.118822,-0
1.18018,3.14768,2.31383,0.618878,2.17296,1.05647,0.184173,1.78967,1
0.288043,2.72397,1.73748,1.85882,-0.183924,0.0441405,0.270625,1.93855,1
0.563222,3.12023,0.533767,2.37325,0.425632,0.644453,0.135621,-0.12123,-0
0.998805,0.175348,0.111962,3.11477,0.766299,0.794788,1.72722,-0.0821654,-0
1.90373,3.93883,1.0037,1.98082,0.537202,-0.0537152,0.0491152,1.3436,3
-0.0255546,0.088299,2.29085,2.38421,1.72452,0.662732,0.912527,1.24908,3
1.64897,0.0361548,2.64388,0.899201,0.519621,0.365158,0.481767,1.28292,3
1.05063,3.83033,2.53962,2.65828,1.27163,1.01866,1.33671,2.1435,3
-0.615784,2.42954,-0.204,1.4462,0.669284,0.698011,0.910269,2.33667,1
1.2289,-0.175244,1.37488,2.7311,1.07603,0.936326,1.71274,1.67273,3
1.73207,1.64122,2.66106,1.70998,0.0743317,1.54723,1.51931,1.98945,1
1.1916,0.625737,0.273284,2.22539,0.57631,0.59198,-0.0667536,1.80865,1
0.201914,0.732223,2.71883,3.04449,1.19463,1.00412,1.26574,1.51485,3
1.86101,2.9417,0.971307,2.09769,0.20257,0.233442,1.0674,1.22013,1
0.966732,3.74501,2.08708,-0.121546,1.83279,0.452353,0.424225,2.11881,1
0.677767,2.55324,1.77056,2.39366,0.369887,-0.0583527,1.89418,2.53752,1
0.183374,3.70013,1.81999,0.820606,1.99742,0.00927191,1.33787,1.59018,3
2.42145,-0.133991,2.32867,0.870218,0.0447686,0.287676,0.519738,1.109,3
0.847818,2.8268,0.57084,0.429329,2.00021,0.287208,1.74278,1.70008,1
0.183536,3.7922,1.24415,2.94442,0.617458,0.160086,2.21503,1.22776,3
0.59746,2.78923,0.906441,2.84404,0.319788,0.061074,2.67315,1.1073,3
1.04808,0.100554,3.24581,2.33427,1.60573,0.610271,0.784086,2.08704,1
1.5684,3.18163,-0.0775421,1.80081,0.612686,0.235502,2.15751,1.8318,4
1.09475,0.033278,1.34309,2.08164,1.15177,0.398884,0.531023,-0.0535427,0
0.294289,3.91935,0.541812,0.00330488,0.86647,1.45313,0.923988,1.90145,3
0.336491,0.56363,0.353193,0.40864,1.37198,1.02047,-0.144627,1.90499,3
0.403762,2.68546,2.23679,1.06352,-0.317436,1.13742,0.523017,1.63354,1
1.66247,3.87195,0.977477,2.89291,1.45844,0.849925,0.300559,2.66439,3
2.33487,0.499247,2.04891,0.0153288,0.167485,0.323742,1.51091,-0.0476257,0
1.80453,0.285679,2.48684,1.57341,2.01627,-0.0341308,1.05691,1.04666,1
1.82941,0.629015,0.650103,0.428332,1.53333,0.251902,0.266545,-0.04364,0
1.34095,0.743461,-0.178789,3.05911,0.0253809,0.904013,2.2965,0.904037,3
1.4554,0.721613,3.11374,0.396507,1.81885,-0.273423,1.66624,1.01243,3
-0.0432288,1.0293,1.08547,0.84397,1.4756,1.10783,0.993191,-0.027518,-0
1.54826,3.84,2.45117,0.0840235,0.874617,0.0532713,0.827686,2.33088,3
1.45236,0.0128993,1.07883,2.8033,1.84425,0.0989241,2.06986,0.974226,3
2.16086,1.31964,-0.0559598,1.77311,2.01968,0.56293,0.705062,1.65366,1
0.713313,3.69946,-0.0487527,0.344427,1.88518,0.291452,-0.215154,1.76318,3
0.161249,3.16922,0.712698,0.587871,2.55786,0.155615,1.83466,2.32789,1
2.14523,0.264329,3.0175,-0.15698,0.946844,0.0615948,1.09409,1.45998,1
0.655044,0.148941,0.68419,0.788695,0.0964019,0.307265,-0.108922,1.93197,3
-0.267259,1.89228,0.473934,1.73468,1.8449,0.505262,0.409587,1.43313,3
0.534633,3.57414,1.5466,2.60646,1.00955,0.8604,0.0612669,1.30997,3
-0.548925,1.74802,2.23902,1.92447,0.908827,0.687849,1.83495,0.844402,1
0.187215,1.8493,0.57411,2.51145,2.55664,0.154928,1.73526,1.02346,3
0.942868,0.632888,3.4396,-0.0464669,0.443229,0.523063,1.38746,1.3006,3
1.80931,1.66459,2.62755,1.72911,2.81178,-0.0724951,1.26169,1.42428,1
0.144652,3.72837,0.327578,0.496285,-0.122697,-0.482323,0.909353,1.35675,1
1.13455,1.74091,-0.30589,0.468463,-0.367338,0.775548,0.896767,1.53452,3
2.14513,0.502849,1.7527,2.70352,1.20139,1.1465,-0.0995499,1.49202,1
0.656754,2.7505,1.54134,0.138084,-0.374536,-0.178714,-0.0957645,0.922222,1
2.04565,1.76771,2.06283,2.31229,0.192543,0.800987,1.58679,-0.080186,-0
1.79424,0.804866,3.09298,2.80216,0.235421,0.865783,1.6497,-0.107552,-0
0.940753,3.61483,0.537005,0.937639,-0.0148417,1.23023,2.03833,1.14771,3
1.96544,4.01392,0.730118,-0.248062,0.315658,0.881647,1.11978,1.77701,3
1.06031,2.26557,-0.12502,0.93364,0.498278,0.567112,1.08888,1.21158,3
1.08499,0.621025,3.09821,2.63113,0.824267,0.200951,0.568781,1.85834,1
0.778817,3.80235,3.00612,2.97056,0.998453,0.529298,1.56347,2.11889,3
1.53356,0.803441,0.718837,2.29605,-0.597988,0.144905,0.183002,0.676205,1
1.1106,-0.014253,0.286327,1.6993,1.47035,1.04743,0.43714,-0.18383,-0
-0.129324,1.52797,2.6241,0.420523,0.722453,-0.249778,1.95289,-0.0683384,-0
0.37086,3.38655,0.548561,0.0964575,0.166263,-0.180449,0.895076,0.529309,1
1.64882,3.86876,2.89641,3.06781,0.534377,0.701302,1.82,0.154713,0
1.53808,3.27541,0.183325,1.35536,0.905902,0.124131,1.2289,1.95615,1
0.235888,1.87109,0.463071,0.40368,0.322409,0.731502,-0.130253,1.19296,1
1.76474,1.31388,1.37188,2.25583,1.10362,0.994101,-0.193161,1.27033,1
1.50052,2.55027,1.77821,2.82385,2.15131,0.641241,1.70627,1.02281,1
1.5386,1.66824,1.62994,1.37323,1.96997,0.480737,-0.00350249,1.50096,1
0.12917,3.47195,1.00825,2.7534,0.223534,0.823067,1.95018,-0.063658,-0
-0.0108102,0.754369,-0.192192,0.671587,1.66306,-0.179362,-0.0688815,0.885752,3
1.48576,1.27039,0.0358934,2.91291,1.23168,0.266441,1.92361,1.60176,1
2.20138,0.923416,2.56894,1.11385,1.96542,0.249957,0.763386,1.94662,1
1.27088,3.75452,3.16232,0.905613,1.49938,-0.0668515,0.00519221,1.6112,3
1.45442,3.73565,-0.20568,2.93078,1.50012,0.324043,1.76471,1.64728,3
-0.076016,3.24027,3.03391,2.84563,1.70445,0.403402,0.67695,1.41152,3
1.27008,2.63802,2.76835,1.57385,0.383017,0.0835222,0.408118,1.92847,1
0.871545,1.59427,1.57278,2.66915,1.31753,0.0820432,0.0592813,-0.100071,-0
0.744066,-0.211841,0.772217,2.32782,0.164121,0.600374,2.13428,1.80459,3
-0.19292,0.965458,1.13898,1.23918,1.07599,0.387218,-0.45123,0.992129,3
1.7123,0.155043,3.01251,0.0681294,2.1054,-0.0845744,1.13009,0.02873,0
1.63302,3.37631,0.476243,1.65985,2.19556,0.394496,0.450234,1.8902,1
0.715413,1.48154,2.65916,3.02718,1.36307,-0.0185542,1.06722,-0.116376,-0
2.40032,3.80314,0.330214,1.40918,1.24151,0.113863,1.45939,2.10829,3
0.851039,0.0637186,3.01843,3.22827,0.810011,1.43111,1.46283,0.964878,3
-0.140556,0.266591,2.0142,1.52576,1.15667,1.03588,-0.31727,1.7902,3
2.08304,-0.527826,0.627099,-0.0743687,1.58225,0.783679,0.646589,2.05998,1
1.14896,3.51433,1.57405,0.2341,2.29341,0.136254,0.721441,1.69531,1
1.95902,0.0927933,-0.0894493,0.819968,0.777713,0.746875,-0.214846,1.1956,1
0.224209,2.43602,0.840073,1.75544,2.02193,-0.332286,1.35023,2.00802,1
0.151313,1.06496,1.90906,0.997531,0.0265796,1.24119,0.718296,1.43245,3
1.91078,3.18648,-0.00648947,1.0848,0.198615,0.76123,-0.416784,1.01717,3
1.12688,3.17109,0.880364,1.35741,2.14383,0.596798,-0.00832044,2.12096,1
1.89842,1.61714,-0.135511,0.0809898,0.483595,1.09166,0.64402,0.895479,1
1.53652,3.70003,0.956477,2.64393,1.41397,0.913305,1.98595,0.0370369,-0
-0.557151,0.282526,0.70353,2.36294,1.38568,1.3102,1.05279,2.05988,3
1.57883,1.07089,3.04558,1.69203,1.69323,0.985793,0.757569,1.49816,1
1.97388,1.072,1.54139,1.88183,0.706927,0.191803,-0.153638,1.23263,1
1.67096,3.76651,1.14782,0.778236,-0.495233,1.18047,-0.0751952,-0.140912,-0
2.07276,1.21111,2.24062,2.70262,1.31058,0.639806,2.15247,-0.00543539,-0
0.528338,-0.048129,0.0383094,0.676671,1.85669,0.570359,-0.132351,2.15872,1
1.96175,1.1093,1.98831,2.29619,0.0990156,-0.619065,0.137247,1.6273,1
1.40248,3.66101,2.18688,0.0209446,0.860084,0.850166,2.08085,0.740146,3
0.466698,1.2899,1.41647,0.395289,1.84499,0.356191,1.7497,1.9425,1
0.785702,3.98783,0.114061,0.184969,1.20169,0.443506,1.70041,1.54067,3
1.92126,0.280593,-0.0527624,1.15177,-0.0526131,0.873554,1.14833,2.27206,4
1.93789,1.2952,3.4323,2.00835,1.30039,-0.0914109,1.37052,1.80522,1
1.90498,1.3354,0.609543,2.86904,0.522324,0.873714,1.79235,1.17526,3
0.170969,1.02674,2.34936,2.80002,0.29053,0.852886,-0.171732,2.0218,3
0.195724,2.56247,0.318072,0.205498,0.822243,0.240915,1.41936,1.96462,1
1.52031,1.76242,1.91991,1.66566,2.42517,-0.155749,-0.200764,1.36274,1
0.43684,0.709656,1.95692,1.79863,0.619451,0.140592,1.14221,1.56017,1
0.452403,3.71934,3.34437,2.55922,0.113526,0.0384069,0.474901,1.55331,3
1.87666,1.31561,3.0176,0.384926,2.2417,1.19378,-0.128698,2.10833,1
0.115464,-0.0625889,-0.417162,2.71556,0.723182,0.909295,0.371773,1.11185,3
1.96155,0.671661,0.567578,0.787703,0.638417,0.764237,1.26394,1.87089,1
1.15808,2.14554,0.0959201,0.145891,2.40372,0.414285,2.21456,-0.0410341,0
2.39387,3.44483,0.0642852,2.96781,1.85827,0.329413,1.49438,1.28491,3
1.75179,1.03696,-0.0467985,2.21392,1.52245,-0.345926,0.623613,1.63722,4
1.07145,0.27296,3.26174,1.96604,0.98972,0.769676,0.460426,-0.15923,-0
0.00180648,1.38174,2.75574,0.0200979,1.70739,0.3572,-0.214027,2.107,3
2.0453,3.72588,2.6997,2.74277,1.81623,0.654963,0.0800786,-0.0257724,-0
1.96602,3.4726,1.45971,0.146574,0.973186,0.966237,1.90419,1.41242,3
2.10476,0.175159,1.26623,0.497256,1.38382,-0.161008,1.19139,1.1874,1
1.08694,1.35108,1.96494,0.0684975,2.15429,0.558563,0.695245,0.191036,1
0.000882839,2.90449,0.350133,0.748602,1.47424,0.643706,1.84372,2.09772,1
0.40857,2.26858,0.14157,0.614022,1.45,-0.407552,0.940092,-0.0559286,-0
0.425205,0.462916,1.10145,-0.289403,-0.0188632,0.575348,-0.0903389,1.39952,3
0.967867,2.9464,0.314345,2.95213,-0.0514683,0.550717,1.25533,1.93728,1
1.14725,0.772263,0.38853,0.0994777,0.339055,0.63798,1.06208,0.620586,1
0.421749,1.27998,2.92247,2.78269,1.5593,0.657735,-0.370846,-0.242123,-0
0.208373,-0.429977,0.151959,-0.0831205,1.22496,0.779135,1.81242,1.5701,3
1.67895,1.46231,0.209258,-0.27882,0.297806,0.879333,0.801475,1.53506,1
-0.037628,3.64687,0.31767,2.88392,0.934285,0.479255,1.92276,0.927481,3
1.23468,-0.189957,-0.101438,0.210763,2.35585,0.168477,-0.201962,1.20592,3
1.46606,3.16149,2.89648,0.976031,1.97381,-0.428612,0.872329,1.51366,1
2.24354,2.07003,1.72327,-0.182178,0.749342,0.283742,1.64607,1.20757,1
-0.125669,1.37454,3.49355,1.64565,0.225385,0.561256,0.119973,0.943102,3
1.23102,0.931835,1.81684,0.352523,1.84637,1.14503,1.76256,2.55465,3
0.626668,1.36141,2.74109,2.79366,0.643259,0.730507,-0.119661,1.17437,1
-0.21459,3.07844,0.328023,0.106005,1.46928,0.317115,1.77704,-0.0640504,-0
1.40689,0.0424228,0.831995,1.36307,2.43383,0.864254,0.474061,2.0071,3
0.192405,1.31835,-0.14677,0.197341,2.25328,0.517527,1.08887,1.56549,1
1.23683,0.455061,-0.108657,3.29719,1.342,-0.248983,1.92071,0.984216,1
-0.0815156,3.51381,2.24588,0.020117,0.844723,0.406631,0.389186,1.66098,3
2.11383,3.6742,3.52847,0.240015,0.298803,0.476193,1.00024,1.58628,3
1.9787,4.00498,0.22831,2.79377,1.74055,-0.0302653,2.04063,0.0288845,0
1.37596,0.894146,0.0298498,1.84452,2.01418,0.131703,-0.309043,1.52261,1
2.12677,2.29135,2.11255,0.297501,0.00097349,-0.208391,1.86242,1.96825,1
1.32412,2.54775,2.09779,2.46637,0.25223,0.421339,0.676359,2.47177,1
0.680001,1.13758,0.954402,2.44671,1.35784,-0.636684,2.2284,1.82957,1
-0.148399,1.18632,2.74895,1.26561,0.763324,0.413925,1.68283,1.89111,3
1.9621,1.22733,0.386149,2.46176,1.93085,-0.10457,1.96641,1.32788,1
1.51717,-0.257468,3.42687,0.533092,0.11461,-0.123157,0.176608,1.86959,1
1.21043,-0.224187,-0.172469,1.68209,-0.185309,-0.0682851,1.7406,1.19062,3
1.35112,1.63303,0.822684,2.48522,2.27579,1.066,2.07423,1.97715,1
0.897553,0.496463,0.488331,2.01366,-0.170121,0.485892,1.35175,2.08114,1
0.264655,2.50385,1.18255,0.078234,0.874743,0.584046,-0.190021,1.75623,1
1.6469,1.56177,0.0891962,1.24126,0.625739,1.61168,1.42791,-0.0110609,-0
1.29476,0.389535,0.913723,1.6586,1.67358,0.66653,-0.218749,0.409258,1
0.267133,-0.51415,0.576164,1.2375,0.56325,0.292167,2.58785,1.73876,3
1.13576,3.90202,2.60824,1.04591,0.604055,0.286544,1.47795,1.7572,3
2.48217,0.810921,1.71357,2.41055,1.58139,0.91943,-0.118495,1.55051,1
0.442087,-0.0939727,1.49261,2.49588,-0.391365,0.700197,1.13774,1.57893,3
1.36935,3.66347,1.95089,2.33336,1.44882,0.297,0.87323,1.92375,3
2.29682,-0.239993,0.18194,0.319621,0.964522,0.349533,1.30818,1.75555,3
1.72774,1.22511,0.15159,2.60609,1.75073,0.250877,-0.0634454,-0.119706,-0
1.92018,1.05128,2.19096,2.17916,2.03084,-0.151799,0.556205,1.89118,3
0.176386,-0.141104,2.55104,2.70347,1.44521,0.406938,0.151572,1.03907,3
2.30017,0.0269087,3.061,2.06874,2.10972,-0.254199,0.348138,-0.0769451,0
0.144127,3.67159,2.19579,-0.0389208,1.01323,-0.351349,-0.336066,1.95381,1
0.837036,3.78259,2.18329,2.74818,1.26759,0.0570322,0.0366846,0.813233,3
1.76662,1.68435,2.7835,0.134369,2.53961,0.0366766,1.11369,0.458675,1
1.48404,4.16843,1.06476,1.06387,2.41094,0.397913,0.938844,-0.00133643,0
2.14823,2.20676,0.292651,2.49325,0.385273,-0.0122533,0.332558,-0.0408883,-0
2.31196,2.9423,-0.057254,1.36912,1.72315,0.20702,-0.188016,1.38076,3
2.03905,0.698583,-0.0889143,0.760035,-0.228231,0.84302,1.44472,0.766388,1
1.5662,0.488011,2.17955,0.283228,1.05407,1.03335,1.31456,-0.0705066,0
-0.126076,3.70514,-0.0512361,2.33903,1.07514,0.926267,0.357257,2.13874,3
0.246373,0.211599,1.04503,0.473463,1.47267,-0.263327,0.401769,-0.119549,-0
0.271303,0.785361,0.46487,2.25103,1.35835,0.266994,1.2431,1.95531,1
0.22846,0.321455,2.83269,0.0565661,0.540064,0.370837,2.12526,2.01277,1
1.70538,0.484454,1.69176,3.05153,-0.621475,0.00266358,1.37117,1.86233,4
1.87994,3.86933,3.05221,0.720949,1.60865,1.04675,0.106735,1.63762,3
2.01313,3.94232,0.322213,1.40145,1.09093,0.460439,1.30657,1.53345,3
-0.0605956,1.76368,2.54225,0.510496,1.32657,0.696512,0.926692,1.96125,1
1.24933,0.721126,-0.0929345,-0.155223,1.93393,0.164699,0.482507,1.25007,1
1.7509,-0.207022,0.387758,-0.0138068,1.24647,0.453004,1.91131,0.953531,2
2.26507,3.61382,2.04861,2.59084,1.03128,0.655745,1.87669,1.08106,3
0.767252,1.68313,0.311066,0.830718,1.30826,1.00439,0.977339,1.75793,1
0.677711,1.81246,-0.149755,0.0872424,-0.0934439,0.353619,0.995865,0.10894,0
-0.215363,2.80185,1.07886,1.09329,1.53705,1.37513,1.84715,0.960136,3
0.996261,3.10345,0.298074,0.0393248,1.48021,1.0466,1.92388,1.59649,1
0.29467,-0.147872,0.173268,1.28814,0.443168,0.0852526,0.67087,1.32883,3
1.67173,2.62203,-0.05662,0.784054,1.34049,1.06257,1.07872,1.01327,1
1.31081,1.0944,1.94475,0.354827,0.341326,0.107959,1.48475,1.52285,1
-0.229459,0.771337,-0.191987,1.74434,-0.498688,0.141168,1.77162,1.74865,1
0.34266,1.01467,2.60909,1.93637,0.289708,0.31431,0.230557,2.18421,1
1.77093,3.74472,2.35737,-0.106594,1.12134,-0.015294,2.06771,0.818805,3
1.61506,1.65826,0.122765,-0.252136,1.49504,1.12039,-0.164605,1.04724,1
0.775969,-0.134816,-0.00649107,2.53894,0.71342,-0.182656,1.96104,-0.220742,-0
2.0852,2.83228,0.0103435,1.02792,0.928015,0.461327,1.11122,1.78941,1
1.04114,2.92023,0.802889,1.75024,1.66641,0.971943,-0.121999,1.67706,1
1.95156,2.69209,2.83119,3.07961,0.0508672,0.873453,1.35844,1.28095,1
2.01561,2.35721,0.381903,2.92351,1.06085,0.591502,0.436166,1.1458,1
0.408877,0.354514,0.58203,-0.339783,0.937635,0.265901,2.07869,1.84229,3
1.61936,3.61351,2.98294,1.98108,0.262894,0.907085,-0.193981,2.19938,3
1.33506,0.703498,0.334297,0.368596,1.616,-0.416888,0.368044,2.1035,4
1.5582,1.37965,0.0638069,2.72633,0.0186092,0.372043,1.18516,1.66321,1
0.1603,3.75022,2.56577,0.2632,1.6261,0.818797,-0.025632,1.85382,2
2.55475,2.55019,0.585962,1.23604,0.838563,0.455277,2.13887,1.44993,4
1.84221,0.316684,2.88715,0.148759,0.893152,0.695422,0.77939,2.19338,1
1.11404,3.40655,0.267671,2.68849,1.42374,0.140569,0.505177,1.80893,3
1.75908,0.681382,2.14529,1.92192,1.33564,1.14146,0.502932,-0.156319,0
0.606226,2.5671,1.99401,2.18948,-0.345079,0.189622,0.759901,2.05329,1
1.07822,3.55266,0.591965,0.0686687,1.7758,-0.082474,0.134306,1.36447,1
1.36217,1.31078,-0.030679,1.72528,0.220795,0.353177,0.0177307,1.32837,1
2.07816,0.929248,1.44166,0.368841,1.76286,1.11226,0.413982,0.693905,1
-0.136026,0.724902,-0.0541343,1.5152,2.16918,0.729989,0.484076,0.223721,0
2.01273,-0.00805401,2.26826,1.51164,1.93588,-0.204711,2.18945,1.38371,3
-0.0816748,3.53145,0.566611,1.30332,-0.202468,-0.0754348,1.0166,1.80554,1
1.98576,3.50633,3.25408,0.169048,0.384063,0.141202,2.02745,1.99039,1
0.198402,2.86223,0.0612756,1.14169,2.19922,0.9068,-0.225299,1.09096,1
0.582476,0.258827,1.17364,0.304909,0.208039,1.61615,2.26757,1.69049,1
1.78715,0.84339,1.01325,1.31351,1.66691,0.211651,0.0513958,0.47427,1
0.868659,-0.00392899,-0.409773,1.71263,1.22697,0.166662,-0.287202,0.958587,3
2.05052,3.15578,2.17087,0.277386,0.398523,0.811708,0.643418,2.08405,1
2.19298,1.45158,2.73184,1.10552,1.55177,-0.168025,0.393388,-0.0758327,-0
1.14599,1.37824,2.67708,2.83319,0.425817,0.790432,1.85934,1.19887,1
0.625686,1.11717,2.77167,1.41174,0.234434,1.24259,0.78492,-0.0589167,-0
1.77886,3.61299,0.436758,3.14243,1.5752,1.31826,0.366905,2.02905,1
0.0319358,3.19535,3.28615,-0.0648043,1.13674,0.668403,0.932909,2.11712,1
0.338932,-0.485301,3.36334,2.73632,1.50562,1.08182,0.924388,1.03582,3
2.238,3.67003,3.5501,2.5843,0.19308,0.818487,1.44135,1.14417,3
-0.151232,0.785943,-0.0531636,2.53909,0.855356,0.511272,1.73371,1.9781,3
0.137195,3.21106,1.11038,2.86761,0.755577,0.9489,1.56405,2.01146,1
0.823325,3.94261,1.50234,2.63881,0.37718,0.235379,1.26924,-0.0273319,-0
-0.146093,2.75727,2.82937,-0.0395905,1.31279,0.382897,1.1489,1.19559,3
0.784914,3.6089,2.38345,2.47049,1.14015,0.147246,1.72752,1.7834,3
0.863914,0.690027,0.307534,0.149394,1.47171,0.779415,-0.103789,1.70917,1
2.04971,0.242572,1.45472,2.49782,1.21062,0.946114,0.617436,1.69389,1
-0.119959,3.91482,3.13146,1.42938,0.508394,0.360728,2.07369,1.73118,3
-0.197341,2.13671,0.0545427,1.08874,1.68949,0.995368,0.516379,-0.112789,-0
0.730441,2.6826,2.34291,0.802339,0.3395,0.758676,1.57363,1.43128,4
2.01293,1.60049,0.377929,0.457282,0.130483,1.04052,1.64995,0.110028,0
0.53377,1.27156,2.2854,2.72623,0.877174,-0.186416,-0.38086,1.8566,1
0.446159,0.86501,0.633951,0.730346,2.07145,-0.950621,1.40533,1.66937,3
0.720894,-0.169355,2.73914,2.50839,0.785333,0.225113,0.594638,1.98326,3
0.901649,0.246348,0.944346,1.24683,1.33444,-0.11325,1.31848,1.99518,3
1.03618,3.15249,3.10615,2.00257,0.36817,1.29539,-0.114534,1.93259,1
0.711718,2.88367,3.00851,2.36138,1.66049,0.671443,1.74504,-0.0445404,-0
1.03582,2.79537,1.34015,1.77894,0.754266,0.0559957,0.56264,1.70897,1
-0.111274,1.7162,0.0123003,3.04468,0.960281,0.744767,1.30749,-0.0891039,-0
1.58315,1.53908,0.0863132,2.39511,2.32126,0.388054,0.946589,2.01554,1
2.06608,1.48097,0.78361,0.573991,2.16795,0.151486,0.0627459,-0.0298977,0
2.05209,0.107486,3.0664,0.815422,-0.14965,-0.265513,0.662364,1.01427,1
0.601974,0.706651,1.19305,1.48707,0.90968,0.539137,0.6244,1.75896,3
1.50825,3.17402,0.737296,2.5568,0.220718,0.0845502,1.21513,-0.0113929,-0
1.824,2.59236,1.23146,0.56397,1.70913,0.964532,0.340501,-0.112094,0
1.23138,1.04532,0.2242,1.24594,0.748592,0.508896,-0.265528,-0.148935,-0
1.52218,1.37136,2.06768,0.793434,1.52213,0.819321,0.978751,1.65562,1
2.40237,-0.415114,2.43024,1.31452,2.32989,0.172273,0.521299,2.01151,1
0.941481,1.73766,2.78647,1.86476,1.51565,0.755263,2.18085,1.36697,1
-0.151527,3.80186,0.739673,0.298182,1.8239,1.00914,1.43967,1.26245,3
1.497,-0.238072,2.86648,0.647691,1.78546,0.494406,-0.0379479,1.63708,3
-0.27475,1.84382,0.345375,0.0581206,1.96582,0.747373,-0.106891,-0.0472349,-0
0.316647,4.24641,0.117857,2.19329,1.2912,0.0424043,1.64656,-0.165221,0
2.62352,3.62684,2.44493,1.00125,-0.109813,-0.0350668,1.09843,1.16685,4
0.918085,1.06155,3.37412,0.128277,0.574145,0.78614,-0.183207,2.02473,1
2.2038,0.630263,-0.0580115,2.06408,0.378435,-0.214243,1.1471,1.05134,1
1.37962,3.14012,1.48141,1.07179,2.01212,1.04135,1.52628,1.88093,1
1.61015,2.90255,2.2653,3.03971,-0.242423,0.110864,1.00043,1.62767,1
1.41533,1.21757,2.04486,1.93482,0.41736,-0.0342252,0.814419,1.35752,4
0.809045,0.120991,0.378923,0.400972,0.0244983,1.02965,-0.523645,1.35122,3
1.56083,3.70392,1.62037,1.66343,-0.510481,0.602127,1.33421,1.00206,1
2.15441,1.96499,2.45932,2.36512,0.301035,0.250105,0.417161,1.0113,1
-0.0509274,1.19467,0.388368,1.56676,1.09545,0.441831,0.881817,-0.177764,-0
1.8405,2.50219,1.70934,2.98919,2.20245,-0.445548,0.366327,1.69914,1
0.514588,3.10448,1.86036,-0.18182,1.61126,-0.278175,1.19083,1.02153,3
0.40239,-0.254539,3.12466,0.391717,1.47558,0.556248,0.056379,1.60588,3
1.7353,-0.107326,2.17089,0.0639975,1.9831,1.0387,0.287164,1.08808,1
0.0893002,2.90706,3.17244,1.34096,0.138535,0.475732,1.61268,-0.12918,0
1.48564,2.18206,2.04505,0.852274,0.653654,0.459875,0.0323967,2.18289,1
1.24962,3.57738,0.0135615,2.96128,0.0166703,0.577445,0.544589,1.58568,3
0.07919,3.84945,0.262829,2.67615,1.04617,0.96412,1.00994,1.97893,3
2.43591,3.90708,-0.0391253,1.17455,0.919705,1.16078,0.623788,2.36101,4
0.666217,3.82136,2.97313,1.61179,2.2475,0.678914,1.83368,1.86774,3
1.58512,-0.147532,2.51279,1.29022,1.57618,0.465578,-0.060788,1.03631,3
0.427388,-0.457346,1.96098,1.56461,1.00956,0.648331,2.1389,-0.203552,0
1.11553,0.851189,1.3016,2.24463,0.372064,0.0793288,0.437291,1.44893,1
1.99492,0.149672,1.22068,0.140857,2.21889,0.738363,1.00501,-0.093417,0
2.22643,2.69063,0.75685,0.687357,0.554587,-0.0411058,0.154772,0.666558,1
0.372618,3.45714,-0.127491,1.20918,-0.119364,0.72358,0.740072,0.637356,1
0.765234,1.77889,-0.212804,2.03375,1.47281,0.0912932,-0.352492,1.5961,4
2.04216,2.77906,2.80361,1.18725,0.454511,0.669104,0.785493,1.46495,1
1.86079,3.59398,0.727091,-0.00188327,1.43001,0.524432,1.60183,1.38835,1
2.47689,3.76069,2.24117,1.15592,2.42063,0.287007,1.12274,1.96268,3
0.603213,2.83596,1.21938,2.92125,1.03774,0.699088,0.312133,0.927894,1
0.889555,0.297802,1.13816,0.908813,0.226493,-0.0733829,0.627066,2.21188,1
-0.0854996,3.11778,1.98737,-0.0976784,0.364551,0.279125,0.402432,1.92457,1
0.365661,0.94272,1.89452,2.76311,2.40391,0.88367,0.239597,-0.0623907,-0
0.12158,0.266576,1.17262,1.47972,0.207714,0.202702,0.0278189,-0.232357,0
1.88614,0.3991,2.42849,0.665082,0.716016,0.152566,0.249003,1.78704,1
-0.33079,2.17124,2.33865,0.374156,0.838147,0.554029,0.872983,1.82796,1
0.162943,2.69227,2.67299,0.8883,0.312747,0.818224,0.0301551,-0.211463,0
0.700908,1.03909,2.86328,0.601937,0.716303,1.22641,1.78837,-0.0156506,0
-0.0336997,3.57171,2.07844,2.27293,1.97368,0.733361,2.45634,1.06832,3
2.29909,2.10399,2.44414,2.24555,2.2379,0.161856,-0.231884,2.02416,1
0.569806,1.33023,1.3257,0.283548,1.59606,1.25448,0.718974,2.14488,1
0.373856,1.74168,-0.0900427,2.10745,1.17959,-0.202421,-0.0361431,1.64137,1
1.51652,3.86423,0.129835,2.44708,1.58469,1.16569,0.461433,0.027345,-0
-0.26608,0.4165,0.158839,1.61076,0.703972,0.787064,0.761787,-0.186095,0
1.18762,3.7408,0.430578,1.03924,0.531265,1.08417,1.94729,0.0228888,-0
0.825682,2.15546,1.88078,2.07096,1.33197,0.946867,2.00695,1.79688,1
1.04426,3.55029,-0.340894,3.01,1.33479,-0.081457,0.674851,2.06918,3
2.16663,3.0057,3.10631,1.59174,1.79714,0.438428,0.00134911,1.31634,1
1.77601,1.17858,0.958779,-0.0706473,-0.340651,0.878534,2.03629,1.73016,4
1.8167,3.51325,1.00053,1.27161,2.45258,1.13709,0.160117,1.4607,1
0.342335,0.699425,2.58197,1.39065,1.40748,0.641533,0.716454,1.85688,3
2.49129,0.433212,1.12577,2.37794,0.96822,0.189889,0.856447,1.57446,4
1.08266,1.53535,0.9492,2.281,-0.0434586,0.748269,1.67174,1.76441,1
-0.361778,1.85534,3.35396,2.96842,0.663459,0.892237,0.900349,1.35523,3
0.571229,3.79367,0.63782,0.747898,-0.200462,0.619358,1.118,1.69205,1
0.524216,0.411869,2.3893,0.82734,1.40183,1.15712,1.49708,-0.0652544,-0
1.1467,1.17397,3.38096,1.85878,0.666967,0.279105,2.09718,0.981301,1
0.549658,0.0423082,3.07331,-0.326976,1.81753,1.0413,1.15825,1.40421,3
0.0728186,1.20992,-0.0901426,0.677674,1.81076,-0.747841,1.58229,1.7636,3
1.57381,2.69601,1.32475,0.413555,1.49762,0.400077,-0.117644,0.920206,1
0.373136,1.66441,0.974113,0.683867,0.953284,0.187516,2.23243,-0.0994623,-0
0.849041,0.167292,0.0281551,2.47561,1.42244,0.311645,0.615572,1.22851,3
0.846632,1.49225,-0.210065,2.71295,1.05769,0.338399,1.30431,1.99043,1
0.833438,3.70566,-0.284746,1.28687,1.63378,0.0911984,0.3295,1.88549,1
1.57061,3.00842,0.0131196,2.07613,0.695362,-0.0850452,0.337606,1.68108,1
0.620126,0.863139,0.848462,1.191,1.56309,0.605789,0.438013,2.07678,3
0.0469514,1.87789,2.93968,0.504537,1.15647,0.422541,0.522002,2.11072,1
1.40656,3.51582,1.83488,0.509287,1.20314,0.168458,1.01619,2.15346,3
0.883673,-0.143529,1.08625,0.811753,-0.068769,0.133218,2.05697,2.19875,1
-0.143774,3.32235,2.16871,2.2781,-0.306378,0.820446,1.546,1.9785,3
-0.129701,-0.133214,0.0549877,0.112717,0.920912,-0.184469,1.99987,1.76907,1
1.96582,3.39426,1.33189,-0.0104967,0.97167,0.212947,0.0289935,0.713668,1
1.02105,3.04276,0.162742,2.1499,1.41695,-0.0357038,0.292389,-0.0344083,-0
2.09357,3.30533,3.19318,-0.0712029,1.2041,1.24703,1.54775,0.0446475,0
1.18874,0.565593,1.87052,2.86016,2.17612,0.719156,0.0727006,1.37748,1
-0.0840941,3.87764,1.79613,1.2176,0.883211,1.01298,0.406353,1.08294,3
0.764733,2.86237,-0.274615,2.20466,1.9082,0.352156,1.71609,2.16699,1
1.49619,3.21252,2.69721,3.06788,1.39788,0.419491,1.99455,1.77199,1
1.17987,0.742221,0.584792,-0.175344,1.02735,-0.182798,1.14175,1.36097,1
0.063191,1.60553,2.43395,2.42105,0.181679,0.252728,0.622669,1.66009,3
0.189446,0.956279,0.749703,0.902566,0.72982,-0.320189,0.168002,1.75028,3
0.578264,0.31973,0.133785,0.746862,0.500992,1.31175,2.0442,1.7567,3
2.04248,2.01308,3.01542,2.96673,0.936081,0.328372,-0.0719871,1.08178,1
2.17427,2.40065,0.459619,-0.216814,1.05008,0.294052,1.4522,1.88098,4
2.03704,3.79649,2.05296,-0.156414,0.569429,1.11232,-0.185537,1.22367,3
1.23847,2.28184,1.84715,2.50211,2.51235,0.318485,0.217909,0.224033,0
1.30899,-0.0209004,2.57453,0.169881,2.12643,0.350632,2.18349,0.98328,1
2.2424,0.351679,2.1511,1.43557,1.68946,0.902121,-0.0406277,1.76627,3
1.87708,-0.407984,0.93536,1.96446,1.68736,0.419626,1.67052,1.24632,3
1.95125,1.31422,2.70074,2.80274,1.45901,1.32927,1.76913,1.45684,1
1.85075,3.74162,1.7831,2.49994,1.70626,-0.369652,0.797275,0.911212,3
0.578709,3.52626,1.35886,0.606208,0.68726,0.826043,2.03898,0.0559386,0
0.276475,1.51646,0.122906,0.626805,0.772787,0.614516,-0.514245,1.34323,1
1.123,2.23603,2.30142,0.0370566,1.78494,0.448716,-0.0653736,0.375633,1
1.05983,0.905024,0.380035,1.03475,0.214093,1.13378,0.16127,1.54019,1
2.05786,1.34309,0.169509,0.0119736,0.263746,1.25225,0.131067,1.54019,1
1.46155,3.52274,0.741289,1.78445,1.10936,0.158451,0.416986,1.17129,3
0.675856,2.31587,2.52921,0.647169,1.47652,0.0425099,1.15999,-0.17701,-0
1.12885,1.91606,2.69711,1.89213,1.27972,0.610171,1.29693,1.18829,1
0.750482,0.349482,3.34253,0.0852285,0.628292,0.513652,0.943185,1.82432,1
1.0166,0.553632,3.48231,0.690251,0.902869,0.196176,-0.298056,1.74178,1
0.185615,3.35478,0.206501,-0.210393,-0.221618,0.804165,0.920645,1.71417,1
-0.181294,3.59678,1.14465,1.30462,-0.0860083,0.724453,1.19571,-0.13893,-0
0.208522,-0.336299,0.743164,1.35438,1.70669,0.0619578,-0.15089,-0.112418,0
1.87474,0.952045,-0.139582,1.60412,0.983015,0.749678,0.264157,-0.0616997,-0
-0.395192,1.84497,1.98053,2.12798,2.03446,0.752669,1.4412,-0.0682746,-0
0.342876,-0.283515,2.37375,0.923951,1.72163,-0.195302,2.51491,1.5273,3
1.50476,1.04929,1.80735,3.00503,0.636362,0.730249,-0.458685,1.72041,1
0.112673,0.42089,1.72031,2.82826,1.33877,-0.0676301,1.65446,2.16171,3
0.460381,3.58401,1.92795,3.28959,1.31767,1.39236,0.667656,2.15827,3
1.11993,0.915244,0.352245,1.0921,1.80678,-0.716986,1.16204,0.858055,3
1.63351,2.1245,1.37465,0.901607,-0.00586374,0.150314,1.19767,1.30167,1
2.28263,-0.301487,2.65924,1.07541,0.307172,-0.446227,1.59196,1.80269,1
1.90754,3.75279,2.47967,1.92223,0.0923794,0.265915,0.534318,2.49883,4
0.793673,1.08509,1.60572,-0.149649,1.74234,0.744755,-0.104889,2.16217,1
1.86002,3.7891,0.155223,2.58846,1.04734,0.471707,0.65421,1.95454,4
0.187888,0.192712,0.816854,1.25684,1.00595,0.540793,-0.444139,2.32223,3
0.158055,0.387018,3.03371,0.625013,0.0576924,-0.216595,0.862321,0.924815,3
0.694871,2.11439,2.9743,2.58044,1.79046,-0.329921,0.194355,0.910667,3
0.333244,1.78722,1.50473,0.151919,1.91351,0.21393,0.0115754,1.8837,3
1.64487,-0.0932832,2.79082,-0.195769,0.922283,0.652119,0.735459,1.88509,3
0.0609763,1.62867,0.883862,0.194833,2.13673,0.303756,1.56997,1.66764,3
0.0308381,0.723878,1.98245,2.16542,1.77129,1.09087,0.631654,1.55694,3
1.43441,1.23893,2.63531,-0.240537,0.295309,0.0286013,-0.070107,1.86794,1
0.659387,3.43513,0.548906,3.09319,0.360156,1.29404,0.122422,1.1716,3
-0.0472618,0.996885,1.18183,0.561898,1.47375,0.566699,0.395413,-0.00521583,-0
2.21695,1.46508,1.15165,0.689523,1.92479,0.543404,0.265988,-0.0123609,-0
1.29498,0.854689,3.09387,0.882026,1.87304,0.504692,-0.0564079,1.59203,1
1.88013,0.164319,0.0855398,-0.109038,1.64931,0.22752,-0.300029,0.863404,1
0.235791,1.65494,3.19081,1.48056,1.45015,0.814468,0.214524,2.26472,3
-0.208527,3.06653,2.13616,0.082913,1.81875,0.984245,1.72658,1.2561,3
1.19174,3.65062,-0.0790238,0.470817,0.510818,0.298958,1.25645,2.12099,1
0.145468,3.70194,0.866035,0.677476,1.07746,0.925626,-0.123438,1.60108,3
-0.0529079,0.433537,2.9865,1.02448,0.645874,1.65304,0.923967,0.791754,3
0.821764,2.37823,-0.530763,0.57017,0.195231,0.877826,0.864975,1.28352,3
1.61993,1.65867,-0.0718882,1.67193,0.554703,-0.0189709,1.8301,-0.0243214,-0
0.0697026,-0.125268,1.23689,1.15644,2.08186,0.369385,1.75348,1.86571,3
-0.0571035,2.98799,3.0554,1.67758,1.16924,0.729851,0.931344,-0.0732476,-0
1.82167,-0.372442,0.0386495,2.89005,1.00718,0.943808,0.287715,1.89179,3
-0.246805,-0.0135935,3.27418,1.87899,0.716942,0.709654,0.590507,1.19436,3
0.250695,3.38601,1.33181,2.96872,1.92028,0.561894,0.108053,1.10116,3
1.3966,2.1774,1.47179,0.610902,1.50047,0.968621,-0.371389,1.60349,4
1.69643,1.52408,2.46564,3.0799,1.04979,0.227781,-0.528903,-0.0244152,0
2.01029,1.69461,1.67298,0.700058,0.930676,0.214751,0.971345,1.37083,1
0.417768,1.27144,1.64619,2.69282,0.174904,0.644701,-0.115012,1.76539,3
1.90611,4.19144,0.139902,0.388298,1.78452,0.912087,1.89117,0.0584706,-0
0.552578,-0.368149,0.338804,2.25917,0.505987,0.5486,1.24403,1.34066,3
0.120319,0.393109,1.35425,-0.0447261,0.38673,0.497205,0.545206,1.81945,3
1.88744,2.72749,1.83488,3.29502,0.726143,-0.171285,1.54107,0.0405042,0
0.204225,3.57385,0.762743,0.0343947,0.772849,0.64271,0.0710743,1.53451,1
1.91651,4.0503,2.95127,0.809746,2.167,0.356086,0.0105455,-0.0740706,-0
0.804808,0.985448,1.62552,1.71607,-0.00215749,0.615498,1.20732,1.85954,1
0.494704,0.83311,2.47836,1.58587,2.19681,0.745559,1.42552,1.61098,3
0.781873,3.68704,0.643334,2.63921,1.62074,0.61008,-0.214264,1.22678,3
1.6651,2.80403,1.82949,3.20732,1.07049,0.223829,0.608976,1.89422,1
-0.232469,3.2626,2.83702,0.984948,0.95705,0.733286,1.84121,-0.145832,0
0.141837,0.941737,0.30936,2.54595,0.182959,0.528218,1.42907,2.12422,1
0.978662,1.17763,0.836405,1.36121,1.42071,0.659192,2.29628,1.66926,1
-0.228856,0.0577828,2.74934,2.91973,0.356391,0.236351,1.75551,0.860982,3
2.04546,-0.192402,2.56398,0.55759,1.20367,1.05784,0.639876,0.0102217,-0
1.03729,0.470467,0.310171,-0.15631,1.30855,1.19828,0.147457,-0.142547,-0
1.59438,-0.430191,0.121149,0.0105316,1.19847,1.39707,1.5931,-0.00549457,-0
2.03627,-0.284571,0.689131,1.21111,0.287244,0.175249,-0.0799635,1.53865,1
2.14546,3.82251,1.04143,0.981824,-0.186755,0.837252,1.62043,1.43793,4
0.381897,-0.0201288,0.902465,-0.141419,0.184875,-0.132549,0.256678,1.54366,3
0.168773,2.70757,1.06853,2.80762,0.319869,1.00631,1.38931,2.00981,1
1.04436,1.14806,-0.176048,0.766098,1.31764,0.832671,1.99893,1.09776,1
2.14399,-0.292041,0.690235,0.109146,0.915798,0.918561,0.928914,1.48873,3
1.59545,1.5456,1.8003,0.494081,0.179951,0.750137,0.76355,1.79807,3
0.386929,0.218345,-0.101593,3.02004,2.25116,0.332439,0.591987,1.23174,3
-0.00252861,0.660314,-0.0683752,1.17599,1.89949,0.456132,-0.165309,-0.220954,-0
1.61339,0.264484,3.08497,1.54608,0.0413061,-0.265997,0.246484,1.68769,1
2.18526,0.86883,3.12578,0.920511,0.411322,0.424902,0.117189,-0.0599283,-0
1.44116,1.36646,0.769602,2.27401,0.614292,1.03831,-0.462096,1.93134,1
2.27717,0.200212,3.14905,1.6335,0.51565,-0.209025,0.619755,2.1094,1
1.85783,-0.275917,-0.108948,1.22938,1.89323,0.595418,0.285135,1.77652,2
0.350282,3.4189,-0.0575199,-0.170551,1.12724,1.64915,1.62718,1.11203,3
1.97359,-0.247224,0.74671,2.10002,1.60349,-0.0157964,-0.302509,-0.147822,-0
1.7103,0.186749,2.87152,2.05361,0.164184,0.330659,-0.0686854,2.15442,1
1.78929,3.06697,1.17534,1.70124,1.62419,0.871989,1.04879,0.111633,0
1.66355,-0.0390304,3.19396,-0.479349,0.149849,0.389574,0.260442,1.89813,3
1.97655,0.937884,0.126917,2.04034,0.00658173,0.242628,0.710794,1.48671,1
2.13912,2.76914,2.20598,-0.0401841,0.0798779,0.145691,0.558174,0.0172311,-0
1.95741,0.00240963,0.450842,1.32563,0.483127,0.198238,-0.123307,1.82137,1
1.65603,3.22283,0.572962,0.926638,1.62125,0.850117,-0.0378344,-0.101752,-0
1.24808,2.66261,1.7114,1.79821,1.73661,0.351997,0.822109,1.13695,1
0.907264,2.71157,3.49598,2.9511,1.48498,0.916086,2.25511,1.7465,1
-0.073531,0.447166,0.402646,1.59037,2.22372,0.396736,1.90221,-0.0872844,-0
2.10175,3.92008,2.67722,1.68807,0.865319,0.482515,1.3632,2.14372,3
0.96102,2.8615,3.17736,1.83347,1.61868,1.50646,2.02692,1.56283,1
1.6999,-0.337975,2.46691,-0.177219,1.63133,1.04713,0.218769,2.25099,1
2.43244,-0.334907,0.755661,1.62789,1.33347,0.299658,1.07102,1.03339,1
0.0630133,-0.272664,1.66003,2.74054,2.37691,0.554975,1.11917,2.48261,3
2.74349,3.24076,0.719827,1.15792,0.870346,0.608008,0.385941,2.64338,4
1.71159,2.21476,2.53035,2.42275,0.690217,0.273303,0.919114,0.22207,0
1.4908,-0.285389,0.0974349,-0.16813,-0.128964,0.46266,1.55154,-0.0107206,0
1.06381,3.32509,3.29111,3.24253,0.712357,0.314882,1.21641,-0.125713,-0
0.921891,0.537938,0.0957771,0.22127,2.51434,-0.0161726,0.547915,0.884248,1
-0.467908,1.73306,3.00466,1.25147,-0.284623,0.445835,0.315928,2.16359,1
1.49612,-0.208889,3.20493,1.51513,0.968983,0.398947,2.15523,1.97931,3
1.82141,1.51167,0.00782122,1.85254,1.13673,1.13612,0.52494,2.05962,1
1.31135,-0.188547,2.21464,2.9172,0.587771,0.455221,-0.0576843,1.45166,3
1.95802,1.9233,3.29193,1.6148,0.191569,0.368894,1.71555,1.86257,1
0.586289,1.15776,2.13671,0.846211,2.42405,0.0276649,1.64592,1.46454,3
0.0943048,0.18071,1.15082,2.87947,2.14172,-0.00661303,1.30116,1.60453,3
1.36922,1.89281,1.34149,3.42492,0.627987,0.66324,1.56977,1.69867,1
0.818089,-0.154788,0.507717,0.718005,2.11867,0.115792,1.16741,1.81257,3
0.0494593,2.86938,-0.106935,0.0665292,2.09627,0.614691,1.86952,1.78331,3
0.243363,1.87734,1.93531,0.929856,2.01751,-0.120635,-0.0535093,-0.170723,-0
0.183616,2.81371,0.793646,1.09685,1.48729,0.96355,-0.348559,1.33426,1
0.168441,3.49681,3.08727,0.403369,0.939187,0.133426,-0.270675,1.71889,1
0.563821,0.197667,0.10761,2.21424,2.17745,0.625499,0.528791,1.73732,2
1.53938,3.27796,2.04043,1.34244,1.09791,0.303595,1.46693,2.2028,1
0.707281,1.12833,3.33861,2.81247,1.48817,-0.244176,1.80375,2.54808,4
1.36752,0.592743,1.26339,-0.0795059,0.199812,1.11651,-0.055113,-0.133988,0
1.23388,3.57244,3.0237,-0.0764893,-0.179543,0.302317,0.545628,1.32611,3
-0.0679544,-0.231005,0.66047,-0.042916,-0.398294,1.16013,-0.161763,1.02106,3
1.40833,3.04546,2.52008,1.16257,1.53381,1.25612,-0.209668,-0.0395487,-0
0.0917136,1.50322,2.59978,0.465375,0.321593,0.752583,0.929146,1.93087,3
2.10423,-0.0608829,1.05473,0.277021,1.75282,0.294744,1.31886,2.58489,1
0.311097,1.85522,1.93299,2.92057,0.254318,0.148201,2.36329,1.85558,1
0.838988,-0.480697,3.55136,1.26406,0.298472,0.41169,1.34543,1.80569,3
-0.0603286,1.77445,2.8387,0.538093,0.970306,0.144638,0.876232,0.0189257,0
1.69053,-0.38532,-0.206749,0.825633,-0.104143,0.369218,0.0560601,1.632,1
1.99733,-0.434558,2.39496,-0.423593,1.09257,0.271775,0.722173,-0.119744,0
-0.0844447,-0.0231958,1.41595,0.0655298,1.76752,0.557541,-0.27449,1.40704,3
1.59571,2.77645,0.155147,2.90874,0.78287,0.780306,0.446765,2.24037,1
1.68347,2.24217,2.60173,2.59815,1.92566,0.832259,1.93465,1.65797,1
1.23453,1.74163,-0.103188,1.97963,2.64201,-0.218401,0.688656,1.14173,1
1.34556,2.16263,0.406441,0.0678509,-0.0233909,0.60731,-0.190419,-0.119333,-0
0.193278,2.44549,3.3221,0.112728,0.528299,0.812357,1.33565,0.0429186,0
2.04641,2.86715,3.01924,-0.047941,0.905599,0.696863,-0.233047,2.19434,1
1.53514,2.2654,3.0506,2.95684,0.235919,-0.0856305,0.718697,1.86804,1
2.36208,1.7611,0.167973,-0.00889524,0.188832,0.713901,0.826981,1.94161,1
0.466114,2.57025,2.26538,-0.0163175,1.99225,0.361032,1.05069,-0.109836,0
0.319809,3.92581,1.85865,2.51141,2.82625,0.202858,1.06557,1.7527,3
0.420896,1.95898,3.33388,0.98016,0.749963,0.366586,1.32271,1.41755,1
1.05139,0.559281,2.08001,1.08928,0.910765,0.148848,0.784173,2.0055,1
-0.134107,-0.131109,1.36067,2.80892,1.04415,0.937052,1.07622,2.19159,3
1.16972,1.62537,3.19055,2.27245,0.0911658,-0.394441,0.210217,2.4123,1
0.961834,0.0330413,0.0473621,3.06421,1.02973,0.483281,0.84611,0.635548,3
1.472,3.56807,2.86882,-0.285244,1.43704,0.728893,0.0127987,1.09491,3
0.782022,0.415373,0.0419041,0.471306,0.0321159,0.469222,1.40231,-0.117322,-0
0.375828,0.192103,2.57565,2.76606,1.45667,0.222828,-0.224417,-0.18717,0
1.8197,3.4296,0.595763,1.10148,2.50273,0.573791,0.102929,2.05237,1
1.27897,3.96318,0.239154,0.452458,1.19405,1.04892,0.158137,1.8502,1
-0.081496,1.60612,0.173971,-0.29032,1.07328,-0.123345,-0.0168607,1.43692,1
2.36387,2.77582,0.68067,1.65766,1.23837,0.619211,0.284296,0.0925555,-0
0.898001,3.77728,-0.341428,3.22408,0.755075,0.593742,1.39584,2.1263,1
1.3002,-0.185507,2.46391,1.48807,1.93944,0.0018139,0.766008,-0.0948349,-0
1.68956,2.32212,0.691666,2.88341,0.0735265,0.324028,1.80309,0.85278,1
1.06346,-0.531224,0.315601,-0.0808207,-0.332829,0.953058,0.226833,2.15736,1
0.808238,2.13129,1.84363,-0.124,1.17871,1.51708,-0.287699,-0.123376,-0
1.79057,3.74688,1.2113,2.60243,1.0252,1.0338,1.46392,1.77224,3
2.43424,0.262445,1.68232,3.19296,0.816736,-0.117281,0.375828,1.14381,1
0.106968,0.835921,1.06,2.90051,1.40462,0.217388,0.44265,1.23576,3
2.57481,0.77624,1.14355,-0.450062,1.20873,0.417454,0.850822,2.77968,5
0.152595,1.70698,0.286442,-0.409511,0.53169,0.596963,0.0140356,1.60609,1
0.959007,0.846147,0.208751,2.98258,0.0121462,0.508597,0.579466,0.306127,1
1.65744,2.31951,2.45297,0.769897,1.43252,-0.215515,-0.123398,0.516516,1
1.75824,3.35077,0.832972,2.38595,2.39239,0.38087,1.92548,-0.137029,-0
0.708325,2.96463,-0.10276,0.656972,0.435964,-0.0388576,0.803806,2.0845,1
0.513673,3.66823,1.57471,0.359143,1.14445,0.0796018,1.70154,2.0878,1
-0.13333,3.48359,0.255379,0.433668,0.976934,0.0701301,0.953284,0.971966,3
0.272316,2.21895,3.05256,1.55805,0.542245,-0.0274949,-0.0739933,1.96507,1
-0.0840258,0.438406,1.96958,1.98726,2.36034,0.566504,-0.146751,1.59293,3
0.919551,2.37131,-0.0175841,3.12614,0.971785,0.135838,0.464414,-0.0886785,-0
1.4484,1.13932,0.0686218,-0.0127884,1.94408,1.27882,1.29351,1.33182,1
-0.0960673,0.0495238,0.879761,1.83859,1.36419,0.623373,1.58971,1.95541,3
1.60897,0.839746,2.0492,0.155283,0.675561,1.17275,1.91209,1.63064,1
1.58512,3.1439,-0.149402,3.10217,1.56995,-0.00346766,0.834446,0.549349,1
0.317207,3.89283,2.91475,2.50714,1.59326,0.892016,1.40084,0.0416273,0
2.91063,3.46392,0.466222,2.52539,1.04988,0.0808804,-0.461927,1.6324,3
2.14469,2.53569,3.37583,2.35869,0.16051,0.344551,0.585511,-0.0651342,0
0.760838,3.80019,1.15219,0.719318,-0.00387865,1.39836,1.24827,-0.0651312,-0
1.01252,0.827347,0.763398,0.711956,0.734876,1.19258,-0.140725,1.27563,1
1.69091,3.32724,-0.007664,2.61861,1.52706,1.18687,0.0884734,-0.0792979,-0
0.660195,-0.223723,1.72305,1.60641,-0.269232,-0.0494214,-0.14393,-0.0587481,-0
0.462212,-0.168433,3.24944,0.375827,1.78877,0.913841,-0.0672608,1.14175,3
0.149742,2.07622,0.0503872,0.0950169,0.272209,0.753636,-0.190112,-0.101106,-0
0.720812,0.333305,2.05347,1.67771,2.17867,0.706656,2.17611,1.48376,3
1.93003,-0.11874,2.9608,0.326109,0.463893,-0.168237,0.326914,-0.137821,0
1.68728,3.63581,-0.0882243,2.3954,-0.0645757,0.376618,0.00394034,1.25213,1
0.826967,3.84679,-0.309431,1.2915,1.25944,0.0261967,-0.305395,1.52616,3
0.27571,1.02696,2.70406,1.28289,1.26732,0.63708,0.728035,1.72872,3
1.73893,3.80028,1.41579,-0.162606,0.26868,0.296732,0.222979,1.46229,3
2.16726,1.65751,0.45661,1.68508,1.61019,0.870313,0.246277,1.53109,1
1.4614,2.03425,1.22503,0.0558759,0.213557,0.549406,1.01681,1.23192,3
2.38111,1.63853,1.1923,0.497009,0.575789,0.648376,0.700511,1.88081,4
2.43661,1.6552,2.62313,2.50643,0.107885,-0.0932999,0.934526,2.28689,4
0.319688,3.73274,0.732115,2.23803,0.263586,1.30351,2.29797,1.68022,3
0.30773,0.926717,2.90472,0.362852,2.0882,0.296842,-0.113313,1.64325,1
0.868275,-0.0140737,2.12577,2.56369,2.18995,1.26583,0.549948,1.77334,3
0.463393,4.0643,0.815819,2.28487,2.07275,0.185847,0.886144,-0.0384863,-0
1.89252,2.12055,-0.0288279,1.62902,0.884015,0.829469,0.908578,0.148491,0
1.87818,2.0955,1.40556,0.0311857,0.754297,0.11033,0.9406,1.55952,1
0.817098,2.39615,0.110929,-0.0722606,0.657864,-0.238612,1.47092,0.591751,1
-0.42069,3.75512,3.17185,0.880687,1.10007,0.98622,0.865634,-0.0190851,-0
1.14587,3.09741,0.0512911,1.91379,0.970056,-0.272259,-0.16523,1.45096,3
0.577556,3.77581,0.617961,1.62363,1.53216,-0.104256,2.19422,1.45185,3
1.17487,3.0723,0.473573,0.343568,1.06595,-0.447668,0.673919,0.605576,1
2.06445,3.05072,0.973799,0.426669,1.50668,1.03092,1.13832,1.6338,1
0.724904,0.382733,1.06142,-0.0237586,2.14363,1.09945,0.537899,0.107005,0
1.644,2.30093,2.71321,0.607464,0.0102377,0.0370381,0.700823,2.4765,4
2.03532,0.056445,0.561531,2.17761,0.267701,1.19803,0.396526,1.79057,1
1.91216,0.21305,2.01003,-0.0313213,0.122257,1.18425,1.49398,1.80558,4
1.38941,-0.093343,1.63729,1.65339,-0.324496,0.935881,0.465644,-0.105302,0
2.03414,0.295959,2.83442,0.376943,0.828929,0.512734,-0.220396,1.87202,1
-0.297838,0.320288,1.66892,2.59387,1.07372,-0.218922,1.09378,1.26993,3
1.08326,2.19479,3.53569,2.11404,0.544427,0.506772,0.681723,2.05641,1
2.60445,0.43765,1.9341,0.0586224,1.33329,-0.0758521,0.674878,1.89633,4
1.36877,1.73854,2.89254,1.96931,0.358352,0.406766,1.14913,2.15667,1
-0.102538,3.81955,2.78003,2.89789,-0.352156,0.449716,0.355357,1.8471,3
0.877651,1.17946,1.60743,0.0848302,1.32923,0.914067,1.09157,-0.135399,-0
0.783201,-0.294946,3.18978,-0.00537339,0.0765628,-0.0322867,1.37424,0.855205,3
1.69293,1.90263,0.427375,0.615367,0.753886,0.810775,1.88955,2.07004,1
2.31075,3.91064,-0.225565,0.510837,-0.173222,0.868205,1.35843,1.62622,4
0.0618502,3.20794,1.66285,2.29343,1.74742,0.929935,1.83205,0.815251,3
1.19359,0.402624,1.7198,1.19677,0.654475,-0.000730136,-0.441724,1.91693,1
1.4879,2.07285,3.03999,2.15547,0.776379,-0.290723,0.86144,1.71006,1
1.07286,1.37992,0.435357,2.55274,1.83854,0.109099,0.999811,-0.0402227,-0
0.808078,-0.352208,0.51612,0.146558,2.32238,0.274336,0.966748,2.34478,1
1.69143,2.90244,-0.117655,2.7628,1.07443,-0.170644,1.89078,1.02307,1
0.93139,2.60927,2.22366,3.15259,1.87824,0.682077,0.511214,-0.164653,-0
0.989623,1.43709,2.76735,3.149,-0.0596189,0.36998,1.13494,2.26848,1
0.617204,0.0929843,1.48823,0.230327,1.72904,0.318312,-0.143249,1.26822,3
2.04167,3.60617,3.26237,2.34978,0.167409,0.915346,0.859686,1.07472,3
0.329957,2.79911,2.76283,0.0445614,1.43419,0.385437,-0.205136,1.749,1
0.568438,3.54167,3.27883,2.85538,0.0314373,-0.0576539,0.283992,0.693624,1
1.52179,2.72463,2.35723,0.452729,0.666512,0.0416355,1.61759,1.36067,1
0.947755,-0.37748,1.88511,0.4282,1.60555,0.542782,-0.536524,2.11642,1
-0.0621639,0.814025,0.880229,1.37149,2.00803,0.486986,0.34344,1.81841,3
0.588424,2.47018,1.0036,0.459337,0.607066,0.220485,-0.129397,2.32944,1
0.468811,0.498741,-0.240151,0.982318,0.155143,0.106427,0.510944,1.11547,3
-0.192137,1.94802,2.65596,1.56607,1.22637,0.00823679,-0.04482,-0.209134,-0
0.259254,0.204829,0.617678,2.36357,2.45338,0.178518,1.36792,1.26392,3
0.820327,1.41626,-0.00612677,1.3827,1.83087,0.0760323,1.89399,1.20097,1
-0.261792,0.595602,2.5595,2.78552,0.632605,0.712136,1.39401,1.2709,3
0.424228,2.57665,1.68843,0.833634,1.75399,-0.0472511,-0.296751,-0.07,-0
-0.00165101,-0.50092,2.92652,1.1324,2.19412,0.727457,1.74378,-0.240525,-0
1.94143,0.390839,3.22128,1.75232,0.825066,-0.0802136,-0.0484571,0.0137787,0
0.137794,1.79923,0.635436,1.8733,1.43111,0.885345,0.6385,-0.20888,-0
1.02268,1.61668,2.3599,2.52048,0.924536,0.617492,0.345459,1.76671,1
1.81384,2.98645,2.94085,2.54516,1.81541,0.744694,1.53232,1.53834,1
0.986314,0.451033,2.92931,0.0522675,0.552355,1.23474,0.0710314,1.89839,1
1.77456,1.10369,0.549936,0.133392,2.59973,0.00490335,0.871359,1.84709,1
1.77521,1.17679,1.29167,0.0624769,0.995737,0.327587,0.442001,-0.280528,-0
1.95692,2.13245,-0.220754,2.87818,2.24891,0.126201,0.993408,0.855233,1
0.90453,-0.344993,2.59051,0.125932,1.34008,1.09448,0.845575,-0.0691375,0
2.12091,1.5673,1.10404,1.49021,1.45331,-0.0456392,0.146764,0.804313,1
2.03139,2.96825,2.0031,2.52382,2.03578,0.956462,-0.0712971,1.62156,1
1.78154,0.240748,2.67553,2.6012,0.939719,0.24613,0.499527,1.68511,1
0.215744,0.68048,2.54157,0.361241,1.0783,1.01325,1.90956,0.649835,3
1.05802,2.57716,-0.0356993,1.8863,1.33977,0.751108,1.85761,-0.0648068,-0
2.16344,2.68861,1.86237,2.53241,0.0207282,0.687247,0.0673459,1.59205,1
-0.4487,2.98473,2.76041,1.4031,1.55227,0.175084,0.419429,2.30147,1
2.01656,-0.0126781,1.79682,-0.0231104,1.93057,0.705263,0.0706285,1.41939,3
1.91501,-0.0845627,0.964039,2.33533,0.116334,0.526175,0.512358,1.58514,3
2.04115,0.134993,1.69912,0.140094,0.807229,1.03544,-0.445534,0.659764,1
1.09816,4.02895,2.38814,3.20164,0.485689,0.694068,0.689631,-0.0747653,0
0.12877,-0.0477304,3.23193,1.41638,0.184225,0.961291,1.05106,1.41077,3
1.30375,1.84502,0.123903,-0.0646394,1.44077,0.622962,0.225461,-0.0832281,-0
0.374663,1.00382,0.867352,1.55377,1.38366,0.2865,0.103808,1.28125,3
1.39446,3.13406,2.57499,2.68689,2.6518,-0.00459045,1.96577,1.7796,1
0.0639854,0.980127,0.0632173,2.37826,1.97882,1.12746,2.21479,1.68631,3
1.66888,-0.319288,1.23413,2.82395,0.975415,0.362078,0.355312,1.77462,1
2.15417,-0.340664,0.0152718,2.13012,0.465191,1.45738,1.64884,-0.00957983,0
0.742202,0.691136,1.59004,-0.193153,-0.043171,1.0702,-0.216254,1.37968,3
0.220218,2.55088,2.80858,2.92895,1.70532,-0.122291,1.48282,1.61854,3
1.58153,2.20439,0.0421639,0.985518,2.3991,0.680087,0.331916,0.661923,1
0.276319,3.43279,0.682861,1.52553,-0.081405,0.579851,1.57844,0.708045,1
1.92114,0.817512,0.436673,2.60649,1.80016,0.215056,0.44703,1.74397,1
0.12327,3.72337,1.69421,1.63789,2.03591,0.0577763,0.274036,1.09777,3
0.304552,-0.272368,2.40682,2.87917,1.78961,0.414485,1.47213,2.16947,3
1.46201,2.97325,2.73789,1.66809,1.01218,-0.0972337,0.2933,1.51663,1
1.2301,0.866976,2.50941,0.370038,-0.00617153,1.02231,1.46725,1.29645,3
1.63227,0.707626,0.768078,1.94786,0.203638,0.423205,-0.019805,-0.0880149,-0
1.09634,0.461668,1.80972,3.16011,-0.0317288,0.56174,0.592449,-0.068768,-0
1.19298,3.06962,2.8704,-0.299143,1.296,0.664696,1.3741,1.50644,1
1.12649,0.472456,3.11198,3.28423,0.331828,0.106013,0.60251,1.23358,3
1.93275,3.34947,1.31995,-0.240483,1.36355,0.531443,0.718481,1.03183,1
1.73609,3.65388,2.41882,0.457172,2.34749,-0.250254,0.277208,-0.090124,-0
1.74745,1.69826,1.59628,1.85554,0.919529,1.33393,0.301978,-0.0400384,0
0.133376,1.83685,0.861559,0.592733,1.5209,0.666951,-0.30274,1.9309,4
2.05478,1.27242,3.15822,0.548652,2.17763,1.41273,1.03852,1.28293,1
0.334564,1.6875,2.55246,2.19803,0.468842,0.554153,0.754303,1.37567,3
1.61427,2.01329,0.917296,0.119156,0.771312,0.841208,0.402922,1.75161,4
0.479791,1.63751,-0.0693414,3.00089,2.435,0.063652,0.367408,-0.0855287,-0
0.196816,-0.000468485,2.40016,2.17755,1.10154,0.671043,1.46714,0.999734,3
-0.167122,1.62059,1.04192,0.383373,0.396326,0.37054,0.71436,1.93468,1
0.891808,3.86169,3.32989,0.405138,2.08618,-0.0871671,0.892779,2.31012,1
0.385226,1.53994,3.50744,1.86387,1.79328,0.539425,1.15066,-0.191661,-0
1.25117,-0.36786,1.8794,1.32846,0.50435,0.0710793,1.08736,1.75059,2
-0.0533108,-0.165789,3.36696,1.45795,0.370718,0.259198,-0.252118,1.70696,3
1.5188,3.70832,1.03607,3.12857,-0.207882,1.13062,1.56107,1.31775,3
2.07492,0.135354,-0.0253878,2.87023,1.62444,0.103504,0.585139,0.569811,1
1.13343,1.62561,2.35901,0.426791,2.40208,1.09283,0.501616,1.18511,1
1.75839,2.42623,-0.115741,2.01096,1.23779,-0.136908,1.33526,2.37099,4
1.42505,0.363003,1.59168,-0.264813,1.50874,1.13813,1.66852,1.70466,1
1.51217,2.00974,0.871655,0.113195,0.845391,0.57725,-0.242514,1.54542,4
0.855953,0.209627,0.248086,0.157589,0.669752,0.501391,0.14923,1.67811,3
1.92274,2.88278,2.65348,1.64173,1.11535,0.242833,-0.232799,2.32485,1
1.11874,3.42243,2.06594,1.47961,1.01706,-0.350627,1.31397,2.30136,1
1.09867,2.47298,1.02426,1.62267,2.06283,-0.0726358,0.223749,1.47962,1
1.54671,-0.0483602,3.00076,3.13111,0.338515,1.13145,1.07421,-0.105688,-0
0.88055,3.03499,0.188778,2.50831,1.2992,0.0372629,0.0109232,2.21811,1
0.198044,0.566488,0.93508,2.02543,1.7164,-0.150595,1.44031,0.376795,1
0.95844,-0.171177,-0.271926,1.10382,2.28866,0.498476,1.83994,1.00259,3
0.547157,3.28687,0.982588,2.35151,1.00076,0.14056,2.08881,0.960526,3
0.0425271,1.23102,1.54268,0.308474,0.394973,0.330445,-0.366905,-0.116773,-0
2.60624,-0.176392,-0.152135,2.87536,0.494093,1.03997,0.0156849,1.23543,1
1.34242,1.64951,2.32382,2.72083,1.19915,0.479201,-0.440203,-0.178396,-0
0.44423,0.647428,2.84217,3.04183,0.472292,-0.0467935,1.56396,1.23893,3
1.78623,-0.0553774,0.862051,0.310589,2.60827,0.445392,0.879117,-0.0289854,0
0.441157,2.95561,1.74628,2.96597,1.54451,0.652189,1.76792,2.02686,1
0.894258,3.61718,3.3523,0.568013,0.237072,0.209139,0.0580174,1.76275,1
1.11962,2.669,0.81195,0.761955,1.07521,1.34225,1.68103,-0.0970176,-0
2.49686,0.202179,2.16583,2.04307,1.06736,0.394435,0.359431,1.58351,1
0.188615,0.478725,0.0873995,1.16416,1.08398,1.37706,1.07211,-0.149933,-0
-0.256946,1.92603,-0.179544,0.353353,1.54399,0.744311,1.13004,0.908978,3
1.58969,3.84616,2.58761,1.53191,1.87731,0.668951,0.759429,2.24665,3
0.548571,3.81362,3.24377,-0.244512,1.03027,0.909859,1.05377,1.52422,3
1.95606,1.13142,0.42927,0.74663,1.82004,0.409343,0.195602,2.84574,4
1.07617,0.788878,0.413582,0.643969,1.57118,1.01242,-0.26602,-0.0178924,-0
-0.0400566,3.9994,1.47859,3.28001,0.342484,0.892985,1.44317,1.41054,3
0.447167,3.85754,2.24707,1.21338,-0.0292897,0.553672,-0.257114,2.00882,3
0.191096,3.9571,0.919717,0.245541,2.6617,1.00833,1.48651,1.08562,3
1.74819,3.59291,1.01001,0.0319147,0.290908,0.777299,0.736807,2.40831,4
0.363104,3.17651,3.26531,2.08375,0.660206,0.406127,1.91441,2.02762,1
0.845055,0.261425,2.04886,-0.0707921,0.523698,0.148996,-0.255071,-0.0476573,-0
2.14473,-0.0178271,3.10153,2.27171,1.55674,0.164499,1.74637,1.5194,1
0.389642,2.13326,0.371211,2.61223,2.38821,0.491146,1.12062,1.6931,1
0.172406,0.645957,0.488451,2.90825,1.84026,0.678493,0.830137,2.1642,3
0.639267,3.44984,-0.0572106,2.84274,1.71016,0.594765,0.391524,1.39644,3
1.18058,4.06232,0.619068,0.190519,0.853365,0.418863,1.2531,0.0477647,-0
1.43654,3.83974,1.92511,0.321402,2.12779,1.36337,0.128795,2.30222,1
0.852553,0.0804719,1.17608,0.378971,2.11057,-0.0871217,1.67981,1.87377,3
1.83776,2.73184,1.59881,0.342137,1.10953,0.375285,0.1475,1.19907,1
0.739867,3.94396,0.0187663,1.63439,0.22511,1.56495,1.66416,2.19046,3
1.98792,3.51348,2.17807,2.00387,0.806031,1.14202,1.25206,1.58264,1
1.60235,3.44362,0.286967,1.85926,1.80685,-0.257554,0.184077,1.86908,1
1.86211,2.61835,3.46404,0.835912,1.05959,0.443542,0.665963,-0.0149874,-0
0.853424,3.53014,1.01004,0.333773,0.659471,0.142099,0.350944,2.18761,3
0.16657,2.98905,2.28102,0.0799881,2.0444,-0.0732689,1.16704,1.38566,1
0.96411,3.58375,0.173306,0.37528,1.085,-0.110128,1.16667,0.909584,3
2.13057,0.0358168,0.599384,0.381324,1.21998,0.161168,-0.0499804,1.76533,1
-0.0924206,3.8337,2.98355,2.30318,0.67702,0.349191,2.0564,1.95837,3
0.90108,3.52384,2.43378,3.04717,0.647961,0.106734,0.0671131,2.0826,3
1.12075,0.602864,2.32758,0.785503,0.0952816,0.943525,1.49805,1.26082,3
1.32577,3.17811,3.23439,2.37132,2.03263,0.315329,1.99983,1.46732,1
0.32852,3.72853,0.629976,0.360286,1.60888,0.770006,-0.105481,1.84503,1
0.161333,-0.153423,0.192616,2.6212,1.24437,0.520333,-0.22986,1.20339,3
0.0853996,0.942601,0.577451,-0.166058,1.17553,1.32178,1.64328,1.26984,3
1.04571,0.447514,-0.097316,0.463084,0.645306,-0.0624124,-0.126886,0.891105,3
0.896317,1.40952,-0.0513124,1.5485,1.26098,1.27547,1.96635,1.44554,3
1.18522,4.28953,1.28688,2.50907,1.0757,-0.0650767,1.17919,-0.0150899,-0
1.97632,1.08908,2.83342,1.76756,-0.468956,0.147551,0.26386,0.944952,1
0.754475,3.79022,1.94093,-0.153859,0.982986,0.34883,1.52194,1.2855,1
0.218071,3.95368,-0.273281,0.601472,1.39392,0.547107,1.64511,1.54477,3
0.306215,0.384878,0.251345,0.545609,-0.0607291,0.425627,0.99498,1.50206,3
1.64582,-0.35482,0.407756,2.49849,2.30266,-0.117297,1.36653,1.6035,3
0.93985,0.209655,-0.0243353,-0.103414,1.79485,0.182158,-0.193698,1.73434,1
0.930076,-0.225949,1.75944,1.64471,0.627346,-0.32874,1.63819,2.16968,3
-0.353237,0.750939,1.74208,-0.222564,0.185787,0.499372,-0.0787282,1.58982,3
1.83186,0.425581,1.54819,-0.12134,2.15226,0.251609,0.652014,1.26185,1
1.46074,0.795465,0.800452,2.67778,1.26091,0.442876,1.94185,1.71046,1
0.839115,1.9266,2.80463,0.791451,0.740186,0.821082,-0.0652761,1.44737,1
0.0613722,0.282831,2.58617,2.56345,2.0719,0.254231,-0.490718,1.56798,3
0.421807,1.84173,1.93957,2.50888,1.45446,1.10766,0.466622,1.37177,3
-0.402753,2.19879,3.1558,1.7141,0.521522,-0.0477199,0.550787,2.01083,1
1.29594,2.81463,-0.147609,2.04376,0.887334,-0.000735431,1.97824,-0.0748665,-0
1.0155,2.36485,0.303167,1.85774,1.21141,0.776351,1.36363,1.92375,1
1.1532,0.586934,2.49311,2.4653,2.25754,0.441337,1.80697,1.90837,3
0.952378,3.44583,0.310502,0.67088,0.456869,0.029173,1.13477,1.75607,3
0.323365,0.432375,-0.114856,0.336276,1.26296,-0.0657923,0.947156,-0.149266,-0
0.15236,3.50244,2.90644,-0.439049,2.41777,0.839453,1.07377,1.21579,3
0.949489,3.83411,1.19387,-0.301398,0.595818,-0.25067,1.90588,0.590237,1
1.45729,0.965626,2.82252,0.369993,0.277478,0.249095,0.532989,1.27763,1
1.47338,1.79076,3.31287,1.7367,1.05135,0.657244,1.82541,1.20229,3
2.72953,2.76591,0.14013,0.50285,1.08205,0.690814,0.769644,1.38425,3
0.48133,-0.00526185,0.210085,1.95754,1.93942,-0.123498,-0.37107,1.46126,3
1.57691,2.92811,2.35929,0.875859,1.30379,0.553546,-0.183091,2.1836,1
1.98677,3.63684,1.18558,3.00571,1.39063,0.684383,2.08861,1.27844,3
1.64425,1.88435,1.72471,2.00029,0.158857,-0.219982,1.01629,0.764334,1
1.22511,2.96839,0.575601,2.22993,1.31604,0.0236194,0.44535,0.843763,3
0.150172,1.07764,0.265046,0.181519,0.209113,0.330164,-0.0193245,1.21005,3
1.08561,2.25999,0.108981,2.19035,0.907887,1.09548,0.662805,1.46946,1
0.614322,0.0564014,2.21369,1.53689,1.75908,0.28763,0.32362,1.06761,3
1.81717,2.17533,1.89385,2.04734,1.97617,0.194295,2.01771,1.94776,1
0.342997,3.355,1.03115,0.794027,0.996321,0.403202,-0.283529,1.53461,1
-0.187211,2.36494,0.829279,0.0333595,0.0332531,0.181764,0.736538,2.15757,1
0.247195,3.80007,0.236868,-0.0629575,1.77901,1.03193,0.161936,1.24553,3
1.55533,0.560551,0.270149,1.08091,-0.0772665,0.507461,0.00743095,2.35456,1
0.54412,2.53107,1.61261,3.03883,1.56609,-0.0853635,1.58949,1.80418,1
1.92211,1.00053,1.75187,-0.396355,0.997782,-0.360775,1.12156,1.41552,1
0.00802178,0.584254,0.385074,2.05855,0.132429,0.430285,2.21606,1.34449,3
0.160863,0.566708,0.302727,0.172669,2.31905,1.21555,0.745244,-0.205456,-0
0.383806,3.95407,-0.297083,2.55921,-0.259427,0.630579,1.61106,1.25505,3
0.356427,-0.113233,2.02202,0.970293,0.691591,0.464887,-0.200627,1.22022,3
1.97786,0.814103,0.904849,2.16222,1.33591,-0.403225,0.231246,-0.0930553,-0
0.422969,1.51576,0.00867438,1.51823,2.087,0.716534,1.08814,1.10551,3
0.84895,0.240713,1.42404,2.89396,0.554581,0.449141,-0.114966,-0.12127,-0
0.100817,0.31516,1.29838,1.34771,1.33428,0.406202,2.69755,1.56639,3
0.796919,4.45515,0.0207617,0.345021,0.264535,0.148352,1.96496,-0.0659735,-0
0.0457565,3.21234,1.08463,1.07976,2.58753,0.663092,0.662512,1.41218,3
1.27613,-0.277365,0.663007,2.22239,-0.2657,0.93382,1.39368,1.67818,1
1.32938,3.02865,2.93713,0.551025,1.5465,1.1186,1.22618,1.12338,3
0.659214,-0.459248,2.54143,2.20036,-0.110809,-0.0744209,0.123146,1.25844,3
0.198175,2.69916,1.8303,1.86896,0.674434,0.596142,-0.28007,0.0213441,0
1.86255,0.49386,3.246,1.73103,0.712064,0.27211,0.753255,2.15797,1
1.25265,2.39407,0.823663,2.31546,0.247545,0.579576,0.0658082,1.34826,1
0.478231,1.67756,3.12168,0.998595,0.665181,-0.160335,0.600983,1.25134,3
0.617264,2.12839,-0.029534,2.72691,1.01266,0.451154,0.0292303,0.0436576,0
1.76375,1.82745,-0.0542907,0.191172,1.42552,0.627038,1.16737,2.05285,1
-0.722691,2.57726,0.173163,0.913287,1.22207,0.85351,1.66699,2.13169,1
0.612971,3.09883,2.27182,0.95036,1.01475,0.36965,-0.249626,1.83823,1
1.68193,3.84378,1.17147,0.13209,0.914499,0.465851,1.7702,0.0642564,-0
2.35488,0.168806,0.343948,2.29019,1.00308,1.02151,-0.124611,1.88692,1
1.58516,3.83083,2.957,3.15255,0.308703,0.773923,1.19597,1.93897,3
2.22444,0.0252617,-0.122527,2.97818,0.790938,0.466375,1.00033,2.46592,1
0.623226,-0.0465464,1.21664,0.543162,1.35592,-0.330366,1.86903,2.4344,3
0.396377,0.598068,0.62524,0.18313,0.900006,-0.511344,0.947018,0.933039,3
-0.253748,2.7553,2.20082,3.00255,0.684935,1.07718,-0.00529232,1.28975,3
1.16117,1.71005,-0.407103,0.413988,0.771496,0.0960787,1.88382,0.765405,4
0.116263,1.23795,0.807391,-0.0441578,1.4391,0.425599,-0.422298,0.637053,1
2.01693,1.52087,2.36054,2.84692,0.540618,0.168173,0.0550542,1.08286,1
2.09397,1.9953,3.06609,1.60621,0.449299,0.033623,0.597059,1.23047,1
1.23482,0.334889,2.13292,2.25943,0.434434,1.20159,1.17886,-0.0583656,-0
1.61063,0.512126,-0.129007,0.502624,0.368024,0.112438,1.5543,-0.0296839,-0
1.3233,3.93909,-0.201103,2.52042,1.03949,1.13809,0.893161,1.62909,3
1.88016,-0.25696,1.66597,0.439112,1.47974,0.578943,0.0330707,2.0986,1
1.53895,2.1082,0.333407,2.35779,0.31916,0.302721,-0.302931,0.892623,1
1.91914,0.870982,2.28078,2.52283,1.29056,0.0785636,0.735035,-0.0926245,-0
2.44474,-0.25113,0.00133412,2.2791,1.28604,0.736604,1.53092,-0.0504722,-0
2.08869,0.565602,0.190356,0.938837,0.413871,0.223813,2.46487,2.24543,4
0.706388,3.22293,0.259883,-0.185488,1.42076,1.53861,1.11314,0.22955,0
0.680053,1.11491,1.55083,-0.248792,0.0865439,0.747005,0.0356235,1.99736,1
0.806494,1.73177,1.40464,1.57264,-0.0269187,0.668335,0.724862,0.884386,1
0.931178,0.0885267,3.33116,1.55455,1.88059,-0.126763,0.452875,1.61767,3
1.91517,1.73107,0.501216,2.0118,2.33938,-0.00951682,0.472594,0.0132546,0
2.25136,3.06572,2.72627,2.47857,2.35319,-0.110132,1.471,1.70931,1
1.73649,3.3665,0.304199,2.19275,1.81587,0.59327,-0.0869886,1.57296,1
1.81766,3.95168,1.31151,3.07856,1.95692,0.725279,1.37281,-0.0788171,-0
2.07466,1.19754,1.69958,3.05706,1.00677,1.05894,2.11217,-0.0615289,0
0.520632,0.666793,0.832103,2.70181,1.94193,0.718781,1.83721,2.09836,1
-0.120531,0.0295065,2.98264,1.95959,1.38273,-0.261528,2.02499,1.06236,1
0.288611,3.76458,1.28139,2.46318,-0.112918,0.621631,0.0340733,1.50071,1
0.808635,3.4569,2.37213,-0.120091,0.91931,-0.253814,-0.0830699,1.45278,3
1.57957,0.928741,0.0366738,-0.0480937,-0.103897,0.221907,-0.37399,0.0174091,0
1.70737,1.9398,2.91019,0.737591,0.461839,0.596129,1.60376,2.07525,1
0.118879,3.43668,-0.166063,0.138029,0.00673499,0.254721,-0.0706693,2.00186,1
1.45029,2.70059,0.648716,0.964755,1.8875,-0.42597,-0.0797303,-0.0889372,-0
0.349146,4.00774,1.55281,2.67438,1.90797,0.402762,0.870387,2.19532,3
0.260343,0.18733,0.969992,0.745479,0.113116,0.712676,0.0468884,1.28816,3
-0.230023,2.43099,0.41482,0.0833736,1.12755,0.622727,0.301627,1.66666,1
1.03736,2.97045,2.04738,0.0779313,0.806964,0.221457,0.186288,1.78736,1
1.40481,0.550933,0.493104,1.51385,0.99575,0.461786,0.716838,0.326625,0
2.03694,1.37068,2.50094,1.43064,1.9124,0.431193,1.48508,1.92628,1
0.907682,3.70925,0.867328,0.687251,1.88556,0.854987,1.1312,1.84661,1
0.862667,3.04136,2.13031,0.88085,0.753928,-0.1188,2.26946,0.867805,1
0.839239,-0.1616,0.382105,3.01777,0.434252,0.558683,0.492502,2.37371,3
1.94914,0.290913,2.79621,1.12836,1.00986,0.614211,-0.426745,1.36316,1
0.0677769,1.27165,2.5632,-0.171623,1.76977,0.441421,2.06085,-0.0664437,0
0.733363,0.495419,-0.0287007,1.70593,0.302453,-0.356641,1.58521,1.30932,4
-0.0376915,0.266376,1.30501,2.48973,1.89812,0.654837,-0.0142234,-0.288289,-0
1.92361,2.25689,2.23279,1.62893,1.13506,0.806754,1.38715,0.5319,1
1.19074,2.79442,2.85381,-0.187827,1.90765,0.10103,0.784858,1.48374,1
0.620355,2.52477,-0.0839518,2.9417,1.45829,1.03911,0.632998,1.09938,1
0.346501,3.20969,2.47742,1.54979,0.649032,0.234042,1.38415,0.994384,3
0.886196,0.763739,3.45169,1.41097,1.41213,-0.467908,1.40917,1.92716,4
1.93702,-0.371838,0.324752,0.226618,0.445279,0.479894,2.07789,1.957,1
0.332732,3.76557,0.35397,2.49789,1.75939,1.01111,1.12213,0.973482,3
1.74222,0.306931,0.35246,2.51405,1.8905,-0.119793,1.8977,-0.126051,-0
1.9239,3.64581,0.224183,-0.415946,1.85701,-0.0770238,1.12888,1.92671,1
-0.225703,3.13287,1.59253,2.1609,0.893614,0.965464,0.12768,2.08008,3
1.60921,2.60977,3.11091,1.98371,2.20373,0.188457,1.51034,2.20329,1
0.0357606,1.32323,2.53972,1.52869,0.629015,0.127476,1.31225,1.89537,1
0.0160074,3.82795,2.02878,2.43304,0.420437,0.229449,1.4504,1.53644,3
2.43401,0.752977,0.538187,1.23619,0.107873,0.137871,1.1698,1.12748,1
-0.130161,2.2798,-0.0362622,2.11781,1.709,-0.260459,1.77778,1.51261,1
2.09079,0.637237,0.171799,1.20908,2.14427,0.498278,1.31195,1.20641,1
1.78785,0.0107466,1.76781,2.18541,0.636161,0.505073,-0.183111,-0.148637,-0
-0.104863,0.744281,3.07912,-0.0798478,1.39668,1.04629,1.43963,0.0122192,0
-0.118032,1.17408,-0.0145934,2.06807,1.77278,0.258256,0.0637587,1.54328,1
0.365676,3.80862,2.91787,1.37371,0.911865,0.296124,0.138463,1.09678,3
2.121,1.98285,0.425866,0.991805,0.254465,0.894679,0.392376,2.07495,1
1.17236,2.08363,1.5795,0.693071,2.2115,0.115168,2.05249,1.68996,3
2.05139,0.525971,1.01129,0.366984,2.57487,-0.0422634,0.544694,1.03648,1
1.59617,3.69411,0.622625,1.76874,1.65733,0.177343,1.4387,1.11529,3
1.69091,2.72346,-0.174654,1.41823,1.6286,0.976482,0.222805,1.988,1
-0.261776,2.39836,1.76604,0.173195,2.02578,-0.251289,1.62114,1.77925,1
0.753829,2.66151,1.47615,1.09198,0.344048,0.388686,1.28577,1.58169,1
0.567023,1.87419,0.309619,1.55998,1.32561,0.209238,1.20031,-0.229731,-0
-0.0163686,2.88131,1.03636,2.16517,1.48607,1.32015,2.03739,2.23283,3
0.530403,0.227267,0.179718,2.68641,1.46114,0.568178,2.49896,1.56276,3
0.758272,2.31046,-0.298326,1.45198,0.934334,0.660601,1.36924,2.01988,1
0.506801,3.84663,2.83775,1.66771,1.59787,0.369033,1.39651,2.0695,3
0.721007,1.30644,0.90842,-0.53257,1.12731,0.882308,1.13937,1.57198,1
0.818948,2.94622,-0.216198,2.8058,1.61601,-0.271851,1.9748,0.000780033,-0
0.51925,0.0492861,0.192281,0.910015,0.06304,0.247403,0.331062,2.20147,1
2.12521,1.6069,0.305359,1.39091,0.916139,1.02222,0.646698,1.97889,1
1.01613,0.524227,2.11396,3.00809,0.68274,-0.300294,0.434669,1.72546,1
0.584997,-0.3727,1.04939,2.02572,2.18461,0.316359,0.57508,0.767737,3
1.70401,0.63385,0.670654,0.150496,0.685443,0.596206,-0.162365,1.46507,1
1.4925,2.7752,1.23753,2.48263,0.336342,0.695921,-0.301735,1.66835,1
0.330284,1.24238,1.60388,1.67674,1.29164,0.711767,0.967472,1.2292,3
1.36617,0.673791,0.490237,1.25931,0.544198,0.13275,1.94136,1.40884,1
0.626518,0.607358,0.817369,0.188142,1.44463,-0.283007,0.367175,1.91708,1
2.23243,0.246742,1.08699,1.51031,2.14993,-0.282352,0.211552,1.43018,1
1.82866,3.09982,2.4224,2.6359,2.55178,0.932985,1.72088,1.62786,1
-0.0183421,3.73524,-0.182571,2.54464,0.159489,0.278665,0.0843289,1.89747,3
2.62042,3.71083,0.0266742,0.219354,0.478223,0.530073,1.59106,1.67496,3
0.204884,0.294015,1.28714,2.2023,0.717377,1.20871,0.743202,-0.103443,-0
1.5024,0.458199,1.96081,0.153622,2.25333,0.673069,0.839407,1.37565,1
0.961736,1.28082,0.282983,0.759302,1.2649,1.48421,1.168,1.86531,1
0.413968,3.9165,2.9885,0.54589,0.833462,0.470636,1.63837,1.27253,3
1.22262,2.67076,1.61513,2.85909,1.6629,0.214023,1.65024,2.13417,1
0.727709,3.68333,-0.0324886,1.34602,1.81077,1.52572,1.11551,1.64991,3
0.845188,-0.174297,1.78621,1.15016,1.97889,1.05503,1.98198,1.2545,3
0.865993,0.444975,1.87064,0.29355,1.08648,-0.0157743,2.20491,1.7306,1
0.101389,3.4058,1.11474,2.48861,-0.103905,0.844625,0.548911,0.112155,0
1.14907,0.398475,-0.125562,2.33274,2.60488,0.202092,1.29171,0.737618,3
1.62906,0.625847,2.20064,0.0400416,2.06729,0.680452,1.01221,1.87667,1
1.67263,2.52766,1.96149,1.00014,0.920741,0.316881,0.0101947,2.32627,1
0.726301,3.71542,1.31277,2.78881,2.06658,1.04776,1.50185,-0.0146183,-0
1.81972,0.872012,-0.0458439,2.03714,-0.120073,0.764516,0.3607,-0.0791507,-0
-0.256834,0.28,1.68817,1.02898,0.250485,0.172309,1.19167,1.10473,3
1.06337,3.90632,2.23414,0.600195,1.16531,0.809784,2.06526,1.80993,3
0.353544,-0.196066,2.93581,1.32591,1.95558,0.204754,-0.262281,-0.218173,0
-0.270984,1.64571,2.60992,2.22854,1.81312,0.848245,1.20318,1.82861,3
2.48861,3.88643,0.110015,2.96764,1.08658,0.372351,1.69262,2.09648,3
0.541489,2.52845,2.52137,1.63068,1.58372,0.311306,1.66283,0.0225194,0
1.36379,4.01629,0.500775,-0.0397969,-0.564473,0.419759,1.0874,2.18962,3
0.652016,3.01136,1.38235,1.57316,1.0808,0.375249,1.56641,1.43015,1
2.34836,-0.357533,1.95549,-0.040832,1.693,0.737289,0.172127,1.92448,1
1.05772,1.99986,0.127237,2.30809,1.6305,0.742422,0.529425,-0.127616,-0
1.93564,3.77315,2.53406,-0.119853,2.4326,0.182416,0.693567,1.83184,3
1.47241,0.908857,0.429472,0.256998,1.51438,0.860499,0.441106,1.29215,1
2.19994,3.39627,1.28486,0.573142,1.62991,0.695824,1.26436,1.24566,1
0.446629,0.568585,1.68629,-0.161972,0.71345,0.486934,-0.362046,2.25697,1
1.16228,3.80326,0.446083,1.68463,2.09975,0.389582,1.8755,2.48282,3
0.442772,-0.537496,0.263742,0.104455,1.33294,1.39982,0.12763,2.10085,1
0.149601,1.21198,2.90753,2.04838,2.54226,-0.217577,0.58978,1.92302,1
1.38727,0.491412,1.51405,0.392652,0.719507,0.636822,0.80172,0.324517,1
0.61257,1.98285,1.86918,2.37183,2.11805,-0.21426,-0.243549,0.820554,3
-0.00321113,3.50092,-0.274353,3.21751,-0.410999,0.1769,-0.367403,1.7871,1
1.03351,2.41817,2.8491,3.01876,0.17306,-0.125829,0.999325,1.7436,1
1.97076,0.0729534,0.0954525,1.9918,1.09619,0.439308,1.29868,-0.157111,-0
0.342336,0.167662,2.63986,3.01576,1.83198,0.131099,0.696316,2.15475,3
2.41267,3.63538,3.40499,0.619806,1.34361,1.17355,1.52019,1.60067,3
1.75091,-0.00668625,2.39799,0.168132,1.42314,1.46584,0.40064,0.0201559,0
2.18686,2.91033,2.66478,2.07116,1.81404,0.77474,-0.31943,2.03203,1
0.849325,3.74858,-0.110863,0.681894,1.88232,0.690511,2.136,1.20239,4
1.78977,1.14804,2.64418,-0.321894,0.278532,0.981816,1.80476,-0.118333,0
-0.284216,2.39106,3.46012,-0.030188,0.837715,1.04593,-0.118341,1.96641,1
2.19037,3.60087,1.95617,1.30667,1.92127,0.036374,2.04259,1.79341,3
-0.190818,-0.0088593,0.48673,0.506818,1.72509,0.353743,1.91623,1.48406,3
0.353815,0.848553,3.31487,2.69569,0.444435,0.0762794,1.21212,1.22598,3
0.407823,2.49759,2.99797,2.39265,0.0696346,-0.140938,-0.232777,1.94832,1
0.757529,0.00372753,0.557967,2.24276,0.356712,0.455409,1.94753,1.83686,3
0.266562,2.65653,-0.291392,2.70425,-0.111431,0.590153,0.070447,0.96032,3
0.533977,2.92745,1.15789,2.25059,0.501196,0.307742,1.07498,0.600836,1
-0.0556505,-0.216063,1.13947,1.89269,2.43873,-0.20502,1.85347,2.04082,3
0.695587,3.23393,0.640059,1.14218,0.732098,0.0776915,0.863826,1.23218,3
0.14416,0.651083,0.519397,-0.0223126,0.488673,0.646019,0.550267,1.36269,3
1.80646,-0.163591,2.79923,2.26508,2.43626,0.661406,-0.508099,1.94923,1
0.0157221,0.221138,0.993434,2.46565,1.46247,0.433274,0.467194,1.58993,3
0.904504,3.55846,-0.22009,2.81368,-0.117705,0.104734,1.47447,1.77861,3
-0.174581,0.293266,2.92697,3.16343,2.04723,0.452619,0.0185252,1.59444,3
1.68462,0.6472,0.770831,2.57443,0.126855,0.676326,1.89797,0.276066,1
1.52648,2.52906,0.0336528,-0.216021,0.554037,0.565554,0.941914,0.026036,-0
1.89345,0.975149,3.2358,2.29238,0.468648,1.22971,1.48857,1.97603,4
0.150499,3.71261,2.98739,1.02371,0.746491,0.673127,1.83323,1.73984,3
0.77239,2.84867,0.56279,-0.266265,1.28722,0.0943237,1.07285,1.02227,1
0.573425,0.234795,2.77384,0.0144898,1.38968,-0.0178446,2.07315,1.32021,3
2.11864,1.00551,1.21353,1.21995,-0.163257,-0.0775149,-0.0216649,1.60666,4
1.84499,1.98555,1.08508,2.95779,1.86879,1.16616,-0.165535,2.01619,1
0.290985,2.08357,3.13879,0.705942,0.868408,-0.169808,0.63077,0.843758,3
0.810503,1.65204,0.172924,0.225007,1.10934,0.0916803,0.0013013,-0.138449,-0
0.901848,1.54192,-0.0594986,3.10565,0.155119,0.242181,2.11158,1.69726,1
1.06866,-0.389526,2.56427,1.54561,0.961907,0.827492,-0.326918,-0.105878,-0
0.52247,2.80427,2.91909,0.496062,1.40968,0.682123,-0.52532,1.96142,1
-0.140837,-0.236035,1.10582,2.14436,1.67864,-0.0917749,1.31805,1.33984,3
1.81091,0.339682,2.22716,-0.235129,0.643114,0.622509,2.05427,1.77774,1
1.32747,2.00288,2.79583,0.838546,0.996311,0.54059,1.38904,-0.0297361,-0
1.0423,1.83319,-0.0258298,1.29103,1.43859,-0.352051,1.52145,1.38969,3
2.07123,-0.305034,0.109694,1.5308,2.05529,0.589762,2.05489,1.45637,1
0.68515,3.0231,2.91245,2.75556,1.20607,0.71676,0.114941,2.02835,1
0.983604,2.38578,0.302951,2.27296,-0.43595,0.371864,1.1509,1.67227,4
1.86426,0.438953,1.8195,0.699539,1.51046,-0.100588,1.44601,1.91019,1
-0.386227,2.40411,0.751449,1.02361,0.80362,0.326169,0.0129842,1.99761,1
-0.210616,-0.0340648,0.321002,0.470792,1.66225,-0.133186,0.696712,0.974302,3
0.327978,3.48682,1.02564,1.83402,1.93437,-0.0883044,0.508865,-0.0773112,0
2.18314,0.937406,2.86806,2.07321,0.0876837,0.21606,0.306411,0.894014,1
1.14812,0.0241374,2.26221,-0.281339,1.07174,1.23731,0.806376,1.24685,3
1.68921,0.82833,0.152842,0.68637,1.91937,-0.173203,-0.116726,-0.0156495,0
0.978633,2.30316,1.67589,0.19332,0.841444,0.175246,1.75108,2.61837,4
1.38334,3.1569,2.59327,1.77111,1.83301,1.3927,1.26538,1.70529,1
0.328903,-0.453524,3.16536,0.146171,0.373133,0.0324424,-0.218936,1.82728,1
0.0485085,3.52151,2.66727,3.00298,1.95431,0.541284,1.92982,0.898646,3
2.06221,2.76974,0.0654648,1.99425,1.28137,0.406985,0.67879,2.09171,1
1.78823,2.49594,2.35528,0.226026,1.61937,-0.164099,-0.16947,0.00730869,0
1.73886,3.59984,1.33915,0.482748,2.12,0.381981,2.38866,1.07003,3
0.185764,0.322023,0.338804,1.36548,0.479525,0.214557,1.89095,1.07432,3
1.24756,0.275936,2.41907,1.08755,1.84013,-0.294237,1.23204,1.96103,1
2.18731,2.82385,1.69759,-0.0114641,1.91375,0.691271,0.671444,1.90141,1
0.129419,1.5049,2.92307,3.12755,1.62402,0.362937,0.737569,1.8272,3
1.22147,2.19221,1.5333,-0.00927766,2.49985,1.27383,1.75899,2.14278,1
1.7597,2.50436,2.64437,-0.0100495,1.88812,0.632238,2.07332,0.585194,1
0.602963,3.43232,1.63511,1.98557,0.370695,0.804078,1.1892,2.06608,1
0.837615,3.29957,-0.173852,2.5974,0.997368,0.568873,1.62263,1.51594,4
1.87389,3.73266,3.32799,1.7845,1.39802,0.514326,0.365363,1.869,3
0.622766,1.83542,0.989349,1.56532,0.605026,0.483266,1.27865,1.77819,1
2.26201,3.92076,2.67122,3.06969,0.862909,0.276592,0.748341,0.0559845,-0
0.275244,2.38275,2.11878,2.46981,2.30489,-0.281822,1.48884,0.921014,3
1.55615,3.06184,0.352974,0.771237,0.490842,0.973622,1.9204,1.78945,1
0.315084,0.802246,1.3205,-0.0971617,-0.266841,0.282124,-0.273011,1.85815,1
1.03007,0.198498,2.32973,0.376743,1.80678,0.301373,2.48404,1.8088,1
0.83963,3.84976,0.957979,1.18899,1.59664,1.28823,0.840405,1.44824,3
1.34809,1.13037,1.00982,2.50006,1.46672,0.494778,0.555541,1.04386,3
1.76853,3.99156,2.88094,2.18927,0.789408,0.353217,0.0493271,1.25074,3
1.85284,2.50087,0.874832,0.332557,1.14051,1.0725,1.54287,0.314998,0
0.373209,3.36784,0.0897726,0.571905,2.22038,0.325784,1.1668,1.34843,1
2.14549,0.407995,0.063015,0.997835,1.01785,0.0642884,1.78628,1.42427,1
-0.188823,0.134368,0.68829,1.12903,1.5339,0.547075,0.354145,1.98593,3
0.617467,0.725748,2.79163,1.20231,0.947463,0.718019,-0.45885,1.68513,3
1.62722,2.50975,2.72253,1.32843,1.22899,0.609598,-0.405548,-0.041475,-0
1.45827,0.106741,0.849631,0.357046,1.60814,0.758171,1.32305,0.944241,3
0.59199,0.902631,1.92754,0.629336,2.24875,0.192878,0.616784,1.84236,1
0.446291,0.287983,3.23865,0.949109,1.88282,0.47724,2.0229,2.50572,1
1.33943,3.81551,0.115239,3.27112,1.17408,0.656567,1.15614,1.64578,3
1.36632,2.27177,0.0374769,1.82225,2.23753,0.121791,0.98608,-0.0520598,-0
1.65013,0.279146,-0.00362368,2.1002,2.37355,0.272514,1.31374,1.34207,1
0.838069,4.11364,0.365795,1.8015,1.76338,0.359363,1.13196,0.0258097,-0
-0.201591,1.90332,-0.357218,0.987258,0.787226,0.391811,-0.0225532,1.55892,3
1.4112,2.07517,3.19694,2.41747,0.847326,-0.29831,1.80403,2.26181,1
1.70663,0.669206,2.38175,0.095586,0.783477,1.29553,1.2584,1.78866,4
-0.254479,1.80245,0.173069,2.32177,1.00479,0.410929,0.899268,1.55913,1
1.48764,0.145019,1.76947,2.60671,1.84042,0.67666,1.0543,1.41387,3
0.761801,0.154761,2.28631,0.551438,1.26705,0.0836866,0.773431,1.87456,1
0.597692,3.76526,0.25954,0.781818,0.0916322,0.557695,-0.00512439,1.00354,3
0.190299,0.0871414,2.70553,2.00404,0.679498,0.909982,1.62649,1.01212,3
0.90202,0.319907,-0.0224127,-0.122609,1.37256,1.4432,1.24261,1.98353,1
2.16665,0.753028,0.140154,1.61298,1.30728,0.274197,-0.113523,0.195008,1
2.44728,0.775616,0.159321,1.94284,0.174403,0.103347,1.74442,0.459766,1
1.77621,0.724569,1.72008,0.379721,0.682823,0.762352,0.097699,1.55411,1
-0.221357,1.66297,-0.00456354,0.145,1.06056,0.782663,1.37612,1.82205,2
0.531783,0.532489,2.0084,-0.437231,-0.0994176,0.693927,0.136851,0.820161,3
1.96646,3.33095,2.36187,2.95706,2.44522,0.349752,-0.127638,1.94482,1
1.77228,2.85394,0.329112,-0.220771,1.21643,0.805986,1.78853,0.0452892,0
1.93317,-0.296343,1.37467,1.10066,1.0278,0.592392,1.76623,1.4699,3
1.9965,3.35696,0.278778,0.1707,0.936344,0.383037,0.615205,1.9777,1
1.18834,-0.198929,1.82148,1.46318,0.637042,1.08201,0.960971,2.07382,3
1.77807,2.72103,0.30803,2.5059,1.85614,0.214747,1.94142,1.4588,1
0.801891,1.66559,2.47838,1.80315,2.20347,0.24606,1.76201,0.750259,1
1.06074,3.54858,1.20959,0.771816,-0.578231,1.49503,0.743971,1.87001,3
0.834486,2.12646,1.82955,0.254391,0.259551,0.879245,0.298363,-0.166689,-0
1.36864,0.446064,0.376073,-0.0738953,-0.093149,-0.0297876,1.16245,0.69426,1
1.07131,3.22407,0.351239,2.70597,0.228624,0.15075,1.39278,2.33622,4
1.28055,2.2832,2.37644,2.32263,2.65545,0.63639,0.0434273,2.1465,1
0.891481,2.87334,2.96097,1.17877,1.76359,1.00232,1.19546,1.12901,3
0.658265,1.09738,-0.198164,0.690996,0.57527,0.380923,1.8961,1.86328,1
-0.287595,0.0845798,2.39619,0.428145,2.11891,1.02667,0.719528,-0.218047,0
0.894698,1.94743,3.35989,2.96041,1.05124,0.75232,1.05695,-0.13415,0
0.257651,3.39086,2.98623,2.68413,1.37013,0.417285,1.15892,1.82888,3
1.9593,0.322914,0.065496,2.27695,0.583097,0.156362,1.12736,-0.105843,-0
0.628106,2.92131,1.70245,2.85018,2.31118,0.846198,-0.0817861,2.11821,1
1.89496,3.25299,-0.00751607,2.86678,1.62444,0.0262255,1.92389,1.94553,1
0.802816,1.04408,0.015997,2.30694,0.356444,0.268079,2.02963,1.09436,3
2.02942,3.89637,0.309664,1.55356,2.46195,0.41637,1.19786,0.0331823,-0
1.53471,1.95605,0.719593,0.664276,0.0243715,0.34593,1.03417,2.48867,4
0.0624163,3.72744,2.41409,1.2751,0.53889,0.728527,2.38711,1.19757,3
2.0565,1.41934,0.0813945,0.0411558,2.02735,0.999016,1.77173,-0.0529888,-0
1.84315,2.77591,1.20524,1.12354,1.27312,0.699882,2.40254,-0.0414203,-0
-0.204508,2.7654,-0.0307765,2.31707,0.34242,1.06611,-0.00272882,1.75116,1
1.22149,0.578091,0.187292,0.603539,1.50678,1.12468,2.25971,1.66778,1
0.220127,-0.275676,2.12155,0.638754,-0.246717,0.324567,-0.226518,1.16307,3
-0.129012,-0.0371686,-0.281199,2.41045,1.62255,-0.0755089,1.61391,0.678103,3
1.00287,1.90978,2.26119,-0.081938,0.319338,0.566057,1.78705,1.28809,1
0.263748,0.327631,2.47565,2.71911,2.16754,-0.137585,-0.0296027,1.6432,3
0.9111,1.06192,0.58549,0.110094,1.26025,0.424234,0.71034,1.93166,1
1.01962,0.0261861,2.57105,1.59956,2.3858,1.04225,0.484592,-0.0785889,-0
1.29915,1.85644,2.44153,0.53581,0.102212,-0.135267,1.67555,0.656759,1
0.777706,1.91355,1.87877,2.0878,0.887157,0.174849,1.83617,2.2613,3
0.107388,0.298809,0.130998,2.45594,1.43322,-0.067035,1.69895,1.25314,3
1.14254,3.80992,2.43821,1.56215,1.21159,0.784998,0.6202,1.61823,3
1.74755,1.25162,0.596162,-0.136493,0.205182,0.371144,-0.713772,1.66534,4
1.27402,2.00418,3.07497,1.95168,1.85291,0.701043,2.02087,1.32328,1
-0.108131,2.02537,2.82829,3.03973,1.16574,0.427925,-0.161431,-0.201967,-0
1.30301,-0.148024,1.54066,2.17591,0.351205,0.73409,-0.498632,-0.142703,-0
2.06797,2.57921,2.05781,2.69483,1.56531,0.191231,-0.150849,-0.0564828,-0
0.024542,3.78232,-0.0491611,1.52745,2.16369,1.24063,1.69465,1.42914,3
0.960016,1.46208,0.41468,1.83402,0.460428,-0.21058,-0.141695,1.63574,1
0.5908,-0.45001,0.221727,0.686969,1.37408,0.913506,0.655102,1.22094,3
-0.0978808,0.394796,0.137312,1.35181,2.07943,-0.149496,0.998124,1.26831,3
0.564218,3.7412,2.94544,0.120765,1.23452,0.440926,0.985249,0.956329,3
1.51989,2.59059,2.49856,1.04436,0.980786,-0.103852,-0.307008,-0.140339,-0
1.94599,1.81513,0.151871,0.597686,0.439171,0.651271,1.32109,-0.0504845,-0
0.418997,2.27706,0.127404,2.51013,0.825979,-0.118158,0.312144,1.75145,1
1.50009,3.8085,2.92201,1.93369,0.831528,0.1569,1.9138,1.19553,3
-0.311045,3.19462,0.16873,0.500452,1.52205,0.582201,-0.282321,-0.113824,-0
1.29136,-0.266945,2.07065,-0.194136,1.05672,0.430425,1.50462,1.61524,1
0.448536,0.637712,0.205505,1.96385,1.67478,-0.115926,2.49057,1.31581,3
1.8723,3.83389,3.53286,2.13376,0.213169,0.602068,2.14841,1.24316,3
1.35231,-0.217119,1.06539,-0.134259,2.12509,0.660694,0.380536,0.973067,3
-0.0709447,3.86774,0.388399,1.59426,0.53952,1.30622,1.98811,2.27867,1
1.9758,1.02551,0.317817,0.0788824,2.34897,0.593061,-0.105963,1.52018,1
1.63211,1.88321,0.540784,2.78269,0.497873,0.0840293,2.02939,1.39191,3
1.54419,2.3548,1.0572,3.19607,1.18583,0.394754,-0.307319,-0.10557,-0
1.20968,2.95154,0.25149,1.70025,1.16101,0.841283,0.357667,0.669868,1
0.984553,2.8887,1.47963,0.261796,2.02304,0.0888519,1.45409,0.594965,1
0.928261,0.214037,3.35801,1.85558,1.93712,-0.225192,1.69706,0.933233,3
0.904909,4.38462,2.48262,1.61003,-0.000661498,0.453248,0.440158,0.00175996,-0
0.519419,3.62377,2.46153,2.75196,0.350718,1.17133,1.70161,1.02584,3
0.69139,0.9095,0.523238,2.56086,0.373413,0.787822,0.0705293,0.912411,3
0.43276,3.94966,3.63859,1.77927,0.807477,0.263947,1.5132,2.43379,3
0.292161,1.28738,3.37451,2.80895,0.731241,0.69328,0.718768,1.00721,3
1.18726,0.0303332,2.22014,0.310631,0.651192,-0.257497,0.0793271,2.27087,1
0.960363,2.08636,2.944,0.150384,0.923694,0.196247,0.707205,1.38799,1
2.12418,0.423248,1.99631,0.434551,0.00804516,-0.186357,-0.0166168,0.932265,1
0.737549,0.192352,-0.0227696,1.00311,1.03518,0.107626,-0.328478,1.67963,1
0.689909,0.962921,2.24995,0.0233651,2.21581,1.68425,1.11198,-0.039655,0
2.5945,3.56761,1.41019,0.0371595,1.34697,0.0401866,-0.080201,1.21108,3
0.41647,1.05764,2.88446,0.767484,1.80054,1.10977,0.666926,-0.0248824,-0
2.08089,3.61349,0.491255,0.650243,1.82221,0.923836,-0.330877,1.05068,3
1.51416,3.86864,0.155035,0.767579,1.92812,0.151348,0.288536,0.986204,3
1.37461,3.1475,0.204851,2.49485,2.16986,0.416733,-0.187754,1.65023,1
1.83853,3.69525,0.454265,1.82168,0.873559,0.54733,-0.418412,1.92183,3
1.21674,3.80518,2.19926,2.33433,1.83682,0.993742,1.41898,-0.0302891,-0
-0.194962,1.78524,0.406815,0.00515959,-0.122573,0.369219,-0.00391004,-0.167863,-0
1.98248,1.24919,0.518774,0.558363,1.68439,0.858829,1.06944,0.00223407,-0
1.38791,-0.17862,1.98163,0.0933113,1.51285,0.617867,2.38354,1.28159,3
1.54674,0.273067,3.36963,-0.253666,1.09052,0.416972,1.52045,2.40136,3
1.2929,2.99936,0.0521959,0.0280401,1.16808,1.03349,1.05701,1.60178,1
0.304688,2.14999,3.52259,2.89498,0.612802,-0.107851,1.4862,1.79451,3
-0.340526,2.74376,0.918969,1.94235,-0.253224,0.722759,1.96533,1.60679,1
0.700923,2.86356,2.63573,-0.294426,0.262889,1.13187,0.232681,2.21093,1
1.39747,-0.166284,0.155859,0.197967,0.995933,0.54261,2.03253,1.48755,1
2.19771,1.0497,2.42571,0.533014,2.3545,0.966715,1.64721,-0.00577163,-0
1.12707,1.07577,0.252446,-0.00903524,1.28152,0.473482,1.61484,1.26886,1
2.29896,2.60134,0.131716,1.96272,1.57071,-0.0453505,0.536207,1.53769,1
0.738822,3.47892,2.91139,2.3789,0.809554,-0.185352,0.210431,1.61321,3
-0.0740225,0.376438,0.725388,0.377042,1.35202,0.497135,-0.282644,1.44988,1
1.41932,1.93199,0.0237129,1.40122,2.53168,0.430355,0.0974924,1.54737,3
0.772941,-0.055723,2.91165,2.50912,1.36844,0.326787,-0.162886,1.34321,3
1.88206,2.21243,2.34897,2.77415,1.30056,0.228576,1.09739,-0.0778968,-0
0.689666,3.80459,0.560063,0.919354,1.64171,0.383806,0.443935,1.19323,3
2.13669,1.60822,3.06815,0.690463,1.6484,0.500408,0.10666,1.79979,1
0.0101769,3.60081,2.64582,2.95204,0.772292,0.496906,1.77781,1.39164,3
-0.331759,0.425418,3.18045,2.07869,1.24372,0.807107,-0.000287391,0.815696,3
1.79714,0.363259,0.241012,0.646707,1.98779,1.1728,1.66304,1.766,1
0.825843,0.145814,0.0208048,2.74817,0.111037,0.0895938,-0.204207,-0.149232,0
0.201336,2.08022,0.876091,1.30281,2.10486,0.17479,-0.253073,1.20686,3
0.0797854,-0.332924,3.33818,0.961864,-0.0344705,0.782224,1.15603,-0.108297,-0
1.51132,1.15735,3.08385,2.57231,1.8822,1.44403,0.207963,-0.234548,-0
0.0221283,1.08943,3.02506,0.0207871,0.603178,0.740216,1.29226,2.30037,1
0.110784,2.39693,2.08124,2.52211,1.56157,0.376031,-0.144719,1.92815,1
0.721782,2.8106,1.16986,1.21577,1.57394,0.534293,-0.123205,-0.0333489,-0
1.54995,2.20894,2.99097,1.19256,0.546855,0.779559,-0.290194,1.73568,1
0.741118,4.16593,3.11672,3.14564,1.81576,0.173066,-0.163272,-0.137618,-0
0.493172,-0.155347,-0.024324,3.3339,-0.1255,0.622664,1.53995,-0.157179,-0
1.04137,1.91159,1.55695,2.81984,1.85913,0.986047,1.95812,2.05544,1
0.804807,2.94928,0.284662,0.727284,1.58674,1.20872,0.749198,1.67554,1
1.12246,2.58006,0.89433,2.04488,1.52036,-0.610248,1.4837,1.25012,3
2.26379,2.82729,2.10399,2.67519,0.708708,0.14398,0.712947,1.76369,1
1.85229,3.78807,2.03579,2.87341,0.946384,-0.0222479,-0.44705,0.147593,0
1.21526,1.58474,2.24128,1.12363,0.382208,0.816351,0.197023,1.86355,1
0.300846,3.32352,2.86027,1.44625,1.33561,0.632199,1.98289,-0.00106619,-0
0.576219,3.18471,0.291141,0.591034,1.20771,0.0215226,1.42097,1.41119,1
0.507107,2.29322,0.448751,0.969808,-0.499299,0.74243,0.946315,1.32492,4
2.27368,0.452316,0.925184,0.816245,1.39922,0.52869,1.48556,1.17732,1
0.260536,-0.247995,0.734571,-0.0092508,1.20175,1.05465,0.113898,-0.146829,0
1.34487,1.43653,1.96194,1.62318,2.24641,0.293051,0.126283,1.92305,1
1.62233,3.56885,2.33667,1.40963,1.27206,0.858961,-0.0516537,-0.0391512,0
-0.339826,2.3771,0.203622,0.272041,2.53893,1.01937,0.24076,1.64898,1
0.524208,2.1929,0.348545,1.33642,0.872277,0.0573714,-0.0654274,2.19621,4
1.2246,0.826795,1.19864,1.00891,2.75539,0.794234,-0.163523,1.59537,1
1.16677,3.66642,-0.0711052,1.03694,0.880207,0.206027,0.180673,1.8511,3
1.63962,1.26153,-0.00618034,1.1582,1.94086,0.613655,1.70889,-0.138184,-0
1.9747,2.93583,0.255343,2.88433,-0.417443,0.520657,1.966,1.01189,1
-0.213996,2.78003,1.69138,0.892244,0.824071,0.183088,2.1006,-0.0197124,-0
1.77704,3.96364,2.16703,3.26256,-0.255955,1.08664,0.492391,2.05232,3
2.24746,0.952071,2.02743,2.5234,0.101793,0.337357,0.41581,1.19611,1
0.864908,0.393792,0.282955,2.69644,0.647801,-0.177003,-0.0939944,2.3609,1
-0.43881,0.11587,0.432948,0.498699,1.59149,0.409649,2.27342,0.906931,3
0.293655,3.14466,1.2612,1.16191,1.81427,0.107742,0.246324,1.29197,3
-0.0332076,1.99868,1.00728,0.120887,0.320939,0.853565,-0.181907,1.88633,1
0.586355,1.42128,-0.349547,2.56379,1.22507,-0.594414,1.81516,0.928593,3
1.28008,2.3947,3.02507,0.0436694,0.375958,1.3087,-0.0868855,0.00425641,0
1.88849,2.16038,0.201827,-0.264514,-0.113307,0.446019,0.556141,0.981185,1
2.20314,0.154374,0.917805,2.97136,0.337581,0.530051,0.58338,2.3171,1
1.66638,0.627331,0.16043,-0.14161,0.343193,0.226798,1.74896,-0.0873781,-0
0.384549,1.22609,0.0588701,1.27351,0.356474,0.555565,0.0214181,-0.116838,-0
1.22738,0.472805,3.0424,-0.0564134,1.23337,0.340533,1.44207,1.84174,1
-0.141075,3.21313,2.88366,2.637,1.40539,0.567666,0.47826,1.80216,1
1.6759,2.71146,2.3046,1.92562,0.552458,0.585517,0.643637,1.2666,1
0.951174,1.07266,0.133246,0.721918,1.79294,0.340772,-0.166276,-0.127876,-0
0.156042,3.44551,0.0107776,0.251726,-0.0576714,1.00538,-0.0433485,-0.0266033,0
-0.104821,3.06526,2.84812,-0.448431,-0.0469398,1.1281,1.51526,1.79634,1
-0.213671,0.384458,3.07774,0.288542,0.701762,0.431867,0.101034,0.684599,3
1.22623,3.8923,0.339641,2.59085,0.20668,0.403949,1.43645,2.10395,3
0.172475,3.8817,2.74805,1.50864,1.4725,0.458527,-0.160123,1.87916,3
2.55448,3.61882,1.97244,1.32948,0.5592,1.29874,0.71185,2.0183,3
1.86617,2.2844,1.57626,2.65383,0.606651,-0.0784801,-0.409331,1.56206,1
-0.125332,3.00516,0.496981,0.426371,0.796715,1.20243,1.17533,2.39855,1
2.32083,3.06346,0.194494,1.11472,2.17827,-0.301607,0.0337413,1.83171,1
0.850971,2.47947,2.4267,2.94508,1.32132,0.141508,0.227011,-0.131399,0
2.46703,2.75214,-0.0257254,1.86981,0.958857,-0.184236,1.42769,0.0738838,-0
2.0299,0.00486414,3.34096,2.18704,0.573102,-0.00988963,1.52182,2.03603,1
0.812028,2.58417,1.17557,1.59056,1.11192,1.0361,0.240222,2.0298,1
1.47624,-0.0212741,-0.242971,2.56932,1.28944,0.251875,1.09087,0.807771,3
1.79976,1.05781,3.0372,1.9277,0.0935156,0.788583,1.1566,-0.0776638,-0
2.56039,3.78004,3.14922,0.907603,1.65016,-0.0970913,1.19906,1.55913,3
0.724844,0.472257,0.375102,2.39905,0.819567,0.505411,1.96052,1.66565,1
2.10297,3.75399,0.127174,1.8282,0.994666,0.616555,0.768034,2.17331,3
-0.0904347,0.113872,0.960741,0.351016,-0.302142,0.366141,-0.00474584,1.84913,1
0.104736,2.4607,0.299741,0.102586,0.793003,0.419971,2.0229,1.60136,1
2.01407,2.50964,0.0944255,2.81192,0.840838,1.07696,1.58291,1.40186,1
-0.161595,3.44581,3.05315,2.72964,0.742793,0.953884,1.7251,1.07946,3
-0.295548,3.67607,0.177809,2.82184,0.179649,1.15217,1.79147,1.08544,3
2.03833,3.90658,0.110639,-0.0843051,0.56743,0.722551,1.03809,1.65111,3
0.670818,3.90691,0.138263,1.30908,2.57383,0.855958,1.87763,2.08168,3
-0.198983,2.63916,1.08279,0.00922937,0.743207,1.46596,-0.221729,1.73034,1
0.521824,2.34866,0.558319,2.08842,0.862818,-0.554529,1.46211,1.8131,1
1.7342,1.13258,1.18365,3.02288,-0.108403,0.216735,-0.204741,1.60475,1
1.52661,2.55449,2.09326,1.79779,-0.206843,-0.850217,0.646312,1.26458,1
0.267601,3.88643,1.84485,1.23036,1.58663,0.586236,0.207101,1.32929,3
0.410523,3.34004,3.23055,1.55966,0.17328,-0.0712464,0.911359,1.96833,3
1.45227,-0.17943,0.119962,-0.120967,-0.323179,0.470644,1.26708,-0.129661,0
0.813821,2.15339,2.3606,1.03317,0.375593,0.305044,1.56027,-0.104907,-0
2.03516,1.56813,0.0130692,2.5834,0.530693,-0.314801,0.0252048,1.17401,1
1.1263,1.95851,1.12462,0.514942,0.251366,-0.419864,0.723403,2.38866,4
1.39001,-0.229675,2.9773,0.297038,1.82118,-0.157601,0.471706,1.66162,3
1.07143,1.25188,2.21913,-0.100479,-0.33143,0.0607276,1.36333,0.00782105,0
1.15401,1.54083,0.678445,3.0675,0.203355,0.390527,0.898273,1.7387,1
0.387857,-0.0567476,3.34979,0.60584,1.46552,0.774464,1.39704,1.3069,3
1.76972,0.373203,2.9377,1.18077,0.981871,0.505485,0.351574,1.69696,1
1.93864,2.19513,0.395033,1.28363,1.85906,0.27013,1.67433,-0.0361072,-0
1.80948,2.7242,0.455797,2.66044,0.190943,0.559504,2.02631,0.744383,1
-0.0862927,2.35336,2.62599,2.69382,1.78887,0.0818567,0.276561,1.60877,1
1.53821,2.55467,0.0345855,0.707662,0.55486,0.709586,1.53717,1.07703,4
1.12407,0.3099,1.21299,-0.0440302,-0.188544,1.25059,-0.00853397,1.51662,1
0.413684,1.91351,-0.0824911,1.89332,0.770178,0.0517085,-0.237057,1.8069,1
1.9973,0.459663,2.83179,2.48525,1.3093,0.549535,0.110652,0.0811446,-0
2.21557,3.5879,0.316263,1.38812,2.07241,0.258205,0.095888,0.976837,3
0.350746,3.09008,0.134936,1.25826,-0.403977,0.294174,0.335796,1.76417,3
0.8383,0.718119,1.62783,-0.152327,1.78082,0.255337,2.11753,1.01913,3
1.77127,1.25922,-0.124315,1.26808,1.93367,0.719728,1.53028,0.976089,1
1.48241,0.261844,2.48982,-0.258125,1.92143,-0.099561,0.962053,1.84458,1
0.159647,4.09704,3.17942,2.66937,2.02018,-0.0295096,1.80677,-0.0868962,-0
1.42774,0.0107008,2.8829,0.795548,0.852815,-0.15964,1.02436,1.73074,3
1.15423,1.24225,-0.0219687,2.23951,0.387976,-0.209646,0.302573,1.1874,1
1.44067,0.656994,1.83408,-0.268093,0.528436,0.697844,-0.112803,2.07506,1
0.0744256,-0.385883,1.40949,1.50798,0.720172,1.15464,1.49753,2.37496,3
1.03294,2.31563,2.80646,1.78987,1.29894,0.699065,-0.199824,1.91183,3
1.14516,3.27414,1.44851,3.08471,0.938705,-0.341344,2.4294,1.67594,1
2.04413,2.91698,0.973001,1.06221,0.984434,0.822365,1.29308,2.0409,1
0.372531,4.10053,-0.102058,3.26511,1.02343,0.382292,-0.118006,-0.0142356,0
0.822216,2.68729,1.94967,0.965756,-0.143225,-0.0083152,0.416733,1.73643,1
2.15127,-0.0171799,3.1131,0.73587,1.825,0.055042,1.28026,1.95211,3
2.17984,2.52906,3.37769,0.955813,-0.0839229,0.0990666,1.59927,1.50555,4
1.79161,-0.440987,2.33841,0.932811,1.37953,-0.0717916,1.45697,2.11764,3
1.51965,2.7046,0.256002,2.1152,1.90769,-0.32805,0.600139,1.46285,1
-0.0761922,2.09772,0.0601932,2.78951,1.49786,-0.52628,2.22848,0.678485,3
1.90106,2.36629,2.61461,3.05938,1.32792,0.583037,0.605339,0.334767,0
1.25302,2.18,1.32534,2.33523,1.07651,1.04438,1.39633,-0.026873,-0
0.0357702,-0.177589,1.61245,-0.24937,0.470959,0.574081,1.40558,1.67922,3
1.2238,2.54421,1.64226,0.627441,2.07832,1.45851,1.67088,1.48946,1
1.3077,3.85928,0.875066,0.697462,-0.0187954,0.445237,0.367438,2.10591,3
1.13796,1.8758,3.07834,1.75374,2.57658,0.20112,0.0929284,2.01244,1
1.93797,2.91991,2.48726,3.05075,0.914376,0.229496,-0.369438,2.07102,3
1.09592,2.12998,-0.119736,2.63132,-0.339135,-0.00449512,1.06618,0.938109,1
1.63467,4.04644,2.27443,1.12237,2.16724,0.706903,2.24059,1.87698,3
0.442123,-0.0399907,1.38937,0.242005,2.75176,0.419717,2.10758,1.45544,3
1.12814,0.140727,0.783645,0.594629,1.64283,0.767153,0.465429,1.72201,2
1.87854,0.31228,2.9459,0.439615,0.254258,0.521893,-0.258746,1.34318,1
1.89898,1.80353,0.207034,3.17002,0.769327,0.612366,1.03843,1.84833,1
1.23927,1.05082,3.2586,2.51493,0.560834,0.226092,2.34434,1.28524,3
0.327575,1.08759,0.0169892,1.15089,0.890159,0.203511,1.12476,-0.175482,-0
2.00744,3.9366,1.19148,1.55623,1.03808,0.320532,1.97744,1.65017,3
0.897944,2.72159,0.122022,1.4017,1.85213,0.294871,0.506965,0.0445374,0
0.134728,2.41362,-0.0237512,2.97235,0.425183,-0.0508765,2.25204,0.809854,1
1.0183,-0.270177,0.956147,2.47956,2.03833,0.632629,-0.0575956,1.35243,3
-0.0682066,-0.570546,0.224152,2.40593,0.437115,-0.0754323,1.47836,1.67335,3
0.0531105,3.67869,0.914713,2.58841,1.48111,0.749637,1.23427,1.98029,3
0.42811,-0.235503,2.39347,-0.391727,1.23874,0.693632,0.649039,1.08036,3
1.84827,1.11161,2.89773,2.70339,0.373737,0.630077,0.323576,-0.0849494,-0
1.96511,3.7977,0.983625,2.10256,1.98547,0.3087,1.85385,1.34124,3
1.63268,0.471574,-0.0021469,2.86439,2.29191,0.954248,1.41574,1.49002,1
2.34142,0.345514,2.57861,1.99239,1.66212,0.537706,0.10331,2.07466,1
1.82322,2.31107,1.89821,2.91935,1.7983,0.373121,-0.139419,1.43082,1
1.80148,2.28193,-0.0153485,2.3595,2.21946,-0.00474749,1.34525,1.35614,1
1.09347,0.63895,2.18841,1.34293,1.68772,0.310569,2.31757,1.7337,1
2.05078,-0.422149,2.21663,2.27269,1.08168,0.806274,-0.173561,2.22677,3
1.71442,3.64679,2.78231,1.05815,0.775586,1.32544,1.11485,0.019712,-0
1.57707,2.45693,3.19095,1.76025,1.49456,0.411134,0.249816,1.94675,1
1.46013,4.13331,3.47743,0.73658,0.450056,0.51103,1.9193,1.2087,3
1.57611,0.319481,3.06769,0.32436,0.0800706,0.117076,0.738695,1.18638,1
0.00328275,1.10697,2.63185,2.58728,0.758049,0.16586,0.795148,2.08455,2
1.148,2.85082,3.08122,2.90571,1.03853,0.636932,-0.136838,1.63845,1
1.56864,1.28755,2.1682,2.00651,1.41464,0.311393,-0.0431751,1.61683,1
-0.0323433,-0.274624,2.785,0.127398,1.60478,-0.234162,1.62231,-0.17853,0
0.879095,0.453726,-0.0425633,2.75367,0.518737,0.393197,2.00408,0.636086,1
1.5535,0.828784,0.257991,3.11455,0.525717,0.00966901,1.59098,1.60222,1
0.846985,0.602167,0.0149604,0.668098,-0.216189,0.468686,1.3131,1.7747,1
-0.148162,2.23934,1.55597,1.7327,0.416368,0.111002,0.110153,-0.135644,0
0.751234,2.60035,0.537752,1.19919,0.958783,1.52667,0.401124,0.495685,1
1.97204,0.503169,-0.219567,1.52062,0.96609,0.283964,1.83398,1.33151,1
1.83591,-0.135028,0.0338576,1.3267,-0.266265,0.277899,1.56238,1.94353,1
1.56549,2.73739,2.21326,1.07609,1.23418,-0.0567052,1.00425,1.75075,4
-0.291063,3.6431,2.67969,3.09756,1.34662,0.124149,0.910666,2.07719,3
2.11311,1.69784,0.0420831,0.0391696,0.0150543,0.321015,1.61907,0.114121,0
0.161595,3.84474,0.0440938,3.09051,1.46311,1.30819,1.40758,2.14303,3
1.37416,1.36621,1.70435,2.02449,1.9736,0.6219,0.0428957,2.33914,1
0.28742,3.96219,3.12863,-0.456355,0.588419,1.05012,1.66884,1.52951,3
-0.182616,0.0182373,1.40324,2.07266,1.16129,0.852474,-0.147036,2.1042,1
0.906197,2.81893,1.93914,0.8526,-0.311627,-0.0192448,1.08482,1.49278,3
1.94058,-0.0421281,1.193,2.07624,1.52133,0.466384,1.15737,1.70621,3
2.40491,3.15583,1.73914,3.04076,1.18831,0.0523432,0.13165,0.509322,1
2.02564,0.14592,2.13456,1.08481,1.19992,0.39455,1.9072,-0.0611504,-0
1.8597,2.07704,1.94589,2.32485,2.72246,-0.0470056,1.19642,1.53167,1
1.27026,-0.0339928,-0.592239,0.734022,0.911298,-0.0409232,1.91995,1.7856,3
1.55687,2.28969,1.44746,2.01808,2.4729,0.959572,1.67978,1.5242,1
0.590471,1.2222,2.8446,2.58109,1.39415,0.382982,2.07165,1.93138,1
1.63293,1.42608,0.0280786,0.0586648,0.635975,0.0276036,0.775286,2.01363,3
1.77063,3.62977,1.95244,0.295903,2.40917,1.15791,1.614,0.542535,1
0.0833441,0.498625,2.46892,2.81727,0.317403,0.419421,0.156021,1.78178,1
0.857179,3.30256,3.13158,3.19847,0.821184,0.195356,1.86655,2.48115,1
2.05828,-0.287445,1.30626,2.95659,-0.29451,1.06107,2.08147,1.94925,1
-0.145276,2.33648,1.90409,2.74427,0.635147,0.140906,0.970796,-0.171615,-0
-0.053292,1.36999,0.905717,1.92313,1.18817,1.08712,1.19621,1.12089,3
2.67523,3.62702,0.552242,0.500757,-0.29213,0.869753,0.697717,1.92525,4
1.51405,1.16362,0.226922,0.0190496,0.995474,0.92195,-0.274168,-0.154956,-0
1.60331,2.93364,0.988788,3.06548,0.677449,0.287128,0.615137,2.11928,1
0.67994,2.4512,-0.0242044,0.684479,-0.368981,0.188503,1.95985,0.0866357,0
1.40468,1.17041,1.75145,-0.214265,2.19322,0.749274,1.47566,1.29142,1
0.184499,0.52287,2.74083,1.55308,-0.178289,1.25239,0.733591,2.25736,3
-0.143742,2.06211,0.623282,2.55677,0.272568,0.371671,0.0416732,1.51164,3
0.942151,-0.284346,0.164081,2.99288,2.54519,0.15403,1.87044,1.8013,3
0.691011,0.390119,0.0660744,0.753991,0.277784,0.578967,2.15458,-0.230085,-0
1.02375,0.129029,0.163457,2.64467,0.0178748,0.685912,0.703098,1.59662,1
1.00515,2.34388,0.338563,2.11474,2.13263,0.5034,1.01207,1.85237,1
2.11068,-0.00858937,1.90752,1.17619,0.605365,0.461212,0.419439,2.04335,1
0.362069,3.69355,-0.0602168,2.7546,0.743743,0.492461,0.603636,-0.110194,-0
1.7638,3.78863,1.12522,0.192433,2.2041,1.00049,0.244517,1.70707,1
1.15424,1.58043,0.449728,0.0130564,-0.14408,0.654611,0.0880622,-0.157619,-0
1.05104,-0.380396,0.273608,0.216092,2.33796,1.15081,2.20617,1.80302,1
1.7848,3.93,0.0862018,0.732196,2.32695,1.02162,0.937996,1.36051,3
0.976542,3.64072,0.334617,0.866273,0.0929547,0.481611,2.27125,0.026971,-0
2.20555,-0.36973,1.11386,1.5788,1.19895,0.488267,-0.231307,2.29885,1
0.931094,0.0454283,0.511459,1.32607,0.176646,-0.592429,1.30853,1.5285,1
1.20781,2.71968,0.0288374,2.03145,1.11653,0.26473,0.076353,0.792188,1
1.52059,1.76955,2.0888,0.233961,1.77041,0.398563,0.0216108,1.69847,1
2.07799,2.6744,1.96007,2.19421,2.18295,0.247422,0.682926,1.35985,1
0.611724,0.286185,1.70599,1.57401,1.9363,0.96771,0.495291,2.39347,1
1.99536,2.71941,-0.187473,2.02131,0.81371,-0.244239,-0.317968,1.97365,1
1.51974,2.83576,0.931463,1.13959,0.689218,0.600038,0.0820733,-0.0507759,-0
-0.576512,1.47262,0.55336,1.63949,1.51737,0.440549,1.97714,2.00748,3
1.5923,1.27957,0.0736828,2.57787,1.36781,0.611122,0.0822147,1.57534,1
2.29674,3.6532,2.88548,0.571044,0.957981,0.229988,-0.0142549,1.09533,3
0.822519,3.97006,1.39097,0.610414,-0.340326,0.287445,1.17789,-0.0242886,-0
1.2198,1.65839,-0.0997291,-0.0421888,1.4111,1.16697,-0.0240006,1.09623,1
0.452383,3.36209,0.094758,1.37536,1.47149,0.0387056,-0.116128,1.20027,1
1.22559,1.00196,1.86116,1.82504,1.76929,0.494163,1.86437,-0.0523536,-0
1.62424,0.352853,0.543579,1.99917,0.0833191,0.418959,2.24054,1.47788,3
0.470734,0.331428,1.02436,2.08914,-0.0786711,0.45887,0.510172,2.11115,1
1.20493,3.13869,2.94745,-0.315414,-0.118353,-0.13121,1.13936,1.41779,1
-0.227301,3.70527,1.49924,2.83029,2.04178,0.843089,0.547427,1.58331,3
1.11375,2.68873,0.39662,0.252392,0.493924,-0.00217204,0.451358,1.34671,1
1.31547,2.46186,1.45184,1.34668,1.5932,0.912253,0.572843,1.35242,3
0.720996,2.12406,1.26856,2.41022,1.98841,-0.189159,2.42746,1.80853,1
0.624089,2.94413,-0.0931442,-0.0803502,0.79898,0.149797,2.02159,1.54689,1
0.310291,0.443209,2.07082,2.16167,0.299657,0.345042,0.517496,1.36534,3
1.52601,2.65372,-0.177399,3.02429,0.604398,-0.0669138,-0.103793,1.16732,1
1.14191,3.93046,1.0951,1.67876,0.809683,1.68737,1.08363,1.20726,3
0.88203,0.388022,1.72225,3.32608,1.92773,0.233477,1.51631,-0.0673086,-0
1.43466,0.0889271,0.210813,0.286153,1.58834,0.0763167,0.562436,2.08272,1
1.9516,1.84302,-0.0442034,0.52088,1.37088,1.41335,0.595991,1.32118,1
2.46815,4.09552,0.591713,0.0995353,0.499556,1.21426,0.938644,1.0669,3
0.735784,3.04618,2.97828,2.19909,0.526535,0.694638,2.20686,1.85601,1
0.344412,1.5574,2.81357,0.217438,1.6721,-0.279558,1.40064,1.19157,3
0.880156,1.70344,2.05777,-0.219063,1.31541,0.664519,-0.267741,1.71709,1
-0.287718,0.791453,0.412244,1.72521,2.00333,0.870539,1.92423,2.305,1
1.00505,0.0744757,0.597446,2.34226,2.08783,-0.030282,1.38577,0.901231,3
2.20138,0.0914234,2.72309,2.48906,0.163546,0.624703,2.02635,1.64558,1
0.024637,2.19752,2.44283,2.64839,2.38083,0.143996,2.00574,2.29751,3
1.22469,2.45273,0.0215006,2.8557,0.602366,0.605944,1.91131,1.39075,1
1.86654,3.58715,1.3201,1.9661,1.70582,0.890967,2.34291,1.66449,3
1.93902,0.571052,2.33512,1.68367,0.915375,0.763302,0.129768,-0.101974,-0
1.533,0.962806,0.16994,0.307199,2.04363,0.837417,0.0730282,1.16703,1
1.42959,1.69755,1.40161,2.23154,0.366862,0.375228,0.762804,1.77651,1
0.251386,3.34122,2.96727,1.55889,0.397697,0.169172,0.739862,-0.160963,-0
2.20529,2.09896,0.0668815,0.904905,0.17557,0.322855,0.440485,1.04528,1
2.12304,2.35033,-0.00703663,0.13496,0.150132,0.783836,1.5131,-0.0450311,-0
1.01058,2.23829,0.020305,0.622918,1.18198,0.529766,1.15079,1.60139,1
2.05258,1.86405,1.2497,0.381608,0.57294,0.416518,0.0360091,0.934808,1
0.682815,-0.205687,3.09816,0.590728,1.52399,0.852922,-0.0624898,0.0454783,-0
1.66719,0.558523,2.66698,0.91498,1.46032,-0.446442,0.642335,1.62708,1
1.17296,1.46569,-0.0143835,2.90802,0.826693,0.35075,0.71447,1.88819,4
0.199758,2.72057,0.33481,-0.172233,1.67164,1.61741,0.336434,-0.0907881,-0
0.0580167,0.464006,3.46693,0.658078,0.568757,0.852012,0.27827,2.66509,1
0.37457,2.9063,0.531843,1.26476,-0.134421,0.158885,-0.113035,1.05825,1
0.26371,-0.124197,3.07139,2.23331,1.11263,0.639684,1.45401,1.38938,3
1.34142,1.09261,3.25596,0.635002,1.19053,1.1829,0.20094,2.01813,1
0.141324,3.22135,1.28262,3.4127,1.16518,0.667236,1.23622,-0.152924,-0
2.13778,2.69129,0.939319,1.88689,2.62568,0.014618,1.76812,1.95851,1
1.41397,3.03941,1.69146,2.35302,0.386869,0.733579,1.20434,0.0625546,-0
0.789591,3.64358,0.529306,2.85661,0.0979694,-0.0483548,1.10174,-0.0356688,-0
2.09983,3.08778,1.45011,2.68717,0.565469,0.759775,2.18129,0.827961,1
1.97097,1.16512,2.48845,3.14538,2.13132,0.46528,2.08079,1.8588,1
0.358916,1.66984,2.02624,0.184208,-0.22476,0.142495,0.611028,1.72621,1
-0.0335733,3.76439,2.34513,2.92893,0.860402,0.440158,0.6351,0.179189,0
1.27322,2.36292,2.48575,3.15596,0.569672,0.915647,1.1278,1.74132,1
1.8285,3.37189,0.514662,1.07401,1.74812,0.704512,0.992216,1.30814,1
1.55609,2.06146,0.102046,2.91713,1.11815,-0.321701,1.01395,1.12026,3
2.09086,-0.0628615,0.0873951,-0.0827276,0.849754,0.453407,1.41708,-0.0674859,-0
2.22599,3.97707,1.27356,1.99205,1.72896,0.846208,2.07384,1.46581,3
-0.172392,0.808642,-0.138317,2.18236,1.24049,0.714055,2.14811,1.05959,3
0.336327,0.425662,-0.090809,-0.049906,1.4282,0.0623455,1.4866,1.94338,1
0.271265,1.8311,-0.0439767,1.57164,1.14128,0.406399,1.38682,1.36656,4
1.71323,0.174919,2.90746,2.59475,1.33873,-0.594924,0.160798,1.25472,1
2.04929,3.69915,0.420511,2.91445,0.844469,0.401414,1.92282,0.105835,-0
1.94391,1.40512,0.506703,0.102372,2.19379,0.465025,0.0308543,0.95758,1
0.751386,0.222667,1.23903,0.51795,2.06641,0.041211,1.62936,-0.0600849,0
0.575179,0.0820586,0.461435,-0.270241,1.1374,0.860608,0.750238,2.09142,1
1.19464,3.01492,-0.193067,2.35362,0.383287,0.234194,0.125765,1.92653,1
2.31007,0.380504,-0.0762266,0.823345,0.0144177,0.192999,0.769998,0.658315,1
1.18611,-0.167929,2.73951,2.8894,1.92319,0.477534,0.210586,0.945076,3
1.99089,-0.204023,0.631459,1.53609,1.56898,0.523427,0.204135,1.91482,1
0.553979,3.72444,3.07703,1.75099,1.50734,1.1565,1.62554,2.37507,3
0.807819,0.162536,2.85852,1.22271,0.60002,-0.198062,0.483047,2.08746,3
1.68991,1.90225,0.971565,2.56299,0.167959,0.438543,0.463016,2.08791,1
0.484936,1.06329,0.249165,2.1602,0.77294,0.346031,0.897425,-0.124491,-0
2.20272,0.593849,0.152492,0.853577,0.463916,0.679405,0.626943,0.891718,1
2.09797,2.62927,0.727807,0.169517,2.42432,0.744114,1.18459,-0.0330938,-0
-0.314401,3.29184,2.10244,0.678797,0.735277,0.566481,0.206035,2.0017,1
0.0503302,2.2415,2.55435,0.94086,1.42949,-0.0158643,1.78109,1.96501,1
1.70255,1.81537,2.69698,1.7423,1.13982,0.250439,0.852755,1.92109,1
0.688853,1.81178,2.28235,0.79722,2.43351,1.35639,0.397766,1.35996,1
1.47508,0.489766,3.07891,1.25514,1.61762,0.859526,-0.276903,1.71247,1
0.268782,2.42224,3.19361,0.270457,0.413186,-0.0574207,2.09006,1.62682,1
2.18074,-0.188683,3.13197,2.22406,1.15738,-0.0871945,2.16948,1.56565,1
1.77323,1.01179,0.00355304,-0.0449748,2.05919,1.03685,-0.425169,0.769063,1
-0.103887,1.13701,1.38477,2.7327,0.17349,-0.196085,1.75271,0.922397,3
0.299915,1.22537,0.503988,1.76189,1.53107,0.485257,1.17461,2.13142,3
2.11757,3.25031,1.29921,2.54474,1.47682,0.333563,2.14457,1.07953,1
1.50717,-0.319784,0.49947,1.85018,0.858197,0.150724,1.94131,1.97039,1
2.23506,3.22771,1.2548,0.568216,1.0162,-0.0295407,0.48212,1.17884,1
1.63254,1.51843,0.305528,0.239077,1.52454,-0.0658103,-0.0396766,-0.0420493,-0
1.42293,0.697045,2.83773,0.847806,0.324396,0.128338,0.382372,1.94318,1
2.19743,-0.345116,-0.00367688,0.844094,1.61232,0.724346,0.274669,-0.119938,-0
0.664706,1.19505,-0.0388385,2.06957,1.68926,0.825741,1.27562,-0.127042,-0
0.943553,3.55269,-0.0364551,1.69887,0.376719,0.674855,0.416379,1.96739,1
0.620793,1.13174,1.56134,2.02078,0.250095,1.15701,1.10622,-0.128328,-0
1.39369,1.7522,3.18517,0.23143,0.460591,-0.0808082,0.471164,1.42096,3
1.01781,3.85143,1.01273,3.00175,0.0124976,0.831901,0.737587,2.35944,3
1.04457,2.09702,3.13244,2.30871,1.45746,0.494788,1.91595,1.24036,3
0.507347,-0.0180229,2.7013,2.97584,1.8388,0.192298,1.61423,1.04427,3
1.04153,3.18954,1.32558,2.38482,-0.0193605,0.346098,1.77169,0.705031,1
1.62884,2.93157,2.90696,1.0172,0.773545,0.227331,2.16666,0.616253,1
0.287848,3.77431,3.15169,0.0604363,1.13753,0.0286351,0.962091,0.906127,3
-0.118641,0.811218,2.14717,0.0107547,2.27962,0.52691,1.07436,-0.105228,-0
0.943695,3.20527,1.02124,2.86555,1.77284,0.984743,0.652893,1.74362,1
1.6286,3.93672,2.8492,1.59128,-0.288992,0.0913248,0.435532,2.45694,3
0.880077,3.90724,2.0693,2.46489,1.05485,0.423457,0.503343,1.46922,3
2.19347,2.02664,3.03036,2.3609,2.04392,-0.0554719,-0.0329233,2.12696,1
0.504248,2.40758,3.23015,1.34388,0.77045,0.52933,-0.064348,-0.147465,-0
1.95322,0.0808426,0.393095,0.29162,-0.0700841,0.0976625,0.132605,1.54164,1
0.323303,1.90822,2.15563,2.6938,1.93943,0.265668,0.0873931,2.03337,1
0.612876,3.67892,-0.111277,2.73519,1.61778,0.963465,0.595064,1.22982,3
0.545658,3.99252,2.30021,2.30825,0.609273,-0.0754898,1.55472,2.3276,3
1.29237,1.14313,2.83268,2.99238,0.77638,0.497368,0.849966,1.61735,1
1.79205,0.194896,1.37991,0.345774,0.32658,0.668603,0.189019,1.32771,1
1.86087,0.404039,0.174245,0.555577,0.274473,0.368326,-0.238772,1.05381,1
1.36278,3.09684,0.0620453,-0.368719,1.31344,1.23706,1.20501,0.931101,4
0.896835,-0.187949,2.05436,0.155785,2.49266,0.671444,1.86843,1.89783,3
2.14001,1.59289,2.58945,1.47386,2.2384,0.154848,0.663127,1.87969,1
-0.386785,0.953881,0.793793,2.11616,2.10721,0.65443,1.30436,-0.0578457,-0
2.27937,-0.0308241,1.96366,2.13497,2.13321,0.0319152,0.360173,0.978156,3
0.158165,0.269235,1.20589,0.351956,-0.205855,0.358293,-0.14813,1.39049,3
1.84541,0.268197,1.86203,0.914274,0.863353,0.924428,0.208722,2.40634,4
0.775624,2.79514,1.17513,0.80949,1.50434,-0.373368,1.37104,2.06258,3
0.527634,3.84151,1.94005,0.892928,1.18657,1.068,1.29976,-0.0997006,-0
0.0109329,0.886537,0.28789,0.694295,1.12765,0.448392,1.05177,-0.109547,0
1.44287,-0.527187,2.71074,1.92432,2.27127,1.2336,1.18762,2.25847,1
2.10994,0.14567,2.53854,1.37906,0.397955,-0.492833,0.547666,-0.0334771,0
1.06945,2.84208,1.87398,3.15554,-0.185404,0.137443,1.10829,1.5145,1
0.745484,1.58184,0.41762,-0.225621,2.31321,0.0932173,1.25744,1.33062,1
0.0473082,3.47219,0.703998,-0.114454,0.901576,0.223594,1.48226,0.49857,1
1.06002,3.38901,1.13123,0.478515,1.09135,0.572459,0.100275,1.54537,3
0.351719,3.72017,0.342905,1.87505,2.6201,1.1197,0.0198583,1.21163,3
0.801055,-0.0081299,1.80168,3.03777,2.38621,0.648081,1.46711,1.64058,3
0.888299,0.410616,0.168561,0.128304,1.22672,0.234968,1.82974,1.60757,4
1.90706,2.43277,0.471223,2.78223,1.45841,0.651872,0.867836,2.08168,1
0.789672,3.33324,2.5383,2.27966,0.0589186,-0.232577,1.87694,1.43932,1
1.85061,0.130314,2.52982,0.435297,0.603541,0.410985,1.85531,2.04033,1
0.0506234,0.865502,1.46945,0.773304,2.18325,0.799344,0.797157,1.00664,1
0.443756,0.993121,3.08355,2.86539,0.880394,0.69504,1.35621,1.04677,3
0.276317,3.7208,0.804048,2.89166,1.63258,0.0827874,0.0524358,2.05947,3
0.753367,0.574665,2.13624,-0.148968,0.152176,0.335506,0.837831,2.302,3
0.651001,2.50575,1.61858,0.775533,1.51955,0.483044,-0.438099,-0.0460634,-0
0.0361058,2.21521,0.406033,2.54198,-0.115003,-0.366133,1.55091,0.885067,1
0.762638,2.74975,0.0379223,1.83747,1.21671,0.693893,-0.0797758,1.49916,1
-0.0246146,0.0435105,2.41458,0.394836,-0.322354,0.888996,0.292509,0.825498,3
0.969666,2.00821,2.16455,-0.0968066,1.72162,0.951957,1.91735,-0.00997175,-0
0.783349,0.301161,1.9508,-0.0188995,2.03757,0.503853,1.87424,1.80873,3
0.186856,1.83511,1.66261,2.92962,1.38012,0.465358,2.00626,1.3314,3
0.545149,1.91709,3.04759,-0.0408738,1.06915,-0.360882,0.0691508,1.46857,1
0.620743,1.9128,2.40588,2.54954,0.945068,0.13797,2.13129,1.88835,1
1.17337,0.40076,1.91381,2.66199,1.62605,-0.186628,1.96523,2.03629,1
1.64623,1.01664,2.38913,2.13038,0.658744,-0.0693472,2.06206,2.05127,1
1.04884,-0.298928,0.874888,2.68092,1.30265,-0.160827,0.025219,-0.0816187,-0
2.46627,1.58001,0.820451,1.45713,1.73111,0.571135,0.961353,1.85627,1
2.01387,3.04891,0.335291,2.11088,2.39871,0.506525,1.91377,1.85825,3
0.93532,2.14735,3.44088,2.82574,2.11561,0.344999,1.67689,-0.112228,0
0.943628,3.06893,-0.498097,3.17385,0.901725,0.556583,1.75209,2.05098,4
1.78046,3.1806,1.90075,0.896191,1.81754,1.13667,1.38217,1.46952,1
1.18021,2.38045,1.03103,0.154244,2.916,0.208826,0.315839,0.744176,1
2.15104,-0.37387,2.23792,2.53737,0.50619,0.922428,-0.0730324,2.19598,1
1.5432,0.0883092,2.41706,2.43841,0.554498,-0.0310535,0.713044,1.22509,1
1.01274,1.74924,2.27747,2.29086,1.85912,0.615286,0.338634,1.12519,3
0.671391,0.277758,2.653,-0.171397,1.01264,-0.209676,-0.0924402,0.993501,1
2.78916,1.3323,2.52496,0.19854,1.92881,0.204091,0.278291,2.50207,5
1.58285,1.05214,0.156206,0.389089,-0.261386,0.326538,0.00238622,1.09585,1
0.87611,3.89591,0.517417,-0.131224,1.33748,0.686704,0.686388,1.19033,3
1.08691,2.2944,2.00215,2.56763,0.970596,0.360733,-0.10288,1.92434,1
0.56448,-0.145323,0.189215,0.0812055,0.754478,0.06933,-0.138001,-0.0772729,0
0.645769,0.979005,2.24379,1.90271,1.61211,0.727599,0.690353,1.79392,1
2.79669,3.86973,1.65852,2.37447,0.660263,0.197261,0.568661,2.1304,3
1.09417,3.56008,1.7001,0.52071,0.878673,0.707123,0.720569,0.867837,3
0.712102,2.09265,0.229376,2.80309,1.76243,0.993859,1.08301,1.07517,3
0.068477,3.5737,2.39325,0.23211,0.619121,0.110125,0.152473,0.65766,1
0.644066,3.29943,0.0742889,0.482753,0.899495,0.390703,0.293897,0.898775,1
0.0574381,0.133222,0.15995,-0.00452467,0.394521,-0.137832,0.991839,1.04379,3
0.171185,3.3945,1.45964,2.20213,1.43779,0.606082,0.653575,1.96632,3
-0.264212,3.93024,0.0188148,-0.163247,0.879355,1.43241,0.425235,0.861745,3
1.39326,3.43783,1.34701,2.59254,1.73142,0.837207,0.920523,1.39646,1
1.27445,1.26319,3.49419,2.61784,1.00907,1.29216,1.73718,1.68339,3
0.899645,1.9575,0.0344963,0.271689,-0.45623,0.689551,0.399797,1.70005,1
0.426051,-0.0525153,2.94565,1.62036,0.0578856,1.08497,-0.353684,-0.13334,-0
2.1813,-0.119196,3.15809,0.282995,-0.285154,0.347998,0.366553,1.69622,1
0.28495,1.02068,3.06866,0.847719,1.52232,0.376039,0.443217,1.21628,3
2.40453,3.68496,0.671852,1.43537,0.414478,1.09847,0.916888,0.814863,3
1.35786,2.67361,0.332506,1.08082,1.04112,0.667974,1.95555,1.70066,1
1.20215,0.21054,1.93799,1.15438,2.67728,0.763568,1.75843,1.33299,1
1.26995,2.73379,2.72786,0.763113,2.02278,0.968538,-0.177765,1.41467,1
1.99585,0.729956,2.02234,2.67997,2.40519,0.187032,1.00905,1.90826,1
2.16802,3.3213,3.41708,2.1174,0.523294,-0.393966,0.807116,1.60594,1
0.339123,3.57909,2.80202,2.46482,0.467986,0.0015171,1.30345,0.952714,3
0.482581,2.45138,0.598733,2.23439,0.0310676,-0.579092,1.28767,1.13998,1
0.145213,3.24264,0.0175744,1.21634,2.23974,0.848837,1.90509,1.45776,1
2.25717,3.85258,0.262554,1.53399,0.601332,0.367646,1.41334,2.10809,3
1.7521,2.10374,1.08076,-0.244871,0.345358,0.689976,0.99064,2.10871,4
0.377669,2.35672,0.124552,3.0338,1.56647,0.324881,1.44069,1.77092,1
-0.104562,-0.275776,-0.266513,-0.129422,1.10414,-0.16795,-0.369031,0.529839,2
0.554611,2.30044,-0.233047,1.53413,-0.599673,1.16178,0.676011,2.01763,3
0.987841,-0.147416,1.46449,0.90835,1.18132,0.832093,2.23519,1.51898,1
1.91561,0.24566,1.93151,1.14964,1.48954,-0.56816,0.357099,-0.0981952,-0
1.8309,1.53984,1.78867,2.40414,0.613683,0.899222,-0.196515,0.0770709,-0
1.49845,2.08902,2.69875,2.50182,1.68475,0.647676,0.807182,-0.208349,-0
1.18292,2.40673,1.81564,-0.170896,0.91371,1.62729,1.95597,-0.0202646,-0
2.46373,3.08966,2.49356,1.07731,1.86808,0.217245,2.08993,0.0222648,0
0.573827,3.39755,0.0921966,1.97092,0.817955,0.226973,-0.0950503,1.44475,3
-0.127672,1.96083,2.2561,1.61449,2.00182,0.646397,0.431261,1.14957,3
0.70655,-0.270736,0.651191,1.97323,0.706279,0.368204,2.01681,2.44497,1
2.19091,4.03803,0.0627784,2.90186,0.581205,0.568923,0.17532,1.63664,4
2.19351,3.06203,3.18379,1.99477,1.626,-0.0599659,1.39657,0.0341814,0
0.478766,3.10847,2.77943,1.06635,2.227,-0.11449,0.574356,0.96176,3
0.284941,0.776509,3.06376,2.81978,1.23538,0.331122,2.09919,-0.133648,0
2.02615,0.422967,2.22627,0.749829,0.451487,1.03079,-0.090633,1.34341,1
1.41866,0.628764,0.315231,0.294682,0.858885,1.50322,1.3185,0.380975,1
0.519411,3.01426,2.28431,0.20415,2.0182,0.742768,-0.137877,1.93762,1
0.64279,-0.104005,2.39838,2.89916,1.19501,0.273392,2.1922,1.12318,3
1.65971,0.959435,2.1611,2.34557,1.8364,-0.21041,0.546826,0.858365,1
0.327596,0.900168,1.01584,1.02224,0.290139,0.847703,2.40852,1.46078,3
1.18957,3.77182,3.25192,1.81909,2.27423,0.411835,0.471019,1.88121,3
1.67548,1.0808,1.56771,0.102525,0.948173,0.463796,-0.134551,2.09059,1
1.20273,1.83484,0.341395,3.09478,0.941563,0.844906,0.2216,1.23242,1
2.09303,0.513885,3.15351,1.54264,1.01064,1.22234,0.791003,1.9865,1
1.31779,2.56249,1.91549,3.05875,0.909575,0.026001,0.38471,-0.0197218,0
0.0408115,1.62144,2.71542,1.25147,1.99583,0.618851,0.266649,-0.179918,-0
2.27024,3.78685,0.0538041,0.308715,1.38615,1.15419,1.23811,1.39489,1
0.525429,2.1778,2.89378,2.69838,1.2452,0.938965,1.64764,2.19644,1
0.521844,0.0280338,0.133891,2.08061,-0.238294,-0.169713,0.18622,0.586964,3
0.660479,0.880346,3.01402,2.12805,1.05715,0.71421,-0.363854,2.03255,1
0.614781,2.836,-0.164035,1.89523,2.1147,0.994744,1.35088,1.72786,3
0.709615,-0.0842323,3.06928,1.56634,2.01817,0.601265,1.78032,2.20105,1
0.316278,2.52176,0.479618,2.31145,2.53633,0.0347004,0.602839,1.50649,3
1.9317,3.88138,3.32433,1.69005,1.59391,0.985256,1.83169,2.00916,3
1.28361,0.462553,1.54683,1.07451,0.230974,0.320068,0.0689105,1.64396,1
1.89384,2.43658,2.6421,0.270692,2.25172,0.126109,1.22804,1.73416,1
-0.494962,0.0300499,2.35596,2.83081,1.56748,0.1483,1.61457,0.884769,3
2.09214,1.04177,2.69191,2.43702,0.588942,0.134386,0.656502,2.21712,1
1.30219,3.73463,3.15833,2.56546,0.840115,0.877971,2.27751,2.30737,3
-0.144514,3.18839,3.21683,1.11417,0.985687,0.555048,0.0479557,1.99572,1
0.784985,-0.15462,2.98263,0.165933,1.02233,0.377278,0.898819,-0.11025,-0
1.47521,0.121101,-0.0979254,2.69715,0.599547,-0.207793,2.13402,1.19455,3
0.98821,1.85699,3.1588,2.40792,0.970395,0.122335,1.87814,1.84862,1
1.32914,-0.253289,3.27276,2.23599,2.40825,0.472528,0.23502,0.925831,3
0.654736,2.56286,1.04173,2.36426,0.660324,-0.125215,-0.167778,1.66247,1
0.82674,1.91213,0.647246,2.29737,2.51696,0.150825,-0.0542653,2.07146,1
0.923256,0.631892,2.4087,0.754164,0.0215879,0.15269,1.73385,0.922336,1
2.21284,0.678699,1.63819,-0.0781962,0.411974,0.463256,1.28054,1.85881,1
1.19083,0.434863,2.06478,2.90553,1.32723,-0.072211,1.42676,1.2561,3
0.298505,2.25478,3.30849,2.22159,1.49978,-0.0671871,1.15922,-0.0462248,-0
-0.411254,1.92892,2.82229,0.14842,1.82782,-0.169893,1.64646,1.42142,3
2.16344,1.89183,0.304679,0.213118,1.46285,0.864275,0.381652,1.34846,1
1.61509,3.81312,0.0532048,2.56759,1.75687,0.272581,0.0865894,1.35119,3
0.397844,3.19718,0.474303,0.337901,2.05264,-0.0704918,0.484592,1.18663,1
1.81689,3.42479,2.83331,2.38714,0.403339,0.0631612,0.922387,0.15213,0
-0.11984,0.135621,1.8594,1.8789,-0.127778,1.34302,1.26405,2.0761,3
0.361671,2.207,1.47977,1.2205,0.635024,-0.06374,1.21605,1.0084,3
0.454827,3.27733,0.555729,2.90271,-0.132427,-0.0876159,-0.0354058,1.23084,3
0.17743,0.262221,1.52828,0.559298,-0.0266736,0.188992,0.0537063,2.07515,3
1.77698,0.0856807,1.3665,0.225599,0.0440626,0.569455,1.59683,1.59527,1
0.200632,3.00103,2.75823,0.336606,2.02439,0.266553,1.35792,1.22365,3
0.442426,0.1925,-0.0233853,-0.378145,2.02381,0.366409,-0.0483438,1.93031,3
0.272241,1.94193,0.034811,0.134999,1.71856,-0.103921,0.933112,1.60509,1
2.49535,1.17413,2.4373,1.92339,1.34518,1.19057,1.71663,0.0970517,0
1.10849,0.427797,0.985777,1.5715,1.15791,0.335277,1.63374,1.62783,3
0.391271,2.51269,1.35351,0.687207,0.0575146,0.297166,1.87251,1.49227,3
1.96283,0.634119,2.78151,2.77837,1.48088,0.738201,0.710684,2.29928,1
0.404949,0.721148,0.879254,1.38596,0.475208,-0.144771,0.026641,0.84884,1
0.772827,1.17765,1.25411,1.37244,1.71396,0.592928,1.8244,1.4403,1
1.83987,-0.18382,-0.230187,2.25485,1.91551,0.332156,-0.272401,1.34353,3
-0.208763,1.54707,2.99942,2.73559,1.45568,0.468723,0.891852,0.990485,3
0.738674,2.85241,1.15639,3.05987,0.969579,0.310284,1.05378,1.63558,1
0.42897,1.46996,-0.182609,0.952104,0.749822,0.719842,1.16887,1.65089,1
0.787499,0.113107,1.94038,2.85931,2.08136,0.795477,-0.0249104,0.720943,3
0.0991511,3.14371,1.4057,0.0494476,2.11793,0.44584,0.396815,1.16503,3
0.658881,0.221943,0.369607,0.521518,-0.21162,0.244503,1.5644,0.919361,1
0.753159,2.29164,3.28085,0.33256,0.598954,1.05153,1.7958,2.13539,1
-0.0367219,0.369794,3.26513,2.24518,1.97488,0.302235,0.285245,1.86682,3
1.09686,0.240817,0.548527,2.82296,0.890893,0.240069,0.134388,0.936655,3
1.59162,3.54628,1.55194,0.694805,0.242547,1.08941,1.04179,1.12318,3
-0.168407,3.78152,-0.322135,2.32336,1.86637,0.121154,1.26601,1.08388,3
0.515934,2.93076,2.14353,1.77406,1.04054,1.20565,1.48577,-0.0416527,-0
0.502991,-0.127011,-0.194846,0.265036,2.03907,0.478382,1.17207,0.717677,3
1.34439,-0.0996049,0.309601,0.0781092,2.04812,0.759451,0.511944,2.11181,1
0.109023,2.74997,2.95078,0.57676,2.45229,-0.197777,2.10036,1.68192,1
0.0476532,0.320292,0.678731,1.83178,1.12349,0.56791,1.10273,2.48988,3
0.196132,2.14707,1.47872,1.70396,1.15731,1.0176,0.738152,1.23192,3
1.18285,2.06103,2.06037,2.0105,2.37238,0.670238,1.93032,1.38517,1
0.84761,2.25998,-0.0360071,3.29734,-0.0926478,0.364928,0.7581,-0.174726,-0
1.55487,2.21344,1.73549,2.28499,1.16504,-0.301429,0.537723,2.09773,1
2.03065,1.05289,1.524,2.1842,0.894742,-0.227158,-0.220224,1.45634,1
0.222522,3.7323,2.31268,2.7722,1.52741,0.402055,1.30012,1.7403,3
1.27107,-0.214841,0.189496,0.1596,0.752871,0.946475,0.324604,1.78285,1
0.25187,2.13858,0.261088,1.80749,-0.00692296,1.77081,0.116704,1.98924,1
1.10289,0.0890001,0.779606,1.19056,1.2635,0.353492,0.540265,1.71526,3
1.64403,0.597193,2.34567,1.80945,1.07102,1.29016,1.0634,0.838772,1
1.2178,2.36732,2.13568,2.67244,1.69538,-0.261274,-0.0125216,1.22292,1
1.75624,2.73812,2.60174,1.42921,1.52834,0.768111,0.59279,1.33733,1
1.49394,-0.108909,-0.0989989,0.207061,1.20264,0.00792895,0.975324,1.54318,3
0.0992441,3.31005,0.0383598,2.4262,0.953036,-0.0610502,1.92338,1.52394,1
2.11594,3.51547,2.03869,2.27229,2.0487,0.0218091,0.902839,1.93601,1
-0.397654,2.16754,0.0901352,2.68749,0.661857,0.250126,1.23566,1.9842,1
1.09953,2.34502,3.01901,2.67771,0.695629,0.172768,0.158338,0.751379,1
1.93709,3.23517,3.14732,0.584357,1.49805,0.99355,1.91362,2.3176,1
1.75513,1.42373,0.63863,1.73557,2.08412,-0.0454836,0.502584,1.21422,1
0.868685,0.954582,1.61696,3.09323,0.681244,0.179647,-0.254691,-0.179043,0
1.70666,-0.0223125,-0.123115,1.11864,0.0459057,0.198771,1.46459,-0.0899242,-0
1.41496,-0.0569693,3.14063,0.432818,0.826919,0.194854,-0.0934722,2.02225,2
2.15115,1.59966,3.09128,1.06813,-0.253906,0.953334,0.535633,0.0376033,-0
1.77305,-0.23364,0.874471,2.53995,2.1713,0.62398,1.36478,1.84786,3
1.46722,-0.0162398,1.10881,2.66648,0.176772,0.0461482,-0.513646,1.89274,1
0.962558,1.67644,3.17311,2.92742,1.61646,1.21947,1.7279,-0.119974,-0
0.553743,2.50824,0.22291,-0.301092,-0.037359,0.881866,-0.117645,0.269928,1
1.6139,2.79341,2.31415,1.67648,0.444833,0.338906,0.298167,2.00561,1
1.34215,2.21927,0.498753,0.0223633,-0.00213371,0.163072,0.119132,-0.17425,0
2.3304,-0.034682,1.05029,1.59908,1.10703,1.07105,0.675136,1.71446,1
1.65784,1.8491,0.665739,2.60639,1.62387,0.14525,0.362212,0.731146,1
0.769196,2.45864,1.01453,1.66769,-0.290572,0.878572,0.320376,1.04781,1
1.95161,1.212,1.56179,0.795193,1.30318,0.254769,0.505337,1.25647,1
-0.0601573,3.71159,0.697885,1.93087,0.549674,0.388936,2.0953,-0.113449,-0
1.69118,0.774118,0.0978713,1.64934,2.24195,0.0636991,1.95779,1.53094,1
0.545478,3.63281,2.97908,1.6333,2.06952,1.17358,2.1976,-0.0538961,-0
1.28255,0.0098246,0.64719,0.414172,1.56586,1.34352,1.84569,2.05171,1
1.78551,3.16858,0.195002,2.77481,0.674573,0.0361307,1.9099,-0.00818632,-0
0.272251,0.980829,2.19761,1.00258,1.03022,0.455358,-0.113889,-0.0496982,-0
1.6633,3.49311,0.5605,0.202128,0.793436,0.0522481,-0.0144021,0.0132183,0
2.00506,0.963374,1.78087,-0.0681932,0.249022,1.3861,0.932545,1.35844,1
0.124171,0.919325,2.16989,3.10257,1.22266,0.474942,0.0147094,1.09186,3
0.50407,-0.394285,3.0594,2.2754,1.91783,0.949201,0.584851,-0.114107,-0
1.65507,1.69847,3.15892,0.0357168,1.54625,1.18042,0.326974,1.66954,1
1.11868,-0.236211,-0.0407969,-0.196969,1.35905,0.428253,1.06838,0.682592,3
2.04924,2.0707,2.49407,2.42334,0.969644,0.298396,1.34656,0.524583,1
1.46567,1.10442,-0.260761,-0.100099,0.918371,0.647246,-0.530861,1.15447,1
1.91414,2.47677,0.0104124,0.0447114,1.39116,1.21142,-0.259583,1.10455,1
1.01086,2.75721,1.84941,0.148495,1.45786,-0.435985,1.00415,0.693497,1
0.586608,2.92855,-0.0716326,0.279153,1.31226,1.19187,0.196982,1.34839,3
1.69576,3.6001,2.92799,2.31451,0.474155,-0.589294,0.366995,1.8237,3
1.04288,3.41627,0.592424,3.26306,-0.32625,0.256277,-0.130814,2.04554,4
2.22844,2.73179,0.0466519,2.31334,0.572858,0.807533,-0.374978,1.40185,1
0.96898,0.836628,1.60664,0.524672,1.73175,0.153887,1.45823,1.33495,3
0.338846,-0.0262523,0.845679,0.0584903,-0.414099,0.046488,-0.278332,0.453083,1
1.31213,2.24161,2.51993,2.18671,1.28108,0.200509,1.27043,2.03303,1
-0.0675874,-0.156034,3.18305,1.06516,1.73022,0.439276,0.0361631,1.5657,3
-0.140544,0.796167,2.81577,0.181722,0.971818,0.0823176,-0.267145,-0.074308,-0
0.645562,1.60181,0.0426042,0.581232,1.78868,1.85224,0.647158,1.69649,1
1.37692,0.0880501,1.6499,-0.100672,0.214501,0.873186,-0.372656,1.74943,1
1.41195,3.73712,0.152365,0.461399,1.38168,0.527485,0.915223,1.45416,3
0.345054,3.36558,2.65435,1.51017,2.22417,1.17495,1.39971,1.01908,3
1.39518,1.37048,2.31834,2.80001,0.438093,0.0708312,0.0245165,1.94194,1
0.614415,4.03508,2.11998,-0.197895,2.59916,0.531108,1.6886,1.32611,3
1.18834,1.24349,1.87741,0.291547,1.13429,1.27505,-0.0454087,-0.119134,-0
1.43259,2.96192,0.320522,2.9704,0.899157,0.496106,0.339564,1.80382,1
-0.272774,1.0501,1.91777,0.117305,1.76546,1.80861,1.1521,-0.0689664,-0
1.34969,3.59029,0.0696431,2.67901,1.42095,-0.0409203,0.482738,2.11459,1
0.657231,2.62978,2.86815,1.12552,1.85207,0.289228,0.840474,2.18444,1
1.74254,2.11896,1.77637,2.6322,1.53738,-0.00540074,-0.033561,1.66584,1
-0.0535973,2.71254,1.38691,1.22338,2.14275,1.17877,1.29779,2.37278,1
-0.224809,2.30952,2.39285,2.41995,1.87009,0.741033,1.07473,1.68506,1
2.05483,1.47719,-0.0468742,0.986685,0.318541,-0.146215,1.86667,1.29476,1
2.38033,0.101715,0.250108,1.1745,0.372152,0.724751,1.58597,1.80846,4
0.188377,3.49352,0.419495,-0.0626547,1.94158,1.23358,0.648019,2.18367,3
1.17377,1.46877,3.13203,2.07793,1.37911,0.547847,1.47209,-0.0880408,-0
-0.325393,3.05059,2.81757,-0.0147057,1.80916,-0.178982,1.47782,1.07536,3
0.86575,3.82426,1.73428,3.16168,1.25871,0.424705,1.71701,1.43667,3
1.38333,2.55934,2.32472,0.207477,1.3393,0.242296,2.2616,1.54265,3
1.90357,2.82622,-0.262779,1.0566,0.938933,0.485241,-0.0592231,0.610253,1
0.00942039,0.0849898,0.760684,2.93907,1.2111,0.212796,0.220841,-0.272404,0
0.376147,3.76344,0.664855,0.0317986,1.60584,0.879991,1.00798,1.4245,3
0.0947218,3.51477,-0.0472706,0.703671,1.52157,0.375334,0.161026,0.441518,1
0.760484,2.32318,2.70195,3.10706,1.25987,0.282522,1.72519,1.37005,3
1.92254,1.73012,0.0796656,2.67309,1.96139,0.479598,1.62744,1.83274,1
1.23912,3.24236,0.551809,0.416036,1.48667,1.10695,1.75396,1.87793,1
-0.200983,3.83585,1.06153,1.91067,1.06594,-0.26062,1.57687,1.49108,3
-0.0501917,2.5598,0.267921,0.257173,0.341699,0.56327,0.735985,-0.0845853,-0
1.2401,1.50643,-0.0695764,0.546438,-0.240351,0.634804,0.750381,2.29045,4
1.99164,-0.0312549,0.395354,0.397729,0.580745,0.240615,1.48994,1.37361,3
-0.234553,1.6578,0.562521,0.640992,0.450019,0.214723,1.89112,1.89883,1
-0.548786,2.58744,0.665919,-0.0630492,1.07549,0.0275375,0.254323,1.68864,1
0.183812,-0.568361,2.16993,0.0812746,-0.187265,0.572551,0.160772,-0.162214,0
0.843254,2.06482,2.41862,1.92014,0.769326,0.49853,0.697356,1.11577,3
0.459071,3.40899,2.66417,0.527,1.05681,0.131783,1.28561,0.823766,1
1.59916,3.61915,1.97097,2.11166,0.808575,1.08768,0.28283,0.0254354,-0
0.0696885,1.04015,-0.0716381,2.914,0.609809,-0.177009,-0.0335096,1.01775,3
1.40023,0.66416,1.19424,3.16355,0.26073,1.26957,1.44491,-0.110309,-0
1.1464,0.79363,1.20643,2.33317,2.04973,0.445047,2.01269,1.70722,3
2.01619,3.60503,-0.0087987,3.16186,1.89389,0.590348,0.430183,0.923002,1
0.861699,3.74868,2.3188,0.00865702,2.08924,1.78166,0.318072,1.11578,3
2.23507,0.0541396,2.21805,2.84193,1.25959,0.884881,0.28576,1.90371,1
0.0438344,3.2006,1.60361,0.98044,0.81394,0.362893,1.23121,0.662318,3
0.410371,3.67692,3.22845,0.689866,1.86347,1.2278,0.792974,1.90253,3
1.92752,-0.148035,3.09083,1.92443,1.04161,0.170062,0.360382,1.05686,1
1.57665,2.0979,0.77131,2.25932,2.29143,0.436905,0.261541,-0.0579578,-0
2.32408,0.498628,2.76933,1.6644,1.53507,0.555061,-0.351813,1.94222,1
1.5173,2.04268,0.311422,1.53301,0.314048,0.802022,0.24482,1.89985,1
2.01795,2.54999,1.55498,1.50621,0.561408,1.65677,2.1443,1.86858,1
0.887711,1.42023,-0.123997,0.0721748,0.0489903,0.293698,0.453564,1.18535,1
2.22964,0.690073,0.667696,0.330733,0.48971,1.33511,-0.210368,1.31474,1
2.4675,0.508185,-0.238861,1.97411,-0.342328,0.404523,0.456185,2.10586,4
0.771677,3.97363,-0.357363,0.927795,-0.153172,0.376136,1.75173,1.54305,3
-0.139018,2.80721,3.44713,0.751458,0.820149,0.242904,1.32186,0.949543,3
1.24949,2.65216,1.6294,3.2265,0.785276,0.34583,0.0553429,-0.0881933,-0
-0.00102279,2.18842,0.48968,1.68318,1.62714,1.43476,1.78532,1.88518,3
0.5219,3.70758,-0.173237,0.766816,1.80841,0.914891,-0.221979,1.83221,1
0.203368,1.45057,2.27321,2.78435,1.20065,0.604962,1.42493,1.10613,3
1.60407,-0.229202,2.64457,1.48675,2.54332,0.411935,0.672071,-0.106238,0
2.18597,0.281076,1.00398,0.072541,0.0792051,0.600058,0.0992851,1.10508,1
1.88737,0.341033,2.65498,-0.111421,-0.0989212,0.457996,1.80103,1.76076,2
0.00891675,1.62851,3.00739,2.38147,1.97917,0.649762,0.37147,0.922331,3
0.343346,3.8251,1.14205,1.66652,0.71815,0.369635,2.57324,1.02612,3
1.9522,-0.132427,2.9085,2.59788,1.4142,1.00549,-0.303497,0.00990768,-0
0.0369568,3.87993,2.17831,1.16346,0.968965,0.671471,1.27421,1.16246,3
0.367891,-0.100963,1.45694,1.53046,0.911055,0.305209,1.29958,1.42801,3
1.50325,3.25524,0.767078,2.71196,0.422723,0.886042,0.846183,1.15543,3
0.401387,1.06115,1.91685,2.83532,0.835383,-0.165598,0.367604,1.52956,1
1.42429,0.624252,0.168577,0.0485172,1.84837,0.827665,0.659756,1.5979,1
-0.151882,2.98855,1.86856,0.702684,1.40724,0.180839,1.02332,1.91775,1
1.53734,3.27871,0.499457,3.19313,0.334207,0.613018,1.6421,0.0075453,0
1.95428,2.79719,2.43033,2.00764,1.94918,0.196602,1.34406,1.88391,1
1.97612,3.65714,0.145619,0.271097,2.28109,0.381279,0.57795,1.74194,3
-0.247604,0.398955,2.82753,1.09054,0.960629,0.460403,0.909153,-0.165675,-0
1.37705,0.761993,0.0677301,0.479491,1.31969,1.41667,1.36351,-0.0623241,-0
1.54112,0.631961,1.76859,-0.039138,-0.321904,0.0786124,0.831662,1.73235,1
-0.156413,0.632614,1.16021,1.40317,0.473824,0.0460223,1.7116,1.69554,3
-0.292146,1.06497,3.45626,1.52245,1.72596,0.61962,1.34083,0.820338,3
1.11596,0.179515,2.55753,0.874662,0.123997,0.214951,1.22068,0.851108,3
1.31884,-0.390989,1.24643,2.20612,0.138426,1.17782,1.61175,1.08402,3
0.907021,2.48877,1.41112,0.12949,0.429713,1.06321,0.209698,0.766,1
0.20962,2.58394,2.53498,2.41688,2.03552,0.308709,1.24119,0.477869,1
1.36627,3.28263,0.152918,0.225019,0.666155,1.01147,1.38375,1.66803,1
1.33213,2.05941,2.83007,2.11347,1.43917,-0.115307,0.461382,2.01003,1
1.68293,2.38056,2.79602,0.517538,1.88015,0.612852,0.233462,0.8271,1
1.18451,-0.516032,1.15982,1.32489,0.195004,0.0122797,2.22485,1.88143,3
1.17622,1.41231,2.31663,-0.0421222,2.03449,0.274992,0.369188,-0.0583686,0
1.44969,2.64983,-0.196304,1.03042,2.3037,0.326604,0.213469,1.73009,1
1.2949,0.336359,-0.12935,0.860157,0.729055,-0.173829,1.62431,-0.154538,-0
1.81553,1.78821,2.46257,3.07088,0.508658,1.26785,2.15912,0.470318,1
1.46526,2.14426,3.06334,2.67078,1.25265,0.140622,2.17518,1.46745,1
1.71747,2.1114,2.49384,2.85583,1.12379,-0.408859,-0.0504786,1.60326,1
0.47965,-0.593676,1.2207,1.93797,2.11822,0.936863,1.47301,2.2892,1
0.301242,-0.0747645,0.862613,2.18333,1.32685,-0.447156,0.107742,1.6245,3
1.64628,2.61682,2.75087,1.05464,2.01632,0.755142,1.3337,1.04979,1
0.732927,2.18179,1.33145,2.3262,1.61072,0.15571,1.16561,2.06328,1
0.296909,4.1246,3.19298,1.56921,1.7421,0.915472,2.3267,0.968177,3
-0.414386,3.95832,0.145025,0.730949,0.890086,0.12177,1.43221,1.80476,1
1.41478,-0.035822,3.36998,0.0787016,1.13533,0.196095,0.434143,0.654655,1
1.69477,1.46665,1.35547,2.36171,0.437335,0.0566063,-0.251109,1.88748,1
1.33184,3.07254,-0.0360691,0.367915,0.603,0.0696036,1.51432,0.0116553,-0
1.60434,0.0402414,0.972094,1.65462,-0.028071,-0.169247,1.35116,2.1845,1
1.49603,0.124201,1.49521,1.50821,0.722784,0.609827,2.47624,2.05987,1
0.502682,-0.00754755,2.50127,1.1755,1.23709,0.282462,-0.456309,1.08641,3
0.41033,3.8711,1.30081,2.83811,0.0915626,0.76769,1.76057,1.31213,3
1.84379,1.83158,1.14787,0.536629,1.07635,-0.0673547,0.580318,1.25826,1
1.1402,2.87907,1.17238,0.525093,0.238097,0.274098,1.70384,-0.0759341,-0
2.09846,0.667872,-0.0241036,1.60452,2.14052,0.979325,-0.0145177,0.905321,1
1.71501,1.64782,0.108949,2.52711,0.327807,-0.156782,0.644935,-0.0176476,-0
0.808974,1.51438,0.306019,2.66227,0.499555,0.572907,1.59418,0.700301,1
0.164592,0.0461176,1.18374,0.852387,-0.01317,-0.211962,1.04894,1.47161,3
0.164597,-0.306776,3.0879,1.47336,1.20684,0.356901,1.99864,-0.13587,-0
-0.221851,1.89537,2.8828,2.2863,1.39815,1.319,0.641699,2.41039,1
1.2497,2.92419,0.0610717,2.0242,1.89631,1.09439,-0.142633,2.25256,1
1.60432,3.81648,2.55664,-0.0721753,1.50217,1.63975,1.24636,1.60002,3
1.34734,0.366812,1.67909,0.88531,0.150357,0.842233,2.34761,1.23932,3
1.51651,0.552657,0.651997,1.243,2.20479,0.899038,0.807614,-0.115482,-0
1.88951,2.35641,3.11247,1.05327,0.618169,0.616436,2.05305,1.71627,1
2.28352,0.441988,0.411068,-0.132708,1.75071,0.135654,0.710619,1.80703,1
-0.0787871,1.26073,2.63045,3.12531,0.587031,-0.0362048,0.42184,2.35239,1
1.5138,1.93344,1.12334,1.7077,1.59604,0.63917,1.35269,1.36947,1
0.961227,4.15246,2.73661,0.47146,1.13942,0.489217,0.610035,-0.0801716,0
1.9892,0.373919,0.800621,-0.238927,1.65065,1.09085,0.276575,1.36009,1
1.91674,2.46287,0.534066,0.031171,1.34637,0.991336,-0.219749,-0.170057,0
0.00306818,1.14383,3.15068,2.35684,2.26701,0.620385,1.7347,-0.128018,0
1.44764,0.927309,3.1741,0.633296,0.718179,0.227525,0.644472,1.41919,1
0.296307,-0.177261,1.61744,1.9587,1.9158,1.12435,0.0924082,1.09632,3
0.57331,0.991576,-0.0505377,3.00476,-0.0517138,0.13958,2.0088,2.05986,1
1.96003,2.44972,0.165158,0.146222,0.890746,0.353742,0.64743,0.992636,1
1.30801,1.64303,1.24707,-0.0579789,1.14882,1.61955,1.36632,1.14663,3
1.4288,2.45336,1.44054,-0.276992,2.7175,0.106964,1.68292,0.497929,1
-0.00191654,1.00771,-0.032535,0.217141,1.06978,1.29789,0.29258,1.50395,1
0.166413,3.33431,0.612513,1.80771,0.972069,-0.3307,0.722265,-0.218485,-0
1.34588,1.26182,0.0163742,0.899127,0.286368,0.436636,1.17414,1.515,2
0.636924,1.88946,1.15298,0.200238,1.94698,1.2021,1.24069,-0.0624893,0
1.12541,0.299406,1.38415,2.85137,-0.423331,0.528801,1.92319,2.12589,3
1.36348,3.0255,2.37444,0.240144,1.82971,0.191759,1.82833,2.57346,4
1.22982,3.38147,0.372525,0.114655,1.47241,0.255112,-0.0905815,-0.131477,-0
0.767398,3.58078,3.45083,2.07719,0.180206,-0.0625569,0.319165,0.953949,3
0.156918,3.06734,3.22927,0.723555,0.651144,0.979695,-0.266759,1.45268,1
0.252296,0.101367,0.872372,0.604154,2.3438,0.227485,0.274388,1.41786,3
0.625332,0.920848,1.4521,2.15257,0.669757,0.448009,2.00509,1.55702,3
0.772653,-0.175163,1.36116,1.58995,0.815092,0.832882,2.27209,2.21644,3
1.5062,0.878803,0.533235,1.6955,0.655276,0.628267,1.83134,1.46727,1
1.97807,0.928339,1.01077,3.44659,0.762281,0.420855,-0.406735,1.69776,1
1.26142,0.957223,3.06162,1.64802,0.44495,0.0883449,1.39172,2.25312,4
1.02473,2.67793,0.968247,0.179396,1.81971,0.964454,1.6231,0.315359,0
1.90254,-0.447015,1.78983,2.64996,0.606489,-0.427744,0.893189,2.08788,1
0.198388,2.98162,0.153592,2.37062,1.26998,0.489759,-0.0250561,1.27612,1
1.84015,0.321072,-0.106464,0.237062,0.198765,1.06113,1.21207,1.68548,1
1.95879,1.47647,0.408736,2.88267,2.13733,0.102872,0.0501389,1.50441,1
0.182624,3.36692,0.813477,3.29358,0.0555135,0.536356,0.0743533,-0.173258,-0
1.03436,3.01244,1.57216,1.33168,0.8112,0.538283,-0.0466628,1.17287,1
1.73463,2.27024,1.37565,3.23938,0.441866,0.901047,2.06098,1.13813,1
0.952354,1.24251,1.41023,2.53568,1.92726,-0.204162,1.51951,1.78649,3
1.4723,0.145149,3.41098,0.278999,0.229604,0.178926,1.30642,1.70434,3
1.28676,3.17638,0.216741,2.44433,1.38973,0.33296,-0.275448,1.73472,1
0.126071,1.96018,2.98531,2.9912,0.815291,0.802943,2.0476,1.86839,1
2.05069,-0.390654,2.83517,1.39993,0.658761,1.02337,1.13639,1.91896,1
2.04486,0.221638,0.930336,0.27226,0.711241,0.810352,0.709565,0.0210203,-0
1.58452,4.07751,1.8679,1.71369,0.630047,-0.0794322,-0.124834,-0.0677986,-0
2.20611,1.94809,0.389257,2.97739,1.46869,0.495399,0.0838537,2.23502,1
0.974892,1.22668,2.09036,-0.0788044,1.80314,0.702021,0.371893,1.68994,1
-0.0912244,-0.555178,2.07718,1.33243,1.01288,0.160214,2.85162,1.37202,3
2.08998,0.43457,1.23324,-0.0886745,1.7533,0.193602,1.127,-0.15979,0
1.49601,3.87764,-0.192931,0.663907,1.74931,0.642461,0.0442578,1.64108,3
-0.176604,3.71834,0.765134,0.260032,0.89574,0.77629,0.622012,-0.0791424,0
1.16199,2.39069,1.83816,2.25069,1.50293,1.1622,1.50243,-0.00396749,-0
1.95529,-0.137882,3.23323,2.51946,1.02277,0.489982,2.05184,2.07348,1
1.629,2.64595,1.17939,1.65425,1.28077,0.513849,0.992113,-0.101303,-0
1.87035,2.06988,0.285177,0.355617,0.83216,0.924644,0.666506,-0.0497011,-0
0.510626,1.75612,2.8867,0.917532,1.71931,0.54942,0.636073,1.7429,1
0.13854,2.7453,-0.0586622,3.19076,0.779362,0.303268,1.25902,-0.195508,-0
0.651001,0.514548,1.39109,-0.14,0.297821,-0.00266785,2.14219,2.1961,1
0.497926,2.25642,1.67926,0.813376,1.12904,-0.654891,1.30409,1.78784,3
1.03086,2.50554,2.75145,1.5984,0.895955,-0.633912,-0.524345,1.03744,1
0.0663358,2.71858,2.1075,0.531844,1.86275,-0.459961,0.727949,0.805627,3
1.80429,2.09476,1.85709,2.10739,0.538759,0.766057,0.788821,2.15477,1
0.116488,3.90762,1.79251,1.60933,1.64304,0.127822,2.15406,2.15241,3
0.618675,-0.178039,1.83315,2.36627,1.95474,-0.534735,0.394939,1.00831,3
-0.115961,-0.284329,-0.184937,2.1524,2.07086,0.643107,1.6402,2.11205,3
1.98666,0.395901,0.354315,3.16247,0.462987,0.700045,0.844942,2.18746,1
0.601882,3.21922,-0.0639173,2.64562,-0.18643,1.04019,0.426763,0.983932,1
0.0989231,1.0231,3.05526,-0.207336,1.15338,1.12447,0.983193,-0.145051,-0
2.0756,1.11132,1.62517,2.4514,1.51168,-0.0202257,0.959045,1.62167,1
1.22529,3.79963,2.35127,2.43036,2.07629,0.683138,1.14436,2.02144,1
1.18561,1.89305,1.22372,2.72739,1.69855,1.0131,0.948843,1.93582,1
1.85857,1.78487,0.095428,2.10217,0.903351,0.873534,0.287079,-0.0577365,-0
0.173087,3.47552,1.43117,2.62714,0.298678,-0.0500477,0.898725,1.58191,3
2.11343,-0.257047,1.63282,0.982764,-0.0847432,-0.241142,0.504746,2.04701,1
1.2552,1.43801,1.37818,-0.28229,0.748134,1.35364,0.0723838,1.96848,1
1.97869,3.49186,1.57357,0.105342,1.80247,0.140064,0.528485,1.48863,3
0.162867,3.18129,0.24789,1.60506,0.591067,-0.0584021,1.29612,1.44457,1
1.78285,1.69991,0.0167746,-0.242071,0.444749,0.168665,1.8205,0.611677,1
0.159989,1.87526,0.787337,1.63614,2.33844,0.862789,0.0844043,2.14487,1
0.894487,3.50951,2.0757,0.0926014,1.07152,0.907749,-0.177403,1.10139,3
-0.0667598,-0.127412,3.13056,1.34491,0.124525,-0.0346328,0.251816,2.55749,1
0.326269,-0.058422,1.93754,0.652322,0.876939,1.47246,0.765437,2.09922,3
0.657089,2.55187,1.79392,2.33203,1.03381,0.470677,2.13092,1.98232,1
0.296143,3.62165,2.35382,3.22926,0.478073,0.224773,1.42664,-0.131387,-0
1.46799,2.36687,3.34503,-0.422828,0.764697,0.160237,0.392361,1.68842,1
0.644772,4.25659,0.176833,1.23003,0.748841,0.978784,1.39477,1.02088,3
0.182689,2.16355,0.401839,1.15681,1.91683,1.06947,1.03805,1.78419,1
0.321052,1.94588,2.2794,2.56595,1.35976,0.397065,1.85223,1.04376,3
1.95696,-0.264971,2.48134,0.808692,0.680862,-0.0562717,0.410472,-0.00646905,0
1.10019,3.72924,2.59035,-0.075784,0.824374,0.163631,2.02098,2.23334,1
1.62431,0.254159,0.215842,0.305977,1.18472,0.595133,0.175052,1.66171,1
2.51529,2.77065,2.16388,0.0559405,1.36064,0.301934,1.70961,2.26824,4
0.93836,3.78633,1.47836,0.224283,1.55359,0.520945,0.233778,0.987738,3
1.01642,0.377176,2.27674,-0.354542,0.431686,0.335686,0.615694,2.08154,1
2.48367,-0.379137,1.64138,2.66378,0.0133902,0.341231,-0.170752,1.47928,1
1.87759,2.74943,2.19136,2.70317,2.26412,0.393588,0.22045,1.8941,1
0.529606,1.08161,1.81186,0.295956,1.52516,0.501238,-0.173216,1.16652,3
1.15493,2.04289,0.495983,0.696028,0.307963,0.271733,1.52592,1.556,1
0.396245,2.53018,2.54461,2.37434,0.271373,-0.551918,1.24092,1.65242,1
1.15033,0.393226,1.15796,2.37905,2.1263,0.180534,2.0095,0.721408,1
-0.0157278,2.62608,1.92448,1.21006,1.4339,0.372564,0.525983,1.2801,3
1.78203,2.84843,2.67251,2.69288,0.791838,0.609835,-0.0179689,1.08964,1
0.370706,0.561931,0.558587,2.97184,1.66899,0.836892,1.73292,1.99022,3
2.41892,1.69999,2.16163,0.20697,0.788734,0.0924955,0.267585,2.05295,4
1.02514,0.576305,-0.242041,1.57314,-0.331686,0.446895,1.62313,1.70973,4
1.78007,0.262225,2.66434,0.00386479,0.515351,0.807187,1.02603,1.83342,1
1.99025,2.17407,0.0630539,1.60372,0.535761,0.147531,1.59683,2.72595,4
1.9149,0.589042,0.341742,1.12732,0.310123,-0.0554068,-0.259707,1.60383,1
0.925446,1.86651,2.57091,1.76283,1.37979,0.208801,1.21191,-0.0498025,-0
0.94581,1.12737,2.56848,0.659777,0.910184,0.411147,1.8219,1.93024,4
0.902629,0.518869,1.24812,-0.0205117,0.07883,0.441128,0.571838,2.28315,4
1.83668,3.99043,0.165281,0.853589,1.2436,0.966724,0.890576,2.01704,1
0.508139,0.84736,1.47965,0.15335,2.37358,0.169997,0.778489,-0.0928923,-0
1.78244,-0.148713,1.31517,-0.0910655,0.132206,0.490025,0.0743971,-0.145916,0
0.130526,1.25397,0.00843404,2.66753,0.780167,0.852228,-0.232553,1.91397,1
-0.042359,3.73127,-0.242698,2.78054,2.14839,1.13837,1.73649,1.683,3
2.16754,3.2812,0.139642,0.632882,1.64076,0.298194,1.61809,0.0734483,0
1.57653,1.23339,1.86668,1.95389,0.297406,-0.329759,0.640863,2.04422,1
0.338267,3.31126,1.63786,0.0776193,0.889832,0.627536,-0.314785,1.03436,1
1.47697,2.33842,2.4096,2.70891,1.72016,-0.00223819,0.531386,0.661969,1
1.95845,1.62783,0.826346,0.242994,-0.131413,0.616258,0.195697,2.2482,4
0.567854,0.167294,1.87497,1.38673,1.4133,-0.172354,0.771656,1.932,3
1.62102,-0.156312,1.37873,-0.00854805,1.97474,0.741398,1.66501,-0.00955742,0
0.578082,1.29605,0.824006,0.192125,0.092639,0.0648423,1.98995,-0.074936,-0
2.06849,1.13937,3.01045,0.154614,1.00516,0.639381,0.758251,1.82517,1
2.15628,2.66344,2.50376,1.34149,0.983897,0.421199,0.972147,1.83719,1
2.32168,3.46306,1.68717,1.14126,0.450748,1.26637,1.8074,0.00870607,0
0.659461,3.63436,0.397433,1.28003,-0.876691,0.585448,0.918398,0.842096,3
1.88347,1.21865,2.18313,2.62366,0.822038,0.899067,0.793948,0.489084,1
1.66153,2.52006,0.820266,2.10792,2.14671,0.720891,0.408372,-0.110827,0
1.26673,3.20558,0.359288,3.01158,0.71923,0.213486,1.7508,2.21024,1
1.19285,2.50505,-0.0135346,-0.177465,2.04956,0.338591,0.113462,0.189737,0
0.381608,3.52166,3.1195,2.80535,1.02377,-0.1918,-0.341019,0.813636,1
0.0856425,0.446365,0.547551,3.14645,0.836706,-0.0588613,2.14735,1.36224,3
0.717646,3.38812,2.65091,0.141219,2.31712,0.811428,0.0496741,1.33162,1
0.436656,3.23556,0.0172923,0.484481,1.42778,0.441342,-0.0969786,1.4166,1
1.70864,0.139048,0.318761,3.00537,-0.267925,1.39594,1.77496,0.347072,0
0.178241,-0.275124,2.51519,0.694486,-0.13968,-0.0882369,1.29428,-0.152162,0
1.78738,1.16132,2.92177,0.745896,0.839042,-0.21798,0.0564734,-0.0499188,0
0.741646,0.282388,3.24272,1.72703,0.788552,0.417484,0.830814,2.3378,3
1.34951,3.59836,1.43971,1.2296,1.52398,1.18573,1.6161,1.7034,3
1.7823,3.65155,0.35546,2.4375,2.24793,-0.071944,1.71443,1.13366,3
1.74607,-0.0189975,1.86667,3.00145,0.544949,0.123235,1.25071,1.88647,1
0.42116,1.12814,-0.114605,2.16021,-0.070307,0.755481,0.000282262,2.0808,1
1.43786,2.64554,0.0361384,0.991501,0.509607,0.515137,0.0830608,-0.221196,-0
0.945348,1.67867,2.17047,0.972084,0.909976,0.64562,0.781178,1.99295,1
1.44708,4.06014,-0.0371259,2.4107,1.36661,0.0723974,0.621899,1.03372,3
0.113017,3.85812,0.0458196,2.24551,0.210353,0.649267,-0.47329,-0.175598,-0
0.77015,2.79152,-0.0198658,0.184608,0.329194,0.371229,0.544911,1.90615,1
0.981969,1.09124,0.16768,0.762359,0.384301,0.770575,1.19034,1.15166,3
1.20607,1.93275,2.14099,0.909292,1.74054,1.41087,0.834763,1.47168,3
0.480543,1.95648,2.20422,0.120272,2.06153,0.594242,1.20856,-0.133753,-0
0.253169,3.87274,1.7123,0.547304,0.735583,0.308825,2.13549,0.968316,3
2.29968,4.1484,1.50033,2.05835,0.178447,0.510077,0.207702,2.28621,3
0.351048,0.894603,2.48207,2.62672,1.74012,1.11118,0.756904,2.16698,3
0.891758,1.40533,1.93939,1.18393,1.71362,-0.140783,-0.125846,1.80043,1
2.65151,2.14035,1.6854,1.56771,0.843703,0.588093,0.570644,1.46026,1
0.242391,-0.15662,2.09234,-0.0280052,0.857641,0.520919,2.27272,-0.137303,0
2.45187,4.06597,0.361218,-0.0319331,1.63019,0.230077,0.632751,1.71187,3
1.22417,3.96038,0.84063,1.45082,1.70021,-0.00215295,0.938128,1.69769,3
0.499475,1.14303,2.27801,-0.198254,0.870341,-0.00766883,1.26862,1.77554,1
2.05657,0.348293,1.03349,0.505238,2.16428,0.73707,0.252934,-0.0816844,-0
0.839015,0.81567,1.47848,-0.0446288,0.945216,0.174869,-0.354178,1.07458,1
1.77368,3.83411,0.0189702,3.11265,1.04182,-0.0574576,0.540488,2.23318,3
1.52319,1.94174,2.46047,2.45969,1.84304,0.412117,1.93497,1.8291,1
-0.146847,-0.282154,0.120127,-0.0337864,1.58683,1.0113,0.423832,-0.237478,0
1.07868,0.19373,1.55006,1.76853,-0.137811,1.2518,-0.268037,-0.000829448,-0
1.52857,3.1834,0.176728,1.30672,1.86297,0.527675,2.11897,2.02432,1
0.199924,1.87662,0.082659,3.12979,0.528503,0.248585,1.40188,2.12534,1
1.68917,2.28493,3.21986,2.88456,0.111619,1.08088,-0.235111,-0.12925,0
0.699525,-0.138103,0.256559,2.0295,0.659975,0.106793,2.52367,1.83756,1
0.914552,2.02351,0.142479,1.09393,0.592214,0.883723,1.59243,1.24878,3
1.02967,3.32323,0.770299,2.95491,1.06123,0.484298,1.88856,0.00685215,-0
1.62928,0.312143,2.26976,2.80991,-0.449323,0.16706,0.672595,1.71653,3
1.69958,2.01045,0.380266,-0.0606232,2.12529,0.917688,1.04768,1.24604,1
1.81748,1.7446,3.10026,2.91709,1.95181,-0.342051,0.627565,0.860176,1
0.740526,3.76366,1.37529,0.511052,1.32262,1.15962,0.290429,-0.130512,-0
1.15119,3.22314,0.764723,2.50095,0.0745134,0.103994,0.487247,0.423167,1
0.717376,0.97509,1.52421,0.803531,0.104005,0.840135,1.04536,2.0423,1
2.02964,0.12908,0.534259,0.309598,2.13576,0.30878,1.04791,-0.178777,-0
0.240532,2.3342,1.06868,1.22698,2.0421,0.732552,1.35011,-0.15645,-0
1.04838,1.42615,1.72268,2.98504,1.48618,1.36684,0.636265,2.25576,1
0.520204,2.27639,1.75043,2.43051,0.845883,0.83408,-0.0866604,0.92279,1
0.450897,1.18856,2.0375,2.75174,2.23525,0.312193,1.53301,2.04292,1
2.88306,3.71187,0.333144,0.679585,2.09098,-0.0994498,0.424887,1.79965,3
1.04157,3.21952,0.304453,2.71235,-0.579296,0.0833097,0.342251,1.0806,1
1.96755,2.6615,2.75403,1.80748,1.62991,0.567921,1.02111,1.39488,1
1.36951,3.92912,0.923146,0.541492,2.14272,0.423852,-0.254314,0.0330555,0
0.185053,-0.347937,2.26308,2.79432,1.50542,-0.421917,0.944236,0.944582,3
0.28363,1.20184,3.01536,2.16967,1.3651,-0.233538,2.39974,1.6143,1
1.84533,3.31277,0.950856,2.9311,0.621417,0.135147,1.17112,1.51839,1
1.90556,1.71856,0.485015,1.11514,2.01857,0.997187,1.26748,-0.070121,-0
0.810408,2.84324,3.20909,0.965007,1.44116,0.265034,-0.171492,1.8383,1
0.248057,1.00834,1.21838,0.396527,-0.350483,0.548785,0.0755094,2.08461,1
0.778472,-0.207765,2.07465,2.97705,1.35683,0.177301,0.506433,2.11364,3
1.81424,0.825555,1.44232,1.04576,1.50868,-0.194233,-0.161559,0.921161,1
1.16946,0.233873,2.4033,2.12397,0.238105,-0.0959493,2.45257,1.22621,1
1.29004,0.803109,2.88147,2.62842,0.968148,0.40624,1.40229,-0.0986189,0
1.96835,0.210834,0.430843,0.456953,1.3555,-0.73299,0.700345,1.05057,3
1.99847,0.993366,2.80589,1.2392,1.10453,0.711242,0.249179,0.0691484,-0
1.66249,1.5309,0.855227,1.11852,0.837193,0.788442,-0.546872,1.31626,4
1.13345,2.63143,-0.0461859,0.816098,-0.581801,0.622525,1.28733,1.50913,1
0.317939,3.52186,2.34759,2.22472,1.93491,-0.151645,-0.133646,1.1945,3
1.5188,3.61229,2.87447,0.587821,0.349972,0.431881,1.99054,1.96451,1
0.0957642,-0.126377,1.48942,0.139614,1.90973,0.827911,-0.109807,0.872019,3
0.233577,3.36124,2.08348,1.99317,2.24262,0.955845,-0.38205,1.80558,3
0.465429,-0.060778,2.95657,0.474575,1.80175,0.598425,0.831449,1.23029,3
1.97251,-0.31738,0.0342519,0.738749,1.15836,0.0992845,2.30548,2.0522,1
1.37317,-0.0357156,0.216257,1.14104,2.26807,1.081,-0.0761101,1.56769,1
0.00313862,1.21435,0.0552005,0.171556,0.843752,-0.126196,2.38526,0.631108,1
1.96252,1.11803,0.933571,2.76498,1.77084,0.0335072,1.60523,1.1161,1
2.51796,3.43703,2.39229,0.523915,0.768521,0.379356,1.16535,1.87027,3
0.861864,0.582729,1.27613,0.00895808,0.252603,0.51693,-0.0950613,1.21977,3
2.46778,2.57778,-0.0695181,-0.0706806,1.13764,0.775911,0.701005,1.67283,4
0.0582061,0.293803,1.22661,1.36224,0.72741,0.862811,0.0143071,-0.139169,-0
0.520973,0.326602,2.08558,1.89381,0.738598,0.536219,0.204551,0.693513,3
0.609386,0.438024,0.873143,2.38917,1.14735,-0.405939,1.28719,1.54836,3
-0.0454979,3.95197,1.05443,1.44455,1.50589,1.18576,1.28267,-0.15434,-0
1.23788,2.63938,2.36491,2.76331,1.61072,0.0585143,1.19712,1.98369,1
-0.103576,0.0548619,2.70467,0.327127,-0.0311933,1.44255,1.6155,2.30841,3
0.206576,3.5143,0.364913,1.96075,1.08734,0.200182,1.51297,1.3205,3
1.35767,0.714079,2.07308,-0.105656,1.56601,0.296064,0.0468732,1.04501,3
-0.0553649,2.37446,2.92042,0.0908498,1.01239,0.602613,1.96452,0.909567,3
0.198284,2.90776,2.38812,2.06131,1.88421,0.296091,1.51736,1.87135,1
0.0418695,1.38234,2.82288,0.395836,0.454732,0.142918,0.833433,2.08045,1
2.06788,0.0708555,0.978491,0.396082,0.814001,-0.0526156,0.117955,1.78208,1
1.2516,0.801663,-0.0308992,0.585785,1.6904,1.06554,0.0869998,-0.0625003,-0
0.30162,1.30831,0.535422,3.10167,1.71419,1.07387,0.658636,-0.155045,-0
1.46442,2.87778,1.99574,2.70866,1.11279,1.1497,0.875152,1.10799,3
-0.297413,0.0855742,-0.056269,-0.145494,1.2717,0.531282,0.967063,1.12235,3
-0.0645142,3.19092,0.476759,1.38334,0.720716,1.03452,0.10928,0.740945,1
0.236286,0.109196,3.10431,-0.079743,0.425798,0.953741,1.08189,1.56618,3
0.211419,3.90332,-0.353927,0.856059,2.18662,0.0624051,1.1714,0.797948,3
1.58856,-0.298792,2.90665,2.77761,0.991775,0.740934,1.08425,2.23783,1
1.25012,3.71011,0.186525,-0.129667,0.352098,0.397882,1.39879,1.6221,3
0.895302,0.35127,2.20466,-0.0175189,0.593446,0.207002,0.273179,-0.0326263,-0
2.31125,2.67081,2.13256,0.444092,0.923122,0.405027,1.94233,0.0691704,0
2.24201,3.26146,2.88502,1.3529,1.39336,0.110825,-0.0812457,2.23178,1
1.77442,3.33677,1.91573,1.46354,1.32987,0.170045,1.24899,0.00968712,-0
2.13788,2.05413,3.17682,2.65977,2.61963,0.575921,1.87785,1.60279,1
2.22737,1.06518,1.27908,0.894884,2.32243,0.522186,0.494238,1.4946,1
0.642815,1.50877,3.21259,1.39833,0.580397,0.377016,1.0672,2.25357,1
2.24726,-0.182315,1.514,0.0137988,1.35822,0.090936,0.228392,1.22661,3
1.36319,0.467779,2.54086,1.73387,1.14937,-0.102898,-0.274361,1.77126,1
0.146463,0.255895,2.21611,-0.322887,0.185402,0.0399816,-0.287952,1.27127,3
1.76616,0.0130679,0.908539,-0.0182027,2.13737,0.649598,1.22206,1.84614,1
2.11154,1.85744,1.1973,2.13425,0.686026,0.0237688,1.81983,1.49974,1
1.31967,1.57364,0.331199,1.22574,0.151794,1.0578,-0.0460324,-0.0180859,-0
-0.413002,-0.121634,2.06359,0.456964,0.846654,0.571755,1.48166,1.60278,3
0.930688,3.23278,2.06015,2.36522,1.83528,0.46669,0.243226,1.09392,3
0.124585,1.07968,3.10712,2.2062,1.58693,0.0908061,2.14522,1.29061,3
1.8984,1.85977,2.20682,0.936998,0.457687,0.0617828,1.33652,0.779721,1
1.49132,0.763723,3.4263,2.30335,0.116574,0.280262,1.6215,1.26897,4
0.352653,3.04504,2.8412,2.71786,1.16285,0.7431,0.15328,1.20292,3
2.11227,2.72542,2.75034,2.78137,1.94366,0.659141,-0.108861,1.89195,1
2.09528,1.05627,3.01213,2.26298,1.27495,0.217383,0.912619,1.73461,1
1.41208,2.75584,1.84158,1.64211,1.23236,0.858841,0.073826,2.2601,4
0.96229,3.61943,-0.290935,0.401582,1.08354,0.135767,-0.0712796,1.21317,1
1.72044,3.65797,1.66675,0.360501,1.54852,0.448003,0.778259,1.31809,3
0.824049,2.78501,2.36063,1.50345,0.477554,0.933455,0.896457,1.32127,1
0.87471,2.60879,3.28127,0.0992448,1.56009,1.52489,0.886558,1.533,1
2.19297,0.752418,2.28289,3.06485,1.55468,0.342157,0.739473,0.74407,1
1.19382,0.902442,2.69157,-0.154489,0.756291,0.408915,0.647049,2.04013,1
0.815238,2.29843,2.63879,0.309419,1.02676,0.107633,0.974269,2.54583,4
1.82133,-0.0276896,1.35813,1.2741,0.78468,0.995694,-0.311487,2.06694,1
-0.428817,2.62378,2.70633,0.663226,1.63333,0.535901,1.2175,2.25199,1
1.19403,0.423811,2.31933,0.515437,0.402495,0.0550224,1.19108,-0.137234,0
1.09687,2.47388,0.0665615,2.47694,1.92303,0.503188,0.697774,1.95792,4
0.289499,0.88246,0.265712,-0.0768847,-0.154801,0.388246,0.835983,1.48417,3
-0.242987,3.0006,1.92306,-0.00179474,0.802239,0.512955,1.45135,1.97604,1
2.89517,3.9014,0.761381,2.30207,0.260388,0.565806,1.15351,1.85765,3
0.368376,-0.0933101,2.23508,0.898815,-0.0844434,0.458214,1.45606,0.873511,3
1.52702,0.613228,1.84692,0.10502,-0.121876,0.273901,-0.177777,-0.0920381,-0
-0.106365,1.28878,0.372979,1.42951,0.75359,0.328183,2.16968,2.19726,1
1.41271,0.804012,1.22723,1.34448,0.689006,0.719536,0.410213,1.61921,1
1.99158,1.01564,2.42851,0.223619,1.44433,0.836504,0.850519,1.82222,1
1.5944,1.06692,2.30618,1.30964,0.952845,0.984886,0.860081,-0.0783587,-0
1.89033,3.89684,2.58605,3.09551,0.961489,0.188264,1.19541,2.61284,3
1.55776,3.21196,0.0959094,0.977743,2.50625,0.506586,1.59321,1.73219,1
0.545125,3.87487,2.65584,0.697498,0.268088,1.5954,0.465932,0.988524,3
1.51813,0.724338,2.0674,1.13387,-0.0189235,1.01982,1.12488,1.69209,1
1.2897,-0.293207,-0.0679814,0.249977,0.159958,1.1022,0.354906,1.40299,1
1.38566,-0.057221,2.28543,0.21712,0.391917,-0.127229,0.131139,2.38968,3
-0.0113964,3.34554,2.5931,1.66481,2.01886,0.668938,0.38871,-0.0536959,-0
2.5346,3.74925,2.63866,2.07298,0.380425,0.0221498,0.494852,2.23452,3
0.995842,-0.146716,0.00418099,1.39781,0.779813,0.867404,1.28465,1.25007,3
0.574978,3.88592,2.40588,3.16956,0.0577505,0.164999,1.36267,2.13231,3
0.495362,0.540832,0.934826,0.693742,1.64113,0.10964,1.52857,1.00405,1
1.47966,0.616219,1.61531,0.944807,0.317841,0.322934,0.750414,2.00918,1
0.92179,2.5519,0.319879,2.5145,1.25369,0.168525,-0.230944,1.42466,1
0.598077,2.56844,2.22262,2.45914,1.93018,0.256904,0.945864,2.04869,1
0.0713754,0.87073,1.05436,-0.102158,0.999902,0.336141,1.65458,-0.0744018,-0
1.59216,-0.035586,0.104876,0.0955928,1.55594,0.309584,-0.0990629,-0.0369784,-0
1.21837,0.127307,2.35766,-0.0159174,0.832414,0.952281,1.9812,-0.111062,-0
1.01182,2.29356,0.347458,0.139926,0.441077,1.20162,0.711621,1.7931,4
0.752453,2.15653,2.87143,0.421269,1.45503,0.0407721,1.61588,1.23597,1
0.0237514,0.381044,1.83066,0.356981,1.69077,1.40401,1.15165,1.25049,3
0.505456,1.5967,0.723693,0.10276,0.183186,0.0222332,0.506692,1.97582,1
0.205604,3.50174,2.97032,3.0373,1.42649,-0.106909,0.834374,1.79092,1
1.12112,0.887017,2.78043,-0.0125938,1.24545,-0.315379,1.0285,1.11153,3
0.773818,3.58517,2.96336,-0.303651,1.93159,0.661824,0.558529,2.16968,3
1.08249,-0.423031,1.24383,0.186711,1.43108,0.0499765,0.657695,0.906756,3
0.304913,-0.137176,1.54007,1.95893,2.23379,0.568398,0.0109139,1.4737,1
1.90982,3.44106,1.84417,1.39894,0.854136,-0.236056,0.13615,0.0270666,-0
2.19765,2.51556,1.53706,2.8894,0.986489,0.282947,0.158337,1.84998,1
1.44275,1.19429,1.31931,0.0699241,2.1562,-0.399329,1.46064,2.10127,1
0.525078,2.28605,2.7524,2.86729,1.34946,0.553619,1.12891,1.92095,1
2.4115,1.56083,1.29147,0.122658,0.177939,0.827366,1.75463,1.29402,1
0.461436,3.28954,0.0226345,0.530238,1.51335,-0.281191,2.10498,0.913538,1
0.0975379,1.39648,2.72475,-0.0217634,0.714342,0.477323,0.923859,1.87954,1
-0.0728609,2.28003,2.43719,0.0600091,-0.0711713,1.33385,1.3925,1.92235,3
1.0928,-0.0277437,-0.0685867,-0.243534,0.407524,0.612533,-0.130142,1.46926,1
0.87888,2.98309,2.64779,0.0986143,2.35953,0.673178,-0.127694,1.65304,1
0.275465,0.087181,1.88098,3.28965,1.30669,0.770705,-0.190522,-0.17714,-0
0.533381,3.42319,1.97607,-0.0131913,0.346554,0.886002,2.25557,-0.0680584,0
0.435191,-0.068075,1.78236,0.48572,1.96564,0.974788,1.2585,1.86752,3
-0.285411,0.186439,0.694422,0.0784384,1.34267,-0.202543,0.575403,1.96178,1
1.8838,0.00805703,0.0308886,1.48719,1.82372,0.823333,0.0130985,1.67142,1
0.182302,1.39731,-0.41135,2.69708,1.42437,0.988813,-0.0597085,1.36432,3
1.65234,3.38974,1.47655,1.03507,1.01847,1.13669,0.581401,2.04458,4
2.00648,1.36235,2.80402,-0.247325,-0.124889,0.596799,0.942804,0.292996,0
0.733525,3.19755,0.238267,0.203137,1.14923,0.775348,1.99406,1.66539,1
0.0192612,0.0117286,2.34672,2.17456,2.42205,0.056831,0.512213,1.54112,3
1.01196,4.23085,0.101037,0.0862551,1.34445,0.66709,1.64986,0.0299731,0
1.81873,3.43961,2.8981,0.517039,0.347618,0.541055,0.735797,1.94322,1
-0.435175,3.78349,1.76833,2.93997,0.412088,0.86809,2.17075,1.40769,3
1.52074,-0.210075,0.538302,-0.029314,-0.559707,1.30159,-0.329087,-0.0511244,0
1.71075,0.26747,1.33241,1.02932,2.16692,0.53802,0.255676,1.10093,3
1.73397,2.86458,-0.115652,2.61316,-0.515015,0.484029,-0.089993,1.75976,4
1.99434,1.79499,1.6063,2.33809,-0.00716773,0.704606,-0.310671,0.0110253,-0
1.24917,0.154357,0.440144,0.591874,1.32353,0.663946,1.44842,1.51825,3
-0.158079,2.38328,0.0972179,0.150033,-0.00653895,1.01881,0.080973,0.171764,1
2.00923,0.182302,0.0353626,3.36422,-0.0920477,0.884241,0.785112,-0.0794239,0
1.66119,1.63636,-0.0366154,0.108299,1.76093,1.49152,1.36429,1.19578,1
1.58107,2.47797,-0.0528136,1.77652,1.98725,1.11306,1.00902,1.34549,1
1.42749,0.304164,2.71089,2.54971,0.359632,-0.208519,1.75215,1.21351,1
1.81843,2.2858,0.557123,2.10442,0.328029,1.17761,0.586716,-0.0707549,-0
0.704376,0.680374,0.321592,0.58351,0.525847,1.14943,-0.139324,1.44563,1
1.90078,3.23373,1.35402,1.93792,1.25256,0.243964,2.07051,1.84133,1
1.0174,-0.16812,-0.126121,0.529787,0.179413,1.0076,1.65102,1.85357,3
-0.310348,0.963848,0.757682,0.609195,1.47903,0.801482,-0.351171,0.692035,1
1.18135,3.89616,0.526691,0.259177,1.26382,0.589925,2.3104,1.50492,3
0.844278,2.99634,0.610841,0.772553,-0.15545,1.03309,0.826931,1.96329,1
-0.110593,2.9021,2.62763,1.25309,-0.0370381,-0.0586863,0.742981,1.59694,1
0.342515,2.70873,2.14824,1.78993,0.674001,1.21942,1.43302,1.18517,3
2.0482,1.59844,2.3935,0.372633,1.87642,0.960215,1.08071,0.0484629,0
0.710025,1.00667,2.52919,0.770516,0.687072,0.00666138,-0.178186,-0.144981,-0
-0.0665198,0.588334,0.503866,0.762757,0.965572,0.255906,-0.365154,1.90268,3
0.828251,2.78338,1.39138,1.62433,0.712861,0.331643,1.49182,1.58195,1
1.90125,3.8819,1.06245,2.88807,1.52288,1.21211,1.26979,2.32834,3
0.21677,2.43511,1.81921,0.21105,0.305581,0.380959,1.66115,-0.109153,-0
0.376856,0.592624,2.02657,2.12861,1.67748,0.697311,0.557041,0.891562,3
2.06799,0.180103,0.0539188,2.3133,0.469176,-0.103801,1.93849,1.952,3
1.8364,3.69289,0.229779,1.84349,-0.0458155,-0.0579287,0.538744,1.06082,3
0.730874,3.68999,1.89571,0.970731,0.64539,0.498085,1.20181,-0.00721152,0
1.75658,3.54745,0.794766,0.141735,1.57527,0.803084,-0.0974753,1.98626,1
1.21231,0.179919,0.696092,0.106286,0.747862,-0.414782,0.517357,1.37632,1
1.82489,1.77037,-0.127201,2.19674,1.37551,-0.258388,0.397954,1.40422,3
1.51241,0.448228,0.676145,2.35814,2.07203,0.547933,0.357249,-0.0729161,-0
2.21417,2.997,2.75773,2.28545,1.45385,-0.114134,1.55195,0.91655,1
0.966459,-0.26674,-0.04648,1.90361,-0.167316,0.224425,1.04038,-0.164374,-0
0.260827,2.53741,3.25135,2.13062,0.914851,0.204728,1.29107,2.13557,1
2.10931,1.78788,0.055251,0.0527193,1.65545,1.02007,0.671593,1.79899,1
1.26905,2.08507,2.03406,1.36692,2.24702,-0.192603,-0.149187,-0.0947834,0
0.704353,2.25503,1.01583,1.1485,1.02523,0.193099,1.22253,2.12695,1
0.615068,3.51813,0.2044,0.38212,1.79616,0.738116,0.839704,-0.114905,-0
1.61891,0.737107,1.2365,2.04796,2.04414,0.276765,2.2778,-0.0695862,0
0.228981,2.2756,3.27944,-0.202832,1.85757,-0.192738,0.914635,1.85862,1
-0.0770574,3.09569,-0.0432854,1.30557,1.30174,0.979278,0.308323,0.443197,1
2.06048,1.82563,1.19437,2.53639,1.57724,0.563097,0.705487,-0.0607788,-0
1.68626,0.623574,2.94585,0.133151,1.19065,0.224853,1.45726,1.08839,3
1.70338,3.56458,0.244964,0.161455,0.0244829,-0.044208,1.76913,0.118509,0
2.00626,3.98283,0.962622,-0.058711,1.68868,0.880526,2.21871,1.14405,3
0.270507,3.01272,1.47017,2.32306,2.45652,-0.105172,0.759314,2.05904,1
2.15088,1.13257,1.45855,0.912697,2.30354,0.898026,0.841738,1.55992,1
0.312344,0.20127,2.79098,0.791211,1.3472,0.702498,2.61831,1.31441,3
0.122375,3.43324,3.23801,0.448844,0.858676,0.836847,-0.143527,2.19839,1
0.741478,2.62723,1.61479,2.49304,0.536935,0.27617,1.51104,0.81661,3
0.84413,2.09174,1.19544,1.14191,1.57072,1.08126,0.0561437,1.64577,1
-0.134512,0.475308,2.11571,2.60576,1.12561,0.553939,0.785671,-0.164415,-0
0.0298228,0.251616,2.88391,0.147268,0.0811272,0.901779,0.897092,2.08609,3
2.38618,0.426088,0.182006,1.82208,1.41749,0.415358,1.8399,2.17976,1
0.658862,0.262157,0.276809,-0.0681196,0.858588,0.826728,0.256288,1.74166,1
1.86139,3.45221,3.24864,0.0665923,1.71475,1.02398,0.131628,1.14524,1
0.960441,1.23992,1.42174,-0.0116631,1.4051,1.64686,0.234073,-0.109042,-0
0.899101,0.826673,1.00774,2.26801,0.537586,-0.152287,-0.186982,1.85398,1
1.82971,3.78243,1.64327,0.00654115,1.1759,0.409686,-0.133273,-0.107409,0
0.778952,3.15294,1.15914,2.89523,2.23578,0.133057,1.06679,2.31763,3
1.11146,3.2642,1.47632,2.50869,0.659641,0.0715008,1.38504,2.00135,1
0.144512,2.12827,0.26992,1.72804,0.609102,1.09116,-0.159652,2.09224,1
1.61786,0.803578,0.0253237,0.122111,0.562311,0.96847,0.350944,0.914728,1
1.91509,1.10478,-0.146133,3.22384,1.23963,0.801653,-0.169794,1.85068,1
1.44161,1.6637,0.70228,0.0394936,1.64726,-0.0841971,2.03869,2.02939,4
2.24252,-0.297311,2.76459,0.822089,1.40352,0.979281,0.611994,1.87304,1
-0.281886,0.336833,0.628879,2.80843,0.533317,0.60011,0.232721,-0.153178,-0
2.05644,3.70865,0.57726,2.10995,0.469812,-0.238988,0.567685,1.63515,3
0.76613,-0.204933,1.56665,-0.146369,1.11061,0.483762,2.03461,1.22323,3
0.0602528,1.17401,3.27237,2.23176,1.29442,-0.335322,1.48388,2.19702,1
1.68475,-0.177878,0.129447,0.11451,0.360941,0.757502,-0.0722051,1.3055,3
1.42174,2.73525,2.47949,2.04364,0.15262,0.223204,1.85673,1.19685,1
0.958203,2.0009,0.11819,2.53232,0.737379,1.03322,0.646678,1.77947,1
1.37381,3.85912,0.645091,0.167623,0.64664,0.576529,1.14302,1.29409,4
1.51844,3.02546,2.18173,1.39332,2.34155,0.358838,0.808945,1.85461,1
2.56104,-0.247892,2.02966,1.99194,1.52719,0.939885,1.001,2.1188,1
-0.130249,2.63001,3.33107,1.32158,0.289283,0.214822,-0.384283,1.84561,1
-0.0337638,4.06415,0.583212,1.43319,1.64553,1.20002,0.159315,-0.155603,-0
0.166407,3.55465,0.677345,0.966668,2.07937,1.07137,0.832999,1.73668,3
2.32732,-0.0191193,1.57405,1.81728,0.242873,0.697596,0.55436,0.0118178,-0
-0.100472,2.53702,3.27084,0.708587,0.0708515,0.51456,-0.240795,1.86047,1
1.32585,0.590036,2.24399,0.653609,1.7518,-0.0195616,1.91671,-0.0788129,-0
0.753016,-0.212145,1.49323,1.87123,0.412808,0.40319,2.19303,0.881763,3
1.05203,0.0551344,2.30064,2.05448,2.44424,0.0310061,0.077211,-0.254741,-0
1.94171,0.110999,2.13392,0.123811,0.14348,0.495977,1.72934,1.96342,1
1.50594,0.992866,-0.128337,2.0003,1.14837,1.89645,2.28647,1.12586,3
0.47059,0.193255,0.739316,0.0720654,0.971087,0.980554,2.29658,2.27289,1
0.477875,1.39976,0.613671,0.253554,2.45492,0.697667,0.126952,-0.122385,-0
1.92551,2.28796,2.10931,0.610768,1.16171,-0.0711175,2.04168,0.00456094,-0
0.73026,0.0280582,-0.178375,2.70925,1.03823,-0.488994,1.71161,1.32511,3
1.50243,3.16654,2.8216,0.494239,2.04895,1.09461,0.758281,1.67544,1
1.96456,2.23151,0.518716,0.276121,2.06364,0.634038,1.61017,0.564822,1
0.529557,4.06548,0.543328,0.940954,2.10276,0.404646,1.34073,2.06772,3
-0.0715952,2.61325,0.23306,-0.0604978,0.509591,0.311031,0.432253,0.578974,1
0.616167,0.951764,0.276879,1.56526,1.64781,-0.532824,1.09406,1.78122,3
1.36232,3.50199,0.0848752,0.145779,1.35083,0.552268,0.718831,0.781018,1
1.94847,-0.111573,3.11369,0.270125,0.38615,0.402535,0.312661,1.97414,4
1.85264,1.17524,0.25086,0.414741,0.533953,0.238302,0.737132,-0.0657506,-0
1.70361,-0.310162,0.76381,0.220981,1.27486,0.954343,1.68553,-0.00889213,0
2.11517,0.47052,3.4487,1.96824,0.948198,-0.0579107,0.460948,-0.0570707,-0
0.92641,0.153004,0.593174,2.40063,0.537837,0.141219,1.90726,1.31206,1
1.1038,-0.0297289,-0.411019,1.04003,0.266788,1.07211,1.63645,0.829658,3
0.0619786,2.04483,1.22086,1.49063,0.210591,-0.0337421,1.26482,1.47682,3
1.04313,2.52251,1.34638,2.07922,1.64088,1.52649,1.19947,1.6826,1
2.28341,2.1541,1.25894,2.72354,0.98374,-0.458432,0.365371,1.03437,1
2.06815,0.741265,1.83618,1.83798,1.31143,0.346203,0.230889,-0.0899867,-0
1.11331,3.11883,0.0261995,1.48548,2.40956,-0.19833,1.25404,0.450117,1
2.126,1.25786,0.927598,-0.319582,1.94409,0.0450927,1.45726,1.85301,4
0.0922512,1.20805,1.30768,1.71435,0.176547,0.96696,0.960727,2.51731,4
2.00032,1.18932,3.52265,1.73401,0.347124,0.783542,0.6208,2.33878,3
2.09403,1.6269,2.95179,3.08257,1.47352,-0.0673322,0.692913,1.9924,1
0.257772,3.67622,0.621365,0.803797,1.57163,0.747095,0.506216,0.919609,1
1.80513,0.679101,0.0187811,1.85861,0.55389,0.0623162,0.0682664,1.69952,1
1.94197,3.64032,1.98796,0.738968,0.594959,0.893114,0.0979226,1.97798,1
0.88726,4.24297,0.975492,0.886106,1.25708,1.02016,0.609933,0.684282,3
1.83027,1.00897,0.133802,2.41475,0.738817,0.095329,0.567861,2.04352,1
0.358187,2.38987,-0.11811,2.86722,0.478071,0.236957,2.18701,-0.0406765,-0
0.264873,0.0865159,0.430278,0.162142,0.555203,-0.059622,1.57298,1.44664,3
-0.422581,4.25472,3.33205,0.560888,0.59805,-0.0151086,1.28714,0.0236422,0
0.606942,1.84839,3.32839,0.125831,0.639851,-0.345071,1.53642,2.04943,4
1.68549,1.42949,-0.146918,-0.0918969,0.632402,0.0693994,0.423757,0.4098,1
2.09544,2.89689,0.45511,2.3611,0.401961,0.405637,-0.209452,1.39568,1
1.36954,1.34847,0.151284,2.66461,1.67149,0.00304301,1.55885,1.65072,1
1.38107,2.47218,1.80495,2.6277,0.00370453,-0.23821,0.978542,1.87689,1
0.642523,0.940941,1.91015,2.34945,0.533813,-0.337987,-0.066229,1.69251,3
1.0625,3.71692,2.10353,2.28873,-0.091113,0.379759,0.960684,1.8872,3
0.455705,1.27313,2.29281,-0.0970465,2.3828,0.607061,0.51354,1.4796,3
0.017641,0.0433299,2.98785,2.59209,0.919335,0.231526,0.816056,-0.0658457,-0
1.39287,1.96429,2.385,1.23422,0.0189817,0.557838,-0.249343,1.83086,1
-0.184157,1.83001,2.42263,1.81988,0.0148609,-0.113292,0.117272,0.48399,1
0.771712,2.55787,3.3702,1.84675,2.0488,1.01397,1.75593,1.74753,1
0.510389,3.89664,-0.27473,0.86212,1.09848,0.981583,0.199635,0.917839,3
-0.0507262,-0.0476659,0.394907,0.202763,0.87392,0.363979,0.853211,1.11486,3
1.49544,2.86883,1.10257,3.0825,0.903133,0.360071,-0.0769032,1.80893,1
-0.270442,3.99709,0.767004,2.01415,1.58019,0.715412,1.91143,-0.160381,-0
0.16733,0.142101,0.951818,-0.325123,2.01396,1.07806,1.23268,1.7952,3
0.602657,-0.112232,1.89872,0.695109,2.13322,-0.129529,0.889428,1.5371,3
0.920022,2.18971,2.4459,1.73096,2.8323,0.821248,0.772753,2.07825,1
0.169343,3.84076,0.610997,-0.170844,1.4453,0.1145,1.51998,-0.162614,0
1.9657,0.301195,0.929992,1.76909,1.16666,0.403719,-0.0677996,1.50822,1
-0.026088,1.44268,0.285429,0.394683,0.902547,0.235315,1.95282,2.17147,4
0.632,2.17384,1.2844,1.10426,-0.0808078,0.265751,-0.0238252,1.03145,1
0.241164,0.333123,-0.00800598,0.765065,0.434427,1.11379,2.3131,0.551106,1
2.00812,0.598416,-0.0121397,3.18835,-0.185407,0.183154,0.775063,0.00146116,-0
1.38282,3.90134,2.97122,2.1906,0.48705,0.144732,2.38926,0.0481507,0
1.79137,2.59394,2.94542,-0.103582,0.301766,0.0782725,0.141108,0.376424,0
0.858989,2.72947,0.589341,2.77385,1.63581,0.0919308,2.00358,0.203977,0
0.445465,1.24349,1.45729,0.243905,0.893333,-0.576233,1.54609,1.09113,3
0.594902,3.10784,2.48705,0.977842,0.812162,1.10453,0.890761,-0.120342,0
1.99279,-0.47988,2.79668,1.90004,0.139333,0.367725,1.17292,2.18759,1
1.39577,0.527822,1.97235,0.237982,1.39323,0.391046,0.976074,2.22073,1
1.62629,-0.0875163,3.17548,0.387565,0.227824,0.654364,1.53986,1.9427,1
0.406631,3.10894,2.95458,1.77656,0.380329,0.628026,1.69556,2.28012,1
0.260106,1.81081,2.78786,2.96157,0.762135,-0.271127,0.893549,1.17627,3
-0.131446,0.0522525,2.77528,2.01737,2.08621,0.880399,0.354949,1.51432,3
0.691921,1.26792,2.95402,1.39139,1.06718,-0.073858,0.469099,2.138,1
1.53384,0.690393,0.776494,0.410795,1.05565,0.20355,-0.255189,1.79803,1
2.2079,0.33547,0.147307,1.13139,2.29403,0.149737,0.58699,1.83884,1
0.324255,-0.165241,0.948853,1.97642,1.65264,0.496551,0.131922,0.973079,3
0.243454,0.685418,3.56547,0.305955,1.46514,0.852711,1.26886,1.06809,3
1.38904,0.971862,1.13759,0.299303,1.15822,1.11086,0.864614,1.17693,1
1.00018,2.63316,0.0730551,-0.310041,-0.110532,0.442816,-0.0502927,0.820908,1
1.89655,1.65829,3.10976,0.011485,0.755601,0.292326,0.838835,1.97777,1
0.303404,1.63775,2.81929,2.79689,0.856907,0.312131,0.348384,2.41055,1
1.48179,2.41961,1.11995,1.05511,2.39784,1.4309,1.36878,1.79894,1
0.812424,1.33737,1.18167,2.54076,0.209159,0.408599,1.16301,2.26338,1
1.55329,1.36717,0.462197,2.22921,0.490825,1.08938,1.44428,1.78357,3
1.47641,2.82492,0.51492,3.05499,1.0785,-0.0231533,1.19798,0.759658,1
0.314003,0.825744,0.0374332,0.544229,2.60447,0.71448,1.64756,1.5739,1
0.0721824,0.03476,2.49405,0.985754,1.71014,0.794988,1.85861,0.972316,3
1.17158,1.7877,2.07229,3.0893,0.663195,0.86364,0.895727,1.72559,1
1.64302,3.22094,2.22326,0.994664,2.37364,0.530582,0.521913,1.03266,1
2.1446,0.351688,2.88535,2.7408,1.27076,0.159239,-0.197922,0.815129,1
0.957688,0.0419319,2.6486,0.74441,-0.18319,0.442109,1.56799,-0.116005,-0
0.121773,4.00873,0.212645,2.57701,0.304864,0.588289,2.31912,2.17817,3
0.239133,-0.122289,0.0318168,0.787782,1.65049,0.281181,0.485186,2.06629,1
1.75859,1.10712,2.41816,2.70878,0.614243,0.363716,1.52565,1.58997,3
1.81539,2.70521,0.766111,2.41955,-0.15477,0.570876,1.17404,1.87993,4
1.92531,1.1528,2.39672,2.06148,1.96012,0.469559,-0.232829,1.49314,1
-0.217409,3.53044,2.50479,0.897023,1.61481,1.28731,0.378854,1.34854,3
0.209396,1.98651,2.57927,2.36606,2.01881,0.782024,0.0580761,2.23097,1
0.2882,1.60224,1.23318,0.500325,-0.176625,0.65126,-0.414579,1.39433,3
1.0953,1.51476,2.19059,0.803163,-0.601551,0.62046,1.00379,2.00533,4
0.532664,0.665838,0.331565,2.76326,2.13295,0.698894,0.64864,2.5684,3
0.298255,1.24677,1.33409,2.06394,0.166147,-0.307948,1.33578,-0.103418,-0
0.024723,4.22351,0.0936724,-0.261582,0.6419,0.96574,0.573725,0.640092,1
0.331677,1.46149,1.71809,2.43169,1.93145,0.739714,-0.259215,1.96191,3
0.535453,3.45781,3.12637,2.93745,1.16641,-0.255254,1.42764,0.0507624,0
1.71301,-0.274189,3.49282,0.244795,0.866455,0.271265,0.255654,1.7501,1
-0.17756,0.926817,1.14763,0.00928532,0.441789,0.290086,0.0606686,2.15248,3
1.99724,1.4689,1.05921,2.98249,1.16617,-0.0627947,1.74574,-0.126838,0
2.26733,3.8166,1.21037,0.865634,0.723812,0.372381,0.699769,1.37581,1
2.13772,3.60241,0.765455,2.79519,0.400317,0.353655,0.971604,0.980095,3
0.431929,-0.295812,2.7301,2.12901,0.273761,0.0205996,2.29563,1.82062,3
1.71,2.395,1.4451,0.722342,1.06561,1.17732,-0.375379,-0.174906,-0
0.42803,3.17859,-0.16382,1.42354,1.77529,0.0365408,1.52194,1.59218,4
0.578548,3.45451,0.704657,1.30234,0.26062,0.842713,-0.106488,1.49526,1
2.40753,0.246362,2.59654,2.9008,1.35523,0.654432,0.00070316,1.39877,3
1.22589,0.177972,3.45813,0.910189,0.748343,0.0253405,-0.0157246,1.64558,1
1.25268,2.5817,0.32059,2.55378,1.7019,0.235071,0.527764,-0.0321636,-0
1.67489,0.556219,3.19192,0.306706,1.8723,1.09673,0.152793,1.90157,1
2.02989,2.17079,-0.113067,2.35845,0.349632,0.248987,-0.0918819,2.07194,1
0.517366,1.65117,2.95877,3.28384,1.25528,0.0660813,0.818236,1.42719,1
2.57267,3.98058,2.89708,2.66705,0.231291,0.730411,1.23044,1.07833,3
0.318645,3.8985,0.316957,-0.0159097,-0.149219,-0.0323054,1.40488,-0.0133572,0
1.43472,2.07554,0.151039,1.59927,1.87304,0.151134,2.12592,1.39581,1
-0.136066,2.90763,0.658805,2.61006,0.316348,0.395575,0.800738,1.63142,1
2.08761,0.710646,0.842234,0.227373,0.773257,0.833128,0.4,2.21862,1
0.633201,3.99634,3.12077,0.731924,1.8931,0.492153,1.5162,-0.0289507,-0
1.41553,0.0020014,0.507126,-0.164391,0.231431,1.22803,1.14051,2.00814,1
1.52403,0.0385557,2.26451,0.665046,0.324865,1.01494,1.05226,2.06949,3
0.643181,3.93218,1.80821,0.96211,0.657007,0.0676665,1.24777,2.33105,3
-0.423404,1.58605,3.09872,3.12972,1.30407,0.672124,0.71652,1.48026,3
1.50695,-0.278523,-0.148085,1.27187,1.79764,0.0224534,1.55844,1.20272,3
1.07509,-0.194135,0.289228,0.447858,0.890392,0.111531,-0.286967,0.791388,3
2.35484,2.04832,-0.237477,0.754681,0.558864,0.776594,0.494862,1.82984,1
1.51465,2.98213,3.07837,1.63114,1.85536,0.27731,-0.53751,1.83296,1
1.64185,0.402592,2.66987,0.80329,0.615261,0.0354836,0.56869,2.1601,1
2.15785,0.352731,3.24932,1.31002,0.877052,-0.0316606,0.402688,1.93098,1
1.52472,2.13834,0.59425,1.38482,1.64878,1.06713,1.1274,0.0455361,-0
1.66264,3.79374,2.21076,3.00309,0.695351,0.818715,2.0659,0.136173,0
0.282962,0.701623,0.239162,-0.0816145,1.95923,0.28648,1.40563,-0.0984467,-0
1.74829,2.87858,2.98314,2.5863,1.78605,0.632331,1.50012,1.06006,1
1.61673,2.07652,0.810946,1.17643,0.819368,0.632222,0.249496,-0.117448,-0
0.1334,3.92614,0.765778,1.74335,1.52383,0.532914,1.44116,-0.104594,-0
0.221729,0.322634,0.337791,1.55684,1.34575,0.283576,2.0095,2.50014,3
1.61368,0.947921,0.117447,0.112569,1.3761,1.67118,0.0900567,1.56148,1
0.544338,4.20003,2.55219,2.29654,1.96593,1.19875,-0.14992,-0.122185,-0
-0.428917,0.392816,2.45708,1.77602,0.197419,0.0473057,-0.284086,1.94356,1
0.511529,1.35777,2.73839,1.73263,0.847967,0.253819,-0.381251,1.10861,1
2.14181,1.72866,-0.105927,-0.0593662,1.49194,0.7526,1.82649,2.09304,5
1.90305,3.33973,2.74576,1.83688,2.21723,0.866376,0.505407,0.998605,1
0.133087,3.40801,2.1609,0.656159,0.405453,0.735742,1.75576,1.54499,3
1.37649,0.788355,2.6409,2.756,1.95461,0.260444,-0.0498707,2.05608,1
0.958492,0.766154,2.86658,0.170843,1.37375,0.791124,-0.0798423,1.16724,3
1.32084,-0.183157,2.09491,2.35179,1.93638,0.569324,0.287536,1.53555,3
1.3135,0.404969,1.41262,0.799671,1.5501,-0.414789,1.34381,1.49332,3
0.0610369,1.30604,0.358603,1.04309,0.610183,0.748273,0.210412,0.593313,1
0.672248,2.63795,0.153001,1.84476,1.11329,0.251181,0.192292,1.33033,1
0.978016,2.82163,2.86682,2.36462,0.268306,1.11087,2.21358,0.00491005,-0
1.17959,3.6391,3.10703,2.56897,1.74456,-0.17215,0.872841,1.58993,3
1.72092,-0.382434,0.580097,2.69864,2.27392,0.55577,-0.132067,-0.171692,-0
0.0538025,0.0622105,0.00725919,0.402919,1.05003,-0.0688598,0.910391,1.13799,3
-0.137685,3.30687,1.97428,2.33224,1.25066,1.11236,0.140621,2.49656,1
2.57884,3.77331,2.80393,1.61527,0.85608,0.362577,-0.0713447,1.54545,3
-0.0743166,0.642305,2.94605,2.97361,1.08346,-0.323885,0.947227,1.82413,3
0.781307,0.138145,3.44716,2.741,2.14517,0.938345,1.7419,1.21787,3
0.813807,0.259686,0.107566,2.85105,0.722682,-0.0819474,0.0449586,1.77617,1
2.03035,3.04794,0.984237,0.415849,1.81019,-0.275484,0.0887777,2.20214,1
0.513344,1.44405,0.986132,0.377414,0.0567195,0.641716,0.696526,1.03053,1
2.22544,0.665284,0.0337161,2.40184,1.98491,0.955864,-0.0978346,1.88476,1
-0.126194,2.5657,2.18621,1.19163,0.607993,0.106407,-0.233782,1.34597,1
0.387472,1.43836,2.37276,2.55708,0.613276,0.668428,2.12214,-0.13298,-0
0.800896,3.7432,-0.185366,2.60268,0.172256,0.595224,1.69364,1.3671,3
1.3348,3.82669,0.660859,0.263724,2.00613,0.492881,-0.210958,1.46862,3
1.09046,1.33222,0.726411,0.0730811,1.41033,0.720899,2.12052,2.05585,4
1.96129,1.55575,2.01933,-0.0116698,1.85836,0.185551,0.308163,1.33376,1
1.89681,2.10073,0.643588,1.20984,0.559426,1.06605,1.33804,-0.0392477,-0
0.19407,1.76971,2.88059,0.928597,1.89487,0.67982,0.601669,1.16497,3
0.978691,3.4616,3.0983,3.02038,0.882931,1.06727,0.799624,-0.052561,-0
1.35668,0.238894,0.132811,1.97069,1.3533,-0.314565,1.00468,1.19617,3
0.052636,2.47425,2.15248,2.99082,2.09252,1.12699,0.580826,2.28648,1
0.178885,2.76918,-0.0937996,0.728029,1.03853,0.126283,-0.160497,1.71905,1
2.09256,3.83379,0.579131,2.60689,1.74151,0.218349,0.804125,1.00474,3
2.13827,4.04576,0.890542,1.59586,0.975979,0.443013,2.1133,1.63924,3
0.315651,2.6231,0.751479,0.803714,1.96973,0.83824,-0.190396,-0.121062,-0
0.203624,-0.156727,3.47987,2.31572,0.743392,0.766188,1.94158,1.3971,3
1.46835,3.8664,2.43545,-0.289302,1.33502,0.51124,0.347471,1.9619,2
1.23167,1.4113,2.14703,0.972051,1.35668,1.37923,1.31648,1.98563,1
1.54634,0.174288,0.654024,1.0532,2.59317,0.647917,0.240686,1.83942,1
1.68248,2.82305,0.144362,2.85153,2.65017,0.335954,1.13207,1.45834,1
0.871016,2.99275,0.928573,0.301968,0.609566,-0.133956,0.145809,1.38845,1
-0.0829475,3.70089,2.65215,1.03952,0.667908,0.0839382,-0.0955748,1.04774,3
1.49039,4.29115,2.58946,0.273866,1.79963,0.43953,1.86223,-0.00642897,0
1.10814,3.80952,0.552072,1.34914,1.20235,0.457991,0.34577,1.56632,3
0.118969,3.13988,1.1358,1.58969,1.27272,1.63164,1.31915,-0.116399,-0
2.26846,2.16991,0.389471,2.8469,1.42112,0.209677,0.985449,2.15425,1
1.32697,0.259682,1.11878,2.51021,1.12818,1.13685,0.542186,2.18495,3
1.06424,3.4938,0.254683,0.717359,2.53892,0.447347,1.95461,1.05436,1
1.04786,1.31295,3.08241,0.692743,1.52885,0.619273,0.991187,0.807199,2
1.08682,2.38533,1.97874,1.78882,1.15477,-0.0675429,0.399962,-0.0544599,0
1.25286,1.67097,3.02989,-0.24125,0.892308,0.336101,1.46972,-0.0430605,0
0.170239,0.0923564,1.084,1.96866,1.71797,-0.596254,0.287316,1.0814,3
2.19645,3.22431,0.0389348,-0.344042,2.26179,-0.0519011,0.961025,0.0340348,-0
1.77397,1.32262,0.824626,1.28687,0.306013,0.251575,0.686732,1.31822,1
1.1486,3.78832,0.278614,1.95471,1.00289,1.4437,0.0412111,1.69866,3
1.18166,0.263077,2.93828,2.31009,1.1835,0.0576553,2.06754,-0.146297,0
0.335373,0.702684,0.450861,2.3143,0.0119453,0.698937,1.79612,-0.158652,-0
1.663,1.48307,2.78682,0.991494,1.27851,0.477018,1.88153,1.73791,1
1.62546,-0.264043,-0.159517,0.267552,1.85797,0.393293,1.69018,1.07852,3
1.56779,3.15016,1.18518,0.184691,1.96589,1.14441,-0.212303,1.62985,1
0.399638,0.0194251,3.2687,2.8835,0.899326,-0.271547,1.60353,1.71162,3
1.77055,-0.29732,-0.102293,2.41563,-0.349368,0.7383,-0.283544,1.91584,1
1.41333,2.17157,2.76117,-0.319404,1.07753,-0.328782,1.11537,1.84197,1
1.86884,3.5479,1.19286,2.26867,1.00909,1.02916,0.316517,1.83789,3
1.64293,3.99254,2.78984,0.330229,1.4528,-0.00343163,0.568301,-0.0591674,0
0.184404,0.43438,0.959619,1.63083,0.948051,0.390419,0.460587,2.27926,1
1.52993,1.77952,0.175662,1.95617,0.564346,0.519955,0.0116846,1.1716,1
1.30081,3.20247,1.57564,1.99064,1.71077,1.48376,-0.279787,1.89409,1
0.349793,3.81368,-0.373549,1.36309,1.13795,0.290369,1.64899,0.945898,3
1.60553,1.95069,1.5527,3.01112,1.23981,0.532639,1.12534,0.557435,1
0.65714,2.93575,1.91376,1.83919,0.491238,0.266375,0.0847185,2.04644,1
0.29096,4.19663,-0.199261,1.50979,0.741627,-0.121139,2.13829,1.64394,1
2.09682,0.286158,3.32224,2.69483,1.64889,0.015666,1.63649,1.89539,1
1.95972,0.941031,3.07887,2.13183,0.616047,0.725013,0.640279,1.74349,1
0.223192,0.773054,0.661511,2.02345,2.17051,-0.272617,1.43643,1.3161,3
1.68968,1.96397,2.57042,0.533745,0.405657,0.371275,2.13824,1.25463,1
1.65102,0.402978,1.26823,1.04123,2.10473,-0.177127,-0.166724,-0.190104,-0
0.968687,-0.364098,1.28463,2.89518,-0.246507,0.473557,2.01452,2.01976,3
0.976787,4.04643,0.336516,2.15693,1.35828,0.128165,2.24633,2.07738,3
0.274208,1.12081,3.25147,0.54648,-0.211579,-0.0411311,0.944925,-0.12339,-0
-0.315705,3.50185,3.47909,-0.00808414,0.570086,1.42326,-0.106569,1.85598,1
2.34083,1.08963,1.29088,2.42736,1.03572,0.771689,1.91864,-0.0320735,-0
2.13131,0.153384,2.18334,1.06224,1.47927,-0.565543,0.22925,1.79552,4
0.354078,1.18003,0.157869,1.22721,1.02594,0.157524,0.0939274,-0.107631,-0
2.03048,3.73733,0.0214402,-0.0741553,1.11006,1.14735,0.455391,1.48479,3
1.45675,-0.295099,0.648412,1.28775,0.709429,0.00144069,0.726309,-0.158242,-0
1.13533,0.479923,0.244916,2.50503,2.03031,0.252771,1.44578,2.41826,1
1.66379,2.53309,1.655,0.0868053,1.52466,1.35004,-0.278418,1.40649,1
1.08687,-0.0441566,2.10371,3.00542,1.81624,0.612596,0.469332,1.61154,3
-0.0376414,1.68234,0.102475,2.79352,2.03001,-0.288952,0.104743,0.930231,3
-0.0382265,0.986924,0.100392,0.194424,1.48124,0.298675,-0.218703,2.08952,1
1.93178,2.47912,1.98412,0.248407,0.82704,0.780267,0.286226,1.1975,1
2.01589,3.12486,1.09917,-0.0163849,1.53319,0.426946,2.14856,1.80821,1
1.70234,1.36298,2.7276,2.80643,0.358553,0.267958,1.69367,1.76279,1
0.790095,2.13371,-0.266007,1.25213,2.31058,0.583723,1.14724,1.38663,3
1.81797,-0.0941461,0.486068,2.26403,2.52541,0.429322,0.373559,1.62284,1
2.05904,1.13785,0.46855,1.848,1.68548,-0.139255,1.43991,1.766,1
1.43281,3.96329,0.388236,0.421014,0.832928,1.14467,1.72559,1.83996,3
0.846733,3.34824,2.69496,1.85002,1.2358,0.899398,0.776039,-0.0405778,-0
0.121873,0.436546,1.95372,1.28878,-0.469452,-0.240324,0.677476,1.96969,3
0.0141741,0.2978,2.66631,0.670124,0.155794,0.592982,1.06335,-0.115742,-0
0.492405,1.40209,0.0534519,3.31106,0.334931,0.271914,1.93366,1.33846,1
1.0634,0.236534,3.33172,0.227276,0.845298,1.13557,1.3943,1.05258,3
0.899859,1.66048,2.82491,1.82435,-0.49487,0.611994,0.554938,1.69293,1
1.7035,0.168865,2.42104,1.53932,2.29289,0.27649,1.1907,1.54842,3
0.658579,2.9025,-0.000476488,0.366194,-0.107206,0.996117,0.274948,0.75348,1
0.761277,-0.652767,1.8455,0.375481,0.141343,0.679771,1.15824,2.32102,1
0.420879,0.534941,3.02025,1.04466,2.16739,1.26767,1.53726,-0.137366,-0
0.635999,2.25976,0.372819,-0.326557,2.46934,-0.27205,1.90379,1.30498,1
2.41462,0.822375,2.23648,3.0534,1.27267,-0.269881,0.512613,1.31943,1
1.67146,0.9675,1.26218,1.20064,1.95186,0.212662,-0.128708,1.60357,1
1.899,1.42253,3.27386,0.58926,1.48435,0.0315258,1.25368,-0.0163146,-0
0.186542,-0.384925,0.537377,0.356792,1.39779,0.82843,0.717785,0.704708,3
0.274348,0.0709765,1.96762,2.2457,0.21704,0.224142,0.45427,0.897192,3
0.995943,1.28513,3.24886,0.113302,0.418951,0.869178,0.0450807,1.78357,1
1.24849,2.0795,2.76397,2.98367,0.178585,0.881286,0.0565349,-0.0857381,-0
1.5854,2.31782,1.49208,2.47141,1.89579,0.418036,1.82195,1.96441,1
1.1472,3.9386,1.21812,0.580048,1.91044,0.0937093,1.83855,1.86607,3
1.13214,2.22526,2.03984,0.227558,0.894115,1.0133,1.7635,-0.0945295,0
0.516203,3.91628,2.87196,2.34046,0.60906,-0.214119,0.10853,2.30937,3
1.85386,2.34297,0.295258,0.365876,1.47604,0.729737,-0.143557,0.807246,1
-0.0419668,2.64668,2.00624,2.2549,0.466801,1.59025,1.05782,-0.0918921,-0
0.374533,1.32328,0.0306941,2.88465,1.6275,0.19395,-0.126755,0.934335,3
1.98693,2.22793,2.48185,1.6901,0.897588,0.47153,1.61303,1.80634,1
1.44951,2.09308,3.36541,2.37787,0.843894,-0.0650789,-0.0159588,1.5675,1
0.630161,0.0306108,2.33353,2.8216,0.0512418,1.04364,1.14582,-0.196485,-0
0.786747,1.55815,2.00662,1.95932,0.524204,1.18475,2.09942,1.66921,1
0.262231,1.22353,0.210579,3.21794,0.0077104,0.773719,2.45509,1.2388,3
0.0672996,2.44589,1.54099,2.30344,1.92465,-0.42634,0.34533,1.72224,1
0.359548,0.425841,1.17089,0.480353,0.339927,0.62551,0.562321,1.14693,3
0.631993,3.39224,-0.0273343,0.204219,1.56897,0.480436,1.99378,1.98102,4
-0.325117,0.00827974,0.751956,0.117332,1.75676,0.604722,1.40391,2.03258,1
0.0369525,0.210633,0.754504,3.17024,1.10133,0.63308,0.521769,-0.0334279,-0
1.24286,1.4941,2.97511,2.9901,2.28205,0.919269,0.365968,-0.149513,-0
1.55484,1.79283,3.06904,0.570824,0.17876,0.570403,0.128588,1.59971,1
-0.111615,2.08243,2.56512,0.0171217,1.29643,-0.446512,1.4456,1.42493,1
0.797345,3.71213,1.42548,1.82074,1.76965,0.163407,0.708387,2.12111,1
0.377666,3.27201,1.59677,0.511903,2.11812,0.230227,-0.0375895,1.83043,1
-0.116948,1.38808,0.604388,0.260885,1.91362,-0.357485,1.59644,1.70954,1
0.657187,-0.105051,2.29508,0.454455,1.40711,0.726266,1.86436,1.85847,3
0.470066,3.9959,1.59595,2.46806,2.75875,0.5929,1.70265,1.15886,3
1.45007,-0.367674,1.32904,0.886998,2.70881,0.273667,1.04648,1.53835,3
1.76109,-0.0227613,1.6053,2.19426,1.66385,1.07482,0.926441,1.05175,1
0.194072,-0.0984359,2.44456,0.456748,2.23487,-0.160652,1.84211,1.1594,3
1.10838,3.32137,2.0479,2.40171,0.705608,0.934788,-0.025473,2.3356,1
0.715563,1.7119,2.33353,1.94304,-0.0512095,0.923217,0.309545,-0.0822728,-0
1.89894,0.153435,0.720733,2.41041,0.424331,0.446485,1.9175,0.89683,1
1.86699,0.953242,1.63921,2.95666,1.91125,0.493639,-0.197252,2.05964,1
1.86123,3.2287,0.553931,0.352918,1.99758,-0.0855569,0.298525,0.218837,1
2.19631,1.35835,3.04436,2.9826,-0.374285,0.218335,0.754371,0.84618,1
1.49148,-0.364394,0.496337,0.873504,2.25936,1.38435,0.535389,0.0102305,-0
1.11217,0.293182,1.0444,1.3765,1.64283,0.765411,-0.155629,2.056,1
1.90398,1.13239,2.59403,-0.165793,1.87964,1.01905,1.0039,1.19644,1
1.77612,2.96,1.08815,0.45501,0.505825,1.29622,1.39952,1.81375,3
0.940532,0.573587,2.837,-0.11192,-0.152758,0.317959,0.641725,1.87942,4
1.47807,-0.029632,2.10854,0.608269,0.597533,-0.259669,1.71612,0.365776,1
2.2389,-0.318263,2.85871,1.91198,0.308984,0.28819,-0.359617,1.79801,3
0.963088,2.56267,0.772321,-0.384793,0.246018,0.815691,1.5543,1.05519,1
0.399074,0.0805974,2.15301,2.66227,2.37441,0.883385,0.218521,-0.0579932,-0
0.245683,0.0560658,2.21728,1.9516,0.468617,0.3883,1.64476,-0.169709,0
0.383956,1.40568,0.337858,0.125904,1.72135,0.561355,0.150891,1.19192,3
0.854546,3.53858,-0.117193,2.37215,2.16371,-0.234152,1.01995,1.59968,3
0.689955,1.48814,1.40105,0.395305,-0.116817,1.30648,0.885781,2.14328,1
1.07503,3.43916,0.479548,0.668461,1.02723,0.15512,-0.0288961,1.87128,1
1.38754,2.51414,0.018466,-0.284375,-0.0230135,1.17461,0.691624,1.28834,1
0.256935,0.451383,-0.0543535,0.821953,2.30349,0.236465,0.303657,1.7038,1
1.18565,3.40168,0.782443,1.01539,2.03319,0.977951,-0.282351,1.53978,3
1.93142,1.35091,-0.00447018,0.575113,0.714123,0.402083,-0.0527505,1.63965,4
-0.158172,1.04574,3.0895,0.43821,1.45744,0.193018,0.241575,1.13735,3
0.443322,-0.147017,2.34047,2.41179,-0.503405,0.180774,0.0505617,-0.127297,-0
1.49369,1.3825,0.026794,3.09035,0.502291,0.266084,2.07485,-0.218168,0
1.36367,0.309901,1.77997,1.3059,2.32767,0.729833,-0.202815,-0.127497,-0
1.87161,-0.0754036,0.952191,2.42686,0.00333399,0.718026,0.149284,-0.00845609,0
0.387874,3.77609,1.51345,1.61165,1.11743,0.600622,0.150865,1.71053,3
0.864231,-0.278073,2.25389,1.09901,0.920493,0.343941,1.01142,-0.139065,0
1.70385,1.21142,1.46635,2.8681,0.629734,-0.130558,1.81982,1.69523,1
1.22508,3.88165,1.69206,-0.247651,1.81091,0.630804,1.3631,1.94155,1
1.89587,3.83601,2.36214,1.92922,-0.262065,0.963284,1.79037,1.70169,4
1.19287,1.65976,0.0260499,1.75635,0.787486,0.202173,1.93713,0.166982,0
1.62564,1.93123,1.39864,0.790908,0.69601,0.423451,2.41112,2.01401,4
2.35502,-0.0799682,1.24132,2.77344,0.0889816,0.022689,0.12732,-0.00788603,-0
1.82818,3.65671,-0.0311717,3.29353,1.08063,0.742843,0.186983,0.561544,1
2.35973,1.73119,3.01468,2.91631,1.38939,-0.156645,1.51694,1.83069,1
0.586773,0.0263554,2.30268,-0.26734,0.917519,0.394939,0.341746,-0.0527485,0
2.11625,0.0142548,3.01077,0.451492,1.73085,0.462301,0.543622,-0.0650067,0
1.41637,3.34993,2.43145,1.35814,0.221646,-0.0717311,1.02534,2.17188,4
1.30631,0.895581,1.10848,2.4936,0.963893,0.447357,0.355763,-0.154041,-0
-0.0567017,3.82295,2.19624,2.97156,-0.484448,0.794961,0.24117,1.24336,3
0.7577,-0.232542,-0.191056,2.41876,0.272027,0.938159,0.322499,2.05262,3
0.405367,-0.285044,1.92393,0.670422,-0.0836635,0.494625,0.0504756,2.40035,3
2.03178,2.85682,2.64743,2.69071,0.7278,0.333997,1.62862,1.88316,1
2.29004,2.72173,0.737241,2.71688,0.437281,-0.189356,0.701112,0.0510107,0
0.786858,3.69452,-0.043165,2.30878,1.71275,0.611545,0.958879,1.36253,1
-0.162253,2.76378,1.37522,2.93912,1.05656,0.839765,1.58097,-0.09429,-0
-0.232189,-0.196543,1.73144,1.74585,1.36375,0.0540638,0.665199,1.121,3
0.754812,0.271757,0.488266,2.31613,1.69727,0.627224,1.18376,2.10466,3
0.214824,2.46812,0.31742,0.786496,0.185488,0.724375,0.593014,2.00649,1
2.235,1.53991,2.75596,0.722098,2.18556,0.653605,-0.0455892,1.62384,1
0.271069,0.0449054,0.582635,0.068794,1.84746,0.469532,0.531189,1.60687,3
1.51696,1.66073,1.21562,2.11105,0.960878,1.35505,0.755612,-0.0622301,-0
1.92865,2.45514,-0.0968491,1.58388,0.0177781,0.496021,1.58516,0.967732,1
1.76892,4.24989,0.881777,2.10865,2.15086,1.70263,1.31806,-0.0258894,-0
0.0187968,-0.00429492,0.636552,2.33888,1.90996,-0.0587363,1.59208,0.999535,3
-0.0490665,0.255741,1.58528,2.07117,0.403092,1.52393,-0.352382,-0.13273,-0
1.30576,0.567574,0.500625,-0.218542,1.76168,0.847461,1.17346,-0.0721354,0
0.51671,1.46318,0.0976171,0.0948092,1.9013,0.403908,0.62271,1.71348,1
-0.0957364,4.36809,-0.319854,-0.131432,1.4975,0.45103,1.27459,1.64834,1
0.171489,2.6466,2.62494,1.71641,1.88939,-0.633872,0.710181,1.98963,1
0.361009,2.83503,-0.095346,1.62404,2.06559,0.530858,1.24159,1.91082,3
0.294635,2.8584,2.38382,0.569464,1.75064,0.11105,0.722491,1.75446,1
-0.043428,-0.377838,2.43307,2.20556,0.69723,0.423778,-0.0337774,0.671798,3
1.27342,0.626496,3.47655,2.98433,1.32235,0.584023,0.778528,1.72558,3
1.70671,1.44546,-0.164717,0.395599,1.15918,1.05588,1.21158,1.95097,4
1.02803,3.08995,1.06977,1.06747,1.02384,1.03476,1.92739,0.403623,1
0.302471,3.60301,0.470212,0.285522,1.95801,0.285828,-0.109273,1.15108,1
1.20083,3.82148,0.157045,0.919717,0.197545,0.683595,-0.0570512,2.03928,3
1.70698,0.246349,1.39981,1.38956,0.548667,0.165825,-0.498522,-0.096832,0
1.62861,0.566455,0.617032,3.05635,1.80579,-0.481215,1.84943,1.27694,3
1.47709,3.09239,2.81624,1.66497,0.156543,-0.28324,0.456094,1.84878,1
2.25736,3.77246,0.46702,2.38951,0.430092,-0.0255458,-0.226253,1.51334,3
0.749946,2.33194,2.82846,1.6605,0.712267,0.305325,0.324083,-0.0972142,0
1.86432,2.63332,0.303048,2.8893,1.32602,1.16522,-0.0281414,1.0529,1
-0.189445,3.53673,0.429937,-0.0495916,2.31822,0.485689,1.44451,1.49329,1
1.35518,1.91508,1.3715,2.10134,1.58586,0.547162,1.05677,1.50941,1
0.86867,1.35951,3.19367,2.80023,0.991651,0.659077,0.544788,2.11311,1
1.0577,3.78436,1.74802,0.227452,1.20994,0.274396,2.14352,1.30393,3
1.66539,2.67637,2.86589,2.00966,0.491602,0.0692596,1.81307,1.22276,1
0.617231,0.478089,3.06142,1.59581,1.88864,-0.00657025,-0.0263424,1.96543,1
1.84696,-0.230299,1.53121,2.0936,1.30913,-0.265727,-0.0251958,1.61745,3
1.13425,4.05172,2.22895,2.7592,1.54022,-0.250004,0.456241,-0.038456,0
0.235767,3.63335,0.938529,-0.158586,0.571042,0.557643,0.13258,1.68208,1
0.330593,2.27221,2.80448,2.76032,0.361101,1.15136,-0.541641,1.2867,3
0.362657,1.56837,2.49963,0.182928,1.09951,-0.115465,0.194072,1.18118,3
1.04913,3.25884,2.95483,2.04977,1.88535,0.75076,0.766942,1.299,1
0.774804,4.27033,2.8527,1.33778,1.55833,1.02702,1.36855,1.72892,3
-0.338924,3.44603,0.266806,2.5971,-0.0660366,0.93275,1.64314,1.00938,3
0.580665,2.04356,0.420768,2.40437,0.998848,0.168105,0.218477,1.75117,1
1.67093,0.484701,2.67984,2.64782,1.73587,-0.254902,2.18682,1.30203,3
2.03961,1.62733,2.27996,2.37841,1.85472,-0.234489,0.870151,0.35454,1
0.0166129,0.829601,-0.469302,2.0021,1.70185,0.772661,1.14997,2.1032,3
1.67452,0.201766,0.0112279,2.34291,1.88495,1.04493,-0.036798,1.30377,3
2.14274,1.20198,1.18383,2.86814,0.679996,0.168369,0.213575,1.60755,1
1.48098,4.15982,-0.174706,1.78203,1.3681,0.675371,0.581648,1.98312,3
0.210397,2.15511,2.57063,2.3667,0.511817,-0.256488,-0.380762,1.82501,1
1.65726,-0.283818,0.215644,1.79392,0.581013,0.0116045,-0.0103984,-0.159153,0
1.3856,2.16942,2.70584,0.994634,0.516105,1.04605,1.68622,2.32427,3
0.0641505,3.45329,0.310179,1.67484,1.08166,0.292354,0.261127,1.63169,1
2.05106,2.56424,-0.155117,1.62771,0.115992,0.602836,1.14151,1.28212,1
0.593586,3.11881,2.77906,0.926956,1.06513,-0.112969,1.51428,2.08015,1
0.293564,3.41554,1.6299,1.51043,1.06751,1.12333,0.28242,1.99214,1
1.60552,1.50459,2.77124,2.22813,1.51953,1.12069,0.305494,-0.124146,-0
-0.142977,0.187713,0.141219,1.39512,0.535219,0.324812,0.146667,2.09529,3
0.156718,2.21567,0.900573,0.123064,1.80329,0.233989,2.11398,1.98593,1
-0.0801474,1.05409,0.0440634,0.197927,1.69246,0.835746,0.493442,2.02239,1
1.6305,0.37073,0.542756,-0.0921984,1.97729,0.529805,1.81696,1.89272,1
1.32261,3.68465,1.76792,1.27824,1.75499,-0.311338,0.79629,1.49365,3
-0.111934,1.04432,2.70146,2.17535,1.12079,0.0111889,0.0811462,1.1425,3
1.7221,0.571179,1.903,2.18468,1.94778,-0.0676925,-0.0243458,1.95601,1
1.56261,3.72039,0.611708,2.35881,1.28406,0.34968,1.08315,1.68548,3
0.288098,2.59052,0.0137708,1.47009,0.505717,1.2602,1.13507,2.09561,1
1.2111,0.612753,0.00201456,-0.0643514,1.00011,0.273504,0.210356,0.715595,1
1.83223,0.614957,0.579013,2.61779,1.60505,0.589341,1.22126,1.45655,1
0.39747,3.56414,0.66294,1.7595,0.570421,0.530657,1.90345,1.2314,3
2.01074,-0.00350619,1.90817,2.77708,1.29623,0.40726,0.186762,1.61669,1
1.58638,3.79392,0.212053,1.0738,0.431819,1.18364,0.857137,1.22458,3
1.19156,2.11987,1.8843,0.00619212,1.27926,1.24688,1.51312,-0.0224856,-0
0.464792,-0.370638,-0.101502,1.97728,1.07366,0.271591,-0.431427,1.23459,3
0.332542,3.09191,2.66994,-0.12605,1.49647,1.06185,1.20906,-0.0313845,0
1.30581,2.39373,0.365781,-0.372017,1.24794,0.414406,1.67691,0.951448,1
1.68008,2.88751,2.41453,2.11281,-0.0611652,0.0645701,0.306806,1.313,1
2.03807,3.51225,2.27725,0.455485,1.40013,0.507589,0.16939,1.34595,3
0.950134,3.86133,2.84783,2.91934,0.970146,-0.0270946,0.396927,1.44567,3
1.13021,0.111874,1.13933,3.47134,0.0233427,0.114365,0.014892,1.90814,3
0.52118,3.81003,0.322855,1.40835,2.64452,0.362349,0.798269,0.90311,3
0.319929,3.88986,0.459895,1.17416,1.24769,-0.451979,0.989137,1.23888,3
2.08034,-0.0956644,2.25761,-0.223029,0.723257,0.516958,0.314705,1.44804,1
-0.0844126,3.52589,0.0802775,2.7512,1.68517,0.430444,0.483916,1.09673,3
0.0577437,-0.296904,3.31839,2.39149,1.07841,0.194307,0.515021,0.889174,3
1.68971,2.02594,1.97463,2.25741,1.24101,0.852562,0.729573,1.12389,1
1.72271,3.03385,0.0566138,2.53061,1.63993,0.0906523,0.314222,-0.0435971,-0
1.8537,2.54212,2.70977,2.95814,0.815963,0.642316,-0.289795,1.96667,1
2.16573,2.44639,-0.257255,0.686395,1.32207,-0.0791748,0.769138,1.52129,1
0.474153,0.62602,2.2103,1.8375,2.72062,0.387544,0.631852,2.19556,1
-0.0356997,0.159556,2.18547,1.31579,2.14265,0.702115,0.678678,1.20904,3
1.50232,3.94488,0.249786,0.862151,0.831771,0.344732,1.27913,-0.069844,-0
1.31617,0.00836968,3.13667,1.17925,0.840967,0.215435,0.288647,1.46802,1
2.01505,0.238996,0.7444,0.0577403,2.19488,1.05057,1.36583,0.240758,0
1.54228,3.54908,2.8544,1.75947,1.85443,0.290568,1.01323,2.21173,1
1.44689,0.752283,3.3394,3.16596,1.00711,0.0113503,1.44453,2.02751,1
-0.21228,3.25455,1.03234,0.116316,0.866888,0.511334,0.993955,1.72741,1
0.334623,-0.253128,-0.207281,-0.0969273,1.69295,-0.449357,0.562073,0.782496,2
0.818382,1.5724,2.76374,2.60861,1.86792,0.204676,0.667825,2.27371,1
1.75694,2.71218,0.874633,0.317874,1.36281,0.112449,1.81233,1.18468,1
0.497245,2.98044,-0.537021,2.26819,1.62153,0.820976,0.560442,2.20662,1
0.936668,1.50388,1.63929,2.92583,0.469463,0.373327,2.18336,2.08621,1
1.59449,0.542132,0.216652,1.81714,2.38455,-0.162958,0.83861,1.94197,1
0.715212,3.43938,3.26682,1.8171,0.245723,0.21748,0.159169,1.4239,1
0.12927,4.05858,0.28534,1.47841,1.11854,0.609196,-0.568865,1.7415,3
2.25125,0.582855,1.34805,0.877608,0.537092,-0.0655234,0.606218,1.93252,3
1.82665,1.29366,0.0159292,-0.21077,1.86634,0.610442,0.0846352,-0.10573,-0
2.09165,0.517776,1.63504,2.37608,2.31868,1.459,-0.0189036,-0.0416902,-0
1.68138,3.40188,2.74252,-0.136481,1.03816,0.144377,0.262238,0.0439964,-0
1.8529,-0.0847087,3.06856,2.65263,1.35432,0.527352,-0.216679,2.26943,1
1.88906,-0.0599354,1.28761,1.48275,1.22377,0.826152,0.442157,2.26648,3
1.1263,0.311973,0.0788844,2.91593,1.31201,-0.0727789,0.364561,0.810752,3
-0.208099,3.61633,0.973759,2.15506,1.95438,0.573776,1.34891,1.92584,3
0.0927114,1.51911,2.23057,2.81634,0.0844047,0.10375,0.0382475,2.05468,1
1.27793,2.30035,0.0564061,1.13626,1.99115,-0.256471,1.19174,0.906612,1
1.83005,2.75463,-0.10263,1.14091,1.06111,0.346891,0.685632,1.10373,1
1.4797,4.07019,0.657188,1.31241,2.3632,1.04712,2.11397,0.027053,0
0.903516,3.35889,2.79577,2.9294,0.637019,0.710992,2.00617,2.03115,1
0.223706,0.163315,3.69145,2.19728,1.59071,0.588417,2.02004,1.62605,3
1.81247,0.621368,2.97772,2.03399,0.863976,-0.118262,0.573565,1.37909,1
-0.0782079,2.84439,-0.220097,2.11342,2.32569,0.654802,0.976762,1.18635,3
1.70518,0.952219,2.02736,-0.00987443,0.338415,0.871069,1.64316,-0.0851861,-0
1.21407,4.04455,0.647442,2.01028,0.192025,0.252671,0.0197593,-0.205752,-0
2.03028,0.252422,2.67725,0.0470054,0.355441,0.434185,1.48174,1.64201,1
1.54775,3.29747,1.83334,2.7723,1.44415,-0.114137,0.635539,1.03842,1
0.466455,3.43511,1.27027,0.000787561,1.59386,0.695447,-0.210148,1.56812,1
1.41166,0.0152174,-0.256175,2.2613,0.129553,0.578278,0.75788,1.7054,3
0.841319,1.91556,2.92062,0.50634,0.389202,0.803793,0.770838,2.11448,1
1.55006,2.44487,2.67746,2.99719,0.796496,-0.0436226,0.128277,2.07728,1
-0.142582,1.57986,1.83731,0.661957,0.529027,0.11188,0.453476,0.76211,3
2.31458,0.604433,0.0364995,2.0505,0.625194,-0.037017,0.451464,0.0139081,-0
0.839373,3.74833,0.330353,0.702083,-0.122392,0.193025,0.640044,-0.0315557,0
0.412762,2.70126,0.842185,0.694132,1.70652,0.121438,0.617543,1.23254,3
0.826918,0.382978,1.08756,1.85421,0.514508,0.586296,0.593162,1.3652,1
1.87831,4.20071,-0.0184145,0.882705,1.85798,1.02712,-0.670644,0.00947578,0
1.24377,2.25681,0.10238,1.12023,0.477997,0.367115,0.594873,0.958896,1
0.20979,2.96977,1.82724,1.27617,-0.0320985,0.788823,1.09169,1.21653,3
-0.0246641,3.07998,1.51925,2.91254,1.93513,0.188315,1.99523,1.38545,3
1.17903,1.83357,2.67219,0.191506,-0.304748,0.248844,-0.159979,1.88704,1
-0.23584,0.0628892,2.40328,2.37562,1.8875,0.292676,0.798352,0.996072,3
0.17565,-0.320765,0.418148,2.97459,1.78255,0.30831,1.99383,-0.111622,-0
1.4047,0.472206,-0.318081,-0.35197,1.29028,1.62749,0.0568023,1.14688,1
1.33549,2.26565,0.750513,0.437473,0.514844,-0.0964112,-0.260016,-0.120735,-0
0.204688,3.13268,2.31611,-0.355072,-0.102618,-0.00789073,-0.335732,2.04156,1
0.471066,2.74446,0.402833,2.25399,0.545285,0.0896627,0.464895,2.78237,4
-0.0491505,1.99147,0.217165,0.0530322,0.578871,0.738053,0.487641,1.32719,3
1.71216,-0.298322,3.20531,0.729123,2.12329,0.669633,1.40694,1.58126,3
-0.299635,3.32644,1.13349,3.0831,0.776206,0.853692,1.10236,1.49158,3
1.2844,1.88784,0.815649,0.0607585,0.77643,0.054193,0.288197,0.462613,1
1.14053,0.514069,2.43391,0.520777,-0.30623,-0.272629,0.296704,-0.137815,-0
2.01453,-0.298435,0.547466,0.675864,1.51801,0.323764,0.240636,2.28121,1
0.660669,3.47926,2.20339,2.43099,1.59736,0.456596,0.288202,1.99601,3
-0.00532357,1.97122,2.65806,1.4388,0.450595,0.137646,0.0816637,0.11289,-0
1.80817,1.9849,0.638679,3.01613,1.33443,-0.340093,1.23599,1.4855,1
0.143852,2.01478,3.19721,0.70017,2.11485,1.11981,1.43072,2.15224,1
1.52806,1.15074,0.754161,3.05547,1.74027,-0.158799,1.60954,1.75205,1
1.55336,1.17261,2.24984,-0.0885037,2.11239,0.75615,1.90776,1.37069,1
0.848999,1.65929,0.144225,1.18129,-0.150238,0.866941,0.782573,1.10258,3
1.96948,3.15581,2.26197,0.977867,1.90785,0.650368,0.463403,2.12026,1
0.164319,1.62165,2.79406,0.701005,0.193113,0.497705,0.312048,0.0252032,-0
0.244839,2.80823,0.00365952,1.96691,0.00232991,0.229011,1.23525,1.79314,1
0.347048,3.42959,1.22382,2.90359,1.68818,0.151917,1.27907,-0.033771,0
-0.0682456,2.23691,-0.0911297,0.607024,0.217706,0.487543,0.407876,2.34307,1
2.22536,-0.0692592,0.118267,0.366789,0.0162029,0.662467,-0.259263,-0.03895,-0
-0.165995,3.33075,0.23148,1.52282,1.87094,0.786227,1.35485,-0.0967084,-0
0.832837,1.76897,3.31494,0.789292,2.15188,0.455246,1.60926,-0.0437915,0
2.26434,3.832,1.30543,0.685915,1.31574,0.777706,1.81045,1.41677,3
0.0616209,1.13457,2.94199,2.07205,1.26449,0.631482,0.891386,1.26277,3
-0.0601799,0.0835424,1.00527,0.330931,0.749958,0.550284,1.34198,-0.222318,-0
1.65043,2.399,2.30259,0.36663,0.129032,0.536264,0.69889,2.0285,4
1.74484,-0.197349,0.0584405,1.69699,0.554636,0.266586,-0.448844,1.10672,1
1.86475,-0.0611329,0.0513052,2.69686,1.02926,1.08889,1.4154,0.987229,3
1.06544,3.31767,3.28887,0.603741,2.14763,0.764912,1.36213,1.4189,3
2.05859,3.0031,3.31312,1.36277,0.159231,-0.0310815,-0.268539,1.44644,1
1.24607,-0.315785,-0.214964,-0.2344,2.23872,0.786272,1.75529,1.05366,3
-0.162332,0.471125,2.75303,3.05815,-0.0167218,0.875978,1.40208,2.2366,3
0.0817999,0.774843,0.954579,2.56911,1.66743,0.210578,0.267352,1.48091,3
0.973477,3.15575,0.613069,0.863498,1.879,0.488035,2.03089,1.97827,3
2.04458,2.82772,-0.0399824,1.03505,1.47829,0.907562,1.119,0.417586,1
1.4996,3.20786,-0.0538391,2.97874,0.879705,0.529656,2.2033,0.016559,0
1.72289,3.21394,0.400509,2.90702,1.3149,0.857827,1.38393,1.80062,1
1.69085,2.59287,2.95226,1.93658,1.20979,0.0745453,-0.371734,1.10858,1
1.19042,-0.234508,1.07757,2.62716,0.225804,0.386173,2.60109,1.66791,3
-0.358011,-0.0643137,3.21707,1.56241,1.03302,0.416772,1.2548,1.64122,3
-0.218514,0.459154,1.80524,1.21238,0.884678,0.424104,2.43703,2.26694,1
0.441642,2.04818,1.61385,2.63058,1.06932,-0.320987,0.562629,1.81745,1
0.34183,1.07963,1.77557,0.605771,0.441779,-0.010993,1.26883,1.68229,1
1.63856,0.167757,0.580968,0.146975,0.176765,0.248432,1.13864,2.26866,4
0.482566,1.08206,1.16162,1.17265,0.848907,0.169466,0.503375,2.10397,3
0.257639,1.27164,2.0312,-0.0605495,-0.734828,1.21976,2.19627,0.919144,1
2.04715,3.499,0.00312262,0.0377536,1.20064,0.440821,0.952965,0.839816,1
0.903013,-0.23779,0.0658418,0.50959,0.26621,0.347967,-0.0445052,1.90008,3
0.925548,4.11594,2.73948,2.6117,0.450639,0.945964,0.480968,-0.0962096,-0
0.134763,3.38811,3.12533,0.911096,2.08924,0.639862,1.24946,2.04433,1
0.719059,2.23958,1.47903,1.56654,2.32452,0.770223,0.54635,1.37629,1
0.0266066,0.635922,0.858999,0.272711,1.63864,0.86001,-0.121208,-0.126442,0
0.404986,1.31096,0.0972798,2.55144,0.0282001,-0.0371681,-0.0254295,-0.0706292,-0
-0.177919,0.274552,2.33937,2.02398,1.31464,0.597341,0.452293,2.60456,3
1.6656,3.44085,2.79833,0.514412,0.132004,0.0178852,0.53618,1.91713,1
1.80398,1.35558,0.383523,2.80816,0.050072,0.893125,0.639987,-0.0229696,-0
0.265672,1.277,-0.239756,-0.295328,0.864162,0.976594,1.22986,1.43179,3
1.9078,2.53028,1.5944,1.21493,1.44418,0.596685,1.86434,2.07631,1
0.112779,-0.305309,1.23604,0.369371,1.97053,0.700298,1.57214,1.83339,3
2.15381,0.301305,1.42529,3.36599,0.532436,0.197428,1.96543,-0.0616019,0
2.39251,2.09244,2.31774,0.701812,0.688709,-0.373149,1.30512,2.80227,4
1.8542,3.64621,0.108811,0.58406,1.43874,0.714736,1.32972,1.47708,3
0.578049,3.773,0.756323,2.70176,0.431226,-0.108081,-0.479902,1.11628,3
1.88209,0.0776404,1.05601,1.24339,0.721495,0.0678169,1.88093,1.55933,1
1.66478,0.270864,0.81715,2.76133,0.497792,1.01101,0.814871,0.0842233,-0
-0.247479,3.18174,2.85461,2.31122,-0.12711,-0.0979906,0.544413,2.04237,1
1.76093,0.638901,2.27682,-0.150909,0.141345,0.673453,0.529802,1.4182,1
1.35224,1.46804,0.571857,3.17658,1.1469,-0.100595,2.09401,0.950991,3
0.272372,1.54255,2.65039,0.972035,1.65926,-0.0270877,0.834326,0.932024,1
1.22866,1.3564,1.57111,2.63971,0.968753,-0.157613,0.219786,0.996484,1
1.59849,0.333242,1.39249,1.50656,0.937859,1.42201,-0.320899,1.67861,3
0.783347,2.72124,1.52348,2.22082,2.20423,-0.158795,0.019011,1.37828,1
-0.0524718,3.9715,1.65282,1.04896,1.89532,0.803744,-0.0550424,1.52725,3
0.490856,3.64465,-0.157405,1.10244,1.00551,0.652623,0.158475,1.4808,3
0.316102,0.0761393,2.07565,-0.171782,0.915147,0.354587,-0.451642,1.67693,3
2.23912,0.0651102,1.49668,0.637459,0.160535,0.673671,1.09364,-0.0411979,0
-0.15715,0.419659,3.08064,2.91246,0.0532774,0.331532,0.181491,1.5157,3
2.15636,2.2493,0.898414,2.79832,2.52873,0.111604,0.198883,0.0234957,0
0.969542,1.11398,0.781698,0.614347,-0.023986,0.620946,0.487778,2.2879,4
1.99506,2.31838,2.45545,2.29935,1.54722,-0.0770079,-0.21245,1.41156,1
-0.586818,0.706944,0.302866,-0.0837258,1.89816,1.018,2.00163,2.2202,1
1.49766,1.30526,0.025807,0.0448277,-0.112235,0.172115,1.39815,0.909772,1
2.07824,0.892382,1.0998,1.86889,2.14515,1.20802,1.36445,1.34637,3
-0.067704,1.23543,1.19773,0.491955,0.174119,1.08226,0.753252,1.32737,3
0.459246,3.84507,-0.314307,2.56821,0.85919,0.420539,0.0419106,1.66685,1
1.20813,0.0184292,0.143899,2.58303,-0.01539,0.250324,0.384564,1.12477,1
0.229109,3.48535,2.44038,0.512644,1.71831,-0.0488817,0.949927,1.57599,3
1.67182,2.87653,-0.128471,2.56416,0.63178,0.892002,0.81934,1.20529,3
2.31569,1.26276,2.23473,2.77781,0.915651,-0.171504,1.5122,2.03238,1
1.10169,0.191164,-0.0452095,2.85661,1.83702,0.0224008,0.446974,1.13792,3
0.712041,1.44879,0.271394,1.58914,0.292158,-0.373147,0.837955,1.81315,1
1.67796,1.29585,1.04891,2.96786,0.718385,-0.21611,0.47955,-0.0301655,-0
0.293773,0.512806,0.00530396,2.44972,0.363653,-0.322191,2.16536,0.807285,3
1.58702,3.20404,1.56225,2.0092,0.904023,1.09557,1.93824,2.13292,1
1.8733,2.70355,2.077,-0.246492,2.53767,0.670935,0.798164,1.52472,1
1.11942,1.82282,1.04595,2.23037,0.575391,0.986057,-0.187091,1.28065,1
0.424373,3.2357,0.222997,0.468957,0.354863,0.780323,0.442125,1.56007,1
-0.338435,1.49742,0.229459,2.62067,0.621515,0.657419,0.0187267,1.78042,1
1.73151,2.42808,1.91378,1.06592,0.0902972,0.528117,0.306991,1.80095,1
1.88837,2.35947,0.915237,0.164023,0.419472,0.561082,-0.26053,0.560537,1
0.805553,3.83742,0.900281,2.50672,0.503074,0.295921,1.32454,1.91029,3
-0.000850206,2.90362,0.44295,1.40358,-0.0470437,0.77369,0.151002,1.20558,1
0.464102,0.355173,0.077344,2.65982,0.479378,0.0783203,1.03562,1.58353,3
1.47956,2.04674,-0.0405038,-0.203628,-0.118211,0.552866,0.976867,-0.130528,-0
-0.300994,0.536839,0.0183822,1.18715,1.15096,0.234457,2.10442,1.16651,3
0.199634,0.437266,2.94499,2.47968,0.832225,1.19551,0.361124,2.00757,1
0.0543733,1.56496,3.21654,-0.165784,1.4335,0.554887,2.03384,1.47298,1
1.84146,1.95411,2.76435,2.85663,0.374021,0.695411,0.322081,-0.119248,-0
1.34193,0.618421,3.48236,0.277925,-0.168627,0.0621748,0.403733,2.4465,4
0.810605,1.21038,0.637325,1.41243,0.819494,-0.127646,1.64811,1.94044,3
-0.103134,2.81223,3.09903,0.894524,0.755439,0.528802,1.26506,1.2445,3
1.32683,0.181048,0.19411,1.36611,0.159121,0.912066,-0.336312,1.50595,3
0.802563,2.43534,0.98344,1.42049,0.953614,0.516332,2.26979,-0.0871801,0
1.98005,1.40924,3.05646,2.75485,1.76351,0.352903,0.233721,2.03824,1
1.6529,-0.201488,3.14551,0.435079,2.39813,1.4097,1.96602,2.04715,1
2.04572,3.22388,2.28173,-0.0299616,0.780425,0.576836,2.08456,0.0436185,0
1.13761,3.64049,-0.21515,0.269081,1.34245,1.44948,0.424172,1.54634,1
1.30796,4.28132,3.17491,1.11921,-0.0583524,0.156996,1.36013,-0.0396024,-0
0.37619,3.62684,3.1794,2.64054,0.882828,0.585261,2.1227,0.999934,3
0.243251,3.63221,1.65771,2.37193,1.64007,1.26652,1.8547,1.86701,1
1.09779,2.69157,2.22698,0.480314,1.93335,-0.136785,0.539603,2.25056,1
0.696411,3.68579,-0.0747091,2.86199,0.916896,1.09223,1.45566,1.03443,3
1.25098,2.4507,2.74437,-0.0306489,0.240039,1.51685,0.953188,1.97589,1
1.19016,2.7281,0.582257,1.37528,0.765265,0.102127,-0.176579,1.07716,1
1.64829,1.58257,2.81095,0.685421,1.65612,-0.0138681,0.938771,2.02698,2
0.0899342,1.05619,-0.0886607,0.441872,1.74889,-0.0470616,1.90764,0.944052,3
0.655387,1.3814,0.589605,2.81167,0.454019,0.395872,0.00609238,-0.0251417,0
0.117747,1.19694,-0.0224467,-0.056605,0.753238,1.21702,1.59503,-0.121167,-0
1.4386,0.201693,2.94235,0.627475,2.35558,0.513316,0.360486,1.98045,1
1.76958,3.34588,-0.190013,-0.123198,1.18966,0.612143,1.50504,2.23597,4
0.55419,1.17398,0.414051,0.846443,1.06041,0.0495601,0.0120032,1.55305,1
1.53125,1.70564,0.799971,0.912693,1.07911,-0.61495,1.71398,1.3297,1
2.01683,1.95659,2.11299,2.65841,1.28109,-0.175509,0.0599566,2.20175,3
2.14932,3.81006,0.778096,2.58082,0.155126,1.24558,1.33102,0.356835,0
0.820791,-0.00962611,0.34696,0.633541,0.272217,0.0894172,1.81408,1.55364,1
0.586963,0.562967,0.0480389,0.360674,1.69402,1.0156,1.95599,0.234093,0
1.96064,2.20898,2.39627,3.18309,-0.0386921,0.352514,0.543803,0.654717,1
1.50062,1.49946,0.580795,2.69428,-0.18698,1.16796,1.6896,-0.0151703,0
1.15387,0.302358,0.73297,1.47665,0.75443,0.265629,0.00316651,2.15851,1
0.341567,0.417736,0.355908,0.781437,0.438413,-0.438712,1.35826,0.785523,1
1.58301,3.39546,3.09926,1.90982,1.90489,0.319093,1.77692,0.516081,1
0.13163,3.30737,2.21511,0.910422,2.30422,1.2688,1.44395,1.53179,3
1.56215,3.58526,-0.0767873,0.0718329,1.88032,0.335788,-0.0943344,0.006108,-0
1.62424,2.68118,0.184538,0.650729,2.21915,0.711585,-0.0943027,1.40559,1
1.41872,3.92086,3.33113,0.273986,0.677647,0.446428,0.991584,1.26818,3
0.0748321,0.896044,1.95426,2.33822,2.34173,-0.0675153,1.80577,1.16837,3
0.231315,3.16673,0.799103,0.251102,1.70122,1.07894,-0.364029,2.0217,1
-0.21987,0.305426,1.95501,0.989793,1.39589,1.01385,1.14368,1.44357,3
0.407153,0.886931,1.89892,0.593297,1.33986,0.340269,0.937157,1.24499,3
1.97348,-0.033259,1.7562,2.31972,0.333517,0.432738,-0.15785,1.47587,1
1.93779,1.65153,-0.0936209,0.406735,-0.000403897,-0.141249,2.10733,0.948849,1
0.172721,0.43715,3.34473,0.133276,1.88582,0.766181,1.42736,2.10473,1
0.738297,0.191166,-0.349498,0.783573,0.779314,1.31137,1.79577,1.19371,3
-0.339364,2.41515,1.9176,1.25411,1.81504,0.319155,2.0476,1.09473,3
-0.0633786,-0.320738,2.85873,2.53792,2.04441,0.108919,0.981575,1.7532,3
0.750654,3.4484,2.21166,2.36352,0.9302,-0.392478,0.667317,1.43805,3
2.11887,2.50553,0.172126,2.052,0.606165,-0.180344,2.11496,0.732168,1
1.19326,3.30179,0.215515,0.724045,0.227256,0.359833,0.0654134,1.01918,3
1.12354,0.466467,2.53971,2.8871,1.43538,0.643944,1.18776,1.48051,1
1.19164,0.485117,0.270293,2.3808,1.06939,0.823487,1.59898,2.01911,1
2.36284,3.89647,0.429512,0.16012,2.1985,0.756062,0.188779,1.4084,3
2.24594,-0.124752,3.07299,2.40069,2.13747,0.942009,-0.114414,2.00086,1
1.33704,0.308876,0.319854,0.0331318,0.461841,0.224912,0.867036,1.76817,1
0.172881,2.23117,1.82912,3.20239,0.384034,1.10497,0.770678,1.81226,3
1.58628,1.33566,0.629809,3.22295,-0.0674961,1.19221,1.27355,1.82429,1
0.0285554,3.13741,3.11632,1.7408,1.77342,-0.0226587,1.79004,1.13736,1
0.647632,0.986753,0.377541,0.0355938,0.563716,0.431996,0.787032,1.61666,4
0.143,0.283813,1.71014,0.59109,0.26854,0.0190758,1.14087,1.90012,3
2.05842,1.47963,2.31702,0.962365,0.449757,-0.0415181,2.05922,1.57294,1
1.65008,3.66432,3.04877,2.8925,1.12037,-0.0502104,1.15981,1.16707,3
0.825855,-0.0626715,3.09172,0.391746,1.6901,0.0889756,0.202294,-0.140737,0
-0.234386,0.0499507,1.28137,1.64071,1.06199,0.708696,-0.77087,1.41267,3
0.206485,1.07118,2.47704,-0.0481572,0.098687,0.467433,-0.113931,1.67693,1
2.04828,1.55777,1.00115,2.95086,1.37938,-0.199015,0.496215,1.19708,1
1.20581,1.37518,1.12263,1.19379,0.683372,0.199407,2.14932,-0.110219,-0
0.924268,2.93283,0.0964131,0.280741,1.78533,0.0346392,0.340806,1.55941,1
0.0651281,-0.366668,1.21783,1.37822,1.68788,0.798314,0.0571545,0.865283,3
0.416726,3.20917,0.193866,2.69703,0.816742,1.30866,1.10603,1.15787,3
0.435526,0.705872,1.89048,1.21975,0.354006,1.14236,2.02544,2.12176,3
0.733342,0.305979,1.84193,-0.274681,2.09084,0.862194,1.45837,1.24789,3
0.64566,1.51812,2.30083,1.057,1.53209,1.16463,1.8917,1.15478,3
1.50061,3.74527,3.08853,1.42492,1.52575,0.323924,0.760332,0.00703341,0
0.313097,3.17694,0.825092,0.00364337,1.30776,-0.318791,0.252284,2.23312,1
1.68429,0.675533,2.43072,2.69076,2.23638,-0.124813,1.68992,1.38208,3
1.04493,3.66241,-0.111631,0.377664,0.92023,0.119147,0.83112,-0.0403951,-0
0.569324,3.34603,0.070152,-0.191661,0.840179,-0.345065,0.939082,1.8015,1
0.624831,3.11464,1.5926,1.83161,2.17446,-0.0519677,0.414085,1.8105,3
1.77636,1.04426,0.602756,2.94579,2.13878,0.645017,0.75338,0.973295,1
1.41604,-0.167577,1.848,0.957931,0.931312,-0.068795,-0.175206,-0.0891973,0
1.00149,1.26707,0.0756353,2.56815,2.16957,0.553236,0.149539,2.05945,1
1.36885,-0.132937,1.11664,1.09959,-0.411047,0.234058,1.12736,1.25113,1
0.751418,-0.338578,1.79011,0.787875,-0.397702,0.324365,1.48643,1.97534,3
0.629609,2.90908,3.44933,2.0505,0.166774,-0.072215,1.52196,-0.111542,0
0.293699,-0.130848,2.80077,2.96918,0.745542,0.514524,0.501298,-0.208349,-0
0.365381,0.342412,-0.000251122,1.90279,1.51825,0.343487,1.68117,-0.120536,-0
1.74359,2.06559,0.524397,0.848199,2.12113,0.061306,1.45797,1.13512,1
1.84574,0.372634,0.428794,2.39974,1.85318,-0.342483,-0.264434,1.39332,1
0.820519,-0.526915,0.598779,1.06288,-0.155898,0.316284,0.556253,-0.122391,0
1.754,0.895016,0.681372,0.169989,2.49042,0.699338,0.284891,0.692565,1
1.67482,0.432603,2.07646,1.90508,1.13065,0.380551,1.89195,1.71823,1
1.96994,-0.125429,2.49931,1.73959,0.0347882,1.09356,1.37271,1.4102,3
1.20283,1.91905,1.98401,1.07606,-0.0254213,0.990808,1.1088,2.15273,4
0.124604,0.456229,0.206997,-0.0022249,2.34389,0.589208,1.53304,1.948,3
0.137683,2.69859,0.51612,0.42434,2.64337,0.344535,0.629891,1.43534,1
2.28867,1.1045,1.58009,1.5079,0.927732,0.0247307,0.647039,1.12494,1
1.5677,2.65306,0.76237,0.602003,0.652737,0.0910237,0.0281734,1.62751,1
1.52467,-0.106988,0.069792,0.546474,0.362846,1.12899,1.47374,-0.0709779,0
1.08069,0.467823,1.98952,0.541138,0.762175,0.853554,0.776391,-0.105012,0
0.162474,3.86516,-0.350421,2.91737,-0.416686,0.230568,1.54048,1.45481,1
2.26421,0.971571,0.464448,1.27198,0.765968,0.24614,1.61382,1.69655,1
1.73745,2.89027,2.29194,0.197349,0.869101,1.11206,0.828664,1.43744,1
1.94963,-0.261603,0.0186479,1.92752,-0.393793,0.981712,0.985947,0.30224,0
0.667243,2.48304,-0.290512,0.204767,1.81758,0.0948667,-0.148866,1.60983,1
1.89454,0.934771,2.12972,-0.0545216,2.23126,0.883949,0.565441,1.63763,1
0.376874,-0.115814,-0.0722508,-0.0608325,1.81646,0.254597,0.203082,1.56905,1
0.629103,3.19691,0.422244,0.253344,1.8825,0.204769,-0.218358,1.28642,1
0.336987,0.161873,2.24189,2.79886,2.14866,0.552102,1.70289,1.0296,3
0.865991,1.74698,2.77693,2.67198,0.986658,0.151962,1.02305,1.49285,1
1.95986,0.928516,-0.610492,-0.459612,0.898384,0.3296,0.475813,2.17542,4
1.30346,1.46221,0.58422,0.140622,2.3097,0.0390918,0.26767,1.64707,1
1.71473,3.65373,-0.0201498,1.362,1.41719,0.358286,0.976101,2.09565,3
0.760414,0.976321,-0.0699141,1.69707,-0.278306,-0.1672,1.85415,0.582819,1
1.65088,0.677654,2.54998,2.53454,1.69684,0.423378,-0.0628984,1.82382,1
0.280993,3.16627,-0.208446,1.79945,1.73445,1.73982,0.507949,2.06584,1
0.854886,1.88403,3.22155,0.666146,2.0841,0.81878,0.0549736,1.73511,1
0.944357,0.612253,1.68139,2.69841,1.7711,-0.316536,1.35709,-0.137954,-0
1.89199,1.62782,3.05908,2.95512,0.619117,0.929042,1.23648,1.8576,1
0.368318,1.2738,2.93212,2.58263,1.97414,0.420545,0.871569,1.92001,1
2.12802,2.71482,2.82231,1.23265,0.719258,0.586822,1.03635,1.61215,1
1.7709,0.00553608,0.118438,2.41169,1.10069,1.13328,1.54241,1.61483,1
0.785197,3.82018,3.11679,0.855503,0.937321,0.508715,0.483789,0.614692,3
-0.200302,0.681727,3.37747,2.84808,0.625496,0.793756,1.14151,-0.0694974,-0
0.653913,2.03914,-0.236368,2.45758,0.628164,0.05874,0.252954,1.97456,3
0.862318,1.07101,1.80517,2.5798,-0.00199369,0.302783,0.772036,0.884375,1
0.335862,1.31505,0.315146,0.403944,2.1729,0.29607,1.01135,1.90771,1
0.746064,1.12514,0.178338,0.174956,1.25143,0.64839,-0.364807,1.68342,1
1.56164,-0.0940955,0.354145,0.29994,1.92279,0.617478,1.77744,-0.16084,-0
2.19622,3.64443,2.74767,-0.172311,2.06643,0.259438,2.16481,-0.000259043,0
0.605985,1.54886,0.256409,-0.116495,2.15509,0.768668,0.193052,1.47027,3
1.33761,3.26664,0.986902,0.716786,0.48134,0.0911205,0.504367,1.46397,4
0.12338,1.58074,1.58238,1.92628,2.66346,-0.0530191,1.288,0.90853,3
0.998657,0.088247,0.939857,-0.067858,0.995411,0.732084,0.0275408,0.870033,3
0.167196,0.633806,0.111075,1.39655,-0.576611,0.0881678,0.413832,1.61615,1
0.406038,3.04118,2.28965,1.86357,1.78453,0.167369,1.37589,1.8611,1
1.16987,0.607641,-0.0829674,0.958443,1.96127,0.517766,0.365482,1.64887,1
1.98223,1.5141,3.19128,1.29772,1.13247,0.582023,0.372816,1.99801,1
0.268887,0.261765,2.44515,0.300521,2.01101,-0.202224,0.0670748,-0.14036,-0
0.448092,2.03489,0.957726,0.14039,0.544816,0.215763,1.78307,2.45196,1
2.00492,2.73103,0.837334,0.239962,2.28047,0.1813,0.494198,1.19462,1
0.709793,0.150802,2.27223,-0.105835,0.18318,0.644043,0.108764,1.71858,3
1.98069,1.08022,2.94795,0.216073,1.28119,0.551195,1.09105,1.55566,1
0.453455,3.51917,0.694036,1.85681,0.0552254,-0.105081,0.199968,1.97593,1
1.0259,0.658311,1.6725,0.44538,0.777021,1.54739,1.77144,1.91918,1
0.735554,0.59584,3.13353,0.856769,0.574765,0.236614,1.03199,2.14386,1
0.958836,-0.361736,0.700091,2.84287,1.42167,1.17632,1.55396,1.29619,3
2.18066,-0.127909,2.97575,2.89659,0.620273,-0.0510016,1.79174,1.44709,1
1.74554,3.8752,1.81439,-0.151205,1.69803,0.432136,0.704576,0.00956414,-0
0.350769,-0.281122,2.57711,3.04863,0.699168,0.231245,2.35577,2.2555,3
1.78591,3.60163,0.0638625,1.22579,1.51818,0.19086,2.38295,0.155288,0
0.719023,0.272514,2.03248,0.069547,0.0361315,0.29467,2.24994,-0.0522032,0
1.72398,0.880145,2.99716,1.02827,1.68745,0.563116,0.362998,-0.00478543,-0
0.503921,0.369066,2.8897,2.31872,1.79656,0.274413,-0.157587,1.8003,1
1.20214,2.71721,2.22075,2.46374,0.818828,-0.16425,-0.152389,1.85016,1
0.335831,2.05717,3.1053,1.7829,1.08976,0.0837158,-0.184228,-0.117772,-0
0.423151,-0.33107,-0.108647,2.57389,1.48379,0.265968,0.595277,-0.253956,0
2.27136,0.335694,1.62979,1.14429,2.07831,0.572738,-0.384096,1.00851,1
1.8085,0.858905,3.33245,2.8786,0.655186,0.432329,0.979666,1.20311,1
0.358388,1.22098,0.0652171,0.880317,1.30065,-0.116114,1.25386,-0.151114,-0
1.13439,2.73861,1.00855,2.58658,0.76214,0.400944,1.95113,0.648558,1
0.919625,0.589024,1.87676,0.751501,2.29316,0.97712,1.27085,1.05555,3
-0.411453,3.09938,0.0296437,0.486036,1.10771,-0.225867,1.2361,1.95578,1
-0.120494,0.35279,1.44338,2.81941,-0.0988464,0.538176,1.05094,1.46086,3
0.427003,2.72837,3.64725,0.167567,0.905168,0.552167,0.63373,1.60896,1
-0.180047,1.11183,2.72044,1.54425,1.5537,0.143051,0.585678,-0.1566,-0
0.38411,1.69148,1.2441,1.19602,1.97838,0.180689,-0.270646,1.59718,1
0.308553,4.19289,3.40421,3.17763,0.375748,1.22247,1.59683,-0.116236,-0
0.305868,2.74496,2.17463,1.30255,0.380827,0.458294,0.0929097,0.483906,1
2.71081,-0.224863,-0.0689553,1.43346,0.833711,0.420857,0.794523,1.96904,4
1.94603,3.27576,-0.16987,1.77828,2.12421,0.690219,0.0190202,1.84902,1
1.96689,2.72755,1.17917,2.67317,1.28838,0.0498809,0.124321,-0.108015,-0
1.20859,1.98706,0.696074,1.37822,0.473042,-0.261993,0.455617,1.9661,1
0.944094,3.18721,-0.616281,2.37229,2.00944,0.323605,-0.874495,2.19182,1
0.303718,1.03361,0.178606,0.714284,2.14982,1.17427,0.493714,1.63363,1
2.52977,0.538876,2.83508,0.908716,1.791,0.603222,0.300434,1.67969,4
-0.320064,4.06923,0.864069,2.89765,1.69319,0.183421,0.814574,1.79191,3
0.553577,0.0770169,1.96488,0.349469,0.238967,0.630337,0.390051,1.45602,3
1.98017,1.08398,-0.212445,2.47326,1.82259,0.551433,0.0911634,1.46597,4
0.556408,1.14239,1.93556,1.00959,1.99084,0.799446,0.275745,1.12588,1
0.581638,2.76408,0.0621088,2.02472,0.660386,0.761019,0.820811,3.03773,4
2.08694,-0.0184449,-0.117484,1.16839,1.37686,0.554742,2.15087,1.28228,3
0.19366,3.44121,2.38242,2.07908,1.37353,0.751027,1.21764,1.1014,3
1.13646,2.50968,-0.0321382,0.987536,1.88935,-0.218778,-0.215233,1.43734,1
1.66106,1.93077,0.429239,3.0081,0.0136844,0.379826,0.798185,1.95121,1
1.21429,0.359643,2.6698,2.6228,1.71947,1.22652,1.4198,1.10602,3
1.2143,-0.0242073,1.84954,2.62083,2.11134,0.556206,1.58519,1.44389,3
1.85819,1.87947,-0.262317,-0.0785986,0.402814,0.666976,-0.0765015,1.72982,1
0.830558,0.0853247,0.143374,3.12628,1.9045,-0.571875,0.964937,-0.108949,-0
1.90261,0.750423,-0.0534663,1.18226,1.14456,0.607954,-0.0308992,1.31852,1
-0.279757,1.86714,2.9193,0.166861,0.035984,0.706272,0.963525,1.99503,1
0.829203,3.96668,1.67319,0.194503,1.71299,-0.0115168,-0.677043,1.64334,3
0.351268,0.269038,1.42764,1.05988,2.62555,0.0205858,0.977569,2.06404,3
0.777984,1.70347,1.04752,0.368845,0.0714023,0.490123,1.49913,1.54801,1
0.34805,3.43198,-0.146683,0.214529,1.94099,0.173571,1.31564,0.0396331,-0
-0.121039,-0.483825,1.61296,2.17503,2.30272,0.405214,1.62852,-0.178075,-0
-0.0629466,3.11099,2.48947,-0.0523012,1.81165,0.283422,0.230152,0.960843,3
-0.132396,2.06403,3.46565,1.69758,1.22391,-0.458269,1.76867,1.51929,3
1.50995,0.352828,1.15289,1.9858,0.0717755,0.928396,0.454325,-0.107485,0
2.04455,-0.324198,2.11468,1.1452,-0.358018,0.118934,0.302843,1.47953,3
1.16834,2.1307,2.7161,2.9409,0.0859337,0.910523,0.561791,2.26078,3
0.262737,0.467788,0.104712,0.109301,1.0857,0.0862386,0.920294,2.22602,1
0.708889,-0.0810934,1.73599,-0.142532,1.33086,0.17134,1.81374,1.32135,3
2.09238,3.47957,2.19932,2.68371,-0.175988,0.457449,1.98318,1.81322,3
1.23931,0.736713,2.14085,0.657428,1.57673,1.15357,1.24178,1.65423,1
1.09725,0.817713,2.36339,1.09294,1.23039,0.881009,2.53745,1.53661,1
0.658543,2.68206,3.09107,0.859529,0.355737,-0.0275081,0.211357,2.08885,1
2.44628,0.0546514,0.460834,3.0735,0.762329,0.905014,0.106319,1.78217,1
0.588456,2.00213,3.08887,2.75516,0.483856,0.259046,0.193127,-0.0746187,-0
-0.218547,1.63377,0.445014,1.4756,1.4775,0.724618,0.790165,1.21311,3
0.778687,2.74509,-0.233032,0.288409,1.74216,0.785557,1.72862,1.20923,1
1.4717,1.61442,3.0375,0.989579,0.757622,0.03979,0.827565,1.74175,1
1.01761,3.00352,0.733519,0.113384,0.858294,0.29205,0.428441,1.36774,1
2.25067,0.307241,1.025,1.83202,1.98986,0.275371,0.588528,1.74476,1
2.85825,0.172471,2.24658,0.854123,0.915604,-0.068473,0.218693,1.79455,4
2.18416,1.70536,2.78268,0.70841,0.412562,0.717256,1.50864,1.09039,1
0.906329,0.427315,1.23727,3.03461,1.66246,-0.191173,-0.0535445,-0.0885024,-0
1.60691,3.20455,-0.13748,1.17772,0.698117,0.417172,2.22086,0.802232,3
1.03787,1.29942,2.78997,1.60478,1.55177,0.958862,0.432896,1.92363,1
1.3692,3.5337,1.43229,-0.0181959,2.04983,0.86024,-0.0457686,1.13392,1
2.0054,2.12679,2.60222,-0.186758,0.423499,0.363613,0.183352,1.76477,1
1.58193,3.97692,2.70074,1.83715,0.600972,1.20031,0.609258,1.56792,3
1.11174,-0.209065,0.213648,2.99505,0.134558,0.540591,2.00603,-0.0621309,0
1.18022,2.9493,0.865103,-0.0594612,0.804558,0.642706,1.30402,1.26804,1
2.42812,-0.433991,3.09037,1.56053,1.27897,0.583521,1.69396,2.0121,3
1.19562,1.5362,1.34116,0.0661528,1.79083,0.735581,-0.395082,1.81376,4
2.24787,-0.394731,-0.273313,2.40374,0.75152,0.556839,0.401946,1.37219,1
1.43217,3.35701,0.313321,1.05761,0.623212,0.651181,1.46411,1.50576,1
1.14588,-0.33439,0.616283,2.5755,1.8999,0.559799,1.67965,1.90305,3
1.57069,3.11285,1.74513,1.93306,0.735245,0.153722,0.203282,1.17349,1
1.64277,2.21554,0.25315,0.903024,1.96276,0.227668,1.16953,2.0331,1
1.33048,-0.226614,-0.0786441,1.86682,-0.394549,0.507998,0.0791964,2.00812,1
0.860479,0.957029,1.42431,0.0154663,2.37349,-0.0079916,-0.028402,1.46782,3
0.886835,-0.0668255,2.02052,1.23016,1.758,0.909339,0.432009,1.59814,3
1.84539,3.74376,1.37415,-0.119949,0.905982,0.900117,1.58447,1.056,3
-0.0508993,0.770688,1.11183,2.63272,1.31485,-0.316131,0.695481,0.891774,3
-0.13885,-0.42796,2.95438,0.950063,0.821687,0.799517,1.00819,-0.143238,0
1.55235,0.528307,-0.222445,0.696622,1.66492,0.621634,1.56833,1.41948,1
1.62575,3.5552,2.78941,1.41349,-0.230584,0.918763,0.929604,1.1397,1
0.461546,2.80129,0.0428979,0.474099,0.656202,1.85982,1.90008,-0.143418,0
1.65605,1.72998,0.0975041,0.0166853,0.574524,0.444249,1.9806,-0.112252,-0
0.43753,1.50301,-0.226347,0.141525,1.65164,1.05607,1.75962,1.4779,3
1.71942,-0.19931,1.92417,2.47364,0.243573,1.44548,0.0672073,0.715545,1
1.28971,0.760497,0.923395,1.67525,1.8532,0.753881,1.01455,0.999862,1
-0.127678,3.87729,1.76854,1.81008,0.475772,0.65683,0.356978,1.57219,3
0.213579,3.49507,-0.42765,2.51464,1.39217,0.564759,-0.322649,2.58357,1
1.25133,1.7628,-0.0808487,0.113341,0.339911,0.693593,-0.205751,2.09296,1
1.01379,1.3857,-0.0176828,2.27341,1.40156,0.894018,0.243715,-0.0842612,-0
0.218772,2.43292,0.950449,2.96688,0.958006,1.23191,1.15404,0.978719,3
0.235649,1.95158,-0.107622,3.39738,1.30156,0.204235,0.213166,-0.0799253,-0
1.06846,2.48692,0.823893,2.97948,1.46954,0.380875,-0.0869184,0.190954,1
0.605818,3.16134,3.19179,0.550703,1.59365,0.734577,0.387456,1.2469,3
1.22355,1.15863,3.24673,0.491795,0.893938,-0.885731,0.8123,1.00637,1
1.44094,3.90329,1.00193,-0.167475,0.477651,1.45721,1.57976,-0.0798419,-0
-0.034863,-0.126841,0.262868,1.17607,1.91656,0.223774,1.10006,1.46978,3
0.916437,3.58445,0.158697,3.09794,0.191407,0.26202,1.0043,2.12145,3
2.0762,1.40007,3.19245,0.608783,1.34859,0.314714,0.483751,1.45109,1
1.1271,3.70131,2.02319,1.07947,0.631734,0.323785,0.289319,0.072824,0
1.08605,1.44847,0.0188539,0.00319722,1.82613,1.09815,0.308059,0.787379,1
-0.317943,1.6635,0.201259,2.51505,1.90888,0.0310453,1.87563,-0.1512,-0
1.16383,0.206804,-0.218755,1.67722,0.735979,-0.0376494,0.561253,0.990989,3
0.8229,0.154095,0.121361,1.97966,1.53824,0.458958,2.18267,2.09838,1
-0.0988398,3.701,2.75076,1.84613,0.663369,0.557376,1.47151,2.04426,3
1.67536,0.330127,2.77511,-0.254303,1.03919,0.134662,0.848472,1.76,1
1.21365,1.09975,-0.0699696,3.34299,0.321418,0.898824,1.31,1.89059,1
-0.0311016,3.39537,0.180158,2.59352,2.22967,0.0700041,0.798755,1.11373,3
1.74335,3.61707,0.800398,2.77548,2.73392,0.361435,0.458269,1.75346,1
2.07657,2.24786,1.55372,0.77949,0.700703,0.369144,0.83857,1.49564,1
1.79272,1.23755,2.40569,0.898329,1.64327,-0.140765,1.88337,1.3122,1
1.58674,1.29273,0.323593,0.193304,1.32349,0.793386,1.78859,1.94503,1
1.78015,2.39095,3.05791,2.50822,2.33081,-0.0337148,1.24035,1.19169,1
1.83817,2.47841,0.0057948,0.951044,-0.293155,0.430008,0.446288,0.454497,1
1.76056,0.042406,0.327021,0.80565,0.806264,0.389888,0.0712069,-0.0370974,-0
1.50568,0.639434,-0.326576,-0.430518,2.49722,0.88606,0.939817,1.71111,3
1.70445,-0.0895861,0.735692,0.406131,1.53717,1.27353,2.0284,1.58435,3
1.5453,1.2241,2.58355,2.1907,0.856619,0.364675,-0.373246,1.84059,1
2.42574,0.375522,1.14041,2.22902,1.64863,-0.469465,0.530427,1.74255,1
0.544742,0.992058,2.4388,0.768438,1.74822,0.923613,1.62423,1.10517,3
0.120854,2.10682,0.9235,1.13095,1.40223,0.598272,0.132418,0.05747,0
1.20647,0.405764,0.975522,0.019259,1.86078,0.296804,0.280917,1.64024,1
1.85455,-0.0153009,2.36044,2.39981,1.11507,0.497502,0.20066,1.28772,1
-0.46563,3.80653,3.47905,0.676894,1.14172,-0.0513331,1.56943,-0.155904,-0
1.63413,0.559335,1.48626,1.26894,-0.15244,0.459902,-0.129947,1.36561,1
1.66046,3.29269,0.0850517,2.63192,0.805815,1.09072,-0.226127,0.819066,1
0.192656,2.66416,0.608777,1.67144,1.75412,0.308441,2.11751,1.41934,1
1.19291,2.73927,3.20688,2.88217,1.85239,0.453757,0.536196,1.09795,3
1.24623,2.1013,1.36614,0.881302,-0.0561397,0.610014,0.236462,0.935926,1
1.85022,3.69668,2.96165,0.658196,0.166805,-0.137014,2.17516,2.07822,3
0.639756,2.15875,2.08746,1.52148,1.15606,-0.427304,0.0472716,1.07271,1
0.192029,1.49077,1.45335,0.846444,2.57702,0.00533734,1.16362,-0.086268,-0
0.275543,1.29854,0.111886,2.43502,2.76179,0.922608,0.954009,1.57788,3
1.1553,3.9408,1.43554,2.10621,-0.114079,0.338674,1.24546,-0.024495,-0
1.90124,1.3569,2.82785,2.8591,1.65825,0.421648,0.232636,2.05122,1
0.131842,3.66734,1.17308,2.44979,0.883089,0.432139,0.918413,1.57637,3
0.240509,3.75574,3.27022,2.74793,0.70197,0.960536,1.44336,1.68738,3
2.04833,1.79939,3.01452,1.52485,-0.52185,0.210241,-0.173453,1.91037,4
1.20232,3.54035,0.664828,2.73719,0.453355,1.25086,2.34449,1.93425,1
-0.108297,3.08267,2.59272,1.7852,0.933729,1.2775,1.24872,-0.145338,-0
0.78454,0.965272,3.30087,1.67312,1.84891,0.428327,1.05936,1.50767,1
2.63889,2.09962,2.02549,1.35635,0.772003,0.741045,0.058818,2.20268,1
0.464669,3.38997,0.967116,1.04818,0.696286,-0.0897606,2.37892,1.14535,3
1.49586,0.0926487,2.50816,0.228159,-0.342141,0.0730096,2.03901,1.26147,1
0.782362,3.71018,2.11592,2.60674,1.38927,0.85661,2.00133,1.40461,3
0.483133,0.547495,0.00438719,1.88546,1.01673,-0.398577,0.804946,1.87519,1
2.16903,-0.315452,2.0165,0.64948,0.566655,0.146537,0.361653,1.55544,3
-0.0430899,2.93368,3.4246,0.453823,0.343002,1.02368,1.56579,2.01936,1
1.64581,1.55785,0.00118614,1.31716,0.147892,0.940565,0.533696,1.83317,1
1.49857,2.63985,2.7036,1.41669,0.650787,-0.0836549,1.79741,0.0564893,0
0.177728,0.637174,3.04053,1.0923,0.300065,-0.206745,0.615212,1.13028,3
0.612026,2.13502,2.85872,0.330657,-0.173958,-0.360575,1.36249,1.47947,1
1.40809,0.0363468,1.39979,0.497793,2.17484,0.352711,2.00123,0.676618,3
1.61704,3.84975,0.88607,3.27538,0.185783,0.373943,0.825729,1.87481,3
1.61688,0.877821,2.01764,1.14704,2.20218,0.444982,0.889623,-0.205958,-0
0.932921,2.07034,0.0755212,1.27499,1.26505,0.473082,0.0221548,1.72684,1
-0.300665,-0.249718,2.6138,1.93162,-0.0440872,0.837948,0.759631,-0.0368749,0
1.20258,1.54292,0.277348,2.63007,0.170421,0.336391,1.82983,2.20098,1
0.916285,0.808483,1.97457,1.93711,1.70966,0.727354,1.79912,-0.212044,0
0.535506,1.01442,1.16585,2.09584,2.1456,1.55064,0.0830163,1.89506,1
-0.254356,-0.392141,3.16783,1.01613,1.19636,0.858632,0.800286,2.46915,3
1.14398,-0.349723,3.29024,0.110311,2.01342,0.515262,1.09892,-0.123762,0
1.65512,0.208419,0.585387,0.11232,0.832483,1.17921,1.39437,-0.0880335,-0
0.287345,0.932243,0.829194,-0.253291,0.112446,-0.0466965,-0.0405867,0.358349,1
0.837334,0.923465,1.37756,1.43401,2.26923,0.138418,1.50834,1.97843,1
0.0478031,1.48439,0.0988735,1.46541,1.66334,0.770044,1.44423,1.14133,3
1.24969,-0.610929,1.46099,2.01242,-0.212036,0.533635,2.12254,0.818027,1
1.04523,1.03328,0.688221,1.09394,1.27327,1.13065,1.63161,1.88901,3
1.38735,1.35404,0.445551,2.29502,-0.0147421,1.39027,0.259902,-0.078071,-0
1.05964,-0.238352,1.87523,1.48931,0.942794,0.772057,-0.142288,-0.0527853,-0
0.147504,-0.103437,1.78803,0.0195117,0.634118,0.097578,2.11933,1.08213,3
1.71497,2.93913,3.40518,2.44348,1.88536,-0.0393101,1.92181,0.828461,1
1.47313,-0.0934758,2.87711,2.57325,1.00036,0.802046,-0.281898,0.0332872,-0
1.19782,-0.199655,0.200208,0.99884,1.70354,1.27175,1.79123,0.0469829,0
1.69679,1.84133,1.0844,0.0474045,2.44488,0.545413,-0.141929,2.07909,1
1.69995,1.94816,0.607654,2.85078,1.55322,0.525297,0.868963,1.81702,1
0.517232,1.30537,2.01507,2.8452,1.07354,0.357012,1.22681,-0.094628,-0
1.7359,0.776773,0.277348,1.31881,0.826843,0.444541,0.675575,-0.0325837,-0
1.08308,1.83555,2.27352,2.28949,2.66115,-0.224505,0.738734,1.68121,1
2.17196,0.509353,3.13979,2.27599,1.52787,0.505728,2.10435,1.64125,1
2.1559,2.83171,1.33158,1.32295,0.782055,0.624954,0.274498,1.6081,1
0.272653,1.57586,1.16934,1.47766,1.9548,1.3714,1.41093,-0.129478,-0
0.432976,1.30831,1.84281,0.481765,0.112526,-0.513374,-0.114363,1.56099,1
1.16003,3.80356,0.779536,0.684015,1.09168,0.528735,-0.0398427,1.65784,3
0.393924,-0.111784,0.190962,1.03771,0.502285,0.211187,0.809591,0.830709,3
1.49555,0.38363,1.54073,0.866856,1.91003,0.582249,0.385439,1.25304,3
1.00393,2.24763,3.36092,3.00587,0.410421,0.502041,0.293388,2.48862,1
1.45284,0.825354,1.24946,0.884613,2.03806,0.295433,2.04948,1.03085,1
1.80702,0.82002,1.66583,-0.275823,1.15132,-0.532871,0.528411,1.28874,1
-0.131537,2.37548,1.38724,0.792648,0.48162,0.587881,0.317714,1.96325,3
0.367375,3.37605,0.29551,2.47478,2.21095,1.49955,0.921115,1.48049,1
2.00711,2.26357,2.87669,2.18606,1.09401,0.458554,1.60959,1.56525,1
1.28791,2.61316,1.09329,0.781073,1.60234,0.655179,1.66837,2.11033,1
1.48113,1.5191,0.19078,2.40558,1.5679,0.625738,0.93875,2.08739,1
1.70373,3.53926,-0.17635,2.97268,0.681329,0.241267,-0.182057,1.67057,1
0.340113,2.10032,1.35225,3.0207,1.19711,0.497218,2.20497,1.74903,1
0.130236,3.73498,0.888053,1.66991,0.741586,1.15718,1.14028,0.962249,1
-0.353841,3.67207,1.02052,3.04239,1.46832,-0.00111963,0.303627,1.98699,3
1.92091,2.19538,-0.183058,0.51459,0.802007,0.560767,1.26461,1.02078,1
0.652028,2.65527,0.799093,-0.0129279,1.29728,0.0905932,1.25443,2.00648,1
0.237799,0.515176,2.86046,3.08136,0.540413,-0.0521459,0.137786,0.000347557,-0
2.36263,0.532897,2.59884,2.82249,0.913866,0.405311,-0.177653,1.69063,1
1.42558,0.505399,0.340983,0.129267,1.67212,0.790922,0.0878576,1.65816,1
2.18128,2.77585,3.04998,2.54241,0.919838,0.383196,1.6597,1.48314,1
0.0785525,2.96675,2.00763,3.06076,1.28396,0.171231,0.516037,-0.143597,-0
1.44925,3.7273,-0.0837994,0.0824398,0.954434,0.588847,0.757304,1.40822,3
-0.0222626,2.1074,1.88364,0.788266,0.360766,0.464545,-0.260014,1.2484,3
1.78826,1.08264,2.88981,2.78134,2.14639,0.325714,1.80435,1.98894,1
0.126238,3.69497,0.730082,0.107595,0.509495,0.213548,2.0442,-0.0281398,-0
2.03238,0.429344,0.335456,2.04521,1.98609,0.0707008,0.326272,1.88406,1
1.14067,1.37168,1.83791,1.13178,1.13722,-0.289315,0.44421,1.64721,1
-0.11353,-0.0310574,2.80267,2.00632,0.249166,-0.0810245,-0.189267,1.40031,3
0.935323,0.918663,2.75274,2.06884,2.49489,0.476013,0.932562,2.45583,1
1.6958,1.90163,3.00918,2.82262,-0.277582,0.420979,2.25015,1.1391,3
1.40833,2.68794,0.388042,0.428393,0.414594,0.860106,-0.160996,1.46218,1
2.02102,1.3321,1.49067,-0.0456137,-0.080177,0.206969,0.0808506,1.49312,1
1.0969,2.99233,0.462055,3.33092,1.14052,0.211988,0.734895,1.99648,1
1.82475,2.70915,2.01273,2.19414,-0.333677,0.668878,-0.318646,-0.15069,-0
0.311473,3.05302,2.86754,3.01073,1.09772,0.580206,-0.444469,1.92542,3
0.150709,3.51573,2.92423,1.13555,0.339962,0.355499,1.79684,1.12843,3
1.59415,0.314669,0.639,2.84335,1.28829,0.616242,0.363991,1.14132,1
2.05728,0.0902686,0.489395,0.761043,-0.354975,0.206571,0.670294,1.89035,3
2.58674,3.88698,0.151168,2.14128,2.32888,0.727826,0.397295,2.27379,3
1.38354,0.542551,-0.300108,1.60331,0.46132,-0.232027,0.63674,1.19992,3
0.654554,3.09158,1.70708,1.31044,0.361369,0.168218,1.34278,2.23549,1
0.623352,0.755785,0.446289,0.730273,2.26448,1.51809,0.885153,1.60692,1
0.856666,1.0428,1.488,-0.355306,1.11817,0.38173,2.30401,1.61744,1
0.13709,0.928072,2.29984,2.60711,1.16885,0.455187,0.863987,1.89994,1
1.03263,2.34807,3.28856,0.128826,0.123689,0.486113,1.51797,0.60708,1
0.388434,3.80929,1.94274,1.94356,1.84484,0.43769,1.11566,2.38726,3
2.05096,3.87828,2.9745,1.5804,1.53393,0.314746,1.99208,0.0439378,-0
1.10595,2.08623,-0.0237946,2.25645,0.808137,0.0890753,1.33011,1.54004,1
1.43678,2.33826,1.17367,2.89243,1.67308,0.721211,1.64316,0.868181,1
1.97359,0.00486854,2.8389,1.27299,0.514817,0.0396502,-0.0529762,1.72456,1
1.53881,0.506778,0.986283,0.07776,0.712465,1.00945,1.64723,0.877662,1
1.50261,2.25354,2.72274,3.1182,2.34193,0.429649,0.543607,1.68139,1
1.20227,1.59326,1.7027,3.01519,-0.143316,0.764403,-0.172974,-0.184521,-0
1.85787,2.40895,1.91694,2.78072,0.717425,0.050781,0.757401,1.89697,1
-0.117469,2.07434,1.98729,1.90606,0.578909,0.93941,2.01953,1.23835,3
0.0951057,1.51057,2.10291,0.64882,1.76525,0.215757,1.3412,2.34499,3
1.59577,1.33607,2.41429,0.496777,2.35299,0.528754,0.54134,1.12122,1
1.64473,3.50669,0.709549,1.44391,1.56818,0.369805,0.0883664,1.75117,3
0.277546,0.0876857,2.17749,1.43442,1.9708,-0.0494072,1.23897,1.25842,3
0.92552,2.7473,1.30936,1.93563,1.61819,0.455998,1.32953,0.91859,1
1.72797,0.153814,2.87197,0.155195,2.11356,0.395623,0.431183,1.3307,3
2.62031,0.0403385,3.22505,0.353131,0.757047,0.287166,2.0469,1.659,1
0.0963014,0.244808,0.454866,1.09211,2.46888,0.54075,0.759578,-0.179197,-0
0.194934,0.269468,0.370434,1.00032,1.44067,-0.238037,1.01771,1.13171,3
0.718148,-0.135052,0.651315,-0.171196,1.51232,-0.385814,2.02735,1.43208,1
0.134312,0.876771,0.0145886,0.691692,1.36613,0.775724,0.832775,1.03773,3
0.190833,3.19636,1.95745,-0.139314,2.49938,1.34867,1.59854,2.0578,1
0.564935,3.48782,1.75036,2.20036,-0.0643631,0.776152,2.42511,-0.0615852,0
1.82366,2.53617,3.06886,1.89543,1.37345,0.24442,1.05556,-0.0315623,0
2.1328,2.57027,1.08821,0.572995,0.836561,0.906985,-0.372601,-0.0624841,-0
1.54131,1.84825,0.559481,0.21779,1.73772,0.36853,2.25985,0.720172,1
0.660572,1.89117,0.0698714,-0.102794,-0.330178,0.745216,0.35041,2.13448,4
1.16218,4.05659,2.53727,1.82448,0.717463,0.225106,0.152741,1.15604,3
1.16685,1.04837,-0.245303,2.75559,1.8962,0.197343,1.92747,0.484212,1
0.581871,0.782842,0.0163868,2.5698,1.14514,0.153333,0.938494,2.24546,1
-0.516908,3.2712,1.30874,1.38154,2.18116,0.172744,-0.169423,1.61104,1
2.03316,0.260814,2.04953,0.783638,1.98475,-0.493396,0.462423,1.69029,3
1.9848,0.852068,0.27861,1.79381,1.52739,-0.0646284,0.330331,1.86461,1
2.33777,-0.146216,0.770503,2.0266,0.781808,-0.029628,0.0523522,1.59796,1
1.34738,2.9174,0.300033,2.4172,2.29546,0.0712786,2.04026,0.104342,0
1.85514,0.532912,0.0447389,0.957013,0.962619,0.0186051,0.339609,1.78278,1
2.29212,3.41281,0.0684382,1.62191,0.209396,1.1747,1.93788,2.07705,4
0.0755547,-0.273532,3.29222,2.35905,1.7475,0.789776,-0.185425,0.828995,3
0.998247,3.19483,0.0867805,1.72351,2.00872,1.32424,1.55193,1.72438,3
1.12462,2.98089,3.44199,3.20268,0.625484,0.0388152,1.91512,2.15293,1
1.3011,0.4111,2.6145,3.10744,1.59878,-0.0164849,0.397609,1.84914,1
0.431701,1.38766,3.10492,0.174861,2.28135,-0.294491,0.441055,1.76123,1
-0.0592593,1.75189,-0.1624,1.17583,0.797319,0.681692,0.848469,0.895412,3
0.60709,0.946663,0.164747,2.59889,1.2877,-0.0584199,-0.0106262,1.4018,3
1.69254,2.86441,3.23507,-0.0500965,1.34428,0.876925,1.88453,-0.0247472,0
0.654438,2.31071,0.570192,2.25796,1.2016,0.751235,1.18359,1.84927,3
1.91747,0.574493,1.75244,1.24386,1.38257,-0.339857,1.63852,1.72037,4
0.517311,0.0538924,2.65527,0.367192,2.24115,1.02259,-0.289245,-0.127475,-0
1.32917,0.845189,0.423598,0.845179,1.27266,-0.40975,1.38617,1.71916,1
1.8917,0.124727,0.297391,2.33915,1.18417,-0.0524699,-0.286316,1.5358,1
1.7749,1.27974,2.86861,1.18305,1.50331,0.468926,1.28732,2.18022,1
0.523615,1.86358,0.000915901,2.16491,1.48907,0.847538,0.958905,1.50998,3
0.426853,3.1962,2.83303,3.06917,2.36751,0.123365,1.69883,0.0782711,0
1.65517,1.95247,0.522703,0.564652,0.226197,0.301642,0.34981,2.23823,4
0.316469,2.98384,0.201663,0.773172,1.88592,0.931548,0.533672,0.980599,3
-0.170233,-0.0339566,0.911913,2.14723,0.909578,1.05045,0.71238,1.84131,3
0.868666,2.07181,-0.168468,2.53938,-0.0367627,1.00328,-0.120275,2.14192,1
0.44675,0.759002,2.29245,2.49917,0.711457,0.968296,2.55704,1.91108,3
1.27452,3.02666,0.671163,1.59166,-0.152035,-0.175762,0.000898531,1.54827,1
1.29413,1.80425,1.76372,0.486115,1.20248,0.710907,1.56028,1.83352,4
0.402612,1.34742,0.0442476,0.712308,1.50281,1.38272,0.822475,1.96947,1
1.96911,3.09797,2.63274,1.85987,1.2339,0.448327,1.76668,1.72051,1
0.0267991,1.24477,0.00484577,-0.122952,2.09164,0.371486,1.4719,-0.159431,-0
1.92794,2.05015,3.09757,1.29692,1.693,0.815955,0.969818,-0.10995,-0
1.09084,-0.256074,0.346538,3.02701,1.68016,0.00579144,0.525054,-0.186564,-0
2.03503,-0.038135,2.51873,2.65109,1.03123,0.0303354,1.93559,1.19889,1
-0.155431,3.87976,1.35399,0.758438,1.83712,1.15266,1.5623,1.54372,3
-0.0263011,0.47046,0.794503,2.96454,0.727554,0.103118,2.11857,-0.0719652,-0
1.47808,2.60244,2.69031,2.46161,1.12499,0.443336,1.87304,1.65368,1
1.53762,3.19131,2.81548,3.03766,0.733427,-0.00347357,0.486224,1.49694,1
1.63148,3.45344,-0.0468675,1.14305,1.49501,0.755376,0.818023,1.72346,1
1.1357,0.720395,2.13549,2.72461,2.43641,-0.0518692,-0.223879,1.97251,1
0.911388,1.04471,0.0251938,1.96147,-0.800597,0.707503,0.507421,2.47852,4
0.934678,1.89074,1.19531,3.02296,2.3486,-0.407582,1.08608,1.43029,1
1.2576,3.37551,2.0829,2.7394,0.87693,1.48845,0.116866,-0.109977,-0
1.68505,1.00402,2.46583,1.94699,-0.0405829,0.24021,1.74838,2.30483,1
1.63431,0.85358,2.68261,1.22465,2.55672,0.590965,2.16182,1.74108,1
0.707331,3.13397,2.48352,2.53874,0.0628383,-0.148026,1.32867,1.18386,1
0.255647,3.08207,-0.050787,1.76836,0.801975,0.0455372,1.33798,1.93872,1
0.733622,3.26525,-0.0825029,0.591675,0.168518,1.08877,0.0671648,1.51762,1
0.293911,1.05139,2.47221,1.36109,0.529597,0.254106,0.446952,1.20982,3
1.21305,1.30994,2.90042,3.07045,2.07184,1.00215,0.772016,2.10425,1
1.30675,3.64237,0.871225,0.220786,0.244199,0.117009,1.85653,0.988622,3
0.315922,-0.01039,0.701117,2.58853,0.672057,0.236544,0.210763,1.59601,3
0.103976,0.848253,0.971968,0.233745,0.50153,0.634883,0.0899529,1.73703,1
0.655971,2.91141,-0.170394,1.95678,1.36544,0.852471,1.2533,1.69756,1
1.4096,1.26639,0.449707,2.05987,0.977456,-0.0769514,1.20068,2.08002,1
-0.206158,1.1727,2.0738,3.1309,1.16275,0.919245,1.11393,-0.14505,-0
2.14271,1.08936,0.634075,2.75702,2.42006,0.658688,-0.142411,1.85368,1
1.30425,2.7803,0.0842703,-0.0743037,1.74894,0.726465,0.00403849,-0.173051,-0
-0.10138,-0.122188,0.192004,2.05892,1.19427,-0.0329787,0.248488,1.20665,3
0.435555,0.301504,1.1936,2.06793,1.20131,-0.14019,0.153192,0.944361,3
-0.123365,2.54274,0.687199,2.25193,2.3019,-0.129414,0.565273,1.48392,3
1.18736,0.696107,1.49639,0.539377,0.824484,1.11374,1.40724,1.44658,4
0.0635739,3.0131,3.18908,1.79304,2.1042,-0.181131,0.0998914,1.96514,1
1.79138,-0.031545,0.954908,2.03589,0.282321,-0.421449,0.0584142,0.753972,1
1.62817,3.19842,2.40544,-0.317522,0.355199,0.35745,0.797805,0.793219,1
0.881461,-0.279366,0.138517,0.393615,0.326107,0.694333,0.475512,1.48159,3
1.53037,-0.215291,0.563386,2.84331,1.39095,0.664317,1.72205,0.442903,3
1.72034,3.94438,1.11315,0.110139,0.537081,1.59689,1.79973,1.43192,3
0.60625,2.75947,3.20778,2.85447,0.851351,0.331235,-0.496404,1.12403,3
2.09067,0.113687,2.66323,1.73996,1.3222,0.658785,1.40385,2.2389,1
1.74555,2.06797,2.45512,0.409375,0.820605,0.308067,-0.176457,-0.087616,-0
0.0938653,0.940179,0.0158626,0.838788,-0.254908,0.0248728,1.74765,1.27751,4
1.69863,2.01261,2.79993,2.68265,0.470895,-0.145319,0.0986332,-0.0725123,-0
1.90246,3.95059,3.14925,1.23601,1.73605,-0.364482,1.81868,1.1924,3
0.124739,0.250957,0.759632,2.80855,1.63987,0.432906,1.85019,2.07733,3
0.734847,0.0608688,2.35765,0.193058,0.83482,0.509075,0.558804,1.27738,3
0.860111,3.88634,0.214393,2.55005,1.37273,1.08683,2.15494,0.872865,3
0.829563,3.20633,3.09922,2.28217,-0.381106,0.70177,1.92972,2.06634,1
0.851408,2.27677,0.700065,-0.0538152,0.705288,0.319941,1.19128,1.84328,4
1.61392,4.07104,-0.062132,1.95643,1.06169,0.862711,1.77857,-0.0129976,0
1.6306,0.124104,1.37107,0.406301,1.20258,0.36108,-0.00352775,2.03227,1
0.737215,2.67365,2.80099,0.249643,1.5326,1.22529,0.9632,1.194,3
1.68616,2.06324,0.281177,-0.0257926,1.36263,0.457976,0.612578,0.0197066,0
-0.0437826,3.62344,2.81674,0.116653,0.975488,0.376872,1.78487,1.08127,3
1.80136,2.86789,2.34309,2.00358,1.29136,-0.290297,1.02637,-0.0887361,0
0.269777,0.194976,2.99773,1.34326,0.255871,0.898338,1.40661,-0.0940918,-0
1.59454,1.54769,2.05342,0.0166699,0.400052,0.932369,-0.468243,-0.0897483,-0
1.0173,3.5798,1.71396,2.89543,0.369836,0.793881,2.33542,-0.0657847,0
1.30144,2.04404,0.0946683,0.485472,0.41372,-0.0394278,0.521589,1.18786,1
0.296674,-0.130534,1.91257,2.86558,1.54996,0.21629,2.43023,1.46029,3
0.100456,-0.0292308,1.22225,3.01578,-0.0314526,0.412134,0.815504,1.51633,3
0.896555,0.701981,0.0732727,0.247675,-0.177658,0.588791,-0.0940373,-0.146442,0
1.32164,0.51996,0.0311365,2.95608,-0.0540289,0.385996,1.03791,2.05026,1
1.96441,1.63707,-0.126636,0.429276,0.9001,0.169014,0.254293,-0.0140605,-0
-0.190473,1.9915,1.8633,0.107666,0.975688,1.12505,0.850777,-0.0306933,0
1.74685,-0.118387,2.19772,1.08144,1.91474,0.402942,1.07363,1.83417,3
1.59296,3.4081,2.34385,1.6923,0.973001,1.20023,0.114568,1.97497,1
1.38421,3.39347,0.0210139,2.91547,1.53471,0.965861,2.04277,2.34074,1
0.995189,1.70028,0.602515,-0.0846793,-0.135672,0.2073,0.767982,2.45841,4
1.73493,1.08417,-0.000368414,0.764834,1.47553,1.13687,1.79845,1.78317,3
2.0748,0.24175,0.508225,3.10187,0.765599,0.940714,1.59141,-0.0232497,-0
-0.0217981,0.475118,3.00763,2.67446,0.248744,0.85375,0.69245,1.58842,3
0.98818,1.59083,1.35962,2.51201,0.986254,0.680457,-0.240581,2.39735,1
1.14425,3.52096,1.6794,2.43152,-0.33595,0.857394,-0.166464,1.1094,1
-0.0857383,0.959951,1.52749,2.61663,2.18638,0.39013,2.09384,1.7646,3
1.17948,-0.256805,3.24471,2.95915,1.14359,0.52405,0.572824,-0.119752,-0
2.07905,1.57724,3.2649,-0.0539399,1.08044,0.0778768,0.618172,1.94255,1
0.481424,0.17225,-0.289439,-0.287092,0.17606,0.587035,2.08961,0.871636,3
1.3737,2.37715,1.23395,3.04143,1.7001,1.2421,0.901998,1.06939,1
0.629649,1.96596,2.6704,0.594385,1.71011,0.2489,2.36767,1.76097,1
0.442246,2.42597,2.67534,3.23965,0.0650067,0.293633,0.0729318,-0.163998,-0
0.0343444,1.27952,1.84198,2.75563,-0.395852,0.781732,0.539705,1.88611,1
1.07517,3.28241,2.59596,1.26941,1.43246,0.982804,1.64147,2.26833,1
1.6459,3.02806,2.19408,2.88009,-0.031086,0.382468,1.29141,1.79328,1
1.93479,2.13542,0.054924,0.875381,0.773649,0.482602,-0.196638,0.584196,1
0.169565,3.17434,0.435848,2.21355,1.41146,0.353244,1.8194,2.00951,1
1.01011,2.55827,2.66552,1.94447,0.369091,-0.425144,0.193821,1.46948,1
0.844606,3.84601,0.0312709,3.07539,1.70273,1.45735,0.82545,-0.0622495,-0
2.2038,1.47763,0.201411,0.629209,-0.0940835,0.197829,0.628222,1.26258,1
0.223931,1.28051,0.024412,1.26903,2.66508,0.470597,0.55632,1.86393,1
1.23616,0.606278,2.19852,1.73566,1.06283,0.844058,0.767494,-0.0529656,-0
2.09714,0.426762,-0.0705672,0.143678,1.34283,0.66785,1.54703,1.07481,1
1.20765,2.27393,0.645437,-0.141959,1.87693,-0.333779,1.16982,1.16884,1
2.03743,0.215621,1.79515,2.88717,1.37909,0.786365,1.28952,2.18441,1
0.321078,1.75539,-0.058092,1.63091,0.168599,0.704337,0.995977,0.898167,3
1.62089,0.64158,2.63496,2.21443,2.79157,0.186995,0.861933,1.12325,3
-0.253665,3.17994,2.74733,-0.032464,1.13781,0.186575,0.85508,1.18036,3
0.369526,3.24832,3.06589,2.90185,0.291228,-0.282927,1.20372,1.11038,3
1.65251,-0.198498,1.72184,2.22001,0.809412,0.260835,-0.0900351,1.27059,3
0.210305,0.978355,0.680888,0.845387,1.28282,0.766341,-0.16308,-0.126339,-0
1.26025,2.14855,1.91324,0.326675,2.41945,-0.258293,1.89915,1.31467,1
1.02558,1.91692,0.173186,2.49414,0.996168,0.34877,0.244991,1.94191,1
1.5684,3.62027,3.07791,1.93361,0.773491,0.284239,0.933752,1.19964,3
-0.259749,1.05934,0.349447,0.433848,2.37609,0.705805,1.41909,1.10636,3
1.74207,2.36478,0.249947,2.25284,0.621214,0.0818669,1.00233,1.4863,1
1.06848,0.145937,1.63501,-0.0567448,0.662371,0.054409,2.27334,1.68681,1
1.55881,0.959938,3.07585,1.58537,0.345972,0.547755,-0.337919,1.26232,1
0.768983,3.45718,0.357581,0.694158,1.77957,0.321845,2.11537,2.20311,1
2.08664,2.22114,2.30251,0.244964,1.21344,0.170686,0.535587,0.0394507,0
-0.0749913,1.52706,0.442474,2.13451,2.53625,0.0601001,1.17252,1.31814,3
1.55912,2.17901,1.71006,2.40785,1.63119,0.697892,0.673071,1.99811,1
0.111749,-0.258138,2.82499,2.17643,-0.295504,0.800395,0.387221,1.23371,3
0.976152,2.48232,1.94388,0.988288,1.32257,0.36822,1.83228,1.77769,1
0.984907,1.75234,-0.00429105,1.59491,2.56026,0.230919,0.278256,-0.032013,-0
0.937429,0.291827,0.328157,-0.30058,1.74704,0.124122,0.265609,1.44725,1
1.92643,1.03582,2.6391,1.49618,2.13023,0.241219,0.0598512,-0.105511,0
2.14533,0.736559,-0.202277,2.78469,0.875628,0.197175,1.16245,-0.0972477,-0
0.229514,2.14027,2.10729,0.327523,0.922135,0.875043,1.56911,1.18523,3
1.99625,-0.103089,2.89667,1.24775,1.60678,0.192266,2.26226,1.35475,1
-0.236577,2.50665,1.45515,0.986484,0.358911,-0.366863,-0.449749,1.57441,1
-0.292147,4.04146,0.924153,1.12604,1.90679,0.793811,0.168927,1.6912,3
-0.164964,-0.2365,0.512415,0.0873144,1.7219,0.178861,2.5201,1.84684,3
1.70448,0.498368,3.31761,1.40745,0.918973,1.03116,1.97589,0.42992,1
2.12137,0.771913,2.89936,0.0151255,1.34455,0.286284,1.77829,1.14798,1
0.367176,3.16146,2.33421,1.45957,0.0912802,1.01998,1.8916,1.3995,3
0.365009,2.2802,1.14916,1.78479,2.21272,1.38368,0.13521,1.48476,1
2.33108,2.83996,1.31024,2.91457,0.253282,0.728013,1.57225,1.45815,1
1.86707,1.98069,1.95909,0.929694,1.24451,0.822395,1.87724,-0.00221551,0
0.171459,-0.0159811,0.768626,1.48616,0.602758,0.511313,1.20744,0.673874,3
0.196252,1.03406,0.0123316,1.52571,1.0358,0.621088,1.28642,2.25467,1
-0.431567,2.47168,0.4764,0.118682,1.50483,0.602617,0.153594,2.02149,1
0.602096,3.66395,3.16264,2.42085,0.315077,0.416844,0.767523,2.08267,3
0.541093,3.64287,1.9699,2.98836,1.25873,-0.198823,0.707982,1.27499,3
0.251047,2.5506,1.046,2.51671,2.55146,-0.0224757,2.24728,1.79157,1
1.78632,0.615574,3.06658,0.940848,0.909669,0.819897,1.96503,-0.0218569,0
0.0515495,0.980371,0.187384,0.357779,0.779046,1.29572,0.565444,0.017672,0
1.37588,1.49533,1.31166,0.620581,1.30326,-0.146029,0.208792,1.81483,1
2.03793,3.8265,3.34408,2.96045,0.0153683,-0.094589,0.826261,0.0940965,0
1.3135,0.143572,0.0880824,0.442343,1.28567,0.393215,2.45435,0.0174754,0
1.79079,0.387339,3.47722,0.614145,0.449601,0.245737,0.807754,2.26523,4
1.7008,3.17749,2.26878,0.554823,-0.0555318,1.11244,1.79307,2.05301,4
-0.0400441,1.50734,1.04702,0.633156,1.37417,1.0502,0.212294,1.26921,3
1.81748,2.09544,0.123162,0.67938,1.03176,0.71072,0.372014,2.31129,4
0.60322,1.58346,0.855255,-0.0389626,-0.0570134,0.951841,0.332386,1.79543,1
1.27486,0.968554,0.175121,1.02558,1.46383,1.05728,1.07431,1.90984,1
1.81098,1.55513,1.3101,1.14473,1.69831,-0.11567,0.583037,0.796174,1
2.12836,2.18399,0.40587,0.575956,1.96172,0.299594,0.812616,1.61711,4
0.525423,3.54513,2.9063,-0.0331969,1.01084,-0.0503797,0.539268,0.760696,3
1.63642,3.90179,1.74515,2.43787,2.40332,-0.248272,0.267103,2.11034,3
1.01451,-0.170937,2.81124,2.66861,0.632023,-0.310434,1.92781,2.25638,1
1.81615,0.575184,0.150497,1.25281,0.624405,-0.258916,0.880472,-0.16176,-0
1.63965,3.47636,1.93749,1.08834,2.18876,0.153667,1.99061,0.434462,1
0.64107,2.96749,0.472772,3.01708,1.55368,0.892153,0.39548,-0.155247,-0
1.54835,1.28717,0.665254,2.13796,2.00964,1.57276,0.751879,-0.126463,-0
1.89518,-0.276035,-0.0399635,-0.0843335,-0.252098,0.355565,0.780582,0.588949,1
-0.4042,0.971539,0.561611,0.199407,1.3408,0.132991,1.74319,2.15525,1
0.233254,3.75103,-0.13926,1.58074,1.59566,0.353947,0.930441,2.39913,1
-0.130149,0.00638726,3.04521,2.08085,1.4555,1.45377,1.96164,2.5007,3
1.58736,3.78698,0.362997,2.05418,2.38311,0.928491,0.399345,1.13809,3
0.720033,-0.0695965,0.580213,2.25111,1.29386,0.965147,0.74432,2.14427,1
1.06178,3.48051,1.16614,1.03416,0.133164,0.294656,1.20352,2.13852,3
1.76579,1.25734,2.0375,1.17484,0.399196,0.318337,0.211031,0.940056,1
2.01837,0.588436,0.180394,0.595838,1.674,0.447873,0.216943,-0.124304,-0
1.70286,0.28598,0.319174,-0.0849672,0.185548,0.858308,1.21759,1.45397,1
-0.151257,3.77367,2.21153,2.70254,0.733625,0.505811,-0.0788705,1.42495,3
0.453977,0.949997,1.17052,0.998361,0.696675,0.545428,-0.14952,1.31578,3
1.97107,-0.119283,-0.0179108,2.26532,2.07718,0.488246,1.82307,1.39323,1
1.81657,0.994178,1.72517,1.8912,1.06476,-0.0972603,-0.0350906,1.45708,1
1.18225,3.9473,0.734477,3.07206,1.34051,0.806556,-0.15225,-0.0513446,-0
0.990724,1.00867,2.7628,2.47928,1.1891,0.894501,1.60007,-0.148797,-0
0.68677,1.53925,-0.0789466,0.543039,0.231279,1.20475,1.69925,1.80373,3
1.9103,0.180677,-0.112025,2.43502,0.918995,-0.287572,1.68204,0.993002,1
2.01809,1.54152,3.51227,0.486541,1.51741,0.464225,0.925619,1.95135,1
0.0819664,0.288337,0.359854,2.27124,1.20426,0.0912534,1.50355,1.07445,3
-0.155351,3.8235,1.07238,2.77219,0.84587,0.16835,1.19807,1.64876,3
-0.101105,1.13844,1.53295,0.303355,0.33035,-0.188294,-0.458051,1.6629,1
0.444547,1.75604,0.108797,0.153776,0.663568,-0.0778176,1.27734,1.6931,1
0.556083,0.289375,2.14365,1.40385,0.480158,0.390469,0.0901722,2.13351,1
0.472255,0.537882,-0.0323268,0.498807,-0.332888,1.02828,0.52194,1.91922,3
0.416319,3.54722,2.18041,1.58656,0.56941,0.277068,0.82222,0.919243,1
2.11458,-0.131967,0.0862692,-0.090538,0.642424,0.757817,0.932068,1.80212,1
1.66893,2.73555,1.53441,1.73115,0.511495,0.570982,-0.319724,1.12542,3
0.471106,-0.361812,2.45601,1.58461,1.29538,0.4665,0.312042,-0.240431,-0
1.79803,0.373289,0.107023,0.413479,1.70964,0.0022551,-0.22492,0.799636,1
1.90333,1.5278,2.05655,0.291699,-0.255791,0.275816,-0.000495691,1.13793,1
2.26662,0.680583,2.83287,2.58552,1.45239,0.826364,1.58372,1.96893,1
0.540097,0.0754199,2.28003,2.58088,1.27922,0.806276,1.57149,1.35735,3
0.624713,3.1379,0.360017,2.76203,1.96812,0.156552,1.49138,0.0797109,0
1.18145,1.70019,1.48451,2.1933,2.72686,-0.241372,0.812639,1.37532,1
0.53147,1.36243,0.716741,1.50525,-0.0414022,0.0652992,-0.0299298,1.58047,1
0.104882,0.586878,1.94883,0.135089,1.8155,0.230685,-0.0431839,1.00881,3
2.39297,3.97286,0.431518,0.358468,1.13983,0.24028,2.05334,2.12262,4
1.44472,3.47057,-0.248762,2.78716,-0.261833,0.735706,1.23169,0.264003,1
1.64974,0.759372,0.349571,0.610824,1.02968,0.503441,0.976905,0.0324326,0
0.762719,2.62637,2.09251,0.844902,-0.0190702,-0.38956,1.49264,1.24369,1
1.78013,0.20056,-0.0509391,1.62026,0.0824891,0.883121,-0.171981,1.53359,3
0.443289,2.45659,2.20992,-0.0422011,0.766593,0.203597,0.386131,1.62096,1
0.694527,2.80193,-0.31391,2.54542,0.763054,0.736384,-0.164696,0.0687435,0
1.73281,0.363607,0.727542,2.76964,-0.143184,-0.416131,0.723325,1.30238,1
1.8637,2.95585,2.38201,2.4019,1.75045,-0.660669,0.856522,1.1151,1
0.288031,3.60112,3.30655,2.97405,-0.177316,0.699544,0.820208,1.80809,3
1.92271,2.00907,-0.120022,0.546393,1.24469,0.983868,0.17035,0.132602,-0
2.02893,2.63387,3.05823,2.55549,2.04106,0.636316,1.91087,1.46401,1
2.27642,2.73173,1.87071,2.75899,1.12189,0.723496,1.20536,1.34185,1
0.468123,0.361795,2.82005,2.50135,-0.437236,0.119934,-0.0240561,1.43058,1
0.100385,2.35401,3.00482,0.64728,2.20771,0.969022,1.25323,-0.276842,0
0.102757,2.98304,2.8779,1.51238,2.22114,0.649997,1.654,2.06539,1
-0.226535,2.91531,2.7279,2.28712,1.50033,0.558107,-0.713428,1.5755,1
1.43221,3.41555,2.68104,0.00757128,2.2831,0.627135,1.31212,0.678414,1
1.00375,2.76597,2.81487,3.37641,0.178712,-0.0598659,1.37481,2.10272,1
0.414922,3.33129,2.63719,0.631012,0.484938,0.0576242,-0.0166229,1.62271,1
2.08525,2.62629,1.35336,3.13173,0.928576,1.12064,0.750322,1.61974,1
1.42277,1.78565,1.73156,2.56149,1.37479,-0.132053,-0.547879,1.53967,1
2.31079,0.901886,0.285597,-0.0299627,1.94338,0.186114,0.753517,1.34871,1
1.11329,1.71737,0.299285,0.36237,1.61392,0.255296,-0.254963,1.75937,1
1.12562,2.03651,0.892862,-0.0195471,1.05446,0.0847648,0.463067,1.02521,1
1.70582,2.30853,1.0557,1.01258,-0.0679379,0.715081,1.50447,2.14544,4
1.99054,3.68511,2.14444,-0.15313,1.32302,-0.0962298,0.35971,1.29171,3
1.62589,1.06566,2.70338,-0.00168319,-0.0520009,0.235157,-0.203361,-0.126347,0
-0.287328,0.275588,2.17129,0.921365,0.875388,0.760832,0.0686564,0.822723,3
1.66825,1.3748,2.84883,3.19983,0.58121,0.656535,1.77485,1.94843,1
1.38884,1.37327,1.89112,1.20976,1.19555,0.706903,1.66918,1.54301,1
2.14328,1.46003,2.76233,1.69652,2.09815,-0.0304126,2.02393,1.30784,1
0.701691,-0.158859,2.19842,0.768576,1.32252,0.963472,0.398548,-0.106908,-0
0.884227,4.08135,1.2447,2.82044,1.84581,0.159199,0.984735,1.86693,3
2.21842,-0.276803,0.00761543,2.89115,1.06069,0.021279,0.171847,-0.118847,-0
1.11497,2.77411,1.8596,0.895751,0.145315,0.613945,0.370501,0.0140145,0
-0.10478,0.0198171,-0.0321445,2.00832,0.792728,0.275885,1.43439,-0.106076,-0
2.49204,-0.484186,1.09456,1.76766,1.30361,-0.0875051,-0.270123,2.03169,1
0.78027,2.57545,3.54351,0.69936,0.0483127,0.610809,1.58362,0.913635,1
1.1005,0.878235,0.173572,2.11726,0.230162,1.15266,2.06206,0.965274,3
2.12883,2.35143,1.28517,-0.0484628,0.597126,0.403076,0.28029,0.0800125,0
1.19686,2.90904,0.0973891,2.25546,2.37013,0.883987,1.23903,1.83076,1
0.357862,2.24632,0.757157,0.3453,1.71999,0.823828,1.83747,-0.15903,0
1.27883,3.36005,0.193374,1.3058,1.72697,0.268173,1.21938,1.24128,2
0.23073,-0.161192,0.807483,0.207493,2.25918,1.09186,0.461083,2.50743,1
-0.239373,-0.239531,2.89536,1.44254,1.30257,0.705327,0.620974,1.18772,3
2.02112,2.77367,0.636353,1.92585,2.05971,-0.257637,1.97526,0.0947367,0
1.97672,3.64363,0.170889,2.2199,0.720173,0.957572,1.92899,0.694634,1
1.69599,3.46783,-0.174737,1.61028,0.157286,-0.191058,0.449879,1.47311,1
0.886205,1.75748,0.0347807,0.996638,1.35769,1.03894,2.36652,-0.141702,0
-0.0783836,-0.00633859,1.008,1.20149,0.988572,0.104447,0.382407,0.887456,3
2.32181,0.637694,-0.0321858,2.14962,0.930314,0.601871,1.5892,1.34343,1
0.353955,3.6831,3.17576,2.01523,1.28163,0.564326,2.29637,1.21096,3
0.487471,2.88261,3.31482,0.89221,1.66341,0.280741,0.34602,1.38033,3
1.35472,3.7995,-0.156806,0.979634,0.755267,0.257351,0.0705696,1.2993,3
0.302881,2.54336,2.99619,1.74716,0.962672,0.67506,1.99069,0.921566,3
1.56241,3.32128,0.0377728,1.0054,1.65555,0.778231,1.18601,0.859401,1
1.26165,-0.418949,3.30815,-0.1285,0.000762797,0.230349,1.65572,1.49095,1
0.338955,2.58587,0.8762,1.00829,1.30268,0.177406,0.706759,1.42498,4
1.80142,2.07849,3.48147,2.13793,0.013657,-0.195434,1.28736,0.995458,1
0.881101,1.04999,2.29346,0.354322,1.61145,1.17775,-0.236886,1.5896,1
1.12541,3.39144,1.82074,2.06253,-0.145799,0.369481,0.0740007,1.65738,3
1.03372,2.99444,-0.224465,1.06319,-0.139559,0.597322,0.738984,1.48646,1
0.24683,0.602093,-0.163795,1.4559,-0.216747,0.585648,0.425693,1.71972,1
1.44036,3.5735,2.88323,-0.303312,-0.0642943,0.692901,1.82575,2.30321,3
1.12918,2.70476,0.643708,0.125931,1.35476,0.751908,-0.412426,1.79576,1
2.35423,3.38705,1.7123,-0.0337139,1.63903,0.0576862,0.372568,1.61533,1
1.75793,0.246828,0.42268,1.31509,1.08174,-0.531749,0.13507,0.616509,1
0.753035,3.08913,0.459183,-0.2662,0.980687,0.17678,0.941597,-0.0818186,0
2.23001,0.593539,3.37521,0.275049,0.13072,-0.144295,1.17556,1.54899,1
1.12536,4.08838,2.56022,3.17447,0.531712,0.358361,1.22128,-0.0835538,-0
2.56459,-0.371295,1.118,1.49777,0.746175,-0.257399,1.2385,1.20671,3
0.170996,1.56539,2.56165,2.00599,1.91596,0.548247,1.99175,1.41909,3
0.725785,2.50354,0.910694,-0.071088,0.334041,0.286491,-0.221927,1.67019,4
1.50964,3.20087,0.265283,0.468673,1.43884,-0.128831,0.404661,0.0748113,0
1.41311,3.92275,1.354,2.88045,-0.175738,-0.172633,0.0382122,2.12363,3
0.474576,0.682755,2.46383,2.47697,1.59962,0.129807,1.55172,-0.118745,-0
-0.263737,2.10334,-0.127293,2.45229,-0.446953,-0.227158,0.50446,1.46339,1
1.69583,-0.301536,2.50653,-0.884801,0.748897,1.1624,2.21508,1.64355,3
1.05546,3.00449,1.25215,1.09365,0.305732,0.977615,1.36843,1.28531,1
1.11503,3.53915,2.06712,2.25048,0.372878,-0.419611,0.527811,0.837819,3
1.48897,2.08882,0.0211666,-0.0032214,1.39114,0.109399,0.333956,-0.045442,0
0.153224,0.271126,1.78136,0.280576,0.26497,0.645258,1.89076,2.05718,1
-0.213791,2.15027,1.08618,2.71989,0.210044,0.336287,1.19033,2.51011,1
1.81034,1.4384,3.07233,1.6644,0.393174,0.867965,1.96425,1.36709,1
1.54869,0.790318,1.8042,0.127505,1.81725,0.0407881,0.41733,-0.153776,0
0.800179,0.892389,2.94604,2.44578,1.84209,-0.0368283,0.768064,2.01287,3
1.57066,3.83663,1.30524,3.05547,2.25349,0.557979,1.3797,0.122849,0
0.523903,0.0796166,1.41062,0.055217,0.889739,0.937996,-0.117722,-0.176706,-0
0.180272,2.91844,-0.209553,2.99526,0.0302662,0.523362,0.38005,1.59226,3
0.967716,1.15763,0.113566,2.52372,2.05459,0.507209,1.05651,1.31647,3
0.3803,3.41575,0.19719,2.20724,1.49746,-0.123193,1.65946,2.26961,1
-0.0502269,3.83272,2.16549,1.26499,1.88284,0.888774,0.827015,2.13317,3
0.813476,3.5932,0.646168,2.15536,0.125908,0.927824,0.5143,0.994517,3
2.07003,1.08225,1.78777,0.0281699,0.40352,0.327589,1.47811,0.0447732,-0
0.472627,1.48525,1.29801,1.49249,-0.233378,0.0628035,1.64996,0.649379,1
0.557024,-0.034322,2.3335,0.1652,1.89053,0.0951942,-0.402584,1.20303,3
2.19615,0.0566321,0.242961,0.906459,1.64783,0.91961,1.90226,1.4183,1
0.446554,-0.280114,2.05317,2.65754,1.5813,0.106678,0.551262,1.82602,3
1.48492,2.98268,-0.0441773,-0.0544383,2.6852,0.599002,1.22571,1.55709,1
0.498315,1.54967,2.35426,2.94875,1.60581,-0.305425,1.37638,0.95911,3
-0.150617,3.79536,0.13281,2.56966,0.267236,0.753222,1.90189,0.186929,0
-0.326631,2.83308,1.48159,-0.128925,0.60018,-0.460221,1.52036,1.79688,1
1.71218,0.104666,3.19324,1.49482,0.460531,1.12143,1.74812,2.13792,1
-0.0264763,3.81013,-0.00118456,2.1394,0.207102,0.144505,0.013766,-0.0649774,-0
1.97947,0.230169,1.84102,-0.262417,2.15057,0.440604,0.399577,1.03764,1
1.91122,2.40669,2.28412,2.14304,0.587833,0.777647,0.0518877,1.74626,1
1.27797,3.31466,0.251066,1.01683,0.192719,0.668296,0.916662,-0.0716113,0
0.26203,2.73226,2.97811,-0.0748406,1.67251,0.79687,0.357172,1.46166,3
0.367977,2.27606,0.599738,1.85719,-0.085607,0.565304,1.6596,2.08396,1
0.650817,1.00158,1.22606,2.5271,0.686474,-0.306602,1.97957,0.929551,1
1.43868,2.6242,2.58889,1.79377,0.996349,0.744301,1.80261,2.05162,1
0.28173,-0.308735,2.9394,2.98522,1.00732,0.752503,1.44677,-0.290944,-0
1.64341,0.339514,0.0522702,-0.259661,0.653213,0.89376,0.872997,1.61024,1
1.57869,1.70957,3.0016,0.291243,2.06077,0.306729,1.01582,-0.0283224,0
0.294655,3.94178,1.61256,2.42298,0.474571,0.631263,0.745131,-0.178507,-0
1.04024,0.436854,2.37606,2.27533,1.46695,-0.0777744,0.522663,1.55457,3
1.23085,-0.1525,2.6089,0.144047,1.70345,-0.775487,1.43913,1.3731,1
0.154587,-0.0174247,3.1117,0.0419755,1.23949,1.13409,1.38353,1.61581,3
3.43201,1.88395,1.11704,0.760057,0.142227,0.141895,1.86461,2.24923,5
0.143549,1.10934,1.39306,0.335891,0.444089,0.143902,2.3737,1.73824,1
0.708326,2.48138,2.02555,2.34757,1.25843,0.963147,1.57191,2.38895,1
-0.335477,3.84669,-0.358806,0.699265,-0.0500524,0.109883,0.855638,2.00604,1
0.137769,2.95778,3.14727,1.96646,1.86906,0.453113,2.46337,1.71295,3
2.06301,0.133168,-0.0484113,1.45927,0.441014,0.16226,1.80655,1.63592,1
0.470406,2.77046,2.91351,1.02313,2.22321,1.17751,0.234962,1.59679,1
1.08607,2.07699,0.893503,0.779435,1.97971,0.317473,0.467209,1.14265,3
1.73206,1.30151,0.242056,3.04308,0.889907,0.469546,-0.334854,-0.188307,-0
1.95642,0.238403,0.11958,1.52376,2.04807,0.526869,0.35853,2.10807,1
0.407664,2.36981,3.08788,2.65346,0.126815,0.0117666,1.77157,1.99406,1
1.25239,0.821824,-0.0234738,0.295001,1.1733,-0.271048,1.28683,1.12458,1
1.76652,0.899788,3.10765,0.668218,0.107485,0.810313,0.0345991,0.0849058,-0
0.461321,-0.413279,2.51585,-0.392342,1.48494,0.13417,1.46493,1.84543,3
1.71904,1.67997,2.85238,1.66727,0.790102,-0.586584,0.348196,1.18585,1
1.81553,2.56677,0.654683,0.429263,1.6626,-0.299702,0.409122,0.955207,1
0.452981,1.38197,2.4407,1.67485,0.470811,0.341851,0.0373436,1.35166,3
0.0222405,-0.0979644,0.1796,-0.219948,-0.426501,0.412082,2.17441,1.84681,1
0.404544,3.88198,2.29939,3.13265,1.86754,0.232016,0.608832,1.37544,3
1.73715,1.28767,1.34022,3.18926,1.49161,1.1699,2.30107,0.708141,1
-0.0601164,4.10675,2.0268,1.35156,0.366274,0.636011,1.28937,-0.143655,-0
2.20572,2.75249,3.14205,2.14983,1.33233,0.475601,1.42862,0.00377592,0
1.13785,-0.0886299,0.426433,-0.315392,1.0254,1.43641,2.01002,1.89316,1
0.507068,-0.64303,2.74812,2.94062,0.415032,0.466378,-0.381398,-0.17568,-0
0.528316,1.18435,0.440172,0.767822,1.16118,0.242174,-0.385585,2.23037,3
1.43724,2.69697,1.06256,1.59065,0.673202,0.693846,0.809071,2.25995,3
2.06807,0.0835037,0.363183,0.280631,2.20496,-0.0147576,-0.147947,-0.0937,-0
2.06759,-0.246609,1.57004,2.15027,1.80355,0.283371,1.63345,1.20271,3
0.634238,1.75675,0.761196,2.58655,0.962835,0.109981,2.04752,1.80117,3
1.62352,0.65114,0.474314,1.71456,0.621343,-0.131196,1.07369,1.82669,1
0.781123,-0.272202,2.5182,1.38251,2.08942,0.592676,1.30008,1.96213,3
-0.0700567,1.52903,-0.0737108,0.753504,0.979553,0.452556,1.43239,-0.204372,0
0.681549,-0.178292,1.88855,0.593955,0.0171768,0.0264294,-0.174326,-0.227679,0
1.72318,0.171767,-0.0155691,1.35373,2.26604,1.41114,0.880827,0.153453,0
0.806902,3.68256,-0.267622,2.5024,2.15408,0.0179437,0.382732,1.9887,3
-0.109502,-0.132885,2.35439,1.17006,0.611239,0.000557502,1.97012,-0.0636376,0
0.816806,1.54978,-0.0393318,2.58275,1.85788,1.09411,1.43141,1.41097,3
0.876203,0.418613,0.293138,2.79163,0.374633,-0.254082,0.355276,1.08436,1
1.57211,2.50577,0.789855,1.19132,0.520633,0.031849,1.64252,-0.0490693,-0
0.514035,3.88636,0.310458,1.93702,1.32697,1.38074,1.68335,1.15975,3
0.792713,-0.255042,0.62594,-0.0501816,0.639684,0.487101,0.527974,1.99583,3
1.65385,0.288201,2.66173,-0.143242,2.40736,0.171643,0.942442,1.8761,1
2.08732,2.71589,0.961906,1.59146,0.657422,-0.0512702,0.507185,0.0166962,-0
0.147018,0.545253,2.1754,2.69298,2.27478,0.0597072,1.47958,1.34481,3
0.707637,0.32816,-0.0131707,0.84772,2.05153,0.534642,-0.120876,1.51103,3
0.308893,3.07373,-0.109686,2.79122,-0.272133,0.732189,0.445846,1.91519,1
0.442826,3.36678,1.93699,0.187225,1.89032,-0.0630991,2.36955,-0.0236199,0
1.88637,2.92288,3.2711,0.74874,1.15005,0.183365,1.59671,1.63365,1
0.382574,-0.0231898,-0.0662763,0.42872,1.04613,0.534557,0.17459,1.25147,3
1.70348,3.11853,1.17401,3.23571,1.36939,0.643045,1.07317,-0.0560991,0
1.38821,4.04158,2.29473,0.483699,2.85878,-0.0606461,2.1311,1.02788,3
2.22287,3.69289,2.58126,2.55592,0.479785,0.274691,1.60529,1.34568,3
1.57981,0.681245,-0.113965,-0.212631,0.96282,0.779165,2.03591,1.13851,1
1.77553,3.05776,2.30867,2.00598,1.98293,1.01234,1.78564,0.0301326,0
2.07967,0.393316,2.53144,-0.311185,1.46944,0.0581413,1.26775,1.83296,1
2.04156,0.226457,0.749428,1.17125,1.98015,0.521493,1.0127,0.859572,1
1.26785,1.43025,0.29277,0.450236,1.88897,0.646775,1.77713,0.959529,1
1.87204,2.0387,1.10825,1.54681,-0.289028,0.970059,1.20474,2.40194,4
0.510388,1.43039,2.77245,2.04241,1.91984,-0.22004,0.8213,1.38849,1
0.603338,-0.0697175,2.73256,2.98664,0.552041,-0.0315207,1.40768,2.10026,3
2.29876,2.6315,1.71892,0.200757,1.42897,-0.100946,0.398055,0.157968,0
2.0701,2.0925,1.27295,3.28516,0.587361,-0.115077,1.50836,2.04667,1
0.559055,2.93454,0.0335301,2.94146,2.00713,0.350908,1.32377,2.11364,3
1.19256,2.85581,0.118788,2.7092,1.32916,1.08714,0.447915,1.64196,1
1.8793,3.08593,2.77468,2.92238,1.46139,0.910201,2.10787,1.51494,1
1.5518,0.182538,2.38798,2.04697,0.304135,-0.0205652,-0.384729,-0.108481,-0
0.780531,2.623,-0.640242,2.48358,1.39111,0.735046,0.63897,2.0426,3
1.24912,2.72863,1.6877,-0.106779,1.47129,0.396323,0.378217,-0.11526,-0
0.552082,3.35251,1.84073,-0.0880747,0.860711,0.593147,1.72713,1.74076,1
1.61354,2.5409,3.41965,0.329901,0.546095,0.272173,0.779093,-0.0529515,-0
0.889275,3.24212,1.8065,0.124574,1.70196,0.692301,0.423385,2.25951,4
0.745744,3.61611,2.7443,0.883841,1.17821,0.173824,1.2591,1.47132,3
-0.16243,1.98396,2.91755,2.85519,1.72699,0.13621,1.45495,1.43902,1
1.4791,2.39281,1.31409,2.08086,0.392537,0.942376,0.316853,1.52326,1
1.99994,3.41009,1.68135,0.0854728,2.05978,0.652623,0.407768,1.63361,3
1.86033,3.88567,0.111504,0.753091,0.9448,-0.0256678,1.06011,1.36755,3
2.73783,0.314922,2.20064,3.0131,2.17265,0.855098,0.92826,2.48496,1
0.779588,2.85941,2.03061,-0.116316,1.42839,1.12207,-0.381211,1.62625,1
-0.192396,1.16131,1.63478,2.0504,0.685096,0.0302442,0.300628,-0.0864696,-0
0.696851,2.25508,-0.109707,0.621378,0.214035,1.51906,0.587191,1.62204,4
1.8781,2.90182,1.56629,3.03731,1.61123,0.5276,2.2374,1.47128,1
1.81315,2.51658,3.42672,2.51623,2.02117,0.833444,0.738087,-0.0796459,0
1.14965,1.24803,1.81306,1.44805,2.58205,0.142388,2.16253,1.48451,1
1.35117,-0.0985321,0.666714,0.0118045,0.997379,0.248699,-0.0536221,2.14514,1
0.274062,2.67858,0.102155,2.51173,0.671606,-0.334261,0.470094,1.66191,1
2.10656,1.75483,3.30734,0.891167,0.38908,0.573599,1.2595,1.56066,1
1.87717,2.75723,0.54114,0.920839,1.45138,0.147903,1.94087,1.18776,1
1.92553,2.60315,1.99602,2.82584,0.867184,0.886909,-0.145853,1.23838,1
0.575322,3.25212,1.64118,1.13174,1.43884,0.232028,2.20832,0.0536855,-0
2.53808,3.05379,0.44026,2.29121,1.32813,0.010888,0.542731,2.08645,1
1.47304,2.22052,2.93157,1.84786,0.522497,-0.13638,1.69555,0.936428,3
-0.014156,3.18004,-0.021782,0.719659,0.56637,1.05969,1.44508,1.13873,1
1.38574,-0.062445,1.31382,2.67101,0.959046,0.094573,1.08114,2.17551,1
0.0532603,0.195827,0.219203,-0.0462352,1.27306,0.988951,0.302957,-0.0093674,0
1.62046,0.555836,2.32383,2.90562,2.21947,0.827196,0.584632,2.24092,1
2.14697,0.368479,2.73625,0.600635,0.144155,0.591035,0.133464,1.96218,1
1.17361,1.34689,2.71483,2.94393,1.24158,0.233427,2.15378,1.49328,1
1.49076,0.435789,0.378847,1.69451,1.9498,1.05615,1.34555,-0.00972493,-0
0.185291,-0.0739643,0.652046,-0.263374,1.94704,0.123897,1.40472,1.40107,3
0.797271,-0.214061,2.26474,2.88736,2.33067,0.685791,0.00290165,1.63846,3
-0.0339456,0.295055,-0.395634,2.65547,1.41885,0.0361101,1.72354,1.15542,3
1.6664,2.22649,1.25127,0.153179,1.64264,-0.0962074,-0.10705,1.30789,1
1.64618,0.817678,2.40583,2.36935,0.169773,0.726867,1.76013,2.19721,1
0.293432,3.30748,0.255951,0.874717,2.42527,0.197678,-0.247751,1.71447,1
1.55025,2.12273,1.6218,1.28964,-0.0783995,0.752646,0.246151,-0.0401799,-0
1.39694,1.93787,1.20616,0.830517,2.50963,0.143185,1.45399,2.21782,1
0.933554,1.73766,0.36783,2.05733,0.344883,0.406101,0.276434,2.60471,4
0.433231,2.37889,1.73074,2.4215,2.41675,1.05019,1.01607,2.10922,1
-0.361749,3.86046,2.00643,1.64766,1.7571,1.23138,1.22429,1.64443,3
1.99492,0.718794,-0.0255759,2.76853,1.86323,0.552041,1.7815,1.78767,1
1.54281,3.23008,2.47311,0.49056,-0.140297,1.19466,-0.288622,1.27177,3
0.962619,0.593279,0.917753,1.01308,-0.130258,0.691401,-0.155243,2.00697,1
2.53181,3.38644,3.36196,2.00913,0.156388,1.16824,0.52681,2.17833,4
0.858972,2.74012,-0.168562,0.904785,1.2974,0.603431,-0.0582368,1.2547,1
-0.121634,3.41452,3.11072,0.521135,1.54876,0.348317,0.613059,0.811359,3
1.6279,1.6937,0.16525,3.09307,-0.0396841,-0.226771,-0.0426805,1.21902,1
0.870121,2.6596,2.51932,1.36635,0.900701,0.172945,0.460293,1.77612,1
1.04682,2.33132,0.836446,0.0679888,1.80363,0.753413,0.969139,1.45217,1
1.49652,-0.0289023,0.776904,2.33286,2.19644,0.583291,2.00653,0.84999,1
-0.326904,2.9345,0.161888,2.55246,0.542375,0.13533,2.20368,0.913967,1
2.00674,2.00491,1.6173,2.8664,0.789013,-0.0738234,0.235299,1.65317,1
0.886362,-0.401314,1.04704,1.72171,1.55385,0.214776,2.33223,1.42708,3
1.75329,2.68351,3.19956,2.84186,0.447903,0.413109,1.30865,1.65488,1
-0.0350708,3.67366,2.98543,3.04137,1.63392,-0.0606929,0.450997,-0.128114,-0
0.331808,1.9441,3.10253,1.42781,0.335475,0.0228489,1.42131,1.5854,3
0.846512,4.12625,-0.270418,1.50803,1.45851,0.882647,1.93791,1.29717,3
1.77206,3.33581,0.247542,0.747794,2.32564,1.21555,0.561717,1.93642,1
1.33138,3.34801,1.97882,2.44127,-0.0117939,0.655243,1.65932,-0.000335025,-0
0.852499,-0.202633,1.46786,0.572498,0.535209,0.813261,1.65373,-0.176286,-0
1.97555,0.241889,3.19194,1.847,1.55596,0.569682,1.84204,2.15399,1
-0.0380598,2.78487,2.89929,0.986391,0.255134,-0.0867739,0.491211,2.26445,1
0.507322,2.01545,1.07489,0.0656857,0.926728,0.607694,-0.171234,1.81242,3
2.02952,1.2366,0.0546346,1.55121,1.80006,0.637313,-0.522464,1.73581,1
0.962791,3.5324,3.22388,0.634278,1.93868,0.835515,2.19666,1.89013,3
-0.492913,2.1528,2.43135,2.31107,1.76413,0.874246,1.99403,1.80486,1
1.21949,1.89972,0.640539,-0.17386,0.106168,1.23063,0.411184,1.62258,3
0.123183,1.75304,2.98211,2.70665,0.159595,0.752575,-0.0740943,0.642619,1
0.0742675,2.56171,0.288229,2.92704,0.317405,-0.167341,0.0156781,2.2427,1
0.539606,3.08846,1.47132,1.26101,2.36016,0.772898,1.20985,1.85096,1
0.383174,2.14334,-0.0213489,2.41763,1.09242,0.14244,1.25731,1.64583,3
0.63193,3.77833,2.62013,0.183859,1.90149,0.59513,2.10838,2.25126,1
1.52802,2.4965,1.7859,2.79269,-0.130469,0.926548,0.966577,1.08137,1
1.86549,1.47655,0.192542,1.42736,0.766458,1.74764,2.00326,1.58898,1
1.79458,3.82493,2.49312,1.86267,1.13182,1.03552,1.33921,1.22787,3
0.427469,-0.258102,1.05166,0.27548,-0.415591,0.376333,0.614119,2.15242,3
1.47171,3.14503,0.345339,2.29919,0.264462,0.587785,-0.0773632,1.83403,4
1.79526,1.62927,1.34211,0.493135,2.52735,-0.109692,0.380322,1.534,1
1.69869,4.07487,1.92436,1.03913,2.01934,0.700462,0.0084196,1.37826,3
-0.137323,0.360498,2.90383,1.69734,2.23988,0.447211,1.64336,1.77983,3
0.397255,-0.299515,1.84668,2.52473,1.81493,0.58191,1.96777,1.2448,3
1.20529,2.76056,2.64596,3.04691,2.41175,0.463724,0.322856,1.90835,1
0.297415,0.460085,1.55179,0.165849,0.0259713,0.792898,1.49543,-0.152042,0
1.72178,2.03963,1.32093,2.08989,2.21335,0.857151,0.177074,-0.0977926,-0
-0.255684,1.91718,0.66217,0.644043,0.903819,1.11902,1.32515,-0.0347572,-0
1.87781,2.24359,3.2281,2.66724,0.857359,1.65383,1.89234,1.68105,3
0.866361,1.67458,3.30615,3.05952,1.65344,1.71146,1.2729,-0.0759898,-0
0.126086,2.20881,2.43322,1.84326,0.2089,0.597926,0.852059,-0.0433734,0
0.179303,2.9401,-0.285692,1.64503,0.680436,0.669078,-0.329495,1.55568,1
0.304667,0.0621621,0.648142,-0.00487452,2.07221,0.28267,-0.244117,-0.175437,-0
0.224525,0.563401,0.525287,1.80619,-0.0806398,0.193967,0.858157,1.64813,3
0.0912813,4.23894,1.92697,2.91221,-0.0489297,0.11721,0.770819,1.99525,2
1.18658,-0.473602,-0.141971,-0.0542476,2.04471,0.48129,1.93201,1.25113,3
0.660522,1.98756,3.20291,3.06003,0.505423,0.278192,-0.428713,1.58345,1
-0.0562979,2.4556,1.57366,0.754213,0.291178,1.01351,-0.34827,-0.208855,-0
0.798793,2.5046,-0.586617,3.09614,1.75244,1.3273,0.952683,1.02925,3
0.0176314,0.796333,0.890273,0.628476,0.8206,-0.395935,0.692456,1.32057,1
1.02307,3.51282,2.79893,1.73049,1.59988,0.0078809,1.33271,1.39861,3
0.945042,2.20343,3.0024,0.602315,1.83274,0.19066,1.69978,1.49616,1
1.56787,2.36474,0.0314875,0.484814,1.33216,-0.0786316,0.0608782,-0.176675,0
2.43564,3.69254,0.698003,0.675487,0.0164158,0.82874,0.521494,1.9541,4
0.205372,-0.208827,0.104082,1.57738,0.341656,0.847184,0.306148,1.51935,3
1.64521,1.04085,2.85122,2.97636,1.81772,0.0642006,1.21289,2.23255,1
0.951026,1.33023,0.036098,2.26333,0.258798,0.00818082,1.9397,1.08787,1
1.90702,0.0335346,1.74108,0.654542,2.13714,0.0845825,1.72191,2.06212,1
1.25533,2.14796,3.27927,2.01048,1.97094,1.13394,1.55643,1.76471,1
0.610464,-0.245111,0.31993,0.543317,1.31909,0.7184,0.770703,1.26595,3
1.22078,3.13116,0.616353,-0.172415,1.38747,1.14146,0.0081254,0.0131725,0
1.95974,0.67519,3.28776,1.10632,0.575293,0.614078,0.498972,1.92158,1
0.880327,1.68794,0.944707,-0.0799561,2.27943,0.124357,0.285105,-0.0396176,-0
0.288644,0.43432,3.13043,2.23058,0.604722,1.30623,1.00425,1.97018,3
0.246688,3.72844,1.80419,1.42464,1.71092,0.539846,1.22881,1.50376,3
1.9848,-0.395005,0.25777,0.20375,0.245375,1.16122,-0.113568,-0.0392601,-0
1.21983,1.12923,2.75547,2.04926,2.81081,0.169551,0.67351,1.59871,1
0.668258,3.5683,3.17055,2.20812,0.0710377,0.205172,0.011766,1.58788,1
0.172918,0.280234,1.62201,1.98972,0.339464,0.909881,-0.588463,1.74294,3
0.970988,2.35457,0.272477,2.20308,-0.448629,0.327275,1.65219,-0.0389813,0
1.40508,1.06064,0.427146,0.560513,0.0470231,1.34019,2.44984,1.49081,4
0.206512,0.172789,0.31861,2.43233,0.895915,-0.377495,0.0398154,0.878229,3
0.299426,3.00016,0.865012,2.90512,0.613767,0.206029,-0.188341,1.59381,1
1.53484,3.20339,2.36554,2.5813,2.0641,0.615013,1.65412,1.90456,3
0.572442,2.29334,3.17164,2.93014,0.00949192,1.13569,2.13572,1.64454,1
1.71322,0.751947,0.583793,-0.149489,0.930011,0.0314125,1.46933,0.906536,3
0.579178,-0.263445,-0.127694,2.05411,0.762978,0.331224,-0.392805,1.33399,1
0.216138,0.760407,0.716075,0.796846,1.79073,-0.0495272,1.84041,1.87015,1
0.331035,0.380431,0.680237,1.34265,-0.0201625,0.764806,-0.173265,1.63634,1
1.2638,1.92261,1.39671,2.9868,0.53869,0.788762,1.79216,1.96771,1
0.368883,0.205698,0.158503,0.660097,2.23024,-0.300761,2.02621,1.1835,1
0.24171,0.964602,0.997514,1.05612,0.5059,-0.0672164,1.05541,2.08439,3
1.18337,3.81487,-0.0678403,3.0728,0.363737,0.533499,2.08792,0.683379,3
-0.322848,-0.293753,0.323537,2.68866,1.27737,0.830174,0.274535,-0.271051,-0
2.13146,-0.058848,-0.0918606,3.04901,1.47909,0.501066,0.06028,-0.192336,-0
1.25027,2.15972,3.02677,-0.184063,1.02032,0.274074,1.40278,2.05231,1
-0.05512,1.01057,0.0526928,0.890467,1.0634,0.200187,0.982727,0.846061,3
0.573714,0.884028,3.31763,2.57311,1.98021,-0.165117,0.591613,1.99948,3
1.26525,-0.0108866,-0.167898,2.4382,-0.244565,0.358559,0.755657,2.02428,1
1.37142,3.1199,0.0212455,2.2281,1.30851,1.23479,0.138396,2.12156,1
0.531015,0.641344,0.0317454,1.99033,1.41534,0.811607,-0.545022,2.04538,1
1.58356,3.51633,1.53711,0.841425,0.602709,0.0928878,0.394078,2.01209,1
1.99634,1.23385,0.158248,0.928316,0.79989,1.18867,0.345538,1.39095,1
1.46361,2.3303,3.3295,1.83313,0.696856,0.304741,2.20235,0.9197,1
1.31184,0.0823695,2.93791,2.61459,1.0205,1.35769,1.25235,-0.104921,0
1.23948,0.422601,2.98272,1.80944,0.948885,0.297197,-0.0620195,0.996841,3
2.21464,2.17239,1.67946,0.349066,0.447878,-0.0178436,0.153003,1.46683,1
0.0435394,2.74445,3.1021,0.403001,1.31882,0.714965,1.04822,1.36884,1
0.791866,3.48049,0.773166,0.850575,0.780108,0.976078,0.966884,1.33241,3
1.2542,2.82064,0.16789,3.0177,1.37645,0.853267,0.87822,-0.150074,-0
0.424227,3.17534,0.405343,2.40729,1.95771,0.140459,-0.325802,2.0753,1
0.70937,0.881043,2.79361,1.34066,1.70969,0.562225,-0.362915,0.979196,1
-0.320393,1.68155,1.13526,0.0860531,0.868268,0.388608,1.68687,-0.130347,-0
1.57371,2.4205,-0.017659,0.192531,-0.0175175,0.0146873,-0.0808979,-0.159203,-0
0.351519,1.20147,1.93768,2.75176,0.72179,-0.262524,0.817477,2.00243,3
0.828789,2.4507,1.33134,2.89405,-0.104955,0.766925,-0.217145,-0.221029,-0
0.918696,2.84233,0.139813,0.555348,0.78192,-0.171578,0.566811,1.68523,1
0.277986,2.35027,0.436659,2.93059,1.61986,0.670862,1.63123,2.03203,1
1.9531,0.456104,2.94264,0.00649202,1.54129,0.266166,0.113627,1.4754,1
-0.291501,3.9443,3.13036,0.996463,1.71452,1.11719,1.97807,1.40764,3
2.73003,3.25946,0.520342,0.540243,1.27934,0.0339046,2.17015,1.6019,4
-0.228466,-0.483604,2.73575,1.44039,0.957484,0.754503,-0.397345,-0.0955392,-0
1.5277,1.92468,2.88438,1.6934,0.226754,0.417174,2.04893,0.225729,0
2.06904,3.93347,0.0950981,2.08846,0.591449,0.473269,2.46753,2.09611,4
2.15883,2.01764,0.348971,1.17575,1.83476,0.317821,1.33518,1.5784,1
2.13634,3.63615,1.16835,0.898763,0.770526,0.189651,-0.391145,1.44991,3
1.39773,-0.0396688,2.2,0.700923,1.23538,-0.306824,0.60806,0.960698,3
0.661669,1.98234,2.43627,1.91909,1.56158,-0.556697,0.61275,0.725359,1
0.176576,2.4051,1.82037,-0.185917,-0.232867,0.414284,1.94562,1.78798,3
1.56174,2.54333,1.66223,2.95927,0.715425,0.24473,0.388482,1.92601,1
0.643251,3.05358,2.14331,-0.28455,0.488799,0.719291,-0.236158,1.03716,1
0.409416,1.5837,3.0501,0.0917264,0.331824,0.803966,-0.0995416,1.91296,1
0.051287,2.60258,0.873245,0.76942,1.38427,0.610735,0.219746,1.8873,3
1.67557,3.58613,1.77552,0.431834,2.24253,0.999888,2.34591,2.01636,1
1.66795,2.99163,2.72651,-0.502827,1.31045,0.729691,-0.351369,1.71454,1
1.80291,-0.11698,1.81998,-0.0157753,1.70451,-0.0104911,-0.271885,2.10538,1
1.19694,3.29679,2.9014,-0.26165,0.475253,0.565037,1.98642,0.948217,1
2.05187,-0.439252,3.06819,1.13943,1.07974,-0.121974,1.84734,2.00498,1
0.69931,0.114092,-0.13764,2.46706,1.26976,-0.13862,0.32913,0.96874,3
2.16964,3.54672,0.769319,0.608288,0.383919,0.507913,0.215053,0.0119442,-0
2.2923,3.9104,0.450914,1.4776,-0.0918752,0.726847,0.94636,1.78264,3
0.883638,1.42344,3.46425,0.996817,0.284997,1.46453,1.22754,1.35097,3
1.78349,1.10518,0.314488,2.63245,0.28248,-0.129389,-0.1388,1.85139,1
1.67289,-0.330427,2.47061,0.384552,0.382992,-0.228893,1.51002,2.07319,1
0.949709,0.54567,1.40671,-0.178145,0.0733599,0.942346,1.53696,-0.0992035,-0
0.708664,2.67325,1.03899,3.06511,0.552032,0.443364,1.59921,2.28103,3
1.4892,1.45093,1.26689,0.817325,0.793527,-0.273503,0.0147106,-0.0469021,0
1.81417,0.960233,2.30553,2.85948,1.29569,0.353461,-0.1923,1.36839,1
0.626457,3.97094,3.22631,1.74902,0.965351,-0.155676,0.125678,-0.0189109,-0
1.63018,3.07693,1.11995,0.329456,1.72171,0.604678,0.753192,1.06687,4
0.858243,3.36774,0.419207,2.19831,0.476222,0.619484,1.83351,1.46188,1
1.69625,0.0745178,0.260059,0.240415,0.829859,0.966283,-0.229809,-0.0835344,-0
1.50692,0.270676,1.54847,-0.012366,0.976816,0.266632,2.10297,1.19919,3
0.98518,2.95236,1.95785,1.93407,0.665003,-0.0887705,1.27685,1.22788,3
0.980442,2.91909,1.05867,1.22854,1.18148,0.65155,-0.0708979,1.87313,1
0.963234,3.18403,0.818473,0.683071,2.07337,0.0697846,0.0836448,1.21676,1
1.42426,0.241628,0.257361,1.68957,2.33837,-0.231558,-0.237409,-0.0391832,0
-0.240093,2.23561,2.37675,0.290894,1.82817,0.0673761,-0.169431,1.42423,1
-0.136929,-0.314698,0.735045,2.04912,2.7019,0.200555,1.70481,0.904179,3
0.982025,2.93766,2.3832,0.348035,1.43355,0.540174,1.70351,2.0126,1
0.618832,2.11406,1.85002,0.373471,0.474119,0.241043,0.823765,-0.0970044,-0
0.775194,-0.185901,1.9782,-0.114575,0.675367,0.509544,-0.283354,1.33021,2
0.941589,4.14112,0.143347,1.1893,0.259746,0.159211,0.915869,-0.0126076,-0
2.00161,1.82187,1.22057,2.10432,1.79135,1.2573,-0.202757,1.8459,1
1.97568,2.28766,0.557037,0.317099,0.0868324,1.15966,1.31811,0.0595431,-0
0.499723,4.12227,-0.0109766,0.303726,1.2132,0.917635,1.12108,1.0188,3
2.16058,2.41651,0.0745332,2.86179,0.0764986,-0.16486,0.330914,0.534392,1
1.67585,0.703348,1.53486,2.04935,1.14563,-0.204407,0.108689,1.49563,1
1.84763,0.574527,0.656572,0.372408,1.703,0.00942814,1.67245,1.53871,1
1.36165,1.59597,0.41052,-0.18571,2.27322,0.549489,1.75823,1.01521,1
2.26585,0.155687,-0.110841,0.459322,1.15895,-0.182024,1.53938,0.936814,3
1.47051,0.995381,-0.0833149,2.80235,1.44877,0.230119,0.278014,0.911481,1
0.453224,2.58175,1.30256,2.75181,1.29368,0.770054,2.05708,1.90047,1
1.51364,1.99416,0.921209,2.86983,0.244267,0.100873,1.96267,1.28845,1
1.02009,1.97029,3.36165,0.990451,1.16774,0.412167,1.49552,1.33666,3
1.90412,0.619066,2.7334,-0.129434,1.05564,0.0656824,0.0837106,1.79869,1
0.791305,3.1089,2.90502,1.75912,0.207516,1.29944,0.565852,2.25729,1
0.544207,1.49985,1.74418,-0.144648,-0.055244,1.24944,0.570379,-0.105844,-0
1.0075,2.48356,3.07259,0.601126,1.96479,0.776532,1.51538,-0.0469075,0
1.55181,3.77346,0.435006,0.975507,1.71853,1.20756,0.361365,1.9814,1
0.20302,0.364257,1.23829,0.479101,1.54889,0.895303,0.781148,2.05725,3
1.16208,1.73386,0.315721,3.06948,-0.0206019,0.0495443,0.935898,0.520331,1
1.81473,-0.141926,0.220586,0.583979,1.80175,1.2599,0.334238,1.54489,1
2.37327,2.13444,0.790742,2.00272,0.657456,0.302656,0.791341,1.06114,1
1.04666,3.68475,-0.0860319,1.15308,0.397552,0.522845,0.984439,1.7684,1
0.369108,0.0142669,0.540633,-0.0712957,0.929307,0.327475,0.133373,-0.0985912,-0
1.52136,0.390146,0.760633,2.09442,1.87682,0.472372,0.259774,1.81924,1
2.10726,3.98987,2.47986,2.93967,1.62545,0.446249,1.66156,1.28741,3
1.58693,1.60795,-0.0192859,0.455605,0.964244,0.312897,0.671448,2.02731,1
0.0317124,0.84943,-0.235044,-0.135819,1.65254,0.82419,1.88725,1.48549,3
1.59967,1.41776,2.37759,0.283608,0.823156,0.619724,0.280335,1.26615,1
2.15394,2.83441,1.91679,2.65478,0.621774,0.0876339,-0.229987,1.86024,1
1.90546,1.33014,2.95187,-0.0612263,1.68212,1.12598,1.20664,0.0577243,-0
0.0303346,3.75565,2.42284,1.17649,0.664559,1.11622,1.05687,1.93914,3
2.12974,-0.17134,0.022308,2.39946,-0.0364187,0.677876,0.299927,0.0614657,0
2.31843,-0.317632,0.663294,0.0288414,0.949148,1.11951,1.67159,1.10544,3
2.27892,-0.00335486,1.77519,0.67545,1.63279,1.26425,1.31125,2.00249,1
1.68419,2.81914,2.22661,2.40015,1.34112,1.08167,1.68448,1.20582,1
-0.129559,3.76949,2.08122,3.09855,0.199116,-0.180847,2.05406,-0.0894399,0
1.22169,3.36694,3.03347,2.6655,0.698814,1.47243,1.40698,0.549313,1
1.87733,0.327651,0.215982,0.258381,1.86943,0.10387,1.77642,2.22694,1
0.360009,2.61904,1.11487,2.58772,0.00279066,0.433473,0.181978,-0.203755,-0
1.80454,3.62701,3.0751,2.17571,0.923426,0.923912,1.76416,-0.109652,0
0.318462,2.37389,0.453408,0.104557,2.64852,0.352084,1.00077,1.61645,1
0.857467,3.07705,2.25452,0.563896,1.69168,-0.174017,1.00393,1.75503,1
-0.0395724,1.80695,0.511015,0.180038,2.1505,1.10364,1.4674,2.14461,1
1.29672,4.15894,0.318147,-0.0256609,2.19772,0.541974,1.04528,1.31342,3
0.000453091,3.21695,1.67016,2.44562,1.28305,0.0247099,1.83975,0.0495384,0
1.84013,0.38731,0.538661,2.87838,1.51036,-0.00637473,0.735809,-0.109042,-0
1.54723,3.28117,2.79382,2.77179,1.88629,0.273012,1.67775,1.76474,1
0.559233,0.266952,0.159668,-0.169697,0.917513,0.487933,-0.170457,1.79065,3
1.27835,2.36323,0.0024142,0.279463,1.34154,0.120041,0.363384,1.66241,1
0.733862,-0.0788018,3.39611,2.72646,1.53476,0.724793,1.33004,1.34146,3
-0.0295491,4.20734,2.00066,1.95539,1.03802,0.32835,2.41773,1.72299,3
2.07215,0.832317,0.526951,0.326658,0.32933,0.790893,2.06988,-0.044246,-0
0.666362,1.56795,0.911211,1.43122,0.00212312,0.826629,1.09967,1.36367,3
1.87915,0.148744,1.76435,0.534127,-0.129618,0.690818,1.5669,-0.00522155,-0
0.990065,1.5626,2.46029,2.18648,0.509904,0.361576,-0.0825279,2.06613,1
0.689533,3.70228,2.63937,0.926039,-0.250763,0.988122,0.282852,1.02345,3
0.740675,0.889503,3.22774,2.79363,1.93432,0.844062,1.0699,-0.256242,-0
0.124673,0.000669894,3.23409,1.56723,0.733287,0.647446,1.42142,1.59603,3
-0.0705255,-0.203733,0.398127,-0.21947,1.29462,-0.099189,0.0491013,1.55033,1
-0.0175139,3.73245,0.0524043,2.55409,1.17249,-0.085128,1.4599,2.3103,3
0.550724,2.68724,0.708648,1.89066,1.29443,-0.347305,1.62029,1.06649,1
1.84661,3.07221,-0.0385861,2.9626,0.698181,0.906374,0.646123,0.896353,1
1.58301,1.39538,0.374267,1.21504,2.20335,0.123219,1.27848,1.83584,1
1.71639,1.38755,0.0384248,2.36387,1.68137,-0.0887889,1.95395,-0.00298668,0
0.484274,3.66751,0.604094,0.561183,0.534046,0.550524,1.87995,2.07668,1
1.78927,2.92082,2.48952,2.05562,1.4961,-0.140651,-0.149012,1.99498,1
1.71067,2.20808,3.71147,2.37907,0.569478,0.44217,1.50183,1.90063,4
1.97651,2.34837,0.139536,2.36483,1.91437,0.832855,1.62715,1.28995,1
1.84873,1.02293,0.00388446,2.78953,2.16079,0.129109,-0.271626,1.55937,1
0.938336,-0.486224,2.99332,0.579524,0.756622,0.111029,2.04761,-0.0774041,0
1.55471,0.247939,0.453977,0.4289,1.09574,0.181365,-0.195235,1.2385,1
1.16807,0.655837,-0.0379827,0.349784,1.57975,1.23028,-0.0452616,1.69838,1
1.62661,3.8637,0.567824,1.00762,0.361414,0.184173,0.526303,2.22194,3
0.0887006,0.981165,-0.111551,0.0373735,1.87545,0.76986,1.62026,1.412,1
2.21198,1.98984,0.503519,2.35631,1.97272,0.476535,0.350848,1.67037,1
1.41203,2.48689,0.964336,0.381146,1.28877,0.813694,1.71468,1.59186,4
2.05187,-0.216097,1.75473,1.13719,1.14508,0.248305,0.055472,1.48496,1
1.90251,3.41659,2.06553,1.92047,2.37668,0.42607,-0.482561,1.99137,1
0.0950769,2.02322,2.59671,2.6197,1.70999,0.326252,1.12424,-0.0402321,-0
0.588809,-0.488981,2.5691,0.479267,1.32027,-0.350875,-0.00351289,1.13465,3
1.79391,-0.249509,0.360261,0.306151,2.05248,0.115615,-0.218212,1.55749,1
1.17219,4.07778,-0.223897,2.21518,1.48873,0.955772,1.63424,-0.0454056,-0
1.72275,3.6405,1.60482,2.54848,0.152253,0.0166384,1.44238,1.49961,3
1.54111,2.29242,0.0223131,0.0907152,2.16652,1.34529,0.736528,2.31513,4
0.981208,0.323389,3.00237,2.93248,1.90017,0.342052,2.57954,1.0905,3
1.76616,-0.190227,2.12333,1.22361,0.915076,0.369874,0.872957,1.13057,3
0.613497,1.65784,2.64119,2.09322,0.68719,0.284273,0.481457,-0.19104,-0
1.37927,3.58646,0.862965,3.05197,0.180313,0.313169,0.200623,1.91462,1
0.672288,1.47971,0.0740271,0.242751,1.08928,1.05049,2.04329,-0.100718,-0
0.123142,1.13714,0.3274,1.17149,2.69764,1.38017,1.36821,1.25993,3
0.64688,0.912656,0.874741,1.95232,-0.0205103,0.358499,0.197634,0.0162679,-0
-0.0639938,2.12409,0.656687,1.05313,1.09665,-0.0260511,1.36714,0.767694,3
0.27622,2.11035,2.60494,1.07105,1.06757,0.819863,2.11791,1.16056,3
-0.00988798,0.622225,3.2223,2.50969,1.27496,0.31926,2.0301,1.02948,3
1.93415,3.02526,3.28688,0.0549469,1.15647,0.931255,1.13357,0.00502409,0
0.824843,0.8133,0.416819,2.25694,1.04295,-0.234929,1.44617,1.89738,1
-0.281631,2.35138,0.601506,2.56938,0.818722,0.722826,1.01615,1.36898,3
0.313001,4.02561,0.162564,-0.390043,1.27178,1.10356,2.13446,-0.0159305,0
1.14737,2.81825,2.179,3.04623,-0.00865662,0.695377,-0.187893,1.92528,1
1.7478,3.64936,2.7413,1.31602,1.21438,0.0911293,0.323242,1.47771,1
0.50731,3.80722,-0.421237,2.5697,1.97499,0.314325,0.339069,1.02172,3
1.89837,0.680401,-0.00711487,3.29541,0.162917,0.547425,0.582049,-0.0328892,-0
1.61574,1.24479,0.0344712,2.89526,-0.208065,1.21512,1.89823,-0.14564,-0
-0.537838,2.82014,0.188945,0.202603,0.165527,1.25897,1.59272,2.1136,1
1.28071,1.69248,2.58927,0.803579,0.630811,0.929103,1.51327,2.01522,1
1.61447,0.542034,1.16105,0.248184,1.45591,0.558655,0.941538,1.71269,1
0.353064,3.62865,3.05157,1.31019,-0.516286,0.497514,0.64967,1.93857,3
0.875584,0.109231,1.91848,0.237666,0.925589,-0.00748579,1.12199,1.72373,3
1.1099,0.062543,2.79777,1.09181,2.38385,0.439684,0.507145,-0.0590513,0
1.87652,1.56389,0.125468,2.1653,2.37911,0.0609769,1.25184,1.72327,1
-0.0852589,3.1274,1.83199,1.70085,0.703136,-0.0273285,0.677715,0.838492,3
-0.0669163,3.68003,2.09407,1.96838,1.37532,0.232849,0.367954,2.36827,1
1.05803,-0.0620435,-0.0022861,-0.0883978,1.17567,0.228477,1.19664,1.81037,3
1.47167,-0.299032,0.165599,2.95906,1.17501,0.324093,0.663718,1.10476,3
0.733514,1.40558,3.25295,-0.259132,-0.0185057,0.226787,1.35859,1.32125,1
2.32474,0.881772,2.4848,0.116695,0.839335,0.557867,1.5746,2.09902,4
1.29836,3.11836,2.78758,0.15821,1.95207,0.51484,0.490622,1.52027,1
0.838515,-0.203769,0.266842,1.50379,1.68688,0.373386,0.937823,0.824614,3
1.60967,0.0909966,0.211908,1.2106,0.808334,1.02639,0.0649311,1.63664,1
1.29258,2.08582,-0.1799,2.73119,0.107236,0.123484,1.87206,-0.0414842,0
-0.17329,-0.0740831,1.119,1.17897,0.859355,0.0635699,0.115006,-0.072984,0
0.812474,3.40762,0.752002,2.2305,1.71684,-0.135766,0.78246,1.57287,3
0.933681,1.74705,0.0535954,1.85514,0.746007,0.71108,0.0258072,-0.0609441,-0
1.97473,-0.331897,2.89624,0.247236,1.24384,-0.104002,2.03497,1.54157,1
0.0198374,3.26909,1.53358,0.0823786,0.464997,0.510671,0.743722,2.23058,1
1.94034,3.39947,0.11848,3.05375,0.628389,0.666485,1.66671,0.062206,-0
0.87501,0.176977,2.221,-0.326139,0.376221,0.863698,0.17937,1.19431,3
0.81373,2.16515,2.97795,2.08922,0.565863,0.704945,2.02473,1.63648,1
1.44716,2.59868,2.7701,0.613188,2.46671,1.08299,0.448181,0.00936602,-0
1.67364,1.2559,2.60327,-0.186085,-0.0937473,0.198411,0.452126,1.53183,4
0.455832,2.96875,0.622421,2.91972,1.37573,0.627997,-0.00305721,-0.0622452,-0
1.24668,1.1156,2.00688,1.96178,0.698135,1.41659,0.835339,1.80076,1
0.266173,0.85774,0.0107406,0.853588,1.35062,0.65779,2.62414,0.982452,3
0.828555,3.91369,2.045,0.921184,0.618239,0.409263,2.27949,1.53622,3
2.69191,1.38904,2.13059,1.52768,1.17718,0.496844,1.22228,1.96974,1
1.66452,3.22251,2.08789,0.0153927,0.371245,-0.363153,0.783016,-0.10456,-0
0.670738,3.75424,2.47213,2.5922,0.349534,0.413498,-0.389127,2.09665,3
1.06181,1.70036,0.140031,2.86043,1.6723,0.363422,0.255083,0.495002,1
1.86208,2.41522,-0.0231396,0.774574,0.770129,0.392781,1.03733,1.68027,1
0.786234,0.249265,0.47363,0.845356,2.238,0.0435717,0.213254,1.37857,3
2.05587,0.788302,0.810826,-0.157042,1.01399,0.0674375,0.987634,-0.179021,-0
0.735183,2.06318,2.98744,2.80894,1.86323,1.00154,1.03148,-0.226512,-0
0.883946,3.0414,1.48277,2.05355,2.24609,-0.134109,0.333475,1.78625,1
0.894189,0.970091,0.0186073,0.00893025,1.93817,0.480097,0.307471,0.606405,1
0.934309,1.57948,-0.0713405,-0.14515,-0.228504,-0.0899961,1.24508,0.911619,1
2.04086,1.03287,2.14887,0.800546,1.08605,0.180968,1.13723,1.98545,1
-0.163739,0.00396187,1.47376,0.915238,2.06887,-0.0956074,0.86151,1.9066,3
1.13864,1.5201,1.32635,2.08014,1.72358,1.59498,1.06143,2.04038,1
0.735217,1.09432,2.1542,0.409593,0.572797,0.16533,0.582299,1.68277,1
2.23139,3.84716,2.10551,2.38518,0.676434,0.296805,0.975206,0.029106,0
1.1362,0.727787,1.31533,1.43973,1.14387,0.785153,1.65251,1.3046,1
-0.0307377,1.128,1.57025,-0.352207,1.0945,0.0822433,-0.154685,-0.0580027,0
0.540075,0.305819,0.28872,0.452654,1.36372,0.00903784,2.13099,1.44255,3
1.32104,0.567541,0.115019,0.200537,0.365428,-0.184656,0.790444,1.46553,4
1.34872,3.511,2.28375,2.0707,0.165596,1.14894,-0.20403,1.57616,3
1.58979,2.78786,0.169345,1.31708,1.79331,0.39628,0.559904,0.700392,1
1.30752,1.80236,1.06355,0.291552,1.31468,-0.167791,1.10957,1.53312,1
0.469796,3.8992,0.211957,1.45585,2.35108,0.679559,0.675869,1.46057,3
2.03811,0.732779,0.330022,2.66647,0.749305,0.320372,0.152895,2.88336,4
0.674576,-0.0716611,0.818213,0.511778,2.05387,0.755348,-0.0365293,-0.110026,-0
0.253993,2.47773,2.12848,0.762112,1.68327,0.354653,-0.000142863,-0.0982614,-0
0.410649,0.452885,1.79745,2.19882,1.06604,0.397401,-0.470105,2.24385,1
0.388247,0.730144,1.51766,0.1838,0.929283,0.484276,1.42329,1.97154,3
1.62199,-0.150504,-0.183893,2.57538,-0.0344352,-0.164343,0.669518,1.32558,3
0.411832,1.71341,-0.0910399,0.108665,2.07898,0.247176,-0.297365,1.54515,1
1.84597,1.00341,0.290296,2.40346,2.27743,-0.36409,1.10145,1.08815,1
1.02824,3.05242,0.788774,0.0103005,2.20261,-0.472514,1.61126,1.48957,1
-0.0798482,-0.0127424,2.23674,0.328383,1.47461,0.125174,0.709642,1.96336,3
1.08877,1.20573,0.647231,0.428646,0.393722,1.49215,0.857444,2.52588,4
0.0973806,2.72591,0.0024673,2.37538,0.27285,-0.485797,0.17081,1.37497,1
1.62158,3.14508,3.27337,2.62924,1.81062,0.24011,0.373332,2.12158,1
1.21026,1.31378,2.87375,2.65094,0.116966,0.704514,0.237068,-0.157848,-0
0.852749,-0.284638,0.513347,1.25911,1.66823,0.226595,2.12893,-0.0183872,0
2.25495,1.55096,0.0476349,0.329592,2.28916,0.429981,1.22616,1.48906,1
0.650365,1.21446,2.61334,0.259961,2.02697,0.919691,0.560484,-0.117666,-0
0.925562,0.632547,2.00671,1.62704,0.93288,0.909732,1.72393,0.460764,1
1.42848,0.63053,3.1392,-0.0954545,2.37366,0.12349,0.380494,1.63339,1
0.337024,0.912868,2.76577,0.660239,0.826279,0.275515,-0.20306,0.939723,3
1.64914,2.00439,0.241807,2.43405,0.150464,-0.157164,1.05059,0.767597,1
-0.165066,2.21586,-0.044965,2.03934,0.236128,-0.0877621,1.11106,-0.111135,-0
0.0370795,3.91943,0.0510949,3.2568,0.755024,0.925115,1.13007,-0.0793254,0
0.815422,1.71086,1.30323,0.566738,-0.202215,0.579484,0.995668,2.04381,1
-0.0802681,1.25877,1.85145,1.13492,1.32139,0.174774,1.31095,-0.12367,-0
1.33755,-0.382815,3.28062,1.88734,0.244279,0.173751,0.163018,1.09138,3
2.11076,3.69701,1.24059,0.826406,-0.315981,0.813314,0.191343,0.0512702,-0
-0.386565,1.81301,2.8377,2.92424,0.823744,0.483854,1.32228,0.884305,3
1.57155,1.89523,1.70539,-0.235405,0.462083,0.337381,-0.044606,0.499287,1
1.45561,-0.619794,2.86168,3.0443,-0.00324505,1.29692,1.01665,-0.100208,-0
1.61404,3.07984,2.83438,2.62855,0.163439,-0.135721,0.428871,1.98055,1
0.0304089,1.05081,2.08358,1.78262,0.232002,-0.0279928,-0.0507071,2.24169,3
0.0421969,3.70099,2.135,0.0424344,0.384569,-0.0104598,0.431311,-0.0992592,-0
1.83461,2.45071,1.00231,0.185522,1.08366,0.527548,1.31369,1.38841,1
1.49232,1.36814,2.28042,2.79963,0.497497,1.1323,2.12275,2.0342,1
0.756032,2.68871,0.188797,3.10944,-0.106691,0.848625,0.216097,-0.183069,-0
0.56218,3.48777,-0.00519404,2.78904,1.89505,0.118465,2.12234,1.16642,3
0.651429,1.51365,-0.128993,0.452532,0.454133,0.627636,0.851717,1.23801,1
2.42873,1.78501,0.234061,1.62362,0.314514,0.422538,0.624499,-0.0399011,-0
0.277326,3.76257,3.22934,0.0994793,0.461988,0.710424,0.872811,1.94363,3
1.35816,2.14484,3.42436,1.39623,1.45198,0.338521,0.667587,1.66327,1
2.05773,0.739092,1.82493,0.0614185,1.99542,-0.0399493,0.306983,1.86209,1
1.27576,-0.0632186,1.22933,-0.0561139,0.108682,-0.210663,0.425963,1.9143,1
0.102361,1.09368,0.117839,1.40151,-0.234077,0.641882,-0.0962196,-0.0915213,-0
0.39304,3.52003,0.172962,0.0678267,1.99921,0.545647,1.95823,0.970033,3
1.06746,1.81659,0.397157,-0.0240997,2.31142,1.2966,0.56825,1.61689,1
-0.0162002,3.13275,0.0289081,2.62789,0.946641,0.825771,0.94621,1.60033,1
0.789282,3.61559,-0.000588724,1.70634,1.97725,0.498293,0.37551,1.10759,1
1.27578,1.04023,-0.0245957,2.66427,0.656908,0.359868,0.683625,1.00963,3
1.18881,0.10077,-0.101746,0.0181327,0.539751,0.21415,-0.147326,1.96386,1
0.151723,2.05576,2.3529,-0.183647,2.00969,1.46439,1.93173,2.25089,1
0.773928,0.0619663,0.986083,1.20495,0.756033,0.391209,1.82393,-0.0427809,-0
1.62267,0.346537,2.14559,0.297286,0.995464,-0.122606,1.65669,1.63362,2
0.274973,0.0337371,2.66893,-0.211767,1.73162,-0.347709,-0.0978721,1.3667,3
0.750441,2.09682,2.62968,0.871682,1.12001,1.36656,0.212484,1.9262,1
-0.131691,3.6783,1.64596,1.28248,1.33992,-0.0174241,1.1727,2.18171,1
0.226664,0.97701,0.5667,1.1379,1.29881,0.420426,1.96889,1.79786,3
1.56283,1.76063,0.053728,2.64937,1.65075,0.610849,-0.0317809,2.49739,1
0.524764,2.39264,2.06611,2.24338,0.766341,-0.716474,1.00591,1.23263,1
0.352946,0.079155,3.14996,0.424406,1.90971,0.352564,0.197742,1.48777,3
-0.0745982,1.44288,2.08575,1.16964,0.377672,0.0442296,0.484575,1.56973,1
0.946251,3.7586,0.0481043,2.63526,2.27963,0.687372,0.328156,-0.122829,-0
-0.0574505,1.77755,0.50074,-0.119806,1.34477,-0.0200345,-0.0247065,0.632542,1
1.64047,1.25335,2.95884,1.5916,0.751829,-0.239765,1.39756,0.831374,1
1.58111,1.93193,1.35032,2.81492,1.14207,0.0129237,1.04339,1.78161,1
1.1075,-0.286932,0.455973,1.81985,1.20834,-0.260665,0.319448,1.58768,3
0.939928,3.17224,0.992395,2.22046,0.461371,0.0449373,0.180226,-0.088142,-0
1.54007,0.589747,2.61031,0.245724,0.242751,0.521318,-0.273557,1.73093,1
1.07127,3.17981,2.82265,0.342191,1.55485,1.11782,1.8793,1.79841,1
0.209338,1.7786,-0.078458,1.38364,0.606141,0.695904,1.58073,2.16337,4
0.348141,3.28735,0.438168,-0.103115,1.57472,0.266251,2.36127,-0.0470846,0
1.80195,2.61743,2.10198,0.403019,1.59803,0.0908369,1.0755,0.0189378,0
2.15273,2.44452,-0.00965385,0.298676,0.753879,0.634302,1.78204,0.816597,1
1.57517,0.363892,0.884041,-0.0963864,1.53225,0.492882,-0.198533,-0.079844,-0
1.87319,3.26969,3.10083,2.75936,2.33081,0.336358,1.35025,1.14254,3
0.367806,3.81762,0.213938,1.00155,1.73651,0.848626,-0.241935,1.79321,1
1.39665,2.36463,3.01382,1.30377,-0.194305,0.498504,0.588211,1.37863,1
1.86362,3.63577,1.30781,0.567383,1.34003,0.114857,0.0321856,2.0212,1
0.57326,2.81798,0.0817156,0.0710501,-0.177407,0.108297,1.57724,1.30343,1
0.599407,0.195138,2.6506,0.719103,0.171781,0.79339,-0.406336,2.15294,3
2.10137,3.34331,-0.116882,1.44523,1.21944,-0.0731112,1.26075,2.12615,3
1.52881,0.672053,3.16117,0.289212,2.18621,0.174313,1.78009,1.99055,1
1.3104,1.42612,0.417113,3.07996,0.21657,-0.422046,1.07631,0.951253,1
0.507987,-0.0675906,0.84645,0.228093,0.868109,0.897272,1.27607,1.63483,3
0.901533,0.345875,3.06567,1.38548,1.00694,0.818422,-0.146232,1.16241,3
0.785734,3.32428,3.51073,0.907803,0.849592,0.307792,1.06216,1.85102,1
2.19691,2.41317,1.72504,2.02647,1.83987,-0.0453518,0.0578456,0.65051,1
-0.0672083,1.80224,2.22822,1.4451,0.203368,0.539503,0.105082,1.38271,1
-0.43394,1.48584,1.71123,0.213463,1.53705,0.135629,-0.326471,-0.161033,-0
0.527125,2.97781,2.74616,2.37386,2.17041,-0.0216746,0.0475046,-0.105546,-0
0.552636,0.0976575,0.369291,1.4757,0.457795,-0.219156,0.952009,1.6392,3
1.20659,3.4314,2.13601,3.33092,0.355485,0.35463,0.0229359,0.0920476,-0
0.79206,2.50327,1.8834,2.02986,1.16114,1.34751,0.253294,1.70049,1
1.7521,1.77111,1.89833,1.29251,2.21084,0.845707,0.316736,-0.123647,0
1.79666,0.908144,0.566093,0.0885439,0.402514,1.00258,1.0736,-0.0354384,0
0.921871,4.05405,-0.240645,1.57025,0.529668,1.40175,0.793567,2.0637,3
0.31605,3.37899,3.14467,2.18566,0.539207,1.03417,0.117233,1.3523,3
1.88809,3.32715,0.143858,2.32473,0.756692,1.01697,0.135618,1.91539,1
-0.13601,0.613965,3.03633,0.884472,1.36749,0.813441,0.0798132,1.60922,3
1.72866,-0.224213,0.936883,1.91119,1.9019,0.352359,0.849865,1.40272,1
0.19867,3.90434,2.63485,2.54088,1.98258,0.131904,2.13074,1.92174,3
0.691207,3.72367,3.31931,1.91532,1.0067,1.31265,1.95843,1.34448,3
0.103846,2.39118,3.06826,1.8763,0.0137103,0.780746,2.06138,1.56593,1
1.27275,3.45655,-0.358079,3.09582,0.964228,0.319233,2.37796,0.650438,3
1.49186,0.893929,-0.0938233,2.51977,1.17039,0.85509,0.255116,1.59106,1
0.016681,3.69273,0.57271,0.996391,1.53044,0.407868,1.388,0.063039,0
0.487242,1.05526,0.640936,2.65876,0.504803,0.411488,2.78699,2.0139,4
1.32189,3.30748,1.11258,2.90152,1.15171,-0.0213601,0.774986,1.67759,1
0.785258,2.7394,0.344099,0.066418,0.695227,-0.133083,1.56875,1.65388,1
0.257603,2.27814,0.736597,2.7965,0.429669,0.232102,0.334155,-0.119671,-0
0.341822,1.77049,2.37091,0.384535,0.734782,0.150385,0.0800144,-0.0923304,-0
-0.282215,3.48992,1.3789,2.10865,0.48562,0.408701,0.639207,1.48372,3
2.34216,0.945658,2.04436,0.182993,2.11132,0.488493,0.00474053,1.56536,1
1.95502,2.65672,0.358878,3.00883,2.38811,0.551592,0.15685,1.40922,1
0.220459,1.76302,0.109723,0.307359,2.04371,0.257441,1.43724,1.31963,1
-0.31833,3.20387,0.868048,2.23983,1.64863,1.20458,0.904551,1.43226,1
0.999384,3.49402,1.78986,0.145888,0.580084,0.219637,1.8101,-0.0357941,-0
2.48939,3.6712,2.99261,0.0665032,1.06808,0.0809993,1.90938,1.21861,3
1.93154,2.93255,1.22715,1.08827,1.40043,1.34174,0.49666,1.91566,1
0.548148,3.36103,0.996226,2.57293,0.81479,0.573234,-0.313978,1.80348,3
1.63217,0.949201,0.00591222,0.459828,1.96079,0.0825131,0.246419,0.875287,1
-0.127886,1.94462,3.25925,2.4758,1.85126,0.474623,1.54452,2.23451,1
0.479703,2.60725,2.03338,2.53288,2.40374,-0.0040574,1.31905,1.55294,3
1.30544,1.32611,3.13908,0.238615,1.81035,0.728812,0.486469,0.887494,3
1.75678,-0.194969,1.29534,-0.00614582,0.844174,1.15746,-0.132859,1.8334,1
1.86204,2.22142,2.2773,1.39505,1.10687,-0.199202,0.653158,1.15188,1
-0.0440121,-0.109004,0.825315,0.776197,1.80004,0.7016,0.221967,1.58749,3
1.02117,-0.0429519,-0.0101879,1.16079,2.08299,1.17773,1.27875,1.53693,3
2.39998,1.05406,1.98412,1.57035,1.96387,0.58992,1.78173,1.18071,3
2.20331,0.696169,2.85764,1.95171,1.07093,-0.315076,0.510441,1.93351,1
0.925877,0.0170992,0.338902,2.8887,0.826661,0.65464,0.4139,1.50642,3
-0.0200351,1.96073,0.745367,0.364506,0.275209,0.644145,1.42249,2.11991,1
0.805718,0.746615,0.0969218,1.23304,0.171323,-0.315012,2.10616,1.71109,1
1.83192,3.46704,1.14102,2.38099,0.602302,0.308994,1.78373,1.55087,1
1.95094,3.51481,2.06388,0.0281857,1.8492,1.44912,0.885566,1.25382,3
1.60162,3.01933,1.77466,0.149585,1.40092,-0.144566,-0.427827,1.46216,1
0.402602,-0.418123,0.314932,1.42444,0.442007,0.167003,2.30865,2.36047,3
1.96874,0.280595,0.0372948,1.15034,0.0879716,0.348027,0.18794,1.3846,1
0.148028,4.06921,0.31615,-0.0505308,1.89306,0.450803,0.504265,0.0244388,0
0.18721,2.83742,1.23838,1.16856,0.70608,0.336011,-0.383045,1.79578,1
0.974321,1.89959,2.44518,-0.211401,0.830612,0.648155,1.71091,2.09518,3
0.43722,1.50053,0.568777,0.491628,1.09021,-0.552812,0.504594,1.16188,3
1.89233,2.86791,2.96068,-0.221594,0.34209,1.3121,1.07336,1.68998,1
0.882252,0.190892,-0.081954,0.213003,1.23912,0.168026,1.98595,1.70675,3
1.72034,0.313835,2.64642,2.57029,1.08597,0.552551,0.698817,1.50668,1
1.34616,3.46,0.315344,1.70109,0.597325,0.934605,-0.328018,0.054163,0
0.622025,3.87258,0.260053,0.266971,2.47145,0.339094,0.292164,-0.0401728,0
0.461834,0.177966,1.70356,3.33455,0.250517,1.06273,1.83855,1.28159,3
1.46155,1.41509,1.31137,0.497938,1.85936,0.49972,1.2285,0.459813,1
1.87214,1.63424,-0.0536248,1.89664,2.14119,0.713797,0.198077,1.89437,1
0.725607,1.3446,1.76626,0.549404,1.23471,-0.408738,2.21559,1.96225,1
0.924265,3.26083,0.137824,0.790845,0.451625,1.25507,1.95781,-0.0163578,-0
0.191048,4.03653,0.410018,1.51387,0.920174,1.08144,-0.300028,1.71632,1
0.788369,1.61907,0.253167,0.519162,1.05221,0.0717378,-0.149541,1.17029,3
1.71058,1.03094,1.06546,1.18288,0.978463,0.0735877,0.570904,0.948745,1
1.11993,1.77454,0.910186,2.92038,0.76841,0.0878605,0.977269,1.57268,1
-0.329086,0.21272,0.593945,0.290197,0.745634,0.328165,-0.27539,0.0098441,0
2.27761,1.84425,2.57923,0.000563318,0.356626,0.364378,0.0672613,2.02723,4
-0.012331,3.35411,1.57918,0.803892,1.07531,0.150314,-0.0130084,0.928659,3
2.17379,2.67309,2.7824,0.348353,1.46028,0.0929976,0.328281,0.0826701,0
1.37655,0.189569,1.88587,0.197328,0.321228,0.509339,0.0346096,1.67553,3
2.50655,1.75442,0.372426,0.514842,0.411696,0.0660233,0.907495,1.99821,4
1.61083,0.124307,3.11923,2.14425,0.907075,1.44582,0.903682,-0.00223271,-0
0.56646,3.63561,-0.160196,3.0596,0.460845,1.16672,0.453461,1.58735,3
0.19867,0.846487,3.47653,2.86622,1.65131,0.633391,0.185638,1.96231,3
1.93812,0.179323,0.22089,2.68357,2.09459,-0.23355,0.212514,1.73985,1
0.676812,-0.015393,0.340435,-0.11167,-0.0201224,-0.35393,0.393813,1.00933,3
1.26082,0.538268,1.91832,0.56455,0.0984828,1.0876,0.967868,-0.0192375,0
1.94799,-0.456382,1.16078,0.0546545,1.19632,0.0594665,0.073846,1.6996,1
1.97793,1.8211,-0.183688,0.00956609,1.73179,1.13003,1.62871,-0.0858786,-0
1.96312,2.7877,3.26187,0.480481,1.0948,0.0692793,1.84341,1.63245,1
-0.287174,3.23028,1.06465,0.221945,1.77683,0.0600986,1.60078,1.6354,3
0.0496232,3.45297,3.25939,0.085429,0.222411,1.2816,2.06454,1.99328,1
1.45545,1.24611,3.10306,1.33635,0.261568,0.691219,1.6457,1.144,4
1.23551,3.35942,1.33538,2.68651,1.56907,-0.410181,0.358636,0.156758,0
0.847463,1.00979,2.87297,-0.590356,1.78381,0.843439,0.566084,1.43939,1
0.908862,3.80176,2.9361,0.577698,-0.216252,0.141889,0.20262,1.77996,3
0.202323,-0.148887,-0.456993,0.78992,1.49217,0.0973841,1.82603,1.35843,3
1.81965,-0.459504,2.27584,2.40732,-0.14469,0.673109,1.11999,0.0106981,-0
0.695913,0.420297,0.8952,2.26207,1.38279,0.838533,0.929336,2.32861,3
-0.253394,2.87349,2.2486,3.11696,1.51502,0.587555,0.0742977,1.39019,3
1.95319,0.109366,1.03146,0.692338,0.961995,0.434956,2.07321,0.759967,1
0.748565,1.39786,2.67696,0.463896,2.14499,1.1835,-0.0960203,1.55389,1
1.26992,0.350982,1.67971,2.88227,2.67931,-0.109882,0.190747,1.53341,3
1.40902,3.19879,0.134101,1.59802,0.996904,0.0522615,0.186611,0.784202,1
0.371368,1.7252,0.118219,3.26061,1.29462,0.0668127,1.76278,0.828878,3
1.26226,1.61915,0.218278,0.214553,0.974073,0.700395,1.39929,0.677852,1
0.229584,0.665869,0.389847,-0.180291,1.98746,0.572525,0.597675,-0.146577,-0
1.72039,3.25018,0.723247,0.600407,1.23967,0.322394,1.07971,1.18814,1
0.943301,2.13994,0.316666,1.30365,1.7167,0.203659,1.06433,2.28292,1
0.617512,-0.0886554,0.916163,1.32337,0.00845973,0.820687,0.911514,1.07189,3
2.1696,1.09302,2.82963,1.75656,0.466271,0.57655,1.16893,1.44981,1
1.87861,3.74351,0.156801,0.0598912,0.797179,0.328145,0.939433,0.0398516,-0
1.96757,1.09308,0.0967494,0.413564,-0.148778,0.241346,1.29817,-0.0101552,-0
1.8747,0.22209,0.0519445,2.15698,-0.11188,0.212609,-0.165508,-0.0500465,-0
1.90219,2.38351,1.14445,0.503193,2.07628,0.233334,0.568615,1.353,1
0.608402,1.17565,2.26431,1.71463,1.10636,0.863779,1.3482,-0.140648,0
0.641683,-0.23482,0.123729,0.584125,0.465243,0.62815,-0.403371,-0.176392,-0
0.0916234,0.864465,2.40348,2.34896,1.6275,-0.0209278,1.46797,2.161,1
1.05906,0.0853004,-0.138089,1.50822,0.203927,0.0507045,-0.292334,2.40997,3
0.603505,0.941184,0.744373,1.01175,1.39219,0.718529,1.88461,-0.200991,-0
0.545903,-0.198715,0.933282,2.31636,2.00566,0.467218,1.13968,1.55562,1
2.18113,2.0007,1.06858,2.26408,-0.206524,0.190469,0.897348,1.55962,1
1.47157,-0.271838,0.303206,2.41703,2.24495,0.294559,2.01673,1.52843,3
0.129441,2.50901,0.15297,0.424553,1.77657,0.531746,1.70619,0.994623,3
0.342398,-0.0212627,2.4726,0.310336,0.666824,0.794905,-0.230499,1.83317,3
1.66253,1.84998,1.49313,0.994808,0.756396,0.0238442,1.8861,1.57544,1
0.767968,1.03874,1.6306,2.09828,1.07862,0.862642,0.5277,-0.0737685,0
1.27217,2.0227,1.85901,2.11506,0.940693,0.465098,0.768598,1.97224,1
1.26097,2.55476,0.0808234,0.02779,-0.201831,0.149331,-0.199746,0.888575,1
0.431807,3.70461,-0.0930181,2.15777,2.25681,0.921172,0.896202,-0.0790935,-0
0.211337,2.7843,1.93989,-0.106714,0.867252,0.695504,0.548798,1.69062,3
1.60087,1.09544,2.16985,-0.301414,1.6062,0.609335,2.12422,0.721288,1
1.47555,2.39147,1.67956,0.635323,1.42746,0.71757,2.01263,2.22303,4
0.773906,0.752502,2.79658,1.20363,1.72001,-0.0411777,1.85983,1.52535,3
-0.238763,-0.288466,0.121499,2.69426,1.03241,0.726378,0.561872,1.91512,3
0.736837,0.371703,-0.336457,2.57492,0.841477,0.086931,1.35408,1.25977,3
-0.00775285,0.42286,1.21898,0.16988,0.47204,-0.00560756,-0.257235,-0.0969616,-0
0.0189842,1.56615,2.95201,2.3172,1.83543,0.577276,0.666363,0.71541,3
1.21257,3.21003,1.07032,2.00362,-0.210776,0.650169,0.278964,0.952846,1
1.56488,1.36594,2.54592,2.94002,1.11358,0.126752,0.99048,0.674834,1
0.567333,2.10238,0.888958,0.0239897,1.07957,1.02021,1.2487,-0.163064,-0
1.50209,2.71708,2.70466,0.408999,-0.0341449,0.889104,1.27476,1.54143,1
0.227734,-0.568724,3.14196,0.786234,1.32085,0.516736,1.16554,0.0109477,-0
-0.265252,3.6345,2.55692,2.72505,1.88009,1.02273,1.59648,1.35534,3
1.55877,0.0735689,1.8816,2.98053,0.56977,0.678193,-0.0676985,2.1377,3
1.45914,2.95729,-0.0180119,3.00074,0.675975,0.728498,1.55263,0.704239,1
-0.0937654,0.275244,2.03656,1.48667,2.20951,0.0113193,-0.358072,0.930334,3
1.9336,3.54751,2.02305,2.12403,0.427568,0.618824,1.06695,0.0814051,0
1.80759,2.90762,0.0880826,1.29238,0.138183,-0.120953,0.168403,1.34398,1
0.908196,3.48177,3.09113,-0.441288,0.738658,0.840555,1.03436,1.72573,3
1.66006,3.69542,1.53732,0.209504,0.41217,0.169491,1.59829,0.846036,3
1.69041,3.30605,2.35572,-0.166297,2.49873,1.12609,1.85497,1.12381,1
1.84525,3.70256,2.72401,1.3943,1.23095,0.106501,0.865994,1.43946,3
0.611886,1.65537,0.725768,1.3513,-0.0101109,0.413975,0.833207,-0.170553,-0
0.0147264,3.72438,3.15066,1.75906,0.201789,0.498564,0.598513,1.8274,1
-0.29406,3.88997,1.08365,3.22594,1.21681,0.230672,-0.0935524,-0.102802,-0
1.11411,-0.250169,0.754084,2.61672,1.23243,0.489519,2.69344,1.15621,3
2.36206,3.41728,2.21094,0.237552,0.848289,-0.18699,0.748412,0.993428,3
1.94823,1.89923,0.670745,3.23952,1.43395,0.624001,1.3918,1.85038,1
0.574458,-0.129776,2.65948,1.76798,1.97197,0.791966,1.7897,2.33108,3
1.03952,3.65332,2.47578,1.43951,1.30657,0.750238,-0.24529,1.95626,1
1.99475,2.71238,2.60418,-0.029575,0.879437,0.734201,1.76877,1.25861,1
1.24508,0.0870438,1.74774,2.70144,1.53708,0.227147,0.47852,1.6898,3
0.701208,3.73627,-0.301602,1.32916,1.03464,0.0877267,0.00428049,1.04675,3
0.773312,-0.0305819,0.0888024,-0.11258,0.380719,0.489728,0.944761,0.929341,3
0.606135,0.24338,1.40718,0.822751,0.449005,0.111456,-0.127744,1.40064,3
1.50853,0.277896,2.75322,1.10943,0.773805,0.842368,1.6479,1.74449,1
1.96414,2.93834,-0.0418559,0.44127,0.845221,-0.2245,0.248928,1.03916,1
1.08888,2.10544,0.376785,-0.372714,0.604276,0.839976,1.40846,1.8921,4
1.63608,0.730855,0.0298659,0.934872,0.56418,0.907031,0.6613,-0.100245,-0
-0.185377,2.44289,1.20976,0.925549,1.69699,1.30207,1.1221,1.48653,1
0.0856635,0.978752,3.26663,0.299087,0.0531552,0.736219,1.78329,-0.0654357,0
-0.0386605,3.81069,2.59017,-0.251591,1.01536,1.45859,-0.108327,1.63886,3
1.78728,0.0347229,1.77366,2.65169,1.70591,0.373677,2.1823,2.00041,1
0.414684,3.98062,3.10154,2.92515,0.86848,-0.298306,0.153038,-0.0474993,0
0.715659,-0.225697,-0.324882,2.77403,2.02813,0.582628,0.601723,0.828315,3
0.682181,3.84191,0.397837,2.57974,0.118292,0.70699,1.18781,0.933363,3
1.34885,2.99598,3.19698,2.72366,0.291872,0.602297,1.97924,0.80603,1
0.600614,1.30082,2.67073,2.98327,1.99205,0.969141,1.79543,1.2736,3
1.7563,1.52761,3.29862,2.81878,0.43304,-0.165065,0.690915,1.59497,1
-0.214465,0.683284,1.74938,2.75482,0.597619,0.413191,0.189336,1.05051,3
0.54262,0.755788,-0.0983336,-0.14222,1.27962,-0.0744047,-0.0920262,1.91145,3
0.56281,2.25326,1.42883,1.15475,-0.296658,0.623745,0.418842,-0.101591,-0
1.98699,3.52812,2.0867,2.96341,1.1406,-0.0347217,0.0997322,0.267829,0
0.04588,3.72625,1.83386,0.975011,0.458837,0.839207,1.1248,0.671332,3
1.6136,2.2005,0.221502,-0.00395278,1.538,0.906275,0.669241,-0.00451867,-0
0.179391,0.0842148,0.0889929,0.144101,-0.642689,1.09177,0.850712,-0.284736,-0
-0.0982647,3.9165,2.51208,1.1385,1.35739,1.35906,0.37182,1.23858,3
1.50739,2.22412,3.22601,2.88752,1.14595,0.104934,1.68794,1.47947,1
0.476639,2.52871,2.99726,3.25432,1.33682,0.816084,0.372337,2.12047,1
1.33601,2.29875,0.393773,1.55644,0.418387,0.487607,1.03656,0.408122,1
1.08259,-0.660934,2.93532,1.96547,1.52699,0.510902,0.58942,1.9501,3
0.979019,3.28475,2.90714,2.92312,0.824533,0.198406,0.984781,-0.0792938,0
2.32519,3.93406,0.814745,0.590439,2.36995,0.294051,0.0176788,1.71448,3
2.74341,2.90409,0.694484,0.432257,1.14007,0.516509,-0.0184653,1.35312,4
1.95742,1.66994,2.14346,-0.196205,1.04364,0.552885,0.774785,0.0111546,0
0.572105,0.596798,1.12496,-0.277606,0.23831,0.22545,-0.0111429,-0.194614,-0
1.45778,1.92296,0.726898,1.20345,2.05539,1.29274,1.49504,1.76392,1
2.8259,4.09682,1.16061,2.65292,0.517136,0.876864,2.19794,1.28881,3
-0.219646,3.47611,2.46355,2.63592,1.19858,0.0667855,1.89017,1.54048,1
-0.41231,2.31952,1.05743,1.0088,0.874528,0.627464,1.26106,1.98474,1
-0.340976,1.90699,-0.106959,0.435028,-0.097385,0.941842,1.25795,1.66182,1
-0.0302976,3.03213,1.00308,2.2874,0.601057,0.622548,1.49139,1.79461,3
1.18479,0.318694,3.54127,1.12094,0.728306,0.223478,0.878798,1.43937,4
-0.460835,-0.021062,0.537631,0.0606584,0.621775,0.89132,-0.138095,1.27323,3
0.789258,-0.0624074,0.141952,1.14503,0.301649,0.0552912,2.11443,1.99354,3
1.9418,-0.117534,2.73237,0.813163,0.492904,0.601991,-0.336919,-0.0893133,-0
0.892158,3.30359,1.54189,2.5403,0.185939,0.578719,0.419594,2.13265,3
0.181365,0.530028,1.05211,0.150457,0.143864,0.432819,0.645823,1.25056,3
0.843299,-0.170924,0.429055,0.64183,2.67845,0.756466,1.09308,0.881158,3
1.57901,1.63793,1.88589,-0.249368,2.33433,0.498263,2.07789,2.02408,4
1.80904,2.48054,2.4454,2.91691,1.65404,0.0739521,-0.00147901,1.16177,1
0.329177,3.5114,2.52305,1.53935,1.80131,1.05284,1.03527,1.93913,1
1.05377,1.42117,3.08042,3.1356,0.601988,0.314979,0.0582283,1.96954,1
1.4532,3.48138,2.84086,1.05333,2.08716,0.902183,1.98198,0.4756,1
0.732939,3.98818,0.633734,1.6275,1.33526,-0.327251,1.75933,1.80542,3
1.98104,1.97589,1.41023,0.169954,1.60617,0.540435,0.824209,0.722554,1
1.96756,0.797118,0.582112,1.09236,0.60184,-0.201982,1.7201,2.0654,4
0.624184,3.70629,0.19371,0.0607741,1.05311,1.4805,-0.00326672,1.8985,1
1.52125,2.69914,1.29341,0.605148,2.05769,0.85715,0.490301,-0.0904266,-0
0.895775,2.8738,2.60112,2.91235,2.03675,0.135002,-0.02723,1.93038,1
1.63595,2.85714,2.83358,1.75236,1.02223,0.844601,0.383662,2.20521,1
1.65593,3.77148,0.904452,3.01668,0.790117,0.0624041,-0.140815,0.0901023,0
1.87974,0.155122,1.34764,1.08263,1.67761,0.812191,0.778682,2.11462,1
1.31131,1.52354,0.263654,2.83413,-0.495289,0.0970616,0.677553,0.906842,1
0.991552,2.72887,1.03248,1.98169,0.854626,-0.255041,0.500871,0.181771,0
0.133408,2.17424,3.01593,2.68193,-0.405976,0.850875,0.295567,1.0489,1
0.163103,-0.194007,0.542913,-0.385012,1.59841,0.40203,2.06134,1.91624,3
-0.157811,2.85609,0.797199,1.74229,1.34002,0.764612,1.27611,2.05593,1
0.870473,0.544823,-0.127137,1.76348,0.567073,0.134476,1.4157,-0.0984994,-0
2.0106,0.657535,1.28938,-0.0582021,0.602284,0.484545,1.25173,0.972843,1
0.475255,-0.311454,2.79853,2.21646,2.50002,0.426112,1.0673,-0.22067,0
1.43764,3.61459,1.80504,1.83242,1.70236,0.542069,1.75427,1.94093,3
1.23117,0.887756,2.75413,0.86673,1.17503,0.00259982,2.42748,1.69934,3
2.2064,1.90719,3.15672,1.75879,0.148636,0.252194,1.41148,2.03853,4
0.986081,3.00027,0.0116328,1.92199,-0.189429,1.20034,0.313695,1.51178,1
1.53327,2.4084,1.06642,1.05034,1.70095,1.08455,0.00201751,1.41355,1
-0.312733,2.05159,1.4616,0.292122,0.771222,0.674756,2.42095,0.0368464,-0
-0.372099,0.694183,2.22728,0.815083,0.0278236,0.657561,1.45398,1.40118,3
1.14788,0.142337,2.77149,0.530514,0.816517,-0.0953937,0.82872,-0.0504492,0
0.00505305,3.1947,0.7344,-0.102758,0.635443,1.16093,2.13017,1.62626,4
2.15275,0.54013,-0.156942,0.834297,1.15116,0.682544,0.337439,1.87216,1
-0.354958,0.144939,0.875809,1.63361,0.418172,-0.334961,0.86423,1.7816,3
0.97513,0.137637,2.26062,-0.246886,1.02602,1.33792,1.32906,1.83833,3
1.64882,3.7226,1.93608,2.01554,1.92935,0.760962,1.38276,1.17018,3
0.779398,2.91576,0.523712,0.462199,0.359177,0.441124,0.999098,1.69241,1
2.76221,2.49804,3.75877,0.36625,0.456845,0.589267,1.70922,2.13051,4
1.82065,0.105337,1.34544,0.0339933,1.64796,1.46505,0.750553,0.870111,1
-0.0828819,2.45671,2.77683,-0.0760884,1.23104,0.172942,0.292084,1.35606,1
0.201817,2.93612,1.1275,0.788286,2.17897,-0.283792,1.07446,1.51799,1
1.38209,1.04668,1.53762,3.07335,1.37146,0.828119,1.27238,2.13113,1
0.36529,3.2174,1.36773,1.07408,0.479921,0.721766,2.31534,1.01498,3
0.479665,2.67655,0.351691,1.34909,2.08062,1.20672,0.18194,1.95415,1
1.51482,3.74089,2.71583,1.32702,-0.467259,1.12059,1.39831,1.49191,3
1.46528,3.41775,0.385266,3.14167,0.185236,0.879876,1.58891,-0.00300267,0
0.768508,2.45635,2.18482,0.124442,2.27292,0.594513,-0.306222,0.607468,1
0.135798,-0.250049,0.645243,0.0623049,1.0489,0.41858,0.723244,2.40891,2
-0.0482997,0.57928,0.0404159,1.58177,1.86707,0.141668,1.38417,1.20882,3
2.17955,0.978661,0.691631,0.201004,1.56013,0.215417,1.82689,1.69518,1
0.253177,1.99496,0.31309,0.0895944,-0.242152,-0.0113322,1.29812,1.08904,1
0.53768,2.27359,2.20249,0.210646,2.15967,0.0950407,0.163597,1.93847,1
1.73009,2.65319,2.35522,2.02937,2.57304,1.83088,0.391648,1.31203,1
2.05123,1.10546,1.03528,-0.0761504,1.48669,-0.166901,0.0908938,1.15425,1
0.358691,0.693179,1.54826,2.68488,2.20651,-0.593196,0.506512,0.987154,3
2.89307,2.31829,0.0333018,0.786096,0.885983,1.1878,1.98903,2.66577,5
1.09348,3.05631,0.178331,2.16772,2.78495,0.112831,0.509677,1.08054,1
1.04079,-0.0235942,2.88212,-0.136456,1.28132,0.767248,1.89959,0.69008,3
0.424314,0.105692,2.48929,0.401142,0.646803,-0.485091,-0.0154091,1.97684,1
0.254755,1.20217,0.0461208,2.20974,1.9474,-0.0887615,1.2251,1.32997,3
1.78438,4.09367,0.515382,2.00942,1.67728,0.627587,0.458359,-0.0113125,-0
2.11602,4.06569,1.3013,1.88579,2.36717,0.633019,0.744643,-0.0545255,-0
1.2597,0.509473,2.19371,2.68172,0.886632,-0.0116006,-0.10619,-0.118718,-0
1.31892,1.06441,0.322953,2.60722,0.527786,-0.150677,0.286537,2.27929,1
1.81067,2.3953,3.13054,2.32748,0.22715,0.554114,1.37642,0.481137,1
-0.20262,3.32557,0.0538648,2.25799,1.75733,0.982195,0.78926,0.893095,1
2.03452,2.78775,3.15508,2.34452,2.15938,0.0582361,1.00249,2.09856,1
0.236695,2.82865,1.20616,0.0892148,1.83964,-0.0528524,1.49268,0.798347,3
0.191246,2.02493,-0.0856972,0.599112,0.915097,0.739099,0.85751,-0.210966,-0
0.543605,0.999095,2.95045,-0.0323905,1.47885,0.16543,0.316573,1.67757,3
0.426707,-0.45218,1.36693,-0.1075,0.4822,0.342537,0.0644077,-0.240145,-0
0.877571,0.353846,0.689238,0.836644,0.70996,-0.245875,0.599357,1.71706,1
1.35338,0.653583,0.0598667,-0.302811,0.235258,0.665,0.649642,2.23228,4
0.949884,-0.310063,-0.143459,2.91548,-0.467158,0.289743,1.0928,1.87612,1
1.36437,2.32437,1.33955,2.16023,1.44188,0.774939,-0.0505281,2.06212,1
1.59019,1.70265,1.4831,1.11905,1.01425,-0.0207402,2.0486,0.775122,1
0.888055,0.930675,2.78826,2.15502,0.431,0.0340667,1.51033,1.74038,3
1.59182,0.776356,3.22374,2.36167,1.37166,0.0302097,-0.315214,1.75312,1
1.61734,1.39265,1.05797,3.09215,0.348856,-0.168103,1.122,0.00783335,-0
1.71447,0.813039,2.56089,3.05764,1.55629,1.08098,1.97444,0.161876,0
0.969916,0.140344,0.128713,1.29099,1.21995,0.216765,0.93225,2.23839,3
2.06807,-0.188788,0.00185556,1.94379,0.905471,0.529733,2.0413,2.09399,1
1.98829,1.05762,3.0156,1.50422,0.965195,0.391474,1.62747,1.76302,1
-0.314073,3.58004,2.67727,2.25289,1.72816,0.551579,0.269316,1.64144,3
0.621487,0.169591,2.18857,1.51163,2.28319,0.405048,0.680719,0.813692,3
1.88966,-0.133987,0.515525,2.57299,0.181419,-0.817999,0.973748,1.72909,3
1.00373,2.43504,2.17671,2.51477,1.52185,0.0738395,0.672855,2.21923,1
0.808112,0.958377,2.53327,-0.357473,0.0972639,0.398901,1.10659,1.75171,1
0.163106,2.35904,0.0367694,1.35474,1.75246,0.945642,0.975852,1.65642,3
0.719764,1.27195,1.7738,1.40884,2.09275,-0.175058,-0.166818,-0.0525134,-0
0.596202,2.4311,2.79482,0.977392,0.823646,1.02105,1.57891,1.9817,1
0.471941,3.63972,0.018804,1.54817,1.9575,1.06215,0.916594,1.80864,3
1.36441,1.95794,1.31704,0.907785,2.5149,-0.21166,0.423389,1.48358,1
0.861481,1.69403,3.34899,1.34009,0.0923239,0.645137,2.00041,1.94875,1
0.459301,0.46279,2.82229,1.91641,0.444587,0.756542,0.138866,1.01354,3
1.16028,0.620552,0.599729,-0.323434,1.6548,0.131723,0.869797,1.79498,4
0.795016,2.31903,2.68742,3.13542,-0.190792,0.243489,-0.632874,1.76427,1
0.41606,1.73957,0.638012,2.78048,2.29211,0.998066,-0.078154,-0.205627,-0
2.02879,0.125422,0.0873051,0.665421,1.98051,0.0774273,-0.207336,0.317959,0
1.72622,0.886103,2.24609,0.368388,0.217598,0.579576,0.657779,2.34936,1
-0.0808665,3.52654,3.10563,2.73449,1.77403,0.63502,-0.0857755,1.10061,3
2.85636,2.76126,3.01543,1.2724,0.032152,0.302157,0.0575968,1.53114,4
1.92657,-0.0847309,0.196989,2.69997,1.62052,0.427294,0.34177,-0.140734,-0
0.846315,3.34764,-0.401702,0.693883,1.05947,0.386115,0.977121,0.227549,0
1.07397,2.10944,2.66293,0.844198,0.301268,0.729939,-0.00402254,2.18625,1
1.57491,0.708881,0.752942,2.59838,1.92985,0.47859,1.2281,2.19102,1
1.38254,3.98101,2.76106,1.85691,1.81415,0.785536,-0.558226,1.58653,3
0.954077,1.07964,-0.0334069,1.62799,0.386746,0.710725,2.25383,1.63523,1
1.4987,0.522377,0.273516,2.64031,0.767017,-0.535491,1.63891,-0.0575483,-0
0.312772,3.04722,2.17472,2.5423,1.17019,0.899073,1.93293,2.05088,3
0.51369,2.90269,-0.150177,3.11489,0.804165,0.0433662,1.36236,-0.0658742,-0
2.29321,1.26318,2.59393,2.83668,0.439754,0.597929,1.39089,1.55913,1
1.9669,2.60027,0.175248,2.79203,0.612602,1.38744,-0.0288966,1.8496,1
0.286785,2.82476,2.78606,2.50111,0.757057,0.287675,-0.0218916,2.0672,1
1.75857,3.31334,2.56497,2.88566,0.402691,0.175856,-0.230968,1.65273,1
-0.0737593,-0.107179,2.56009,0.979007,0.00999962,0.214417,-0.263511,1.67307,3
1.05566,1.01364,-0.112218,1.00889,0.905191,0.415986,-0.0233719,0.8875,1
0.904937,3.49385,1.97214,-0.364433,0.912672,0.530145,0.861462,1.7043,1
1.51158,0.994963,1.955,-0.21041,2.5824,0.916931,0.935012,2.17422,1
0.164113,1.63664,2.98724,-0.174865,1.98237,-0.0938653,0.984119,1.04937,3
1.80976,0.683571,1.27482,2.40045,-0.0465469,0.321787,-0.00910112,-0.0297738,-0
0.199746,0.347357,0.522174,1.37042,0.139281,0.0507475,1.08684,1.7078,3
1.12846,3.0397,2.92537,0.46893,-0.363824,0.443435,0.432947,1.47877,4
0.441888,3.87031,2.90416,1.04344,1.23663,0.350764,0.126195,1.81674,1
2.43347,3.79389,1.46616,1.82361,0.69413,0.420698,0.851667,2.04535,3
1.01803,2.0673,0.0876722,2.34293,1.51863,-0.408908,0.1587,1.33357,1
0.0282652,-0.128861,-0.0179385,1.98224,1.71707,0.475214,-0.0658392,0.736604,1
0.750722,3.67621,3.13068,3.17186,1.1306,0.0766325,0.210814,-0.0877049,-0
0.502352,1.73293,1.33339,3.12067,1.37359,0.520085,0.90951,1.2992,3
0.0347003,0.116551,1.14585,1.95856,-0.382,0.751866,0.00145376,1.88059,3
1.65797,1.52895,-0.0979874,-0.207871,0.566927,-0.163821,1.24452,1.23564,1
1.39181,3.15776,2.81588,2.40592,0.412286,-0.233781,0.717303,1.49054,1
1.25019,0.0190941,2.95263,3.16125,0.483235,1.28724,0.462795,-0.0306262,-0
1.70628,1.34143,1.77108,2.83976,1.51906,1.0234,2.17517,-0.0998186,-0
1.25279,3.52011,0.738288,2.59538,0.396621,1.16949,1.8274,1.66819,3
0.724806,3.15164,1.83001,2.06013,0.790423,0.933553,0.538974,1.6242,1
2.13765,1.25151,1.20894,0.284383,1.12964,0.441335,2.08172,1.91762,4
1.15187,2.5388,0.474249,0.847992,0.0981178,1.02896,2.06398,0.308866,0
0.914701,1.87387,2.1116,0.193796,1.10687,1.28697,1.32433,1.35616,1
1.75461,1.29429,3.04479,2.23819,0.0520151,0.763319,-0.126071,1.45399,1
2.02282,3.64724,2.81574,0.226038,1.43079,0.192678,-0.0249228,1.06845,3
2.15197,-0.219089,0.748478,0.0753985,-0.172417,1.28346,1.04896,1.58615,1
0.61155,2.88787,2.77158,2.31466,0.841154,0.826533,-0.0296607,2.2249,1
1.85884,0.270111,1.76291,1.09512,0.622729,1.41005,0.555288,-0.0253246,-0
1.56579,1.79491,2.58779,1.6939,1.66919,-0.379257,0.502545,1.00256,1
2.16874,2.60038,2.22295,1.7016,0.90886,-0.16122,1.65618,0.350654,1
0.100866,3.25741,0.0653492,3.22833,1.61346,0.674978,0.299304,0.398039,1
0.855796,0.335099,0.782381,1.22548,1.13663,-0.751789,0.184447,-0.157411,-0
1.56426,4.09045,0.173053,0.0341068,1.68074,0.315111,1.43704,-0.0152518,-0
0.61109,2.43142,-0.285482,1.9805,1.07115,0.482115,1.94845,1.02232,3
1.85264,2.4274,3.15101,2.10442,0.30153,0.407003,-0.196984,2.00245,3
1.62056,3.75917,0.839444,3.01423,-0.0365789,0.205643,0.588071,1.86726,3
2.04391,1.29407,0.0886952,0.346559,1.05682,0.424062,0.0439218,1.43607,1
1.32732,1.59779,2.418,2.70047,0.773298,0.216237,0.0983442,1.49692,3
1.71925,0.227593,1.12994,3.34766,1.05758,1.18005,-0.096283,-0.139472,-0
1.40492,0.846626,2.77216,2.39405,2.35882,-0.00765792,0.437046,1.62412,1
0.99492,0.650063,1.81263,-0.173757,0.991022,0.570762,1.86286,1.68883,1
0.317447,1.13133,2.98103,2.74131,0.26099,0.342941,0.166902,1.5219,3
0.468265,-0.293982,1.65212,2.52377,0.736123,0.481354,-0.458405,-0.117371,0
2.1003,0.120888,0.148969,0.238428,1.17131,-0.583326,1.40646,1.25272,3
1.45266,1.4903,0.82546,1.06411,2.6738,0.409117,-0.158933,0.962277,1
0.712537,3.23642,2.39743,-0.201273,0.857497,0.104362,0.0786261,1.38173,1
1.95049,-0.0999354,1.94462,1.30655,1.39877,-0.0748065,-0.015704,1.2806,1
0.428424,-0.226515,1.73367,0.449033,0.287536,0.206886,1.50914,-0.106654,-0
1.86247,2.23262,-0.0251973,0.74478,1.41857,0.226206,-0.404662,-0.106846,0
1.83825,0.948007,2.54197,2.12848,0.723821,1.22109,0.937384,1.72773,3
0.604799,2.04079,0.585188,0.27692,1.69267,0.627346,2.21004,1.46283,1
1.07492,3.44158,2.54739,1.08357,1.53617,0.257841,0.676078,1.48994,1
0.735777,1.83478,1.62126,0.288498,2.33025,-0.0329255,-0.319089,1.27914,4
2.24382,1.45432,1.33104,-0.0982441,1.42692,0.585111,0.817859,0.908987,1
1.11775,-0.00444593,-0.154137,2.07628,0.330767,0.565371,0.213383,0.795751,3
2.36105,3.57064,2.85038,0.821236,2.07027,1.30343,1.90405,2.22721,4
0.732677,0.210939,1.5422,1.40684,1.79068,0.0459876,-0.173968,1.86844,2
2.00308,3.57558,-0.165159,2.45444,0.944232,0.5536,1.0385,2.2234,3
1.95782,3.57023,0.213357,2.3073,0.135746,-0.0465346,-0.0219187,2.5834,3
1.45781,3.45333,0.382498,0.456207,2.22254,0.559716,1.30805,0.0945985,-0
0.439311,2.60543,0.660085,0.291243,1.7361,0.688447,1.71144,2.0835,1
1.52182,0.459001,0.116357,0.254854,0.13678,0.529258,-0.141758,-0.0731349,-0
0.845458,2.57439,1.5848,3.27944,0.562626,-0.0551958,1.17983,2.24667,1
1.72433,0.0560431,-0.158557,0.905744,1.94285,0.611881,0.396035,0.828661,3
0.522212,0.658371,0.570327,1.19824,2.47684,0.922459,0.467567,1.38113,3
0.921715,3.32965,-0.0491247,2.72633,0.312674,0.556348,1.524,-0.0602233,0
1.35799,0.0386391,3.03694,2.71994,1.61641,-0.119979,0.686553,1.17552,3
0.0403034,1.85109,1.99719,1.73742,1.78733,0.495692,-0.0236669,0.787586,3
1.27821,0.739443,-0.0138025,0.233476,1.78742,0.338677,0.118517,0.863453,1
0.409631,1.61573,-0.178819,2.27662,0.0433888,0.544079,0.234941,1.9054,1
0.950326,1.51128,0.416996,0.922085,0.286056,-0.283768,1.15515,0.756354,1
0.231623,-0.0135117,2.4566,0.275688,0.274991,1.07277,0.808836,1.17626,3
0.586489,3.5538,1.22395,0.912333,1.44583,-0.0640347,1.95376,1.65888,3
1.47769,-0.153419,0.0650465,2.43761,1.31771,0.373262,-0.332159,1.80345,3
2.7849,3.8535,0.88738,-0.232713,-0.0586086,0.076133,0.389915,2.17396,4
1.4446,1.54316,1.60015,2.37968,1.9328,0.181896,-0.0994613,0.988064,1
1.59414,2.42043,2.84288,2.61037,0.703,0.163633,2.01039,2.03128,1
1.28127,-0.0708147,1.31171,2.28381,1.95087,0.719814,2.07036,0.0719995,-0
1.53255,0.188049,1.22834,1.80698,0.216291,0.924975,0.56225,-0.116474,0
0.954279,1.23242,0.774626,0.301636,0.0964144,0.278126,0.0708096,1.99472,4
1.34458,0.492657,-0.053033,2.6118,0.0601162,1.211,1.38619,1.12808,1
1.26367,0.522112,0.663584,-0.22646,2.68592,0.765666,1.20248,1.49956,1
2.51553,0.869931,2.37074,3.01125,1.30707,0.363241,-0.258421,1.48714,1
0.292991,3.20337,0.0894942,2.88805,2.53616,0.0998901,2.19907,1.91866,1
1.95995,0.0491901,3.60561,1.77193,0.924934,1.47254,0.0143022,1.17272,3
-0.217343,1.74897,1.04828,3.05478,1.89621,0.514368,-0.0306706,1.11554,3
0.397616,3.12176,1.94106,0.321607,0.549464,0.144394,0.751377,2.28952,1
1.80297,3.65419,2.91162,1.69079,2.29123,-0.338841,1.15836,0.0683364,0
0.57903,0.585134,1.02892,1.93293,0.665253,0.388811,-0.344565,1.83038,3
1.55524,2.44456,1.39751,0.0233479,1.12107,1.33758,0.00298336,1.85017,1
-0.0970217,-0.320831,0.735586,0.755432,1.58007,0.462303,-0.165714,1.82286,2
-0.173952,3.70723,0.202917,0.637432,1.60499,1.09378,1.53905,1.42845,3
1.41338,0.157568,-0.0176146,1.57999,2.00134,0.505338,1.52899,1.88026,1
0.63257,0.000989527,2.48027,0.419208,0.699756,0.511212,0.741989,-0.0418957,-0
1.10736,1.91314,0.963594,1.55238,1.1601,0.723953,1.2737,-0.110556,0
1.91878,2.09567,0.126058,0.780833,0.532124,0.686679,1.66881,1.52822,1
2.26648,0.851175,1.49594,0.692021,1.11882,0.754184,0.354532,1.60184,1
0.637369,1.58827,2.6919,1.23138,1.2158,0.486805,0.147052,1.1279,1
1.95077,3.19955,2.31198,0.0394172,1.3505,1.39702,0.503686,0.0686449,-0
0.312216,2.46842,1.20804,2.2812,0.952902,0.75329,0.977762,0.98451,1
0.380444,-0.425298,3.33976,1.71441,0.107228,0.534649,0.546727,2.02823,3
0.036417,3.62527,1.7241,2.86109,0.897921,0.689854,2.42389,1.09434,3
2.36926,1.75723,2.14064,0.46638,1.976,0.382998,0.735071,1.8067,1
0.468005,3.87149,2.93663,1.55685,1.18104,0.612542,0.446822,1.14873,3
1.52944,2.67635,1.8069,3.10313,-0.149748,0.526863,0.492337,1.80901,1
1.413,0.624606,0.699704,0.81551,0.304802,1.23005,-0.155675,1.64607,3
1.38683,1.60168,0.487573,0.510766,0.388179,0.967992,-0.300995,1.40345,1
-0.279844,2.7604,0.324861,0.270881,0.523792,0.090935,1.44296,0.467994,1
0.0782925,-0.292485,2.84749,1.25368,0.962258,0.294767,0.505825,1.24364,3
0.231642,0.628892,2.84059,0.540007,0.454741,0.424621,1.35059,0.913952,3
1.86199,2.00049,2.65603,2.91027,0.681894,-0.142614,1.91346,1.17811,1
0.363785,1.51336,2.72202,0.586685,1.48498,0.250636,0.821245,1.82244,1
0.507088,3.60921,0.302406,2.4924,1.74339,-0.317808,1.01695,2.09947,1
2.3455,2.35284,2.61241,0.822044,1.95851,0.675061,0.762949,1.84933,1
0.0962853,0.118551,-0.0206818,1.3118,0.763714,1.49743,1.54544,1.21069,3
1.02994,0.647068,0.730592,-0.161622,2.23168,-0.188808,1.09715,-0.0527188,0
0.284782,1.85167,0.0591461,0.64718,1.91383,0.964875,0.344431,-0.0942856,-0
0.132493,2.1066,1.40431,2.2912,1.44854,1.14579,0.83524,1.82755,3
-0.234948,-0.367381,0.261767,1.11344,1.85054,0.11588,0.340711,1.55375,3
0.667879,2.34746,2.90977,2.22252,0.958932,0.692564,1.85046,1.55715,3
0.540061,0.17118,2.18852,1.15215,0.28623,0.181547,-0.0133586,2.06532,1
-0.104102,3.03077,0.969784,1.79138,-0.315414,1.48454,1.13769,1.76516,3
1.92003,1.67783,2.89502,1.40535,0.101798,0.0375876,0.781135,1.67235,3
0.487245,-0.209579,2.05247,2.40398,1.17312,1.10818,0.97223,2.30261,3
0.520472,2.81435,1.78444,1.71317,-0.217994,0.394218,0.672063,1.67591,1
1.41642,2.43777,1.95359,1.65579,0.619095,1.41347,2.49898,1.48002,3
-0.155716,2.2893,2.81889,2.65589,1.98771,0.0705731,2.06893,1.33071,3
1.25877,1.90122,0.237377,2.8873,2.30696,0.0804486,-0.59804,1.64536,1
1.67068,-0.414292,0.0399168,-0.103971,0.764151,0.736707,0.394558,1.64047,1
1.85961,0.785,0.988974,2.62839,2.13337,-0.207204,2.04967,1.36243,1
0.785564,1.94315,1.98677,2.83521,0.615954,0.110641,0.52725,0.921438,1
1.97519,0.181946,2.66021,0.144045,0.332442,0.922217,0.170291,1.05761,1
1.19014,3.42323,0.0100891,1.81314,0.339776,0.58095,-0.0861387,-0.136178,-0
0.186911,0.520632,1.67064,0.870466,1.48643,0.246078,1.73919,1.83189,3
2.34808,-0.0600241,2.40817,2.12979,0.773902,0.53024,1.92264,1.61346,1
0.511911,3.03787,2.96042,1.24164,0.145582,0.559326,0.443348,2.29079,1
0.132775,2.6427,2.63514,1.98216,0.397019,1.23082,2.67187,-0.207688,-0
1.13829,-0.0967639,-0.00314061,1.71488,0.572219,1.04454,1.51364,2.21786,1
2.02537,3.08889,-0.012818,1.72257,1.48516,0.537119,-0.120854,1.72537,1
0.979899,1.30775,1.86961,0.605508,0.346499,1.31491,1.80682,1.4324,1
0.0888748,2.70987,2.31994,3.04974,0.0804318,0.298101,1.882,1.02621,1
0.869035,0.980314,2.63523,3.03314,1.88893,0.734194,-0.0836793,0.276092,0
1.83008,0.10245,3.20221,0.958221,1.18107,0.457688,-0.320818,-0.0167682,0
-0.0188204,-0.19654,-0.080132,1.4356,1.54546,0.871983,1.08885,0.602736,3
0.209902,3.47454,0.0985897,0.215355,1.06996,0.559929,0.374826,-0.0815206,-0
2.3349,-0.101153,1.86956,2.04297,1.94667,0.60654,0.439249,1.49981,1
1.21575,0.0509713,1.88677,1.26429,1.40328,0.758277,-0.522757,1.85185,3
1.77474,2.89607,2.68571,2.787,1.37175,1.06588,1.60086,1.73291,1
0.267193,1.90285,-0.00603921,-0.30101,1.22786,1.20526,1.24009,0.847322,1
1.50042,3.70958,1.58564,2.15733,1.09628,0.564111,0.144981,2.26584,1
0.650398,2.48836,1.05536,2.70034,0.981439,0.633295,0.0542512,-0.159175,-0
2.11291,3.07246,0.167136,1.6996,1.91333,0.305227,0.0517041,1.2521,1
0.786447,3.39979,1.86597,-0.0968114,-0.0638256,0.428214,0.995453,2.04291,1
1.17962,3.91298,2.21499,1.89493,0.527507,0.917983,1.61877,1.55341,3
0.98003,0.932198,0.395943,-0.243366,2.32329,-0.0917234,1.44905,1.77449,1
1.59315,1.37474,0.706279,-0.10945,1.7172,0.740628,1.26662,-0.0806828,0
0.578084,0.293157,2.70536,2.02435,0.797964,0.384534,-0.398963,2.36542,1
2.37098,3.89734,1.51875,0.11723,-0.068053,0.499145,1.13189,1.67754,3
0.0987938,3.4988,0.500579,2.43487,0.6226,0.393309,0.527458,0.650102,1
1.27008,2.05913,2.50009,1.7225,2.27681,0.470814,0.802442,0.740357,3
0.515833,0.570557,1.93971,0.311122,0.542868,0.269769,1.1748,1.67943,3
1.94265,0.422707,2.58492,-0.295044,1.88101,0.875986,1.01234,1.51218,1
1.53832,0.700086,0.146839,1.17381,1.56271,1.28947,-0.0757695,2.18793,1
1.14168,3.68941,3.0947,2.82089,0.960256,0.780735,0.604991,1.5641,3
1.93174,2.04659,2.61148,2.74956,0.00141601,0.583444,0.290063,1.89956,1
1.91459,-0.200814,0.289283,2.04716,1.06559,0.471984,-0.313426,1.47877,3
2.26962,3.12524,0.799883,2.62774,1.46832,0.140947,-0.396794,1.73138,1
1.43913,0.2413,1.23788,-0.313054,1.3385,0.308412,-0.0585054,-0.0274748,-0
1.64909,2.5551,0.433627,2.40604,0.146274,1.0975,1.72187,0.0308054,-0
-0.162432,0.905467,0.554277,1.3869,1.86358,0.33525,1.30153,1.25614,3
1.80163,1.31394,0.799291,1.83932,0.391336,-0.324259,0.547432,2.24248,4
0.188321,0.141663,1.78276,0.819541,0.874897,0.370374,0.027671,1.26888,3
0.921293,0.382741,2.12636,1.50281,0.583951,0.270618,1.09627,1.52872,3
-0.0745198,0.626266,0.0272469,0.91404,1.39013,0.664133,0.872988,0.896791,3
1.21742,1.57709,0.10504,2.35189,1.30401,0.229249,1.91167,-0.0934464,-0
0.979537,1.73269,0.599536,3.03663,2.17382,0.133659,0.0701973,1.88392,1
0.88983,0.497322,0.410603,0.141001,0.18394,0.723956,0.902663,1.93839,1
0.71843,1.96219,3.53904,-0.404949,1.08669,-0.433677,0.497087,2.02049,1
1.24958,2.32861,0.021907,-0.378712,-0.461495,1.12565,0.509919,1.69454,4
1.97107,3.19396,-0.141586,0.891789,0.499758,-0.0782668,2.25702,0.249269,1
2.13399,0.44836,1.19859,2.35036,1.01229,0.888277,-0.447405,-0.173525,-0
0.860774,0.15788,1.81915,0.475247,-0.554405,1.07774,1.47615,1.61679,3
1.34825,3.11112,0.594347,1.38207,0.591811,-0.207694,1.65128,1.10638,1
1.32538,2.51192,-0.0739313,1.87625,2.37773,0.144171,0.247777,1.53492,1
1.73554,0.422413,0.0388111,0.510702,2.3672,0.0704783,1.25716,-0.0766891,-0
1.53569,3.9083,-0.14867,0.56516,0.675027,1.23911,0.215867,2.20242,3
0.406212,3.54679,0.226023,2.75301,1.90937,0.222716,1.80451,0.766254,1
-0.000162019,2.28691,0.45149,3.08698,1.69206,0.0666525,0.190008,-0.153586,-0
1.15968,-0.239087,0.762772,1.49182,0.0231552,0.652848,1.74861,2.04593,3
0.988167,2.30028,0.469699,2.99066,2.08821,1.24961,0.885716,1.61857,1
1.96487,2.35993,0.0497022,1.08057,1.75941,0.772726,0.219511,1.4798,4
2.19728,1.40615,1.03031,1.65662,0.621404,-0.0498251,1.99289,0.892178,1
1.27016,3.69666,2.61964,2.3419,-0.348353,1.01913,-0.479771,-0.104449,0
1.14155,0.185933,3.17872,2.12177,1.74466,0.0848293,1.82495,-0.132058,0
0.15461,1.41031,1.91609,2.77092,2.12338,0.999246,0.627488,1.6569,3
1.87066,0.43881,2.18612,0.559246,0.00514416,-0.156409,1.11235,1.70144,1
1.26446,1.12439,-0.125888,0.0352781,-0.547172,0.846478,0.509526,0.9392,3
0.156153,2.25894,0.18397,0.699517,0.34869,0.012569,0.890076,0.0224635,-0
1.78086,2.98195,3.0821,2.57738,1.70257,0.0852298,1.05784,0.665138,1
0.427371,0.0591714,1.48947,1.6587,1.32264,0.926367,1.20952,-0.0745621,-0
1.05156,3.13005,2.94871,0.716849,1.76394,0.707069,-0.0240501,-0.0525965,-0
0.0967242,3.23131,1.12221,-0.00790142,1.56069,0.609675,-0.0724924,2.00647,1
0.611187,3.88199,1.14552,0.804386,1.87305,1.17405,0.861078,1.24435,1
1.23111,2.63236,1.41588,2.61613,2.05665,0.881168,-0.419523,2.02433,1
1.74416,2.48552,0.281222,1.64955,1.23996,1.09917,0.854354,1.31741,1
0.480796,2.05383,0.138848,0.888546,-0.121466,0.398458,0.190569,2.09538,3
0.196553,3.7199,2.11408,0.275095,1.93215,1.10327,0.565486,0.911269,3
2.42604,3.67431,3.23192,2.30308,1.03448,1.0574,0.522619,1.90156,3
-0.325695,3.67111,2.26729,1.20472,0.883366,0.922535,1.33528,1.19672,1
0.55744,0.718265,0.115375,0.755863,1.08789,-0.343788,-0.0184874,1.2757,3
-0.059487,3.58738,2.95405,1.33375,0.60916,1.08299,2.06241,1.73008,3
2.25914,-0.247568,1.4693,2.79804,2.42945,0.00723996,0.0597132,1.99075,1
0.877402,0.217973,3.14235,1.93925,2.24823,0.264647,0.769416,0.938376,3
2.16611,0.403294,0.371312,0.367361,-0.15838,1.22948,1.33378,1.6133,4
0.135386,1.41006,3.42246,2.59404,0.587425,1.16056,1.27878,-0.206292,-0
1.80739,1.75408,1.24416,0.609435,0.908798,0.192901,1.31368,1.70741,1
2.00144,0.98105,0.030073,2.32177,0.475549,0.140375,0.497532,0.042498,-0
0.521564,2.74932,2.6793,1.56192,0.467971,1.00865,-0.0264729,1.89041,1
0.544201,-0.187754,1.94005,1.82792,1.52775,0.0702228,2.04279,1.65634,3
1.35603,2.429,3.0234,2.26544,0.326668,0.0665082,0.216157,0.441466,1
0.68073,0.152462,-0.0718636,0.230025,0.86472,0.593929,2.21089,1.53609,1
1.15313,3.9049,2.96278,0.287312,0.323342,0.566253,0.705131,1.42887,3
1.1157,2.07969,0.185895,2.51183,0.213841,1.05611,0.768121,-0.02826,-0
1.90282,2.15656,2.03318,0.179122,1.19754,-0.215715,0.478232,0.989667,1
0.890798,2.04568,0.0463858,0.304087,0.172032,1.03993,-0.185192,1.3294,2
0.676816,0.777174,0.188524,0.0482027,1.86734,1.01786,0.960448,1.77964,1
1.25636,3.20168,2.74348,1.88833,1.90654,1.01779,-0.0251338,1.59576,1
0.0344003,2.99331,1.0118,0.182584,2.07108,0.99857,0.169541,1.69632,1
0.936545,0.566872,2.84979,0.644979,0.199597,0.242675,1.32968,2.05635,3
1.49825,2.62108,2.81051,2.74034,2.37861,0.254694,0.942924,1.18309,1
2.07088,3.38046,1.02515,0.198029,1.23967,-0.108737,-0.154406,1.15512,1
2.1797,3.06508,2.0551,0.315571,0.865246,-0.0046913,0.455088,1.77097,1
1.45267,0.520165,2.98347,0.492697,2.08447,0.851473,0.259195,1.75665,1
0.727514,1.94427,0.236854,0.878899,2.06853,0.515669,-0.00702939,1.28317,1
1.1373,1.15937,0.137535,-0.161925,2.68852,0.695267,-0.108221,1.6869,1
0.280792,2.79077,-0.107068,3.15328,-0.0754441,0.158463,0.38237,0.850733,1
0.480835,3.42768,0.496832,3.09252,2.02588,0.144108,1.25427,0.771153,1
0.12289,0.168726,2.48374,2.55678,1.87961,1.16968,1.00234,2.13621,3
2.06127,-0.114882,2.86293,0.488026,0.193179,1.34373,0.491405,0.848649,3
1.48909,0.926302,3.34895,0.305536,-0.137969,0.95237,-0.0102322,1.95044,1
0.305232,3.02261,0.00441862,0.924533,0.857082,0.302041,-0.137629,0.812803,1
1.94138,0.959084,0.572228,0.240247,1.19533,0.755584,1.89394,1.31039,1
0.409962,0.503172,0.152391,0.915506,0.451988,0.196252,-0.165987,2.15633,1
0.448449,3.91924,0.853539,1.03823,0.835786,-0.392862,2.2126,1.09857,3
2.06123,1.48492,3.34216,2.09565,0.255272,1.21785,1.83796,-0.0367809,0
1.69221,0.779357,1.02223,1.63137,1.02377,1.14972,1.38962,-0.0764775,-0
0.214779,3.74589,-0.323262,0.143125,0.472568,0.401198,0.313043,0.915031,3
0.186998,2.54192,3.23304,3.4202,0.013907,0.684309,1.77843,1.80072,1
1.81109,1.61883,2.18214,-0.123103,2.73788,0.0361762,0.0563352,1.037,1
2.0207,3.16972,1.0765,2.95575,1.82804,0.229777,0.0272635,2.00577,1
2.00484,1.58125,1.45778,0.219593,2.13946,-0.109068,-0.100237,0.937167,1
0.947803,2.61473,2.59356,2.59208,1.25523,0.602128,1.02343,2.14186,1
2.31972,3.77303,-0.394757,1.27189,0.544766,0.804955,0.0604269,1.96754,3
2.14718,0.116893,2.5404,1.56248,0.676632,0.925939,1.22244,2.33569,1
1.57628,2.56135,1.07833,1.5118,0.120751,0.974075,0.67192,1.78269,1
1.43062,1.0197,0.898703,0.362831,2.50662,1.0529,1.45537,1.68602,1
1.2606,-0.0393455,0.411298,1.12185,0.945671,1.45098,1.09825,-0.0896172,-0
1.82203,0.135873,0.0505409,1.8453,0.59249,-0.0602489,1.0235,1.27883,3
0.560388,3.68937,0.381736,3.01169,0.326752,0.811561,-0.170131,1.22597,3
2.09583,-0.25735,0.826718,1.27003,1.66337,0.595236,1.28168,-0.141793,-0
-0.362039,2.59995,0.0168467,-0.160405,-0.133468,0.593235,0.157036,1.69588,1
1.1596,0.264025,1.98087,1.70917,1.23301,0.179056,0.380052,1.62754,1
1.66482,2.62589,1.49297,0.862112,0.359577,0.738206,0.0192039,1.48991,1
-0.22326,1.46948,2.73413,1.68207,2.34018,0.195125,0.0735287,1.82749,1
0.533062,3.7401,2.68699,1.57513,0.680211,0.456462,1.97909,1.13177,3
0.745549,1.45021,0.600026,1.88979,1.107,1.03651,-0.0296846,2.12819,1
-0.389204,0.179947,0.612199,2.54707,1.59617,0.296127,0.460401,1.01493,3
1.3852,2.37209,0.613627,-0.168649,0.789295,0.475365,2.36593,-0.0155699,-0
0.509329,3.9059,1.25182,3.00839,1.18672,0.474586,0.927335,-0.0837572,-0
1.43886,-0.19211,0.730471,1.67616,-0.590691,0.556033,2.09336,1.62641,1
1.32422,1.30397,0.704725,0.132356,1.06863,0.699848,0.142434,2.10817,1
1.69162,2.31071,3.05301,2.92162,0.252115,-0.286126,0.482372,1.66697,1
1.90637,0.592246,2.14242,0.352596,0.494693,-0.0779881,0.888081,1.38903,1
1.99587,3.11585,1.88148,2.42386,2.38247,0.349127,0.690141,1.62358,1
1.35711,1.95228,3.10582,2.70987,1.61553,0.132787,1.42116,2.08641,1
1.43236,1.17138,2.70712,2.86259,1.27022,0.794555,2.19191,1.00133,1
0.492622,-0.336076,2.37202,2.07138,2.27733,0.994093,2.11734,1.97321,3
0.587076,1.2634,0.635731,2.21224,1.89307,0.403723,1.88996,1.52289,1
0.7775,3.74959,1.48515,2.48679,1.94573,1.04281,1.00369,1.435,3
0.168905,0.15977,1.61205,0.12005,-0.20246,0.200868,0.0546635,1.86975,3
2.01904,2.49783,1.70703,0.137604,1.6878,0.18439,0.403317,1.58902,1
1.78212,0.950263,-0.105899,2.29538,2.36945,0.162061,0.438689,1.24718,1
0.497716,-0.0495976,0.389297,3.10874,2.09129,0.09755,0.0931787,-0.101106,-0
1.38707,1.08262,0.289551,2.71658,1.37461,-0.257687,-0.153405,1.36657,1
1.76286,3.46683,1.6934,1.73477,1.46993,0.361535,1.60053,0.483793,1
0.357343,0.894932,2.88758,-0.000323792,2.20147,0.584503,0.0984441,1.05717,3
1.56439,1.9216,2.47678,3.12176,1.08834,0.349859,-0.252353,-0.116273,0
1.48805,-0.380089,2.41786,1.94842,1.32241,1.59379,0.94467,1.13415,3
2.08393,3.71406,-0.00941898,0.0995373,1.03358,1.08423,-0.0887047,1.3186,3
1.32214,4.15508,2.75003,0.799472,0.0814633,1.30231,-0.17271,-0.0739221,-0
1.20945,1.03428,1.81525,1.89477,1.17476,-0.348839,0.164838,1.75703,1
1.42129,2.38438,0.0755924,0.805397,1.55806,0.440861,0.587306,1.09081,1
0.553219,2.91671,-0.0315246,2.75012,0.761301,0.0876312,2.45567,2.12844,1
0.511472,1.24369,-0.35053,0.519709,2.11318,0.567935,1.97867,1.43268,3
1.15589,-0.186878,2.1675,0.731996,0.313802,0.69009,-0.733109,-0.159889,-0
0.334755,0.417794,2.63374,0.692511,2.90928,0.504643,0.507303,1.19617,3
0.410303,3.1779,0.0309891,2.54365,1.8428,-0.032029,0.844853,2.08918,1
1.21795,1.59239,0.509018,2.83471,0.558569,0.554583,2.3686,1.7129,1
0.963362,0.597044,2.78289,0.595303,1.11679,0.690416,1.98701,2.01242,3
1.60913,-0.142107,1.94249,-0.130543,1.43791,0.811483,1.7882,1.57612,3
1.48089,-0.00748563,1.76875,3.06412,-0.442201,0.227269,0.623762,2.20394,1
1.45421,1.5906,-0.0819015,2.28313,2.13426,1.17295,-0.134532,1.13748,1
1.53113,3.21437,0.40185,-0.167295,1.2282,0.223294,2.29293,0.888167,1
0.89181,0.584703,0.684253,0.43959,1.13075,-0.41591,0.139963,1.16632,1
0.652895,1.37532,-0.701465,1.59847,0.720232,0.244705,1.2764,1.58369,4
0.27553,1.36562,0.478771,-0.0259952,2.51495,0.546801,0.977858,2.06459,1
-0.0618089,-0.0855325,1.87787,-0.228475,1.20329,0.903085,1.07092,0.834029,3
0.420555,-0.210235,-0.164804,1.10847,0.161681,0.339691,2.35156,-0.114559,-0
1.35684,3.22259,1.32087,2.4068,2.72031,0.546047,1.18496,1.49261,1
0.815739,2.86201,2.18563,0.703779,0.0783727,0.553812,0.83487,0.019499,-0
2.17144,3.5867,1.50604,0.558284,0.339251,0.177911,1.43483,1.83918,4
1.97259,3.89788,2.36871,0.0739694,0.374892,1.19356,0.988192,-0.111925,-0
1.33433,2.62118,1.33514,0.744084,0.455069,-0.537744,0.236977,-0.0814196,0
1.68661,0.892516,-0.053232,0.19118,1.65488,0.324338,0.183345,0.641762,1
1.10684,2.18433,1.96759,0.981544,0.497578,0.294302,0.700113,1.44497,3
-0.0014587,3.65368,0.619111,-0.207098,0.106574,0.997296,1.63544,2.11294,1
1.59684,-0.153672,1.57115,2.71177,0.238728,-0.175094,0.190803,1.38112,3
1.40307,3.03521,1.45942,1.53747,1.39556,0.383322,2.22116,1.61222,3
2.10746,1.98953,1.71506,1.33923,1.77443,0.155595,0.976024,1.78802,1
-0.133588,2.30537,1.33547,1.12073,0.593461,0.0304293,0.307379,2.12817,1
1.79276,0.139461,0.0231567,2.15924,1.19882,-0.177274,1.7885,1.17365,3
0.222856,1.98939,0.153453,1.64111,1.47133,-0.163935,0.234118,1.51836,1
1.04134,1.12525,0.140105,3.25533,0.901969,0.783536,1.33038,1.71384,3
1.07697,0.112229,0.622563,1.38998,0.996371,1.34091,0.135154,1.93369,1
0.451106,-0.348223,1.61486,2.61863,0.468232,0.281842,2.0806,1.33691,3
0.800732,3.84106,0.960582,1.88891,0.590522,-0.312129,0.812094,1.20551,1
1.22501,3.82459,2.26887,0.785495,0.267502,0.276087,1.23847,-0.154251,0
0.537775,3.06495,0.0712829,1.21104,0.950661,0.67785,-0.0801547,0.0108445,-0
0.595694,3.08329,3.05241,3.15202,-0.0329209,-0.15944,0.185773,0.853496,1
1.25382,1.01655,2.5202,-0.282008,1.9345,0.116321,0.090241,1.07717,1
0.0817007,1.00582,0.0539916,0.140862,1.44238,0.304781,2.00816,2.04206,3
0.822796,1.02242,1.98288,0.12921,1.67292,-0.297952,1.20096,1.55229,1
1.90811,0.276802,0.0675126,2.83111,1.08732,-0.203272,1.02007,1.19175,1
0.131847,-0.0221641,0.0468862,0.243843,-0.318604,-0.0821937,0.398861,1.51705,3
1.80279,2.69474,1.14288,2.70746,2.79707,0.547739,0.54776,1.70017,1
-0.315442,1.85783,2.11253,1.10239,0.880653,-0.292586,1.29935,1.97122,1
0.20308,1.05372,0.413554,0.0366562,2.4446,0.582595,1.76408,-0.145187,-0
1.72676,3.78726,2.90016,0.883125,1.69943,-0.13839,0.324415,2.02727,3
1.99212,2.15525,0.861831,2.77985,1.0577,0.91107,0.812189,-0.0368216,-0
1.0634,2.80194,-0.0346223,1.02742,0.0473417,1.06188,0.126414,1.38518,3
0.307911,0.0396819,0.158547,1.73413,0.61833,1.18796,1.12961,1.68197,3
1.93635,3.57845,2.92723,2.24387,0.269995,0.894951,1.22867,2.09719,3
0.271115,0.600354,3.38609,-0.0789494,1.33899,0.742127,-0.0363768,-0.0618867,-0
1.24671,0.82292,1.16855,0.362077,0.975762,1.25714,1.06861,1.70399,1
1.53871,2.40318,2.54613,2.94433,1.84642,0.176807,0.316409,1.62403,1
1.60186,-0.197609,0.349976,3.02364,1.97109,0.459301,0.734106,1.99582,3
1.69,2.88311,1.43851,1.41587,0.949436,1.01272,2.19387,1.01543,1
1.14427,3.79194,2.40902,1.40635,2.31618,0.652904,-0.0226462,2.06628,3
1.48389,0.741934,0.0969662,1.36824,1.99389,-0.429087,0.269274,1.30433,1
1.69823,0.866647,0.340091,1.40754,0.720256,-0.00152845,1.13149,1.65478,1
0.248028,3.46741,1.93584,1.46248,1.40709,0.859704,-0.225562,-0.100486,-0
2.15766,1.31928,1.56569,-0.152285,1.49912,0.274056,1.6618,2.12219,4
0.448044,0.204601,1.16616,0.993772,0.595253,0.567531,-0.0980465,1.54316,3
1.46772,3.01492,-0.114554,1.84875,1.43526,0.207073,1.81487,0.700355,1
1.48697,2.67444,0.171509,-0.166598,0.0264991,0.0725291,0.775408,1.27499,1
1.2142,3.17629,3.16164,1.15363,0.928487,0.119676,1.09504,1.74039,1
1.352,4.0489,-0.0609581,1.47217,0.60735,1.10595,1.56726,1.50778,3
1.12924,1.22495,1.34405,1.3786,1.69304,0.341941,-0.105908,0.791759,1
1.76595,1.76306,3.23585,2.71586,1.5538,0.529527,-0.0829961,1.92895,1
0.565737,3.36608,2.64173,0.524909,-0.477448,0.319626,1.54299,0.804095,1
0.880624,3.38633,3.21683,2.52556,0.0487668,0.153996,1.19505,1.94992,3
1.93245,3.27471,-0.0957911,0.571592,0.312613,-0.169136,-0.302362,2.22924,1
0.829807,3.93818,1.24428,2.67654,0.720394,1.09031,1.90915,-0.0723531,0
0.0624379,2.86377,1.90689,0.875361,2.21974,0.707389,-0.276389,1.96271,1
1.37599,1.36291,0.145803,2.60472,2.0209,-0.308589,0.673138,1.69574,1
1.49296,2.81607,0.624223,0.0143542,1.1346,0.563776,1.77378,-0.0531165,0
1.46229,2.14861,1.9968,2.94599,1.66522,0.816437,0.471028,2.42333,3
1.65124,1.78604,2.83687,-0.0975074,0.208948,0.680273,-0.137664,-0.0753355,0
1.9073,2.02089,1.13833,2.1118,0.981374,0.570869,0.679406,1.71793,1
2.44495,1.69696,2.24348,1.62185,-0.691474,0.159304,1.16414,1.82886,4
2.01588,3.27903,2.43047,2.42633,0.455943,0.259386,1.97126,0.544636,1
1.81515,-0.165343,2.44783,1.20026,1.81363,0.598332,-0.482549,1.8614,1
0.695141,2.42962,0.399658,0.178038,0.0730947,0.598567,0.211023,1.63749,4
2.36771,1.99656,2.20627,1.62086,1.17927,0.318025,1.77312,0.22366,0
1.70275,1.96991,2.82525,0.55773,0.77623,0.214627,0.178994,1.32847,1
1.58319,1.31442,2.32974,2.13159,2.15034,0.190358,1.45719,1.942,1
0.569397,0.644083,0.710082,2.53746,0.709782,1.21771,-0.462745,-0.204992,-0
0.242082,-0.387492,1.18295,2.78948,0.913308,-0.377129,1.0487,1.40234,3
0.618088,0.237354,-0.0925061,-0.0780366,1.49116,0.444563,1.2534,1.95165,1
2.03448,2.53453,0.917198,0.28018,1.05931,-0.197191,0.600547,2.30833,4
1.45301,3.58467,1.81178,0.199008,0.508348,0.0909973,-0.218268,1.94229,1
2.15735,1.14926,3.28065,0.315344,1.02466,0.666741,0.912498,1.39292,1
2.15826,0.294323,0.161375,2.74045,1.59588,0.526822,1.19054,2.074,1
1.52005,-0.0827802,0.884532,2.22435,-0.136562,0.805646,-0.306933,-0.110068,-0
1.19199,0.88129,1.85949,-0.167339,1.40005,0.517093,-0.314627,-0.242744,-0
1.55586,1.99582,1.50734,0.186736,0.800502,1.57364,0.246286,1.47088,1
0.507189,0.986584,3.48293,0.706526,0.292338,0.678685,0.314211,1.56794,3
2.00471,3.6697,1.56838,0.930255,0.328104,1.21326,0.471774,1.6104,3
0.765962,2.75365,1.38602,3.08822,2.19328,0.913256,1.14683,0.15366,0
1.18045,3.44734,-0.404557,2.78313,0.800561,0.11731,2.14077,1.78238,1
1.64802,1.41644,-0.142765,0.0279308,1.11355,0.216958,-0.140708,2.04387,4
0.121145,4.05877,2.82834,0.266403,1.13772,1.55724,-0.188293,1.52672,3
1.32626,-0.164766,0.00736556,0.873625,-0.21299,0.309226,-0.118206,1.57778,1
0.414139,2.99325,0.849893,-0.0372273,-0.0961531,0.0336932,1.97767,1.06393,1
0.993506,3.88259,-0.300129,2.66855,1.83591,0.214371,1.81692,1.67802,3
0.993112,-0.0112168,2.34382,0.686353,2.05855,0.770771,0.127062,1.57196,3
1.88418,1.62352,3.17631,0.919733,0.908811,0.182274,1.82985,1.52254,1
0.0889402,2.03431,1.82203,1.113,-0.179454,0.843322,0.103605,0.893948,1
0.722423,4.05171,0.290696,2.75149,2.3264,-0.171778,0.191394,-0.0818501,-0
0.623206,0.738568,1.25094,2.063,-0.199337,0.894381,1.39435,2.13684,4
0.790687,0.885052,1.24291,1.61537,2.17005,0.470798,0.344104,0.480072,1
1.32703,3.13228,2.24873,0.805639,0.887719,-0.218492,0.800357,1.25853,1
-0.319495,1.7986,0.414792,3.08035,1.31211,-0.00189664,1.73069,-0.131812,-0
0.604298,3.87304,2.8711,2.3755,1.20084,0.556678,2.17157,1.23625,3
-0.0549469,2.58608,3.0468,2.59635,1.86979,-0.0377916,1.87709,0.771178,3
1.54628,-0.505346,2.31711,2.47662,-0.0969053,0.826173,1.04067,1.15927,3
1.10562,-0.284346,1.24212,1.08442,2.01247,0.419157,-0.0277666,0.957922,1
1.67869,2.50571,1.43376,-0.256606,-0.0628193,1.0325,0.471894,0.162254,0
1.69775,2.41817,0.480361,1.5114,2.06637,-0.0698917,0.307889,0.777431,1
1.58832,0.11954,0.0156725,-0.0302987,2.5003,0.310526,1.13567,1.83377,1
0.770561,2.93692,0.737438,1.64474,1.44412,-0.23015,-0.0541294,2.17024,1
1.34504,-0.326371,2.90652,2.8197,2.40749,1.05904,1.41567,-0.176101,-0
0.865087,3.28075,2.77105,2.62052,0.534703,0.663818,0.955438,2.24494,3
2.28523,-0.0517761,3.1596,-0.0368215,1.10485,-0.0919679,-0.195143,0.0036099,-0
0.116067,1.15629,1.9619,0.397173,0.338435,0.238142,2.02466,-0.179329,0
1.52573,-0.0822396,2.97898,0.239117,0.113603,0.44386,0.0238301,-0.0863732,-0
1.38062,2.28114,1.93583,2.89622,0.950317,0.140955,0.26526,1.88279,1
1.85804,0.813969,0.261177,1.28618,2.52723,0.622136,1.04239,-0.0288458,0
1.54797,4.16111,1.56646,2.42246,0.812576,1.05201,0.187082,0.0082891,0
0.643051,3.4789,2.55679,-0.378044,1.0881,0.472889,0.164406,1.88623,3
0.957939,3.75233,-0.279333,2.44909,1.13748,1.05892,-0.0750792,2.14748,3
1.92372,3.24911,2.73039,0.977342,-0.100976,0.513223,0.530393,-0.00354898,0
0.855199,1.32955,0.323915,3.00456,0.548654,-0.498789,0.981276,2.01638,1
1.42578,3.43482,3.14774,0.380649,1.40232,0.443555,2.19483,2.01461,1
0.906479,3.7422,1.64506,0.259274,0.326884,0.536884,0.368287,1.15102,3
0.654152,0.869332,-0.0412665,1.12811,1.16752,1.29485,1.79195,1.41687,1
1.26288,0.439586,3.17904,0.591015,-0.283736,0.939389,0.912718,2.06591,3
1.91492,1.63708,1.9702,2.07013,0.949782,0.652336,0.0875503,1.03782,1
0.145286,-0.0588783,-0.0370847,0.56136,1.4926,0.474358,1.2024,1.64656,3
2.24226,2.3058,2.29101,0.277194,1.63002,0.144516,-0.240727,-0.104533,-0
1.61498,1.32137,1.70951,2.57903,2.18658,0.479169,-0.22526,-0.025718,-0
1.39306,-0.0863549,0.10595,0.51874,1.26665,0.695777,1.63581,1.68295,3
0.886095,2.89266,1.66451,1.09169,1.16536,0.989782,2.20759,1.75404,4
1.16953,0.734146,0.930474,0.530686,0.95765,0.586674,1.89036,1.51536,1
-0.338666,2.91623,-0.127234,2.74523,0.753592,0.516853,1.41622,1.24016,3
1.20446,-0.245357,0.400878,2.41417,1.28388,0.384521,2.43473,1.02973,3
2.14023,-0.0312012,1.22682,-0.25847,1.13202,0.603654,1.68744,2.04024,1
0.929977,3.5537,2.51149,2.52568,0.938663,0.683848,2.30357,1.41962,3
1.75662,0.308601,1.83598,2.41198,0.445414,0.0704317,0.782133,1.9033,1
1.96781,2.5041,0.606589,1.9287,0.463462,0.64578,-0.114061,-0.031652,-0
0.983489,-0.107154,2.91914,0.574198,0.990467,0.309917,-0.107242,1.19615,1
0.755169,1.25409,1.63956,3.07294,-0.0624788,-0.0343178,0.387332,1.81016,1
1.39114,0.0912094,-0.11433,0.123016,-0.0835025,-0.191909,1.52868,1.20399,3
1.65953,-0.442743,1.84831,0.956151,-0.117081,-0.332565,2.10209,1.68071,1
1.84559,3.67446,2.83073,1.51503,0.918242,0.820797,0.0744041,2.10616,3
1.87911,2.3028,2.96322,0.131638,1.03629,0.312475,0.314029,0.682865,1
2.40355,-0.0838928,2.8305,1.46448,1.67989,0.891864,1.72489,1.04758,3
-0.204508,0.942117,-0.125902,0.33874,0.897337,0.690122,1.4002,2.39533,1
1.79296,2.90851,1.63449,1.34916,0.22948,-0.00477433,2.204,1.93337,1
0.406261,3.7115,0.280523,1.73056,1.47564,-0.0783892,0.0974413,1.10855,3
-0.153322,-0.501342,2.43098,1.07853,1.4894,0.884487,0.657202,0.780027,3
0.124786,0.922506,-0.220897,0.160644,1.17281,0.784353,1.55709,1.19813,1
0.482601,3.57639,0.0064366,2.15979,1.61522,0.288316,0.435909,1.40599,3
0.610468,1.55329,0.140999,0.0602801,0.842814,0.206554,1.79434,1.82404,1
1.17232,0.758272,0.428538,0.480467,1.71518,0.426604,2.16356,1.48265,1
0.815891,0.0392844,2.43076,2.40888,1.77013,0.0338213,1.87233,1.89335,1
1.2773,2.21254,2.98616,2.66592,1.78113,0.500126,-0.474113,1.58801,1
1.15548,2.61817,-0.196447,2.04754,0.160581,0.118605,-0.315044,1.57483,1
1.32073,0.482381,0.958186,1.3953,0.173686,1.535,1.29311,0.0599739,-0
2.6716,3.60507,1.65802,0.652067,0.944043,0.41359,0.63024,2.02825,3
0.064096,3.37347,2.6063,0.373705,0.909872,0.63475,1.18159,-0.0949793,0
2.12117,0.45042,0.250999,0.336988,1.61903,0.953065,0.336677,1.46149,1
1.00458,3.83791,-0.443905,-0.0685946,1.23353,-0.00737706,2.3067,1.27779,3
-0.229442,3.07815,1.98118,2.65235,1.50066,0.142018,0.483307,1.13063,3
0.908908,3.8019,2.29518,3.18038,-0.151591,0.360425,1.6534,0.047755,-0
0.192155,2.834,1.03444,0.229244,0.768944,0.799286,0.252449,2.07072,1
1.71344,3.03252,0.453109,2.10584,0.744952,0.725008,-0.28613,1.78991,3
2.32957,3.22458,1.61065,3.16389,1.18279,0.299338,0.215073,1.60677,1
2.12389,0.376294,-0.00583487,0.716794,0.181532,0.888583,-0.283034,-0.148779,0
1.44444,1.48151,2.97454,2.56049,0.684289,-0.292053,1.25808,1.36058,1
0.0470764,3.78698,2.66447,2.19425,2.0162,0.387823,2.20337,1.4086,3
-0.00802239,3.66946,2.89131,2.1995,0.2502,0.889272,-0.145131,-0.0401331,0
0.959826,2.01678,2.07533,1.20156,1.23088,-0.634832,1.82797,1.65768,1
2.6435,3.63842,0.674964,1.87514,-0.204368,-0.0424575,0.788596,1.59346,3
1.0901,3.80281,0.0214869,0.164885,0.951017,0.534681,0.743073,1.54358,3
1.43961,3.46861,0.921868,3.23552,0.198153,1.42311,0.405144,-0.168419,-0
2.17389,4.07428,1.04673,1.0054,1.41181,0.169928,-0.26789,1.53072,3
2.28471,2.73615,2.6995,0.178748,1.26605,0.215983,0.712776,1.88605,1
0.918347,3.58437,1.80228,-0.431739,-0.431115,0.182146,0.115449,2.04798,3
1.48396,0.91627,1.3612,-0.1566,1.99322,-0.0595839,0.925589,1.19161,1
0.485727,0.465817,0.688274,0.343786,1.73906,1.04169,1.90515,2.14211,1
1.45468,3.29267,-0.00982047,2.13382,-0.249178,0.694278,1.06333,0.0180467,-0
0.750935,1.94796,0.242291,1.11216,0.0147571,0.440481,1.34407,1.82595,3
2.40329,0.46981,3.01815,1.37027,0.934447,0.3095,1.47124,2.07044,1
1.06272,0.256934,0.814528,2.4768,0.436882,0.620963,1.00946,-0.19398,-0
1.99252,-0.382685,0.372044,-0.0415894,0.00110825,0.434264,0.815593,1.96129,1
1.01916,0.15468,1.11834,1.51448,1.4459,-0.142719,1.25484,-0.0593886,-0
0.0362915,2.53923,-0.0452904,2.55715,0.0304489,-0.314345,1.86114,1.0558,1
0.141273,3.09876,2.81428,0.389949,2.29701,0.769002,0.767709,1.72272,1
0.592528,0.480281,0.192165,1.0792,0.158195,-0.449512,1.27969,1.9837,4
0.171939,-0.155078,2.15096,2.42782,2.05023,-0.0107123,2.20918,0.861662,3
1.50221,0.865761,2.00626,2.27297,1.69454,-0.379966,1.56959,0.799477,1
0.766897,-0.116361,-0.0212447,0.0784303,1.10694,1.17441,1.91409,2.17226,1
0.135048,3.63346,3.15862,-0.219263,1.11896,-0.132533,1.98114,-0.10247,0
1.75331,-0.382731,2.88441,0.176102,0.388304,-0.227982,1.28719,1.86318,1
1.00858,2.28579,2.76955,1.46008,0.533117,0.607315,0.905286,0.134882,0
0.150865,3.49908,3.01022,1.52465,0.302524,-0.0805408,1.54399,1.17941,3
0.501113,0.919962,1.14138,0.496775,2.36683,-0.115666,0.56369,1.80011,1
1.0046,0.68786,3.2852,1.96566,2.12565,0.536956,0.240118,-0.0854326,-0
1.3121,1.26442,2.89838,2.24277,2.36014,0.313804,-0.348405,1.71304,1
0.980767,0.60877,1.61626,0.810944,1.86352,0.315029,0.916639,1.69193,1
0.180041,3.15706,-0.0841475,-0.0181724,1.06817,0.585075,1.51806,1.62495,1
2.57227,4.0355,0.13987,0.988969,0.903584,0.85881,0.321775,1.86642,3
1.63635,1.08318,2.9666,1.01869,1.03208,0.684257,1.48728,0.124999,0
2.00913,0.268592,2.31518,0.721177,0.952294,0.0897338,-0.295396,-0.0969357,-0
0.467346,1.40058,2.20195,2.49544,1.75189,0.430921,2.16474,1.9735,3
0.0651647,1.81171,1.98577,2.78205,0.818601,0.226379,0.592459,1.1403,3
0.600966,0.816315,1.96499,1.21813,2.13985,0.741507,1.38162,-0.171456,-0
1.17745,2.51931,1.2814,-0.515587,0.764562,0.860064,1.33835,1.49033,3
1.16677,0.0711464,2.60446,0.568472,1.03909,0.489546,-0.0307547,1.86483,1
0.817418,-0.0159639,1.84313,3.27334,0.727679,-0.421422,1.66597,0.965458,3
-0.189357,2.12694,0.102354,1.86949,0.6693,0.824684,1.75134,1.03445,3
-0.0796114,2.26865,-0.115327,2.65456,0.290952,0.78626,0.351181,1.20296,3
-0.240759,0.478783,2.44272,0.0779521,1.49853,0.317671,0.990821,1.81222,3
1.23507,1.72755,0.551649,1.45307,0.61393,0.191281,1.10615,1.58616,4
2.07374,-0.234308,0.394432,2.55412,0.562167,-0.153452,1.10443,1.92781,1
-0.0728434,3.42821,2.06294,0.538339,1.8186,0.496852,1.33607,1.2068,3
0.0829078,-0.0336312,-0.231543,1.76221,1.56308,0.188487,0.686092,1.51019,3
2.93215,4.05424,0.118133,0.230409,0.679484,0.47193,1.69662,1.5657,4
0.497602,0.730894,1.77607,2.57529,0.251652,-0.126434,1.29524,2.34399,1
1.00875,3.63739,0.129035,2.58903,2.01191,-0.112253,1.15435,1.2434,3
2.11936,0.612908,3.12732,2.52335,0.686107,0.66022,0.924582,1.09272,1
0.0300631,3.86472,1.25083,2.0172,1.41743,0.868673,1.41189,2.14551,3
1.47464,2.69031,1.61922,2.51041,1.68387,0.666705,-0.349505,-0.105019,-0
0.795713,3.33351,1.6206,1.59249,0.664679,1.33554,1.92232,1.8342,1
-0.0878626,1.79765,0.277222,2.31626,1.00886,0.494485,1.3842,0.049631,-0
-0.290643,0.762631,2.59026,2.64492,0.940828,-0.211405,1.3335,-0.0469471,-0
1.45154,1.63028,0.415761,1.11786,-0.0350932,0.996888,0.432839,1.52734,4
1.61122,2.61658,2.78752,-0.0597561,2.64669,0.470061,0.00169505,1.33087,1
2.18455,3.77799,3.33113,2.65231,-0.343667,-0.193305,0.291681,1.83694,3
1.76841,0.56989,1.45649,1.72344,1.92483,0.358861,0.568626,1.71426,3
0.0746163,3.88491,2.02926,0.0391979,1.20564,1.01615,0.705439,2.03208,1
1.87864,2.03848,0.116925,2.59792,2.10039,0.226228,1.26377,1.93597,1
1.39579,1.87963,3.0999,2.86112,2.59415,0.979367,0.859683,1.94344,1
0.641209,1.57378,0.186046,-0.200721,1.62554,0.0406829,0.0256475,1.38262,1
2.2186,0.172741,0.358866,0.454822,1.93337,0.147143,0.713497,-0.0473599,-0
1.529,2.41422,2.67582,1.35348,1.34812,1.164,2.18568,0.039258,-0
0.38914,0.574024,1.37743,0.752884,0.422306,0.46655,-0.469611,-0.00489236,-0
1.43614,0.351741,3.10594,0.228833,0.748903,1.72026,2.07685,1.51323,3
0.198764,0.778976,1.86306,-0.0127787,0.270075,0.831237,1.61126,1.91843,3
1.45984,1.88539,0.633621,2.25983,1.06982,1.16224,1.30605,0.98666,3
-0.0472549,1.62187,2.58289,2.74152,1.29721,-0.0495817,1.58118,0.944512,3
2.02498,2.4728,1.29237,0.425286,1.46211,0.76689,0.757445,0.822572,1
1.90277,1.67918,3.20729,2.85317,1.76743,-0.28057,0.194515,0.760705,1
0.0535964,2.78992,-0.0394288,0.564106,2.22418,0.285915,1.72428,-0.0304187,-0
1.67637,1.19428,1.84736,1.11341,0.313505,0.667354,1.38514,1.62942,1
1.91789,1.21156,0.237554,-0.101888,0.662699,0.388208,1.56464,1.498,1
2.03042,0.373666,2.49216,0.0126558,0.241966,1.02597,0.974319,-0.0788935,0
1.89789,0.0225479,0.199729,2.95274,1.42414,-0.45583,0.311547,-0.0303917,-0
1.94731,1.76761,0.121962,2.17008,0.714725,-0.119759,0.127801,1.61319,1
0.822348,1.49735,-0.153397,1.1758,0.154696,1.56865,0.0463227,1.09705,3
0.124271,-0.0955061,0.76918,2.20353,0.266109,0.649677,1.97964,-0.0166336,-0
0.47326,0.191515,3.00562,-0.298228,-0.374719,0.149258,-0.12513,1.14124,3
1.5711,2.07883,0.103044,1.39822,2.01879,0.492288,1.83034,1.00084,1
-0.281515,2.6831,2.95338,2.64823,1.14745,0.078959,-0.182241,2.08931,1
1.4203,2.85351,2.20188,-0.209696,2.05064,0.276881,0.49016,0.0349293,0
1.77443,0.610855,0.1326,3.0591,0.820877,0.152985,0.101938,0.324718,1
0.21675,2.4696,2.55067,2.1452,0.417455,0.738394,1.73417,1.75791,1
0.51005,1.60972,2.2361,3.05471,1.04584,0.547212,0.765792,-0.0151575,-0
0.0715041,0.263408,2.2151,1.18074,0.81946,0.469563,1.66625,1.34573,3
2.10084,0.0735032,-0.0255726,1.8583,0.40279,-0.173766,0.547289,1.06353,1
-0.0739398,3.44471,2.94376,1.48524,0.624526,0.0718598,1.59828,1.82271,1
1.11272,1.37188,0.237434,1.36547,0.588384,0.0750824,0.42101,-0.0539451,-0
0.310423,-0.389796,1.64601,2.2077,1.05386,0.697806,-0.0783615,-0.140732,-0
1.17968,-0.0436324,0.0403452,0.154184,0.888649,0.664845,0.904403,1.80791,1
1.40188,1.45785,0.0727235,1.80246,0.598589,0.85615,0.616908,1.35753,1
1.9024,3.8581,2.85966,-0.166366,1.16377,0.799903,-0.306499,1.60466,3
1.23675,3.66405,0.0114276,2.18052,1.11453,0.0900888,1.84692,0.0291633,-0
1.3913,-0.0619188,-0.0173243,0.438567,1.0057,1.23132,1.79422,1.22495,1
2.98554,1.92029,0.668603,-0.307058,-0.314665,-0.161541,0.59102,2.64493,5
0.444317,1.54252,-0.0530847,2.73924,-0.226441,0.683986,0.578189,1.2219,1
0.403303,0.155994,2.7522,2.06816,0.100273,0.71819,0.82214,1.8873,3
0.928042,3.13326,2.25665,2.74007,1.06996,-0.135404,1.46338,1.3668,1
1.41359,0.421818,3.26327,2.01008,0.281761,0.765589,-0.171514,-0.0685854,-0
0.585551,1.11355,1.85108,0.0474036,0.620678,0.708178,0.196378,1.66061,3
2.22789,2.21153,-0.124463,0.340277,0.711615,0.622932,-0.0704863,0.958004,1
1.0308,0.998206,2.115,0.353921,1.94147,0.630752,1.68948,-0.0593562,-0
1.93858,0.856805,2.06128,0.919308,1.59891,-0.14022,0.895715,1.71607,1
0.0970957,0.846472,0.0926656,0.0313923,1.07579,-0.016548,-0.248855,-0.11166,-0
2.06542,3.62617,-0.00384099,2.80051,0.156185,0.31993,1.72088,-7.07358e-05,-0
1.75481,-0.469387,2.59949,-0.259684,1.04262,0.674395,-0.311065,2.09034,1
0.696478,2.58458,1.72549,2.43584,2.03262,-0.0867932,1.54058,2.09629,1
0.621541,1.21244,2.95819,0.832488,1.53999,0.753982,0.341926,-0.119952,0
-0.0243119,-0.282332,0.663849,0.739149,0.205409,0.24137,0.800344,-0.0386898,-0
2.00402,3.4626,0.392297,1.68062,1.09331,1.24515,1.35155,-0.0137857,-0
1.89975,1.62095,2.78772,3.30411,1.85945,0.0808748,0.750429,1.61612,1
1.67937,2.27498,3.10327,1.96956,0.520907,0.705161,-0.232142,0.957389,1
2.00281,1.75339,1.60102,1.57742,1.81673,0.0792092,1.60995,0.0671036,0
0.249083,0.691945,1.26852,1.27489,2.69632,-0.349568,0.840009,0.889086,3
0.252945,1.39861,2.64421,-0.358167,0.522924,0.157914,0.16736,1.66738,1
0.926954,-0.139352,3.61233,1.33129,1.03156,0.500505,0.81247,0.799287,3
2.12528,3.76742,1.85514,0.125401,2.09634,0.888941,0.426736,1.49728,3
1.90394,0.0421135,0.0455566,2.70203,1.03033,-0.499005,0.194782,1.45801,1
2.0314,2.5479,1.43552,2.41417,0.538314,1.45911,2.00921,0.0267521,-0
1.51495,0.510926,0.868777,0.656405,2.30432,1.21896,0.568024,-0.183398,-0
1.27147,0.134766,2.52186,-0.0454633,-0.0974957,0.741497,0.562881,-0.156759,0
1.53393,1.1098,0.474367,2.55332,1.75152,0.621951,0.972576,0.679723,1
1.69751,0.880052,1.15249,2.60778,1.62116,0.107499,-0.011252,-0.092739,-0
0.930787,0.453128,2.37357,0.954578,1.59906,0.496092,1.04394,2.00396,1
0.287997,0.361679,1.57021,0.396414,0.218433,0.259765,1.38252,1.60877,4
0.179455,2.66191,1.14795,-0.0826609,1.65953,0.734723,1.78494,-0.121471,-0
0.614396,3.61664,-0.365751,3.1043,1.29129,0.594815,0.632575,2.2948,3
0.850772,0.876455,0.220015,2.219,0.2587,0.126787,-0.263529,-0.155923,-0
1.54387,3.30603,0.944028,-0.127418,0.437782,-0.0853852,0.707927,1.425,1
1.4816,0.210493,1.66209,3.23496,1.06954,0.320106,1.37006,-0.00592733,0
0.2191,-0.294087,1.47261,0.663559,1.30734,0.236787,1.86338,2.46211,3
1.32521,0.793818,2.30162,1.05423,1.19598,-0.1386,-0.262115,-0.0578879,0
0.484078,1.6367,2.71869,0.24574,0.125542,0.533342,0.970668,1.81083,2
1.87948,0.918197,3.25289,2.64767,0.631425,0.294459,1.5774,1.39315,1
2.19749,1.18546,2.51003,2.97661,1.2043,0.450257,1.77503,1.51099,1
0.180111,0.112395,2.72069,-0.0557226,1.39059,1.00745,1.51274,-0.0982066,-0
0.823914,0.0720554,0.108362,2.85778,1.74168,1.0121,0.0495384,-0.129246,-0
0.0131923,1.04492,-0.510538,3.09989,1.25446,0.791549,0.0237317,1.69734,3
1.74358,1.54784,0.0661895,0.354952,1.21155,0.976803,0.514934,1.82918,1
1.15453,0.767075,2.57201,1.22507,2.26034,1.1046,2.00222,1.73007,1
2.23631,2.41267,1.09523,0.745134,1.23887,0.723948,0.599987,1.43821,1
1.2282,-0.309305,1.20484,1.82851,0.379234,0.45726,-0.40301,-0.0684216,0
1.17639,1.41139,0.096348,0.33818,0.722658,0.398901,2.07655,0.54094,1
-0.286565,3.82693,2.87782,1.49277,0.576371,0.569709,0.910934,1.44221,3
1.41782,2.72635,2.71777,2.25002,1.85051,1.21693,0.341903,1.44673,1
1.15425,2.07427,0.20785,0.00616683,2.28029,1.05334,0.793212,1.58544,1
0.816531,1.52067,0.380702,0.194728,1.99445,0.587457,0.00793917,1.38978,1
1.56841,3.15634,-0.0462435,2.85955,1.68851,1.33729,0.877515,2.15205,1
0.575751,4.07281,0.698088,3.07703,1.24232,0.234927,0.365266,-0.00931888,-0
2.17083,1.88377,2.2928,2.90075,0.983553,-0.279162,0.25322,1.92685,1
0.378515,0.218901,1.81001,-0.0669143,2.07408,0.541341,1.5708,1.78265,1
1.0309,0.0402505,0.688768,2.32962,2.20956,0.509284,1.85533,2.40842,1
1.28978,0.132459,1.73593,0.833305,2.37447,0.577018,1.0963,2.16756,1
-0.248039,3.9512,1.00419,0.118025,2.01635,0.392521,1.00332,2.23299,3
0.414434,0.844744,0.809913,1.63926,1.10356,-0.382323,2.12526,1.39224,1
0.358432,3.94622,1.8807,-0.20829,1.50112,-0.37721,0.167106,1.89522,3
0.25164,0.886958,0.487264,0.663953,2.03624,1.29006,1.18377,2.13811,1
2.07714,0.695457,1.96069,0.0689577,2.00072,0.554204,0.503343,0.56314,1
-0.212678,0.411313,0.381656,1.72883,1.67027,0.641915,-0.222557,-0.0732616,-0
2.01196,0.712318,2.49568,2.50728,2.6294,0.553952,-0.0131982,2.17516,1
0.550368,3.83008,1.3612,2.17395,1.48296,1.21589,0.929442,2.06641,1
0.496968,1.33208,0.81523,0.566068,1.02074,0.69572,0.613346,0.929096,3
0.312922,-0.0304143,2.91042,-0.00165133,1.84206,0.465837,0.0529117,-0.0696517,-0
0.829535,3.40486,2.90479,3.02762,0.167736,0.118849,0.692813,0.891294,1
-0.256736,0.0280718,2.24072,-0.102267,1.94329,1.00919,0.922486,0.824067,3
1.80907,-0.331405,0.21002,-0.413439,0.840153,0.139508,0.734713,1.32538,1
2.36818,0.617696,-0.47544,3.08886,0.866668,0.19289,-0.0617114,1.16737,4
2.23779,0.202022,-0.028375,2.82588,0.161649,0.352594,0.765011,1.7559,1
1.19076,-0.337911,3.09894,-0.146029,1.17259,1.27109,1.29618,1.30217,3
1.54302,1.88454,0.545862,0.750047,0.386098,-0.0877479,1.95916,1.64299,1
1.80887,2.35056,3.21384,2.22022,1.35186,0.114708,1.24426,-0.037353,0
1.50024,1.19987,1.20912,2.98596,1.63107,0.311977,-0.125281,2.37736,1
0.604428,3.14456,2.54835,3.01244,1.50323,-0.0519711,0.556953,1.62989,1
2.17443,3.10701,0.559092,2.33438,0.620895,0.331609,0.37639,1.95394,1
0.324587,2.46414,3.1684,2.61079,0.598543,0.21042,0.269203,1.88689,1
0.684915,1.33904,-0.102985,-0.221229,1.40549,0.403092,0.00020826,1.35518,1
1.89865,1.4952,2.01069,0.427061,0.720397,0.931893,1.32823,1.2838,1
2.11191,2.9512,0.461608,2.71911,0.497985,0.462878,-0.253616,-0.096994,-0
0.675202,2.48978,0.139583,0.59247,0.934931,0.77875,-0.315931,-0.0363957,-0
1.1758,1.0179,-0.128386,-0.223116,1.38304,1.02953,0.418893,1.22021,1
0.841671,3.66491,3.01991,2.77092,1.28115,-0.275901,0.414334,2.10428,3
1.91931,-0.0315746,0.736058,2.73521,1.8463,-0.346099,0.361533,0.729083,3
0.459824,0.981281,1.683,0.559374,0.697334,0.841844,0.232861,-0.0806731,-0
1.44117,0.190926,0.674414,0.314718,0.62964,0.226631,0.863917,1.30568,3
0.800053,-0.200742,0.15922,2.57268,0.241344,0.368254,0.194289,1.84123,3
1.99067,2.95061,1.63529,3.0559,1.61157,-0.248766,0.90081,2.0005,1
2.1185,3.8095,0.581109,0.294212,1.2898,0.501395,1.9021,1.2762,3
-0.0600126,3.61715,0.13073,0.277783,1.40888,1.3656,1.43398,-0.200663,-0
1.72004,3.25776,1.43403,0.311048,1.60661,-0.0480625,0.540898,1.9476,4
-0.118551,3.32498,0.374884,2.89117,0.988883,0.883562,0.84457,1.19098,1
1.7957,2.28139,1.64816,2.40652,1.46143,0.505332,-0.273903,-0.113454,-0
-0.386141,3.40249,2.43642,1.60824,1.05085,0.720558,1.64856,1.25621,3
1.20299,0.701634,2.68303,0.473022,1.43741,0.46564,1.75074,2.03641,3
1.86655,0.659514,3.12295,0.404592,1.09719,-0.553017,1.96594,1.21576,1
2.28268,3.46977,0.0555296,2.87425,0.93188,0.355546,1.476,0.166,-0
1.93608,-0.325532,2.12066,-0.216695,2.17613,1.04484,0.634922,1.6881,3
2.18899,2.11734,1.86316,-0.130806,0.749726,0.555386,0.675562,0.107484,0
2.60748,1.53529,1.14464,2.40929,1.2315,0.596388,0.129716,-0.0268655,-0
0.944048,2.90876,1.82297,2.79095,2.15353,0.650292,2.11869,1.2076,1
1.54311,2.69904,0.323124,2.25811,0.843678,0.839997,1.83543,1.89076,1
0.511891,3.63842,0.997213,0.103265,0.474667,0.717432,0.391586,1.31531,3
-0.0710943,1.17109,2.71579,2.65504,0.591777,1.27158,0.847362,0.871719,3
1.35751,3.4748,-0.270484,1.55258,0.622843,0.782932,1.51626,2.01579,3
1.83902,0.325616,0.427261,1.3871,0.128432,-0.408568,0.868047,1.82224,1
2.24486,3.52878,3.10623,0.150017,0.782145,1.31452,1.94402,-0.088041,0
0.84761,3.36935,1.52629,0.377201,1.70488,0.0294241,1.21696,-0.101368,-0
1.803,-0.100196,0.57053,1.28533,2.3078,1.11546,1.07008,1.1603,3
0.145744,3.72274,1.15898,2.91491,1.18985,1.52111,1.93289,-0.0676944,-0
2.53035,2.21406,3.00788,2.8582,1.82091,0.116984,0.57596,1.60064,1
1.77065,2.85866,1.1255,2.41562,0.310387,0.0832917,2.16704,0.831847,1
-0.185286,2.47114,1.71868,2.82982,0.614312,-0.0290213,0.156129,2.15658,1
1.97146,1.51966,2.49963,0.768438,1.70945,0.391173,1.14925,1.97037,1
1.39974,-0.331055,0.0385655,2.71406,1.64802,0.693054,-0.519674,-0.13594,-0
0.107816,2.02879,2.64245,0.0998602,2.1015,1.29408,1.80902,-0.0546269,-0
1.05678,0.375309,2.06751,1.64164,0.404338,0.488182,0.168888,-0.139889,-0
2.08632,0.289452,1.09168,0.916015,0.659439,1.4578,0.196085,-0.072444,-0
0.974347,0.615308,1.87889,-0.301406,1.66732,0.918739,0.154916,1.53404,3
1.17153,3.12618,0.0951331,0.756289,0.434961,1.59404,1.30045,-0.122076,-0
1.22752,0.245443,0.000451922,-0.194556,-0.190984,0.433667,1.03287,1.24824,1
1.40136,-0.367176,-0.249273,0.623739,0.176466,0.48253,2.05978,1.12559,1
1.93036,3.4451,2.71988,0.935328,1.99249,1.28458,1.747,1.18779,1
0.756416,2.48795,0.176992,-0.104368,0.7298,0.586178,1.70742,1.14508,1
0.878702,1.89511,0.826907,1.05988,1.80814,0.444955,0.82588,1.0652,3
0.599543,3.68703,2.97839,2.75918,1.69159,1.15504,2.31939,1.00423,3
0.627243,3.52537,2.01672,1.26076,0.425749,0.669899,1.17445,1.68788,3
1.61964,1.7727,0.00313847,3.20928,1.36673,1.07538,1.33972,0.90642,1
0.952901,-0.495912,1.43718,1.27626,1.90674,0.704359,2.51037,1.02862,3
1.81261,1.16372,2.6507,0.611851,1.97544,0.237717,0.977098,1.75594,1
2.37188,2.26294,2.85547,1.52012,1.33397,0.487634,1.18383,2.2194,4
0.754973,0.617634,1.66873,3.11908,1.69767,0.823563,-0.28082,-0.243658,-0
0.681028,1.24193,1.48803,0.577567,0.146089,0.300667,1.0417,2.09322,1
1.9555,2.13181,2.52236,2.20429,1.1723,-0.0230467,0.966856,1.88929,1
0.542636,3.82627,2.84258,0.861734,1.57957,0.200956,-0.306128,1.89098,3
1.59762,2.53052,1.42502,1.77149,0.481889,0.585388,-0.0039188,1.83628,1
1.28464,0.932205,1.43933,1.80241,2.21477,0.40232,1.45012,2.34359,1
0.405058,0.769143,3.46995,1.83517,1.87791,0.559875,1.15863,1.80581,3
0.0247628,-0.207909,1.30837,2.20526,1.22964,0.0228667,0.516555,1.50155,3
1.87645,2.29912,0.880066,2.47622,2.69438,0.405675,-0.0482555,2.0144,1
1.42724,-0.124259,1.0192,0.0749721,-0.00263411,-0.0400226,1.62007,2.21235,1
0.282804,3.29375,1.10761,3.10042,1.78793,0.674594,1.60613,1.23498,3
0.0667884,0.167287,-0.360958,1.9509,1.14815,-0.0187622,0.117791,0.810559,3
1.34264,0.774642,0.303097,1.10572,0.337252,-0.342962,1.28324,2.0725,4
1.91878,-0.170751,1.93257,0.532523,1.29361,0.851672,1.27941,1.47566,3
2.30194,0.507757,2.85202,1.05817,1.82223,0.502694,0.32689,1.76317,1
1.52583,0.0330678,2.8696,2.35107,2.06585,1.07844,-0.0702435,0.716046,3
1.59929,-0.45783,1.55034,2.98803,1.96172,0.134637,0.0413084,0.0156774,-0
0.840721,3.5628,2.54754,-0.20555,1.76569,1.20627,-0.117606,1.73214,1
-0.274432,1.11005,2.78357,1.15437,1.47891,-0.0493204,0.539729,-0.0755572,-0
1.70413,1.56981,0.998546,2.79167,0.247523,-0.492659,0.0251025,1.56267,1
1.11416,-0.398635,0.197786,1.80678,-0.377118,0.198392,0.298278,-0.163052,-0
1.13443,0.807235,0.770215,2.85044,1.77348,-0.297126,1.12581,1.60171,3
0.266571,3.02249,-0.171206,0.994548,0.0968936,1.15466,0.552283,1.30473,3
0.787799,0.0328924,0.190303,1.28603,-0.246446,0.092188,-0.204323,-0.114466,0
0.494534,3.24592,2.51306,-0.245523,1.25397,0.681711,2.36405,1.83639,1
2.00559,1.4303,3.00206,2.51711,1.69152,0.701398,-0.300943,-0.114498,-0
0.337842,2.70176,3.61401,0.304045,1.56208,1.16746,1.36934,2.15018,3
0.102749,3.91066,2.83416,2.10367,0.177077,1.04683,0.68722,1.23587,3
1.85844,2.5916,-0.102686,2.80907,1.35841,0.900096,-0.43976,1.84048,1
1.91815,1.38944,1.69097,1.68864,1.49984,0.25887,1.15616,1.13259,1
1.59806,0.158312,2.90603,2.64728,1.65556,0.366359,1.81094,-0.0163532,0
1.77419,2.19394,1.36428,-0.0491855,0.48546,0.564663,2.01446,1.63182,4
1.67106,1.89046,2.0738,1.02313,0.573366,0.64266,1.61253,1.5581,1
1.56447,2.36176,2.63323,0.889283,-0.252271,0.524809,0.585298,-0.0512892,-0
-0.117532,-0.0585325,3.1454,1.23651,1.02924,0.994686,0.868256,1.08321,3
0.166386,3.77227,2.36382,2.50031,0.930601,0.356878,1.95805,2.27551,3
1.6919,0.173141,0.805629,3.19896,2.3712,-0.258505,1.70475,1.24384,3
1.60406,-0.284544,2.23137,2.02434,1.48369,0.533718,0.973197,1.89508,1
1.86409,0.0885421,2.77635,0.883487,2.06133,0.522971,1.68052,-0.0634888,-0
1.05114,0.0916718,2.0881,0.579207,0.556106,1.20473,2.04459,2.19659,3
-0.160636,0.293932,3.07124,2.67039,1.36487,0.0837965,1.70513,1.04034,3
0.909104,1.67932,1.58772,-0.187646,2.32853,0.181857,1.36831,0.817951,1
0.585913,2.86037,1.66228,0.196646,2.18896,0.116799,0.522778,1.63396,1
1.0439,0.00655692,2.28921,2.48232,-0.219137,-0.100294,1.10646,-0.100777,-0
-0.0194956,-0.176796,0.877232,0.591904,1.59273,-0.0222169,-0.472258,1.52293,3
1.89848,2.00426,2.02466,0.378947,2.0665,0.24573,0.00288595,-0.0319531,0
1.61544,3.24962,1.29612,3.05698,0.504946,0.232653,0.244132,-0.128655,-0
0.0418715,-0.0337852,0.700689,1.43971,-0.481098,0.195101,-0.0671893,1.96367,1
0.761407,3.64807,3.07089,0.0114377,1.18843,-0.211126,0.771867,1.15829,3
1.55552,0.162053,0.0148888,1.28759,1.86802,-0.356906,0.18681,1.84375,1
2.1784,3.818,2.38072,0.817796,0.543584,0.287198,1.88286,1.79422,3
1.06869,2.15729,1.82542,0.557851,1.90793,0.802961,-0.0741938,1.67914,3
1.58358,1.28827,2.17437,0.0650558,-0.0412406,0.635296,2.19413,1.45533,4
0.667274,2.32569,0.162792,3.02707,1.77415,1.67349,1.41816,2.10752,1
0.590089,2.28281,2.41889,2.80992,1.70789,0.343372,-0.340734,1.59723,1
1.05514,-0.0222716,2.47089,1.54036,2.06368,0.782011,2.11167,2.16019,3
2.18265,1.62645,1.97305,2.92903,0.816071,-0.0837341,0.0494162,0.0341423,-0
-0.402424,0.267569,3.06266,1.96129,1.69095,0.871155,1.20291,1.79781,3
1.54892,2.05102,2.13783,0.345837,1.43412,0.49801,-0.196324,0.745202,1
2.67112,1.84124,1.21565,1.44704,0.553882,1.20602,0.463385,1.509,4
0.913208,-0.212567,0.0218037,0.323486,1.05732,0.451053,1.96048,2.22663,1
0.885601,3.36488,2.77622,2.75379,0.169942,-0.0942049,-0.261238,1.73116,1
0.351373,2.80395,0.572096,2.91346,1.73491,0.575159,1.65902,2.3728,1
1.79228,0.201606,1.95484,0.135594,2.6838,0.66135,1.63448,1.36237,1
1.56552,3.13089,0.325189,2.86885,1.01673,0.574757,1.97779,0.0227535,-0
0.812697,3.31721,1.84,2.113,1.78041,0.416061,1.52786,1.29613,3
1.49621,1.24859,1.02013,2.44684,0.525101,0.804868,0.797238,1.18084,1
1.3075,0.546767,0.0916078,0.0733678,1.45009,0.486482,1.18511,1.94914,1
1.10243,0.615612,-0.12179,2.18216,1.63937,0.813604,2.50396,1.41514,1
1.8815,-0.275506,0.87026,2.86324,1.26671,0.218401,0.162507,-0.190283,-0
0.396518,2.43949,1.34038,0.91748,0.361359,0.943504,0.213201,1.99671,1
1.84947,3.59961,1.65237,0.976103,0.0495057,-0.241181,1.08224,1.12807,3
-0.156805,2.50689,-0.201673,1.36926,1.0369,0.321048,0.43245,0.842142,1
-0.0499229,1.23478,3.12934,0.155999,1.39687,1.25612,1.16814,-0.0213746,-0
0.634079,3.34208,0.165207,1.95251,1.07211,0.296728,-0.0817506,1.98336,1
0.803898,0.948706,0.400923,1.7584,1.0935,0.286207,0.144404,1.48111,3
0.232916,1.31681,1.12968,0.359577,0.0135007,0.15164,0.0406195,1.64422,3
1.43697,3.52269,-0.087985,3.03992,0.986713,0.0595482,1.17472,0.0103134,0
0.656444,1.25278,1.68386,0.0577823,1.63566,0.260411,0.655019,1.80963,3
-0.178286,3.7871,-0.0165598,2.79663,1.92846,-0.150419,2.41684,1.23262,3
1.63441,0.105875,0.387853,1.26345,-0.0732958,0.515118,-0.249198,1.57682,1
1.71226,2.43677,2.89887,2.66689,0.985031,0.522603,1.2157,1.8566,3
1.90838,0.469011,1.16478,2.56348,2.20394,0.762222,-0.315461,-0.135937,-0
1.07427,2.12515,1.99354,0.581613,0.744723,0.586234,1.26491,1.91858,4
1.48641,2.42013,2.67535,1.12364,1.68282,-0.0973495,1.80568,1.70048,1
1.57446,2.83202,2.7599,1.52321,-0.160795,0.613272,0.551617,0.874903,1
0.472369,1.79611,0.821038,0.345766,1.3428,1.38751,0.663186,1.63953,1
1.55992,0.825013,1.5301,2.83224,0.697358,-0.0926337,1.59252,0.360037,0
0.516311,-0.0229231,0.917758,0.47542,0.220069,0.134895,0.0816786,1.89773,2
0.730984,3.37197,0.524935,3.14138,0.301157,-0.181125,0.681862,-0.158586,-0
2.22958,0.178856,1.5299,0.997829,1.82139,0.669982,-0.0662405,0.00539356,-0
1.55023,0.645613,2.76257,1.5166,1.19091,0.329921,1.29111,1.79176,1
2.0834,0.449741,2.02797,0.1604,0.897374,0.309005,0.563441,0.489849,1
0.34165,3.63942,0.474687,2.09915,2.3356,0.304006,1.3374,1.35079,3
1.41153,2.65984,0.49558,2.51484,-0.176698,0.889984,-0.150109,1.57295,1
1.79011,2.71369,1.62688,0.884202,0.757248,1.284,1.44279,1.98149,1
0.786948,1.24155,0.60363,-0.227567,-0.316434,0.360393,1.51008,0.734652,1
0.480566,2.51352,0.00876859,0.864453,0.562499,-0.227789,0.359845,1.45572,1
1.04033,2.30928,0.299443,0.0185741,1.90565,0.852081,1.85638,1.48052,1
1.54708,3.53351,1.60672,3.08955,-0.0373271,0.635743,1.4963,2.32958,3
1.8355,1.72938,2.42797,2.56034,2.1455,0.884824,1.3098,0.705935,1
0.565295,3.9723,-0.120125,2.98432,0.476378,0.972925,-0.280476,1.34449,3
2.19071,2.86253,0.720933,2.91891,0.297734,1.01809,0.0651489,1.24083,1
2.39948,3.63372,0.130166,2.9066,0.902579,0.18952,0.43069,1.46332,3
0.804534,3.73802,0.0448301,0.688241,0.81945,0.431961,0.45959,1.57784,3
1.57709,0.951044,0.794277,0.0584165,0.361422,0.377689,0.249609,1.76692,4
1.70896,3.0116,2.15127,1.51662,1.20496,1.24745,0.204327,1.10826,1
2.06241,2.20966,2.16151,2.27519,1.30184,0.217582,1.02209,0.539711,1
1.76185,1.44121,3.0609,-0.0402501,2.22782,1.35579,0.56425,1.9808,1
1.31879,3.89675,2.67538,0.306845,2.60708,0.584728,2.06562,1.1686,3
1.91933,2.0637,0.415935,-0.0706613,1.87721,0.611804,0.976313,-0.0343448,-0
0.751183,1.24819,-0.152676,0.61103,0.829942,-0.168915,1.86371,1.58327,3
0.158517,0.244078,0.0638099,0.958411,1.03852,0.594998,1.21434,1.2454,3
0.567478,2.59917,0.842372,1.97032,2.39998,1.33514,-0.0736814,1.66581,1
2.07846,2.00437,0.0880002,0.0748245,1.17832,0.161482,1.60354,0.0389989,0
1.66226,0.754265,0.0476849,0.530262,1.00329,0.246758,-0.00449192,1.00749,1
0.399205,2.42654,0.92752,0.777669,0.723277,-0.438659,0.683581,1.80883,1
0.727042,3.18512,2.59042,-0.100721,0.47294,1.463,0.341767,1.95851,1
-0.137907,1.46946,2.32964,0.699794,1.4772,0.756744,1.10347,1.48918,3
2.07725,1.66236,2.50826,2.4741,0.152461,0.604255,-0.35098,-0.0257392,0
0.632251,1.0831,1.16118,1.73694,2.02396,0.533672,0.203642,-0.187112,-0
1.31753,3.86566,2.18421,2.70001,1.07975,0.00441364,1.13233,2.09685,3
0.925541,-0.189532,3.26142,-0.0687466,-0.348415,0.670498,0.63234,1.00619,3
0.0845074,2.96477,-0.0381864,-0.0443012,2.26916,0.0759788,0.730638,0.617795,1
1.09689,-0.0528878,1.12861,2.9229,1.16927,1.01405,-0.00698783,2.32219,3
0.381763,2.82011,0.834451,-0.415144,0.503995,0.279143,0.177436,0.988889,1
1.26639,-0.491808,2.43377,-0.186736,0.428448,0.428752,2.18637,2.13129,1
1.98185,1.46359,0.394194,2.86025,1.43516,0.13325,1.51066,1.54665,1
1.37727,3.67674,0.0133977,2.11086,0.0818097,0.482184,0.145323,1.12837,1
2.33309,0.911884,0.480041,0.235619,1.67804,0.576282,1.25447,1.89147,1
2.65556,1.45682,0.242915,1.85801,0.535295,0.567449,0.382706,1.63197,4
2.44313,0.293977,2.93714,3.21641,2.26143,-0.109598,0.301947,1.312,1
-0.0526081,1.46681,2.73854,2.27381,1.43567,0.173055,-0.319958,0.703565,3
0.19747,0.581137,1.60825,0.191195,2.39132,1.07636,0.845221,2.19299,1
-0.174617,1.08412,0.717434,1.93275,1.78058,0.825208,0.956758,1.11226,3
1.38852,1.84655,2.92652,1.19286,1.69824,-0.0943478,0.676826,1.49928,1
0.980815,3.60689,1.11821,0.261747,1.68362,0.933422,0.414595,2.14146,1
1.04244,3.56178,3.03444,2.8183,1.60037,1.31886,1.22052,2.59422,1
-0.131759,3.42676,0.0458139,1.2445,1.36635,0.234401,-0.231548,0.907348,3
0.887323,1.36338,0.594252,0.679022,0.780286,0.39896,0.949292,-0.0596369,-0
1.47989,0.172498,2.63087,-0.158251,-0.158876,0.488541,1.1594,1.98336,1
1.38317,4.18271,1.40907,2.48758,1.01723,-0.309446,2.10185,1.3605,3
0.682247,3.54432,0.263312,1.59824,1.03763,0.741849,2.3547,1.39893,3
0.196698,2.09423,0.076724,2.61954,0.182362,0.157613,-0.0695008,-0.102944,-0
0.852963,-0.123095,2.61326,0.921143,0.121212,0.352188,-0.153336,1.84923,1
0.162049,1.31147,2.23282,-0.0419919,0.37189,0.0871165,1.51121,1.55149,3
1.0631,-0.188459,0.570771,2.71932,0.393628,1.19004,0.514031,2.03398,3
-0.109649,0.401824,2.29716,1.67019,0.885373,0.768977,0.684899,1.48067,3
1.97682,0.610094,2.71108,0.834285,1.70119,-0.240062,0.0546402,0.990292,3
0.385051,3.67838,2.03586,2.06842,-0.427143,0.475166,-0.0456534,-0.19908,-0
0.276176,-0.163145,0.525361,0.16797,0.773359,-0.17402,-0.226394,-0.204295,0
0.901309,3.17312,0.762181,0.82245,2.40011,0.416588,1.83346,2.16456,1
1.94635,0.955085,0.280271,1.64755,0.974577,-0.141991,1.02734,0.0736842,0
1.16895,-0.397004,2.27807,2.3247,1.63727,1.27218,0.360333,1.34666,3
-0.0951286,1.1099,0.279973,3.02845,1.92888,-0.166524,1.94516,1.17506,3
1.86112,0.221579,0.642034,2.52173,1.66993,-0.356664,-0.424395,1.83428,1
2.20042,-0.0661489,1.57393,0.166997,0.0204685,0.50955,1.01478,-0.15253,0
2.17438,3.52888,-0.0560726,0.089315,1.14911,-0.0143579,1.5227,0.634139,1
0.508497,2.56516,1.58635,2.25603,0.85676,-0.633376,0.955536,0.986727,3
1.33539,3.24788,0.802762,1.63312,1.39003,-0.0511871,1.46695,1.19043,1
1.08513,2.73478,-0.079196,2.92623,0.35123,1.10373,1.51792,-0.0309881,-0
1.56446,1.56501,2.42408,-0.432344,1.68922,0.283045,0.994326,1.4999,1
2.11262,1.72081,2.99895,2.70545,0.84121,0.732254,-0.2108,0.772247,1
0.913873,0.0731941,-0.152819,0.305054,0.317204,0.879566,2.07823,1.69249,1
0.00501445,-0.00646957,1.57094,2.57175,0.651499,0.352981,0.0221234,-0.048692,-0
1.05573,3.47281,1.74033,-0.0640025,2.19914,0.227562,1.37482,1.76925,1
1.97116,2.2514,-0.153464,0.233978,2.18196,0.760494,0.213062,0.247999,0
1.85543,1.04176,2.97915,0.17336,0.531166,1.3499,0.561796,0.00661942,-0
-0.131799,3.46625,3.12911,1.81436,0.582501,1.09015,1.4176,1.69642,3
-0.0802615,1.24453,2.11178,0.447778,0.636471,0.056074,0.311965,1.29252,3
-0.0235158,3.94741,0.104166,2.22633,0.889125,-0.465891,1.0852,0.482591,1
1.02093,3.1621,0.0387909,1.02618,1.88289,0.920274,-0.190402,2.30947,3
0.319841,1.73671,1.55994,-0.352481,0.126186,1.43607,1.69507,2.04559,1
0.923524,3.00629,2.54211,2.56688,0.33874,0.32501,0.181412,1.41873,1
1.57703,1.14042,2.31288,1.84485,0.443898,0.417595,1.83374,2.03002,1
0.362174,2.83352,3.29052,0.414452,2.01974,1.45983,0.705107,1.72461,1
0.410258,0.672516,2.22077,2.10845,2.13355,0.526471,0.550632,1.4554,3
1.89138,2.83259,1.45053,0.879497,0.297473,0.204739,-0.196412,1.21825,1
2.19521,3.66401,0.202078,2.46314,0.872727,0.462853,2.05492,0.0556495,-0
1.70288,0.837332,2.34832,-0.262326,0.467595,1.022,0.516469,1.80215,1
1.56507,0.64125,0.896525,-0.0178069,1.10172,-0.439208,0.721728,1.60216,1
-0.00404726,1.15634,3.44519,1.80256,1.90724,0.971741,1.75765,1.91331,1
0.554828,0.974777,2.20677,-0.212658,1.66549,-0.136669,-0.0385213,1.54666,1
0.0424302,-0.012696,0.255679,-0.43676,1.57108,0.0864298,1.60098,0.574677,3
1.95202,3.447,3.18573,2.20323,2.13758,0.640965,2.2649,-0.0602946,-0
0.130942,1.17339,0.202558,0.301025,1.47119,0.189104,-0.232764,1.49595,1
0.613287,1.48997,0.105897,2.0989,0.317811,0.0673395,0.580169,1.86813,1
1.46351,-0.0253072,1.23468,2.79239,1.79176,0.612079,1.15265,1.17996,3
1.71517,-0.139543,1.83158,3.08623,0.841351,0.987528,-0.231683,-0.0302175,-0
1.55945,0.932725,0.114609,-0.205759,1.16016,0.882749,1.42633,2.14428,1
1.47784,3.75537,0.0861355,1.83949,0.306596,0.176582,-0.208975,1.14165,3
1.81643,1.82117,1.08797,1.75705,1.6685,-0.480859,0.999983,2.01877,1
0.534822,3.79253,1.69764,2.60212,0.0423503,0.944159,1.77196,1.0865,3
1.08263,3.76237,0.770125,2.26284,0.946224,0.0624873,2.08815,-0.0151776,0
1.28546,1.55243,0.220568,-0.0196781,1.24291,0.484624,0.706436,2.15455,3
0.820909,3.95761,1.27122,0.84792,0.135634,0.462984,2.1109,-0.0295642,-0
0.735785,3.74687,0.132201,2.81861,0.16205,0.708702,-0.0903759,-0.167338,0
0.856546,0.633799,2.67329,2.59158,0.260119,0.300036,-0.391369,-0.0961428,-0
0.106538,1.52708,2.58258,1.52769,1.30758,0.269333,1.85706,1.21545,3
