-4.28857,-23.1656,-15.5908,48.4457,410.795,-36.7013,-37.6653,11.9522,-66.4396,-11.3722,-10.0967,-29.7477,-12.2512,42
433.846,8.05335,-188.896,115.118,117.655,-96.3801,-95.7992,-66.0049,-141.198,42.3907,-45.5634,10.6567,-34.0411,-96
187.296,-91.9158,7.6018,-29.047,314.655,10.3931,34.8582,-14.2931,81.3533,12.3691,12.139,-22.6866,7.51573,3
276.019,37.8498,-16.0044,-10.0328,19.9865,-44.2482,-199.026,54.1499,-176.018,41.4388,-29.8812,-49.6097,8.76643,-103
254.336,77.7869,7.38152,-12.8382,-123.9,-7.83164,-95.4303,94.9559,-176.022,44.2684,-72.9945,1.78066,55.0693,-36
178.847,7.19235,13.3858,-45.788,113.257,7.16244,-8.79334,12.1934,-0.524635,12.9234,11.3446,-59.917,39.5496,33
-111.492,-28.6441,47.6143,80.5871,-276.999,-32.4607,-60.7883,83.2741,-84.8667,6.88233,-11.1323,-7.17929,-17.6792,-85
383.162,16.8586,-53.9703,-46.5821,117.765,11.1434,-80.7892,13.2792,-27.5017,-29.7345,-30.8457,-44.219,-37.6421,33
511.574,-118.4,-89.4516,20.4865,142.735,12.7733,-70.7869,4.85458,-38.2141,-22.4409,-143.955,-89.9395,12.5343,-23
105.599,31.4909,-54.2836,26.2283,159.558,-15.9704,-42.9739,2.7888,-17.2515,-23.7571,-28.4797,-31.8321,-14.7063,38
285.556,-148.918,-54.1531,-55.1994,109.4,-50.6837,-78.4913,61.5634,65.25,-153.207,-54.7762,-1.55334,-87.7042,84
293.86,-40.6764,-35.347,-22.0618,241.47,-2.38898,-10.7813,-36.6003,-26.9982,-32.1673,23.9568,-13.1799,-15.1752,56
36.3768,3.75489,8.33355,5.48915,-31.272,-14.3387,-0.790452,23.0323,-13.0475,7.49655,-14.4703,-3.02518,14.443,-16
285.576,2.60819,5.64333,55.222,10.415,-84.3979,18.6234,60.2628,31.3378,39.3479,-62.9033,-123.862,46.4995,-58
33.2396,-49.5887,-8.51023,-30.1992,203.487,-39.9461,4.88264,-17.5999,71.6896,16.2516,73.286,7.06512,18.5707,-3
426.034,33.8006,24.9577,77.8123,192.84,13.9223,-133.593,23.6374,-62.9111,10.9957,-62.4023,-38.3083,41.0168,-58
141.329,-18.6373,25.5419,40.8157,337.762,-9.0137,12.4108,19.0109,-15.7389,-9.54513,1.14119,-41.4033,18.473,-15
272.44,2.12613,-23.5753,64.0099,234.843,12.3459,-27.5113,-7.18512,11.3621,4.68246,-40.598,-48.2963,21.0518,41
89.6883,-5.30146,4.93364,1.67861,239.616,3.72291,18.6862,11.7602,52.2174,8.46197,9.00732,-10.9334,17.8978,7
362.837,-8.06907,-66.6236,-18.6828,215.137,26.6867,-3.88129,-24.9564,-109.44,-53.9918,-36.3894,22.767,16.6807,93
134.71,-10.8422,-14.8216,0.581523,136.561,0.182155,-1.23481,-1.46529,0.402764,0.392772,11.7717,-5.49296,17.3542,19
350.386,-70.0212,39.7735,29.0035,76.002,8.7331,26.3684,19.4135,45.0467,-34.4489,-74.8802,-78.9258,-18.4777,34
342.006,-36.5212,-10.9587,8.21155,193.533,22.6033,-41.1747,4.42326,25.4001,-7.47781,3.619,-61.478,-18.9027,36
274.677,2.83187,27.4057,-14.7302,-2.7875,-18.1623,36.2535,102.84,-58.5906,-7.37215,-73.812,-38.0179,77.468,-2
217.889,-71.7061,-44.2917,3.95874,340.536,-15.63,-26.0217,-24.6692,40.6121,-33.7557,-4.20895,-10.2003,2.18652,6
236.388,-22.0313,33.3681,95.1428,51.0854,-37.3842,-53.4113,66.9305,-41.3648,22.5788,-88.5209,-40.8349,39.9708,11
202.42,-5.77142,-17.3987,44.7164,204.976,4.4614,-25.7633,2.79332,-5.85542,6.35141,-26.2371,-20.3228,14.739,11
29.7083,-21.1996,-16.5589,-27.2655,122.58,4.04779,7.29582,-31.8913,11.7931,1.93555,12.9077,-2.72618,23.4274,-5
34.6439,30.0697,16.4794,39.7519,-64.818,-25.1276,-19.1617,35.8435,1.75595,-0.19977,12.1907,10.6098,-14.8787,-22
264.367,-16.8721,-28.6539,-42.4904,220.352,-25.6003,15.2696,-11.6929,-8.04685,7.04416,19.2571,-17.1692,14.6578,9
47.3155,140.199,-40.8691,242.093,-30.3216,-76.7887,-103.559,8.34977,107.641,-40.947,-92.5466,42.741,93.0837,-82
139.254,17.9487,27.544,-5.96361,352.422,-83.0583,-1.68581,103.786,-80.4369,25.4348,-114.987,-64.117,8.656,104
447.468,-93.3528,-9.26193,-15.841,181.385,70.3423,-80.4619,40.0275,13.182,-27.1515,-70.9158,-21.3426,23.32,-78
-302.533,4.30536,30.3228,30.2894,114.888,-34.2168,86.8043,-30.7364,75.118,36.1825,3.53021,4.84417,52.6983,-51
-181.049,-15.4252,40.3404,8.66493,-280.101,-205.109,-19.5392,131.314,253.889,107.287,77.7206,18.2529,47.1158,-117
52.5254,-42.4169,7.5394,-5.88524,390.04,0.590448,26.7624,-13.6994,10.7153,18.7637,-19.9165,-17.1548,36.7468,1
144.968,68.0846,8.5377,76.5304,152.121,-45.9294,-42.3303,19.7566,2.17564,20.1884,22.7929,-53.1526,-23.2276,-19
236.353,-73.6712,37.6103,-8.01405,82.8043,147.124,-46.6762,4.3992,-28.2672,11.0605,-12.033,-100.701,-5.99455,37
94.3373,10.3733,5.55773,74.934,-35.1454,-31.7557,-1.10056,1.38637,40.9094,61.8663,28.6155,29.1908,6.5764,-35
-13.8525,-16.2844,12.0905,9.14153,143.265,1.25445,-9.30861,5.64185,-21.9806,4.90956,-7.99543,-1.55912,7.63178,15
424.192,48.3675,8.51602,81.8461,37.4768,-90.4991,-106.483,97.3584,-188.907,-23.4995,-90.9569,41.6494,-30.0275,-13
272.615,-60.362,28.7661,-24.2589,456.727,-112.957,6.22155,47.2829,76.2164,-64.4592,53.0308,-30.8312,35.9801,105
3.59989,110.688,32.7475,65.4745,-120.187,-8.61134,-5.79777,33.1802,5.16975,21.316,-32.6413,-2.95301,28.5611,-50
450.253,-11.4281,-30.4773,-54.4594,-106.234,-25.4756,-32.1631,-35.5214,29.4394,-9.1313,-14.5655,-6.88929,69.9694,-11
112.735,-57.4214,-25.8245,87.7093,416.978,5.27474,-41.1499,-15.3841,-129.392,-35.146,-36.6633,-38.5347,4.66122,45
465.776,-38.644,0.313196,-52.1598,183.337,11.6153,-61.6266,-24.7461,-81.388,-18.5262,-2.47265,-32.3136,17.8957,34
100.848,89.5518,25.3756,2.89752,-217.811,-21.0505,3.56567,55.0207,4.94685,10.4353,10.3318,-9.67125,26.163,-37
118.767,42.7037,7.75068,3.24008,75.9616,-1.84691,-41.1029,-26.6281,-38.3008,22.5121,28.1414,9.82363,10.2468,30
65.1149,-8.78178,-25.7391,27.1768,71.0788,-40.9001,-38.4981,0.0364905,35.7844,-9.78601,-23.4754,-37.1613,14.6844,-13
127.716,-19.2842,0.495182,2.95838,190.88,-20.7075,2.26307,17.2172,31.5935,-13.9325,-11.2962,-2.76196,16.7263,23
91.5163,-34.0121,8.03444,1.77149,172.382,5.65229,15.5895,23.0255,16.7932,-11.7451,-1.31862,-30.4404,-8.66271,29
29.086,133.43,10.4394,61.9317,-126.253,73.6652,-36.9058,63.1472,10.2163,59.5133,-29.5569,-46.4063,112.322,-52
-45.9556,64.9836,12.7975,77.3255,-171.405,-3.41106,-46.9589,-28.2861,41.0856,44.4309,45.3467,-22.9642,-7.48936,-40
215.917,4.44139,-27.7576,33.4805,130.778,-13.8207,-27.6315,-19.6751,45.5104,34.1921,17.9074,27.2215,34.0804,-24
-209.733,-104.012,61.5105,-75.7916,-85.7465,-68.0093,-31.2905,-137.319,117.89,-34.7151,85.754,-89.6671,63.4432,94
72.0625,116.694,-29.9,207.786,3.47092,-56.8958,-95.0048,-32.4654,-23.0606,-2.39939,47.5271,0.560183,-66.7913,-25
168.777,102.943,-50.4457,216.039,16.3373,-53.1212,-33.1661,-94.8377,-26.7625,-21.6426,-65.8423,-49.5994,71.4001,48
-227.563,-25.1623,3.99326,85.8672,41.8879,-35.9394,-18.874,-17.1663,86.061,-1.38864,-4.45803,49.1739,39.0978,-42
-189.548,63.0984,39.3356,61.045,101.519,14.7021,20.1549,2.37288,-11.2797,27.594,-16.6525,-20.763,52.2733,15
136.762,-18.5826,-53.523,-74.4906,-87.2257,-48.4876,-133.119,-29.5157,-102.852,-39.2671,3.47052,21.9317,-48.4917,-43
214.665,-68.7319,-22.8431,3.52892,498.123,18.3813,-8.03866,-9.34866,-12.2574,-39.2201,-5.17823,-2.24581,-5.93259,39
-65.8077,-23.7286,-13.4031,-16.1962,48.9358,-50.0166,-20.1643,51.392,80.6904,-40.6954,-33.9312,-3.6245,-58.2887,38
323.15,-16.8597,7.75295,69.4559,424.226,-20.0951,24.932,9.07291,103.711,48.5097,29.3401,-23.8954,-21.6374,6
705.579,-214.212,-143.948,-256.065,263.556,-71.2676,-47.8003,200.7,-35.1025,15.0436,37.0753,-25.1345,154.312,99
351.667,8.74053,-2.01743,51.557,272.647,-21.021,-11.361,19.3166,117.527,66.9291,2.1398,-21.1323,1.03885,-32
-157.208,-92.8443,-13.2225,51.4704,140.74,-57.3223,-59.5473,47.3337,-1.15112,-72.432,-41.2736,-31.938,-81.5489,28
239.941,28.4424,32.3724,14.406,-175.286,-38.2625,-47.8983,14.9436,31.7111,73.8375,-9.11705,22.0628,52.073,-98
-20.4152,-20.1969,7.13086,25.0915,328.328,-26.011,-35.3289,-9.18063,50.9883,-32.8496,7.03958,2.23627,-26.9204,21
-471.567,-87.7241,-24.2783,77.2651,434.033,-60.2843,-42.4712,25.1011,44.1206,-84.143,-48.505,54.6477,3.2998,34
171.347,-20.7699,-28.5942,-19.4858,250.613,-33.7,-7.3008,19.1678,-29.6016,-7.14516,-24.9047,-8.99349,18.9797,7
323.668,-65.7658,10.1307,11.4388,607.853,29.9413,25.6849,-50.5906,31.2082,-10.7887,18.7325,-18.7949,30.8504,8
135.489,-38.254,-19.2254,-14.4692,245.05,-9.24668,-16.8546,0.370628,51.9748,0.155658,-25.1118,4.90011,30.3433,1
-491.92,295.235,16.8354,75.5564,121.194,-79.6743,-86.3773,15.1967,49.4051,157.313,81.5491,-2.68475,-27.8389,2
-49.0274,116.217,-34.4788,55.0324,-159.217,16.0798,-8.01558,-4.47324,-29.9088,39.0532,-15.274,-38.639,-48.623,25
405.279,-38.591,-7.90197,-96.3368,142.989,-48.0494,40.8692,-19.2929,115.106,96.21,14.8346,13.1847,92.4323,-4
622.061,-214.028,54.8835,105.914,415.603,35.9953,22.1903,27.2712,171.988,24.039,-51.2062,-189.282,7.06867,92
-26.5462,-0.128722,-18.6269,-8.08891,2.4547,-15.8921,1.90534,-12.9309,-10.24,14.5882,12.4899,-14.5031,-15.8662,0
180.352,36.3867,-23.7314,44.4232,-194.844,-9.69942,-34.2062,14.6393,-13.8918,-10.5431,-13.952,-16.2666,15.1062,12
-105.693,147.159,92.2737,71.8389,-107.945,-29.5566,0.342245,86.1899,-12.4291,34.6068,-55.047,-47.5588,100.038,-90
133.516,26.1635,32.287,87.8618,-28.8713,3.26023,46.1033,14.4981,57.4243,44.0579,-14.4759,-21.6885,86.7873,-9
-20.1085,-46.5929,49.3636,-144.853,-166.585,14.9885,3.6011,25.822,-9.88345,33.4275,45.7846,-51.8286,83.8315,70
142.408,207.05,26.6706,53.592,-383.774,-17.1264,-144.528,98.509,-49.3781,121.832,-24.8955,2.18783,7.64149,-75
122.643,-19.227,-27.2135,-20.6062,434.939,-50.9325,-16.9057,-13.8113,47.3033,-31.878,4.13994,23.594,-2.09475,16
131.842,-0.555007,12.1342,-21.75,681.62,-83.1136,5.91341,20.5677,53.2326,18.3807,-23.5006,-6.44905,16.2782,-2
-96.8871,308.8,99.1871,291.067,-77.5762,-162.176,-130.325,37.8396,-133.27,6.2596,-123.205,-39.9698,-18.486,18
-306.396,24.3222,47.0731,138.678,23.4337,-57.7131,2.71028,34.8385,44.5275,41.5806,-1.48444,-2.71413,7.2359,-38
37.9964,-1.89973,8.30052,16.4858,83.4628,-15.5018,-7.34481,19.309,-6.64778,-2.55242,-17.549,-2.26135,2.62425,14
67.3647,46.1362,-18.3437,128.469,306.996,1.10075,83.9619,-70.1973,128.597,59.2149,-75.134,10.5903,180.641,-64
463.652,33.9536,-10.1356,-34.2761,51.1804,3.27367,23.7081,3.50159,-36.4895,24.2744,2.1322,-22.9094,23.5522,30
163.292,92.8538,-21.2091,183.553,36.2485,-26.2228,-53.9239,51.9981,0.57969,57.3244,-62.6999,12.3021,79.421,-63
311.876,51.013,-23.126,-58.7386,-44.1499,0.307345,-22.2734,19.5293,-43.9938,7.28261,-18.6493,1.88347,29.1295,8
291.763,58.9259,-3.2761,14.3874,-123.55,-22.8208,-13.6249,10.7459,35.0052,0.340399,-21.7042,8.69763,40.7552,-25
-91.8246,31.6842,26.8285,6.14936,-214.411,-22.3048,39.8605,112.66,-28.2937,41.3945,-46.2462,-44.862,21.5785,32
-89.0558,26.526,-27.5879,3.50976,-307.337,-65.8644,23.4139,3.16456,91.3052,16.7291,-25.1087,3.84418,108.71,-81
392.46,192.868,-17.8731,40.4003,-213.902,-52.1697,-107.781,4.98035,-35.1523,71.0301,-5.44399,-36.8703,52.4249,-83
64.2749,0.655036,32.2433,-0.479003,-76.3382,-57.5902,-63.886,60.0603,-6.04051,-35.8106,-10.7729,25.8189,-23.5811,-41
228.197,39.8814,10.0521,46.9534,193.369,-26.2803,-4.24904,17.072,68.4613,3.82941,-66.0079,-10.1291,30.7892,-31
-30.6029,49.8004,-4.97616,8.27125,-143.822,-1.82692,-25.2891,7.6181,-41.5063,2.686,-6.12923,-10.2364,-2.62228,1
190.442,-39.3077,-56.3576,-129.512,56.127,-104.378,-101.668,105.47,-52.3731,-34.3484,28.2993,86.5786,-11.7136,-86
147.272,64.1487,-58.1002,35.8677,-31.814,-79.575,-44.7057,36.5287,-117.356,36.4823,-57.724,-41.417,41.9843,-48
-49.7969,-78.6578,69.4169,27.1315,49.8363,-61.4266,47.0077,55.3884,82.3552,70.6036,-36.693,-47.9532,12.6701,-1
132.177,66.9661,-51.8793,39.2467,-205.627,46.0666,-151.92,11.2771,-162.714,109.371,-79.1069,13.8395,59.9477,-132
134.695,80.538,5.18251,-7.41286,-7.15021,-104.253,-30.3421,113.761,-81.5467,10.7245,-6.36974,15.9304,156.044,-191
260.644,-60.2878,-75.2186,161.235,298.423,-15.3731,-84.7846,-36.9784,-102.847,-27.3062,-74.5476,-25.0738,25.6497,64
256.076,-94.9681,-44.1573,111.857,199.071,-115.426,-31.7324,10.2875,-176.689,-21.9527,-60.136,7.18784,70.7896,-8
118.991,-41.2228,-26.0065,-45.9786,173.416,1.94138,0.887632,66.449,55.2766,-58.5346,-79.753,-60.145,-9.9415,49
28.1069,85.66,-33.6233,35.9011,-21.5595,-4.3868,-80.133,-50.4937,-24.1955,18.2624,51.2163,-8.85571,-48.5552,38
251.408,-12.7825,-0.675604,2.96243,405.303,-0.463762,-14.5393,-9.75353,22.4015,4.69199,-12.2598,-23.4558,16.5187,-2
-216.597,156.131,17.9807,145.101,-341.133,-39.5268,13.9177,-2.06273,45.7804,18.9691,-46.3676,2.78559,51.7211,-51
287.899,-67.7417,-11.6314,20.3148,274.015,9.13012,-52.0242,-68.9493,70.1997,11.1861,72.5089,-54.149,-38.8716,16
43.1662,110.974,0.713606,121.307,-109.591,-34.2389,-55.9907,14.5628,-46.6366,-6.82525,-21.23,-12.9938,-27.3194,-39
210.506,43.3668,-57.6213,-30.1545,-117.554,-99.9958,-120.166,-3.67959,-206.721,30.9314,60.9481,-6.42104,-56.8794,52
372.334,-95.5044,1.54032,3.61695,98.049,24.7889,14.7308,-73.5418,-18.5766,0.335955,-45.8842,-10.0643,6.01035,95
72.0196,17.8421,6.76158,56.5637,208.306,-35.8247,28.3489,-8.07294,84.6752,67.1758,-20.9071,-29.379,69.8428,-22
480.533,-61.0504,47.9104,-1.56731,304.337,-13.4965,-15.3347,-134.607,97.3107,3.54502,106.022,-108.398,58.9086,99
162.321,4.26809,-12.9932,43.1515,204.438,-1.9439,-32.8186,3.52748,13.4877,-4.14415,-33.8154,-46.1792,-5.14834,-4
169.822,-16.6208,-42.8713,-12.8789,38.6676,-12.6478,-22.4621,-12.697,-22.8911,17.5834,-5.44181,-39.6834,-11.0906,10
459.267,-8.55184,10.1681,17.3367,200.043,-39.3285,-10.2652,-0.720031,-30.7122,32.2569,19.5177,29.3885,19.0861,21
100.128,115.575,-1.41723,-32.1062,-30.916,-23.9895,-48.335,10.9677,-13.8728,54.5149,-18.173,18.3872,87.8704,-68
240.364,40.3076,-10.4859,12.5129,70.9162,-7.33468,-63.3087,4.8123,27.96,36.964,-4.06053,-18.5027,38.52,-47
-7.20806,-120.617,-13.7083,70.5632,490.27,-161.517,-44.7065,-28.2565,139.66,2.10708,-22.6499,4.17983,-63.7356,5
331.215,-12.0615,-2.34521,16.9711,560.761,30.0055,-55.0458,9.55642,7.57479,-50.8686,-8.99595,-61.8218,-13.9369,65
119.391,55.2361,1.05808,30.9324,186.773,-7.73649,-32.2205,-6.03586,-6.16357,-5.95205,8.13122,-4.89902,-13.3234,13
-333.714,-73.4414,-2.20864,1.71919,210.045,-19.6463,31.8826,-50.5436,128.168,43.4431,9.74893,5.27619,4.11739,8
349.651,52.1757,-6.58409,72.4978,184.778,-61.3573,-52.6846,60.7199,-89.145,-4.53673,-34.1432,-13.0179,12.2931,-6
288.493,5.35683,-5.09646,73.2713,184.655,-61.152,-39.0813,39.831,-57.3358,8.95783,-116.848,-22.461,102.247,12
53.938,10.5304,7.95053,-11.6234,19.9691,-46.1718,12.0502,32.188,107.672,29.8935,0.474728,-6.3582,0.456534,-7
360.625,-39.1648,49.9055,120.725,3.96699,13.7832,-6.19543,67.0896,-46.6915,84.9014,-160.775,9.61452,200.69,-30
31.7471,52.2788,-49.0768,50.9592,-215.318,-22.4025,-93.4016,-58.4544,-83.0574,114.969,67.8909,40.2662,-40.1676,-106
158.325,78.4922,20.9449,75.1997,-45.4317,-7.25838,-2.72538,35.0757,117.652,41.9287,-23.2586,-40.9693,-53.9706,18
308.711,-61.3752,67.5802,178.251,270.394,-34.6545,-72.7968,117.763,39.4965,32.5856,-91.4283,39.0249,9.13773,27
-143.374,46.0081,-2.75891,-16.322,-318.842,-5.24376,11.9915,6.79117,-4.53416,9.00145,-21.9127,21.0798,-1.27233,-45
-94.4067,51.6025,121.486,115.857,-15.6424,-132.53,-25.231,192.728,51.2482,11.1546,-107.963,28.5605,52.0611,-74
-105.788,35.1429,46.1312,69.7664,129.924,-55.3462,-42.9989,42.5025,55.6707,5.24251,-32.2056,3.82909,-0.910735,5
-372.215,-12.2803,88.189,112.2,-51.3528,-43.3983,-81.3009,83.5149,29.3886,9.46308,-11.4259,35.4381,49.8017,-93
29.3239,107.073,37.1798,-27.1514,75.7784,-41.563,-45.0423,-18.4373,27.9892,70.3004,98.4803,16.1113,-56.9375,5
374.308,-94.5113,92.0294,87.1525,-170.348,-109.522,-109.745,-28.5305,28.786,-55.1739,-56.588,17.4948,67.195,86
-81.1898,-84.7587,27.5997,45.5776,404.832,18.8557,36.7492,-58.6621,89.6472,4.15554,-3.96473,-40.4591,2.97091,-14
-43.6246,40.0165,-22.6487,-4.86795,-58.0192,9.44172,1.92006,9.04036,-22.5146,-2.66965,-13.5434,-9.68844,-3.30283,15
-27.8408,-78.9019,-42.6603,33.4583,368.175,-77.3434,-0.410523,-19.4603,-1.38303,44.4896,0.768575,-14.0684,51.0347,-15
-59.9385,-77.9679,17.9218,62.8937,-0.327554,-55.2313,73.7805,2.04558,26.3707,-3.66449,-8.69764,4.69947,14.5382,79
-200.446,39.0188,-27.4794,88.7005,-491.964,-72.9912,-20.7,49.7763,24.7981,7.34117,38.4727,16.9768,-74.6681,-98
26.0942,7.29916,21.6243,108.889,34.4708,-41.307,-36.9003,34.6528,0.124704,21.2298,-56.9779,-4.47387,1.58623,3
-14.818,30.81,15.3165,30.0206,130.645,3.89746,5.0575,29.6703,9.08266,5.13937,-4.20081,-26.1185,7.39719,-1
58.5369,46.937,-25.9266,3.52965,-261.752,-16.713,59.0366,41.5868,53.2927,80.4088,-139.844,-24.2094,147.786,-21
-26.0655,69.257,-79.054,-125.572,-257.54,-57.034,16.4701,-23.5183,192.987,24.8312,112.354,88.6221,-98.2355,-28
-9.59751,51.4037,32.2238,55.0793,30.887,-25.5155,-31.1157,29.3584,-4.77692,22.6058,16.6778,6.80518,31.7396,-52
-240.778,24.8903,0.233261,-84.5633,-196.823,-24.8122,-29.9606,72.8092,61.3175,3.38476,42.9216,15.802,-37.6855,22
580.815,-144.166,22.7433,70.2173,-50.3087,37.4932,-35.534,60.8207,18.7727,-15.1947,-105.007,-127.421,-46.2104,7
134.654,29.3154,-20.8014,104.802,-191.125,-15.9468,-44.4657,-14.436,27.2708,27.5316,-27.6577,11.4532,12.2604,-36
288.91,-23.6667,84.6354,117.734,295.535,-85.448,0.1053,97.7024,7.25854,27.7714,-79.5841,4.08652,11.2658,91
64.2837,-2.22055,6.63476,-15.1769,24.9674,10.5032,23.486,9.66974,22.2582,13.2015,6.47006,-23.8198,20.058,-5
414.562,94.9951,-62.7866,243.38,-481.824,-88.5367,-237.761,79.7868,-328.792,88.207,-34.8365,-95.876,-157.258,-187
-77.9056,-39.9191,-27.2785,-5.42552,-306.551,-79.1039,-34.7924,35.1618,-35.9344,-20.5567,36.2465,21.7356,-80.5172,-35
61.9507,28.8702,3.20475,24.6358,11.7474,-4.86623,-9.70307,11.5694,9.90368,-6.56984,-13.5738,-2.24924,11.2013,-4
-35.5215,72.4818,-31.5849,-37.0804,-403.388,-78.7549,-148.322,216.944,-31.9756,-123.727,-114.547,-16.0009,81.5447,-36
-44.7936,10.3879,7.05312,-34.3437,22.5218,6.57456,8.9962,-2.80578,36.2343,19.8587,16.0849,-5.16724,11.9956,-3
98.2644,-6.94731,17.4883,38.0789,153.26,5.69434,2.49406,7.34824,4.01862,-4.53362,-11.2556,-24.5913,5.93621,13
83.0097,-43.6536,-49.9574,11.3081,-145.602,0.0831388,6.39333,-39.7738,-21.7618,-4.90643,-32.7817,-29.4037,19.9374,3
11.8299,192.464,1.97288,94.2028,57.5848,-39.7123,-107.058,54.2136,-160.668,113.652,67.3627,29.2402,-5.10459,-152
-45.7995,92.1385,67.9436,29.7984,70.1249,-9.88711,-62.7806,58.4278,-67.5241,45.9105,-38.8802,-29.6109,44.5706,-52
182.383,6.87551,23.4099,40.3307,405.779,-14.7404,5.50142,16.732,19.309,16.6749,2.39449,-19.4895,54.3539,34
251.227,-48.4095,5.50736,-34.4365,630.894,-17.1076,10.0244,-19.642,-56.0543,-15.1104,-5.56616,-23.2641,40.4043,36
536.789,-56.7776,-30.9449,-27.0268,389.256,-16.6841,23.0156,-6.16843,-31.2947,-15.5374,-69.3529,-11.2496,65.5914,29
111.511,-20.7097,-23.9709,37.1066,83.0366,-16.5006,26.5759,10.947,-67.806,29.822,-34.8727,-25.0397,-27.2291,13
-65.94,-53.8916,-35.4977,-27.0728,-42.3558,-19.0319,-109.056,54.5586,24.3551,-88.5273,-18.3452,-11.8702,-43.3615,109
252.438,25.3328,-61.0876,166.466,152.577,-163.365,-149.893,120.103,-163.977,-24.4386,-152.768,-26.4217,-23.3272,8
32.0709,52.7468,-6.49775,60.6819,-138.07,-28.1906,-115.914,16.0288,-63.6291,-40.2357,-10.5226,-10.9361,-78.3779,15
163.95,-21.453,-17.1739,0.521368,85.4442,28.3132,20.7396,-20.5276,19.0143,16.195,-8.33729,-25.3141,19.5916,11
239.985,-39.1584,-84.7793,44.7461,220.176,-37.4742,-21.455,-38.5768,-10.8901,-10.7359,-6.59219,-33.9335,-16.1281,5
198.88,64.4938,-19.1795,60.7817,-307.78,-116.458,-60.4821,16.4628,-20.1879,67.7547,26.4543,21.0563,3.63254,-32
-33.3189,57.0791,14.4587,79.8396,92.6397,-17.0974,-5.91273,5.9855,55.5281,32.4395,-32.6226,-5.49235,50.0678,-19
-155.714,12.1073,41.3313,81.6565,215.613,-38.3817,-56.471,-24.3119,-61.0439,18.2499,57.5804,69.6248,-42.86,-16
360.093,163.275,-11.9049,-99.6863,-163.75,9.62451,-49.7906,-32.514,-72.2846,18.5793,-17.7824,-16.4625,29.114,38
-310.461,-35.1217,-37.6295,-15.4567,251.87,-51.9451,28.7126,-11.6489,38.3583,18.9307,-27.5693,5.86611,60.7687,-56
165.798,46.2948,-12.8284,74.583,113.384,-138.285,-18.2552,45.0436,104.036,-35.4448,-47.5522,1.22552,9.57903,15
-136.72,55.3067,12.6402,-57.8279,-127.091,-15.6296,-14.964,-37.5431,9.59269,41.3637,41.0907,32.0834,-25.9921,7
140.173,-7.49468,6.17763,-56.9424,176.839,-36.7294,16.0981,42.1707,-2.1173,26.2562,-0.639958,-20.7923,72.3933,-21
6.65451,19.1629,45.2904,42.7526,507.39,-16.9826,5.26191,-3.55133,10.6173,26.2697,-8.86386,-12.0207,40.8276,-4
172.003,85.2376,-18.6121,69.1735,497.327,-23.6033,-87.4714,-15.5642,-165.046,51.4821,-7.48425,-30.4509,88.7285,-9
135.839,83.7831,5.54559,-14.9153,-78.2419,-1.56441,-5.99465,20.4179,-32.1072,43.0387,-10.1658,-34.7952,32.9178,-24
14.1838,9.52632,-6.44623,24.2252,34.9547,-2.30241,-13.345,5.84286,-35.7705,-6.90772,-22.3029,-10.715,0.281217,8
82.8796,-4.65479,-16.5225,0.499561,231.737,-4.12045,-17.0449,-2.4636,-28.7633,-7.37359,-11.3235,-10.4199,1.48346,6
143.62,-11.7482,-14.7855,-31.257,7.84316,-9.04391,-18.5071,-3.22982,17.2521,34.9798,-3.2532,5.44992,44.4452,-6
421.327,53.45,-10.6691,-36.7269,-15.2066,86.0463,-162.353,-47.426,-99.7128,51.9631,-96.9736,20.2376,27.2556,-87
-16.5477,36.358,28.6498,61.5079,102.879,-1.72477,59.4922,4.14838,36.1231,41.3396,-33.7343,-20.9184,44.2763,-3
-123.679,-74.8603,-33.4353,-73.6178,387.614,3.37745,28.1024,-45.5111,26.5078,-0.542883,17.0571,-37.023,75.9094,18
222.711,-2.62238,-34.5538,-62.4802,162.025,-1.87163,-87.7803,-7.67972,27.405,-32.4141,56.3318,-38.6805,-40.4404,-0
-13.0336,68.6483,20.5168,65.8542,-32.7005,-64.7542,-70.1047,20.9225,-49.7437,18.5183,-11.4029,4.77466,-27.5596,-22
340.621,-7.55569,-21.7517,112.606,68.9761,-91.3013,-35.5421,33.0437,-60.8722,52.6312,-38.8311,32.9324,51.0086,4
351.355,-151.676,27.1313,-57.4064,224.333,-86.0789,92.694,51.8532,241.019,67.3926,43.827,-13.4237,-12.2387,47
287.437,15.1691,-13.0267,-12.7849,469.065,-24.8672,-58.3925,-2.59662,-50.2714,12.2469,10.267,0.920237,-15.1919,12
-361.078,238.453,98.5577,84.6288,-334.043,7.28972,1.87046,115.28,57.7083,70.802,31.293,-125.078,31.1434,7
520.519,-3.76502,36.2735,113.572,447.902,7.51597,-38.5916,108.757,-25.8854,-8.88144,-77.0529,-81.995,35.5296,22
301.61,25.4088,23.1182,-59.3558,121.187,-6.60707,1.77195,15.9648,34.6923,43.5669,3.37941,1.12404,73.6506,6
519.084,-103.011,-69.5892,162.06,101.736,-108.393,36.2404,-29.5924,265.882,122.367,-135.1,-112.939,59.4627,20
-90.8553,-51.8676,-28.4636,-76.9263,-108.558,38.6603,37.9714,-38.1385,-32.1161,-3.20184,-11.6368,-10.9631,52.1003,2
-77.2486,92.5272,10.6514,86.4834,-270.41,-22.1282,-49.4291,44.4222,82.1832,-9.34281,24.8788,-6.53396,-30.2631,-53
-154.557,-49.5493,-49.9212,32.7022,-155.717,-18.9033,-43.8632,86.2338,20.5844,-116.364,-44.0087,-35.8014,-30.7755,58
11.5397,2.63459,20.1167,25.8808,268.173,-97.4557,-49.7497,30.8808,51.6058,30.5996,1.8006,41.9802,18.4471,-40
-17.4123,40.8464,3.5185,-130.624,-196.412,119.362,187.008,91.7817,22.0433,85.9604,84.9995,-98.0399,35.9971,147
284.056,-141.052,4.58094,31.4398,-39.4009,-60.1118,39.6506,-5.20007,95.1923,48.3043,-24.7671,11.5204,65.9609,77
198.163,-32.8936,-0.899149,156.198,452.404,-49.4646,-69.8331,27.283,112.534,56.064,-70.0799,-60.4482,-6.47636,-45
370.307,-29.6185,29.4584,74.3293,340.76,37.8353,-14.5681,45.3677,85.7402,4.09175,-28.1447,-48.4127,-4.32883,0
169.591,4.62959,-23.6861,-16.5958,-42.3917,13.5512,-16.3334,-34.5733,-21.4282,-10.3331,-11.4992,-14.966,29.5479,23
-43.8773,69.3178,19.4577,54.8025,191.765,-154.999,-35.3585,23.5361,133.747,-22.2,-14.5919,72.9033,34.7399,-29
233.611,-52.1946,-15.5961,3.97384,107.742,-56.8618,-11.4794,11.2999,-3.23937,-7.66103,-41.4658,-4.27039,10.7957,28
510.96,-130.615,-188.351,205.647,246.156,-97.3234,-154.271,28.7817,122.15,-30.0586,-148.959,49.5797,60.2663,-52
143.995,-37.9471,2.90012,2.16464,-447.713,-34.6547,-47.4048,72.5262,-128.153,4.77119,-59.5998,8.58487,-18.0323,58
38.6737,-6.00413,1.03436,15.4683,172.686,2.75766,-8.21861,-3.21782,24.2766,-2.95239,2.55556,-10.2641,5.91749,9
231.927,10.4631,21.0746,126.574,58.5974,40.7548,23.9266,9.62993,-47.5804,4.87361,-44.8671,-39.5148,11.0422,50
8.64554,53.4092,-0.897397,149.397,-276.256,-30.3261,-27.0086,17.2882,-138.662,8.55119,-57.7666,15.7362,-5.23973,-8
513.878,24.2592,18.7469,128.454,270.738,-22.3719,-95.6883,58.9696,-93.1977,-48.1142,-109.61,-145.209,-46.255,-3
-13.8,139.1,42.9522,164.959,106.274,8.65395,-40.4232,55.6355,-89.3229,-10.5188,-13.9392,-27.3096,-32.5292,15
-9.88385,-48.5361,-1.30222,50.1802,-7.65233,-13.7942,17.0541,15.2832,46.2695,-5.67089,-39.7056,-36.4284,4.52283,36
153.183,3.08192,-10.946,-3.27366,-160.343,10.5721,6.21091,-3.59115,-10.1782,26.9186,0.983087,-17.626,33.5009,8
135.012,-6.17996,-0.532806,52.0537,287.62,-5.03272,-16.8433,-7.62387,-5.58303,-4.66992,-20.8786,-11.1787,2.48868,27
-17.2746,86.4107,12.3941,307.093,44.1102,13.3224,-167.494,-6.78735,-184.243,40.7475,-158.951,-98.019,-28.1436,-3
-1.75564,47.6648,52.1154,60.0826,397.43,-45.4095,9.64059,-7.86166,126.374,10.8308,-30.9085,-18.0385,89.629,-35
127.961,-3.47736,-39.3599,1.11302,-192.963,-2.93002,-7.85237,17.1356,-8.34484,-14.7942,-51.0814,-2.65993,38.2092,-25
146.337,16.6876,53.5726,84.3871,255.378,-8.08383,129.435,66.9394,-41.8594,14.4587,-39.6084,1.12522,80.1755,122
151.129,8.00398,46.2928,53.418,134.272,-26.4027,40.2078,68.6829,20.1162,47.963,-49.7667,-31.8607,56.749,4
141.494,103.813,-13.8697,89.2382,-145.544,2.9794,-46.7416,48.0531,-153.666,3.61803,-72.8826,-20.1867,7.93141,-17
132.707,16.3921,-37.431,169.132,-124.636,-51.2287,-78.6608,0.0826378,-28.1067,36.551,-36.2684,7.6786,-6.49156,2
175.403,37.2086,43.8388,117.102,310.858,19.1452,-11.244,27.8379,5.50541,19.9461,-4.28571,-53.7582,-39.1375,5
221.252,-54.7157,-46.0824,48.9998,275.376,18.6835,-35.2136,-22.8333,60.2513,16.1199,-27.8896,-20.9605,44.5033,-21
0.435263,-20.4752,-9.1441,22.3895,160.214,-1.98282,31.4749,-26.46,28.2722,0.8987,-6.73696,-0.882982,35.257,5
-296.007,55.8489,-32.1323,-82.2996,-114.559,15.9719,-163.166,81.8461,41.5042,-50.1313,-34.6995,-36.018,-14.4993,70
-64.7082,-18.6326,-9.16509,-23.909,-49.2756,-10.447,-1.76565,15.9201,63.5364,-3.091,3.84582,4.14495,-8.18864,-2
-179.22,-55.8222,-17.3889,108.293,182.358,-34.055,43.8205,47.0485,36.8142,-9.90748,-89.4277,-74.3074,4.75275,48
-145.189,15.0935,34.8861,111.425,-309.432,-74.3068,-142.761,68.8544,-1.25835,104.609,20.7239,42.8469,101.657,-173
303.262,107.146,41.8367,-169.468,14.4694,-4.45435,42.1693,83.1233,-0.762234,188.116,13.4497,-34.3027,82.137,-9
253.506,-171.465,-119.411,0.710498,253.961,-38.2089,-93.4972,-178.46,-83.03,-9.86629,46.9841,80.7963,14.2108,-11
84.8839,-54.8069,-66.8769,30.8638,-117.945,13.3063,-46.5867,-64.7298,-140.929,18.0708,3.28683,-132.551,86.0229,-57
327.993,-16.5426,-92.3441,-3.38597,216.532,13.4452,-60.91,-68.9066,1.7683,57.8819,7.72722,-4.85261,23.6505,-80
126.992,93.1787,-2.60024,-18.7505,-152.784,-39.887,-118.244,44.6353,-82.7785,-39.4078,-59.6769,-3.08712,21.7086,-70
348.756,-50.8891,-29.9141,-111.051,-50.8642,6.81162,40.3238,3.20813,16.5141,44.1359,32.6859,-16.6942,52.0276,8
-168.227,-27.3787,41.724,-15.4664,-146.262,-24.5874,-3.18114,98.1806,119.888,56.9559,-43.7361,-97.2881,-33.4022,1
-118.017,139.393,-20.0367,43.9765,-398.099,-38.2157,-30.0584,43.4412,-85.9979,31.3597,-23.5369,8.10669,-48.0566,-19
320.381,29.251,-53.4078,155.667,224.91,-81.3028,-326.528,22.766,-88.4103,-101.823,-35.2712,-42.6084,-86.3926,-127
374.179,36.9041,6.94443,-26.2828,548.345,-36.6117,-3.29755,31.7532,-1.33275,23.6732,-3.5372,-11.6575,56.5627,-0
-133.783,95.7586,30.4471,-47.4026,-208.149,-44.517,-14.6202,37.7095,-15.5448,43.7485,7.32098,-17.882,40.7205,-48
9.87417,16.503,-11.6367,91.1867,374.999,-63.4481,-37.873,43.3463,-44.0711,-77.433,-65.8627,-0.342856,28.1778,31
315.513,48.7001,-57.6651,-130.183,-15.1154,-26.4644,-116.981,14.0038,-154.51,-85.4903,11.3574,-15.9896,104.522,109
-130.343,176.787,1.77051,204.135,-303.936,-93.6065,-51.591,-7.7176,-101.939,14.4627,38.5459,-35.1843,-85.9295,-116
488.225,164.291,-29.4721,93.9286,208.152,10.383,-149.193,19.9304,-43.7557,102.89,-95.5138,-94.1022,224.91,-158
-30.6089,-6.47343,9.193,10.1644,24.4554,-55.354,21.5006,72.2238,44.127,-24.5114,-44.6997,4.55114,21.2762,24
151.421,55.7912,24.6158,15.7588,-44.3139,-23.2429,-105.14,-8.38392,-96.4988,10.2643,-18.0754,16.5074,12.262,59
147.609,-9.55197,-74.0136,-26.6472,541.021,-65.709,-72.1596,-38.7815,-34.4412,-26.6511,-7.23783,14.8714,-13.4879,-7
-138.059,-40.5215,13.8538,58.2004,-145.218,-9.34713,-36.3931,-19.0606,43.9897,39.9449,3.75921,20.4362,-8.6834,-60
-81.6531,-70.4905,-49.8335,8.39193,115.221,-13.8536,17.4288,-26.7658,-53.8284,-60.1027,-42.4606,-4.07811,21.1372,61
-31.5284,87.2806,28.6199,51.033,-145.605,6.55713,-20.9345,68.2429,-29.3498,28.7782,-32.832,-21.872,11.7643,-30
406.604,16.354,-28.5749,80.5474,452.979,-36.5721,-65.1361,-52.1782,-47.3195,-1.20125,-15.5054,-33.7458,4.84214,13
52.9829,16.1587,-5.18739,3.59834,138.951,-7.46151,-2.25363,7.38428,25.3879,9.87587,-15.6621,-2.54822,26.3041,-12
-25.6274,34.9898,14.0787,105.865,-183.223,-66.9788,-39.3452,31.6181,-41.283,-32.4561,-65.0049,-1.12058,-42.6249,4
66.4989,-16.6627,-5.10432,-26.6024,257.539,-5.17692,-0.368847,-1.06766,-8.65072,-6.99904,-1.15669,-5.95997,-0.776443,18
-55.6,-30.6719,13.4785,26.3586,-23.8878,-0.280932,34.2952,14.9774,12.3121,1.17776,-20.2239,-7.42145,-1.54708,27
169.819,204.001,-11.4885,-67.5345,-85.5786,-31.0541,-117.119,-44.6482,-98.879,76.0403,79.2283,47.4525,-48.3991,-23
-228.177,18.8438,55.8665,32.1129,-411.455,-58.3984,-123.783,-37.0809,100.553,35.6251,116.61,85.5946,-44.2777,-77
360.331,-42.8159,-21.8727,-27.6959,653.757,-88.7491,-21.493,-5.1459,-29.098,17.4914,3.73328,-8.60294,52.8605,12
37.9459,-36.979,67.142,267.515,13.1817,-147.326,-189.058,3.68195,-215.916,-72.4444,-92.299,-19.0529,-1.63844,136
43.9513,12.2682,-17.2087,13.3441,-72.9888,38.2004,-11.914,-11.5727,26.0324,75.3094,-35.7895,-16.5555,35.4542,-16
221.762,13.2828,26.8046,10.2801,-233.773,5.88172,38.0269,28.8342,-75.9671,42.1475,-6.05117,-19.2112,-28.2409,47
141.332,-13.6938,3.38367,-44.0041,97.1832,5.98589,-51.4326,-81.9106,-6.75629,19.1541,76.5259,10.5283,-8.46809,14
39.9216,61.257,17.3979,164.97,312.491,-91.1471,-77.546,7.99485,-67.099,-11.998,-37.4558,15.1028,2.91737,47
69.9065,227.372,-3.17007,-18.3907,77.9417,7.27079,-182.832,51.1021,-112.829,119.533,66.1003,-125.882,28.1954,-94
-8.31478,-20.8634,-7.31334,-44.7034,299.862,5.37948,30.4039,-23.9587,93.76,42.8387,25.7287,-14.8022,12.4027,-16
275.36,-151.247,-56.9317,104.773,439.578,22.7892,-48.564,-78.6932,34.8657,-11.3603,17.8623,-5.91976,-15.3233,57
76.7408,-41.8432,-63.7271,100.305,166.383,-61.4424,-67.2033,15.1332,47.8023,-2.00859,-91.3104,8.79542,62.6416,-123
143.624,0.219077,-60.6671,-60.2641,617.939,-12.4211,-111.534,63.6569,-17.4177,-105.077,-17.1181,-40.9354,16.8752,138
-92.0911,-18.6233,22.4502,13.8375,-76.1012,-2.61076,20.2759,15.8773,-31.5049,-7.98763,-34.6561,-15.2511,47.8201,1
291.331,-21.4567,-25.0395,10.4922,261.163,-11.9822,-26.4043,-9.00311,-41.5434,-15.9803,0.299424,-0.995941,-16.966,14
75.0138,42.9974,0.351122,47.6761,-229.086,-8.25443,-40.0198,18.3922,-100.779,59.3757,-28.9428,-4.79384,-2.2156,-18
232.804,84.3585,3.90763,66.5434,178.631,-50.285,-43.1195,54.6363,-53.5095,70.9444,-83.1928,-5.0438,103.396,-14
321.943,23.6401,-37.2721,99.1365,342.686,-18.748,-100.522,-15.1845,-30.5641,-8.92157,-23.7321,-42.9284,19.2972,-10
486.745,-33.292,-19.5556,-45.2672,566.803,-99.0623,-64.8146,27.4156,18.7808,-45.3928,63.2566,47.1775,-41.8582,113
-41.4264,357.594,89.8516,111.925,-138.334,-81.853,-174.404,126.361,129.273,27.3837,-0.364429,-38.953,-27.4276,-114
303.848,-2.50657,35.5133,-141.537,264.411,-43.8003,47.554,-12.599,138.333,62.1721,41.7555,-58.5753,86.1099,-27
265.308,-67.2971,-60.4799,-22.7474,298.23,-1.28634,-10.8084,-73.8137,35.5532,-19.805,16.7343,0.429695,-1.27293,47
10.6281,-29.6524,-0.125961,-25.4699,666.887,-18.7413,20.0814,7.37905,12.2523,-6.45834,7.06612,-0.0860874,36.6224,-3
234.475,-38.8289,51.2254,85.8616,349.243,-155.512,-81.7764,-8.76396,-128.096,-104.135,-38.4701,9.65539,32.6717,132
216.16,-12.8201,-1.24742,-3.76039,104.511,-18.9368,6.30698,12.6056,-18.009,9.47387,-7.1583,-3.21827,-8.0523,40
54.841,93.0716,-16.8343,44.7523,-6.05838,-28.2673,-65.2106,94.3163,55.4903,-64.9377,-32.2452,-29.9064,12.2887,-16
-43.2466,6.46631,-2.39833,5.1226,173.749,-12.3304,13.1221,0.476598,23.6539,17.6863,11.2015,4.60864,24.6231,-30
-67.1576,31.0224,38.8323,7.62714,-420.898,-72.5429,-29.3562,44.8776,-89.9612,-13.7554,-22.1952,39.0645,-20.2582,-27
-77.9779,93.1421,55.4761,39.6189,241.468,-58.2364,5.2521,18.0879,113.609,24.1885,9.67531,-40.881,-4.2253,-22
250.442,121.269,27.7585,78.8944,-140.154,-135.255,-176.48,126.569,-17.4681,228.947,-76.203,-44.4686,54.4395,-186
131.431,53.6011,-14.1542,28.7663,-6.95047,-0.274671,-31.1143,-6.1587,-25.9495,4.04008,-9.57758,2.3219,-7.42296,-15
-126.108,-140.756,4.07808,-147.68,144.01,-3.3241,59.869,14.8147,144.473,-9.60325,-40.5332,-43.3467,59.3033,23
302.793,187.549,-10.1076,131.756,276.114,-103.495,-94.9642,15.111,-20.3433,-48.5891,-85.6278,-4.02765,48.0164,15
277.523,47.7215,-40.473,86.4035,395.296,-47.1128,-42.7562,-47.5412,43.6247,-59.0076,34.4878,-46.6183,-46.8781,48
100.22,-38.96,27.0122,-125.082,-16.4909,-73.04,93.4714,126.964,265.913,-48.8909,-37.7168,-52.3671,57.097,-33
341.173,-10.1273,-37.9655,68.2594,-24.114,-19.082,-95.4142,-29.683,-136.894,-53.6636,-35.8282,60.0744,51.1596,44
77.9195,49.5172,-19.2773,56.6307,-184.8,-46.9032,-50.5879,-11.0795,-8.79651,29.3199,12.384,13.1703,-25.3323,-69
155.762,-34.7488,-91.1858,284.525,343.2,-34.6058,-145.158,-66.2554,-52.6411,25.8282,-45.2006,-23.9515,41.2319,-66
112.867,-12.7908,-37.4267,-58.6799,-116.363,13.1588,-3.748,-32.1212,7.41382,10.2733,-5.80537,-25.1227,28.6156,18
189.798,56.8195,-73.0911,-25.3566,202.335,41.0891,-41.4453,-44.4547,-45.7236,11.5031,120.827,-57.4808,127.835,19
358.873,-67.5428,-4.13703,-2.85567,234.031,-1.00091,9.0837,10.4029,71.3627,-30.0537,-8.94489,-30.4661,-14.3227,73
111.107,125.397,-52.2174,-59.6586,-182.248,-66.1226,-175.711,77.7824,-120.987,-54.7059,-46.3231,-71.6718,-15.3977,-35
-7.53194,128.717,65.9768,244.561,-46.1222,-3.24123,-109.962,76.16,-153.646,-4.05544,-31.7739,-17.0728,-13.7262,-12
290.238,-38.2945,-17.8985,-49.7401,58.0408,-38.549,32.9156,63.4762,185.713,-56.0788,12.3377,-120.229,23.7588,124
159.219,-46.3753,-7.57033,0.799522,203.699,-35.9314,-19.0182,-9.08135,-18.6685,-5.72258,9.19341,-3.03296,33.9899,6
20.7231,13.4368,12.0912,44.3182,101.321,-10.3185,-19.1565,8.43859,-14.4626,14.753,-21.6652,-8.26792,-13.5083,-3
72.3834,51.2643,-102.729,-7.83557,-377.102,-41.5376,13.0901,6.17525,-36.4423,38.7168,2.07875,-26.9888,-16.0324,-77
-224.726,50.6851,24.1683,116.981,-105.357,-46.926,-6.77016,13.9207,15.0276,24.3053,2.21388,14.1776,-10.5077,-41
-104.606,120.37,11.7468,1.67333,-73.3015,-64.6487,-154.332,35.7711,-61.6204,32.7687,112.931,-52.3112,-60.3901,16
355.022,-11.9693,-57.2048,-8.29608,221.535,-45.4726,-13.8792,5.84851,13.498,23.2829,15.959,-64.1732,16.1219,-3
589.291,79.7279,40.714,-7.20256,-3.15936,-73.7264,-60.4279,-4.5598,-98.9091,-54.1647,1.94031,86.2073,67.981,47
590.576,81.2281,66.7057,56.2029,245.248,-47.0461,-17.2947,48.4907,-22.331,55.8761,-53.0134,-23.7421,95.6995,-10
115.009,14.5177,-149.901,-21.3205,-431.757,-102.581,-63.7493,22.4187,-1.59274,-115.074,-55.1243,20.5346,-87.5911,31
239.136,2.71084,-18.6688,-64.2556,68.5236,-69.6619,4.67499,107.419,115.364,-18.9252,-31.5874,-36.7386,-89.4395,16
77.9041,-39.289,1.10975,24.0194,402.799,-39.5228,-59.1266,-43.1689,-12.6065,-19.0737,-5.38186,-36.9786,-3.17593,18
163.271,145.162,-18.1268,-95.6822,-270.283,-24.5555,4.75799,1.20702,-18.4727,52.3532,37.2191,-10.3907,-14.764,19
208.615,6.88505,45.1371,91.5869,383.394,2.99196,-67.2717,115.817,103.891,80.5033,-106.383,-18.0586,135.188,-103
505.581,23.5905,-19.1071,79.3062,757.734,-22.9385,-71.818,23.0224,-62.9314,-62.2555,-7.07167,23.9841,-62.882,24
217.781,-29.1281,-22.2526,-2.35314,235.009,-18.6848,11.1894,-17.4056,33.4255,16.3022,-1.3041,0.206311,18.7124,34
84.8915,27.4421,18.4165,-18.1726,-56.7894,-11.6515,-17.4576,35.6611,-7.54751,20.7204,-23.3919,1.38393,23.8669,-10
209.803,32.5218,83.7373,21.2302,-74.0237,-174.534,-139.462,321.489,151.948,36.8265,-130.81,-78.1115,-20.927,-101
7.34235,103.022,-3.46577,-14.972,-183.697,-30.3828,-21.9022,-0.214608,-76.2348,24.7617,9.84949,-13.6996,28.5366,-21
390.897,-41.0697,-43.216,38.8273,12.9402,42.7321,-52.1993,-84.5125,73.3241,97.3073,93.7259,-21.624,35.3938,-56
61.9513,101.655,3.38672,136.537,-62.751,-6.02325,-85.207,17.7528,-35.6162,23.1374,-38.8481,-37.1449,-3.28919,11
307.835,-51.2715,1.16929,-23.4311,-0.419285,-37.6862,42.8297,0.442779,85.4378,-24.1588,-19.2548,-51.4044,21.8104,38
449.862,-45.0998,-19.5738,-29.9896,87.8456,13.493,19.6062,-25.9376,64.1383,13.9852,-16.1449,-69.5249,27.8059,50
163.694,23.2301,-5.70448,74.4933,146.594,-5.59952,-127.261,50.3756,-31.0515,-62.1819,-59.5129,-18.8942,-14.8925,5
149.885,-26.4999,-36.4983,91.3209,-47.5252,29.0924,-56.64,-2.33432,-99.3731,22.8582,11.0669,-24.8041,-51.8484,-14
421.793,82.8253,-5.89358,-28.4653,57.1842,-38.6966,-61.9367,28.7724,-158.46,10.1818,40.6118,16.3415,-69.9816,40
316.564,204.999,-26.5512,29.1316,-57.1882,-6.42494,-84.3184,92.211,45.0526,-3.99638,56.1709,-84.0841,-124.478,-22
151.149,-35.7906,1.51516,37.0918,76.538,-41.248,43.7674,44.4005,89.3571,-27.3701,-82.007,-51.5502,12.2743,33
-153.075,-40.1998,68.0655,147.811,-31.8949,61.2646,4.1519,-1.5708,-65.0939,9.84433,-22.8579,-35.1215,-0.448548,-25
214.645,16.6261,-31.6225,-11.8729,31.2262,16.9287,-44.3543,-19.1672,2.5675,40.8189,9.55875,-11.0347,39.585,-22
243.378,-43.2569,-14.2024,46.2718,490.77,-50.5065,-78.0012,-26.0442,-111.453,-59.148,-3.92763,-28.455,-14.8697,67
95.9686,-42.1376,60.4343,-28.5566,-349.384,-129.267,-111.52,144.01,56.295,-91.9682,-139.392,-79.054,-24.0777,89
66.0739,34.1556,3.30015,17.2125,88.1435,-8.86609,-39.2506,0.637645,-18.4045,8.84049,26.3127,-13.5925,9.33197,-12
202.251,35.1903,-53.951,299.699,-98.7603,37.5146,-171.779,-69.7375,32.4312,105.831,-5.16054,-2.71673,71.6023,-84
187.678,-19.4331,-23.7707,31.2205,495.553,7.87678,-44.2786,-11.9576,4.03712,-23.9137,16.5881,-31.5217,-12.7595,36
64.8508,19.8264,20.52,25.1565,176.84,-47.1501,-0.0845601,24.0677,65.1339,1.87226,-1.46417,19.1872,6.84342,3
57.4572,-42.5816,-0.679135,211.709,154.428,-23.6337,-95.2912,-25.4499,-114.242,-45.3607,-120.698,-20.7336,63.5417,-21
189.047,19.0393,-0.283171,30.8608,191.123,0.686791,-49.4826,-16.5707,-43.5729,-4.18855,1.23634,-9.96608,-5.09403,7
30.7015,22.6306,72.4549,21.3302,-340.265,-106.225,-65.0938,48.5495,71.0798,106.294,55.6984,90.705,-32.9518,-47
235.019,-56.064,-27.6775,-48.9451,256.133,-3.60461,4.31228,-16.8846,-10.4166,-39.1247,-8.10475,9.35797,20.8279,19
230.601,7.01847,31.0558,10.2856,251.931,-4.36464,77.7631,33.4011,79.8819,12.9042,-68.5814,-36.2607,128.007,-41
162.719,-65.1086,-52.1289,34.5973,-273.41,-59.8694,-67.3835,-15.168,-22.5548,-15.2471,25.5063,-53.8047,10.5472,-48
145.344,-47.4816,-23.9113,61.652,67.087,-21.3421,-59.5466,-2.89002,-35.5192,8.89985,-26.3992,-14.8178,-4.61057,-49
500.51,71.7614,5.43337,148.845,-185.895,-18.4739,-39.2315,46.7963,-145.993,-23.4417,-6.44225,-72.0985,-26.3072,17
-240.801,128.767,102.417,270.14,15.9882,9.11612,-5.62291,64.5891,-172.581,-85.5006,-103.903,-12.3263,137.937,73
300.188,-54.8604,-32.2355,57.9708,452.331,-177.319,-140.354,115.514,3.79908,-86.3468,-24.19,-60.3019,81.4848,-14
54.4157,-6.68665,-21.9886,-27.1173,328.789,-25.9676,-28.7143,31.4747,11.7586,-30.5398,8.27952,16.355,-6.28754,10
343.684,-79.1692,-71.1992,44.2419,-222.277,-15.9395,-170.086,-21.6342,-66.5815,-57.1828,-78.4638,-88.7645,27.341,-87
42.2162,-0.69231,5.34816,5.81853,183.356,-15.2397,-17.8946,3.12728,-6.10324,4.12637,14.9326,-8.95154,-13.0877,-0
530.004,-15.7833,-60.1243,-21.0241,371.608,-90.5621,-8.10117,21.544,3.89336,16.25,-18.4537,-26.5742,56.0191,9
24.9693,-114.485,-6.81796,8.39858,527.023,-17.0225,32.2056,-31.3998,25.6607,-47.5615,-24.9067,-21.1806,32.2414,10
113.387,20.5715,-23.5211,232.313,-65.5895,-58.4373,-137.552,18.5526,-206.897,-86.8425,-84.8796,43.2764,-29.1158,-47
250.363,-75.1201,-99.0391,43.0697,513.31,-91.2134,-62.1544,-21.2484,46.6017,-63.8789,-63.7959,-33.898,-14.2211,1
-107.479,82.6205,14.0502,45.7526,133.288,-30.797,-28.5078,-15.9706,108.717,35.6977,6.14808,-13.4705,26.7811,-30
52.158,66.3975,36.5187,46.7232,-5.66699,2.93117,-32.9854,16.417,9.28494,48.5855,-5.74526,-30.5535,34.8915,-25
211.506,-77.9096,-8.38704,-35.8945,260.104,-88.2751,-30.9001,34.5662,43.7366,-9.2535,-133.414,11.2688,56.4321,47
-0.499911,57.239,-8.03652,160.069,-198.695,-46.3406,-95.7222,32.8016,-132.659,-61.1264,-91.7738,-31.1235,-34.1915,-10
345.23,59.6605,15.2234,1.94697,397.459,-44.8135,-38.1867,39.5623,-31.207,20.2118,29.3256,-40.4775,63.7951,-23
21.844,109.55,65.0522,146.579,-167.695,-3.79896,-61.6357,43.5447,-129.078,6.04021,-53.0988,27.5773,28.8464,-52
318.161,62.5914,-16.626,172.466,93.441,-40.1886,-82.3064,36.8644,-57.4308,-36.1127,-50.3166,-25.5483,66.6432,-0
-48.0489,120.181,-0.148766,67.2861,-230.703,-14.9479,-66.92,-25.8958,1.99974,9.68555,47.0707,37.5347,-33.8283,-80
86.8724,-5.17054,-6.76769,1.0591,272.074,-32.3748,-26.4012,5.97116,29.0663,10.9762,-4.81235,-28.2032,-12.4571,24
-219.56,-1.6895,16.7196,0.30319,-337.71,-16.5452,18.1626,23.8856,121.307,50.422,77.3847,-8.52044,21.2883,-135
192.543,140.644,-28.0105,121.158,85.407,-170.027,-191.945,56.1461,-20.9964,-86.712,-21.437,-25.0674,-77.344,62
179.421,0.443876,-16.6788,25.2046,400.517,-20.6007,-7.05892,-7.33494,-19.4897,3.69164,1.92861,-37.434,15.2142,12
22.5554,-166.341,-41.9441,79.3007,513.054,-2.43498,138.77,-13.4759,118.371,-18.4231,-136.953,-5.2012,70.1772,114
111.235,188.828,30.0919,-102.719,-200.297,-195.967,42.3761,24.7306,28.2558,69.2085,67.5708,165.633,-15.402,-9
195.925,-27.0248,-27.8995,9.13103,423.38,-37.3531,-35.2087,-11.4816,-16.9133,-58.1682,-21.3629,-1.79944,-6.7058,41
52.1981,-3.15743,18.8683,0.344314,180.374,-34.5739,5.99346,-2.24748,24.7159,13.2189,7.42722,14.0276,2.49538,5
47.5242,-14.856,-25.102,14.2363,-100.376,-12.1582,-43.1993,-2.55816,22.4395,6.28785,-0.874824,-11.734,33.8832,-50
228.257,-52.3803,0.298177,7.84412,277.075,-19.1722,18.3691,-16.423,40.8619,-44.5885,-34.3404,-60.116,4.25958,18
-35.1616,5.06877,21.6018,-13.0901,-248.682,-66.5535,70.9292,-48.713,109.5,70.7898,41.7462,21.2013,14.2807,-25
-146.089,90.1451,44.6453,246.101,-275.5,-74.6505,-34.408,61.072,9.25931,15.1967,-75.4589,18.1022,-36.5545,-77
340.829,86.7389,-47.3641,76.4545,-46.0167,27.3098,-56.2348,-12.7497,-81.3097,19.331,-52.6406,-6.00025,36.9666,3
137.04,-91.2634,-115.831,80.2038,-148.333,-113.724,-85.1352,-44.6063,102.962,-51.0022,-37.3685,-76.095,-81.8496,-66
731.077,-191.398,-161.838,50.9497,739.209,24.7025,-66.1666,-77.4202,37.3455,-61.2155,-46.1224,-235.8,-63.5797,42
46.7384,9.02093,15.2355,189.079,159.298,-51.0855,-16.8379,55.5137,93.9713,31.3038,-25.6253,2.2939,77.3572,-91
23.6543,81.8661,30.0584,74.9263,-26.8815,-9.87408,-12.618,33.4291,-90.8939,10.913,-74.2284,25.4571,95.4089,-51
111.387,-20.1252,-26.0533,47.5358,-89.1577,-38.8347,-65.4366,-8.10596,-68.3151,-57.513,-74.2216,9.15271,9.87546,-18
359.905,-123.891,-38.3644,-4.59928,335.743,28.7766,-46.417,-76.832,-68.8312,-71.7252,-10.6684,-15.8201,-17.0195,58
192.687,121.825,-54.7281,-15.3505,5.12587,-16.5434,-75.6633,1.4447,-52.356,4.84514,15.1521,-4.89913,-42.4338,8
-28.1673,30.951,19.2038,336.235,-200.403,-54.9402,-181.108,60.9002,-65.8931,14.6674,-50.8344,12.4259,-41.0701,-94
56.2163,5.07621,9.63807,42.5794,192.609,6.56287,8.83245,2.16604,4.3879,15.5409,-6.77314,-14.8448,20.3607,13
-19.2335,84.3044,39.71,79.6163,55.3054,-28.5859,-62.5876,36.0153,-0.695893,36.4313,-73.1234,-22.2217,85.5255,-79
97.4457,5.68698,25.0263,21.2973,-14.3299,-48.7272,-40.7867,78.1952,84.391,23.6022,-12.7091,-16.5463,-32.0002,-48
473.078,-117.105,-98.4377,56.7248,122.484,-0.421476,-20.2125,-114.49,-45.4653,-65.7725,-55.1945,-112.754,46.2757,79
60.0723,-72.4261,-1.8555,-36.2804,117.205,-28.2036,8.27445,39.0005,105.748,-48.8509,-14.3126,19.8965,-36.9815,14
165.42,24.9164,7.34949,-10.6059,-31.7481,14.3247,-23.1601,7.38318,-51.6265,6.42449,-24.8833,-1.52398,31.5302,-8
220.119,87.0477,-72.157,103.596,403.571,-115.407,-131.864,10.2821,14.1233,-52.6527,21.7076,-42.739,123.218,-55
227.297,100.548,58.4821,59.7044,-183.07,32.1156,-52.8004,33.0177,-183.587,-4.3314,-95.3045,-74.3093,39.717,-3
152.464,-45.6304,-64.1169,42.2626,-207.463,33.4954,-33.0662,-26.9099,-7.12764,-4.59848,-18.8731,-10.278,6.7457,-24
120.314,96.3857,-34.0659,130.331,154.768,-67.7434,-102.945,-10.0794,158.615,145.761,30.3084,11.1217,65.2044,-54
14.7509,12.2762,13.605,24.7737,10.5486,-53.1969,-2.50209,15.1519,46.1771,22.1975,-8.55722,-3.9186,11.9304,-9
191.873,94.0594,75.0923,134.486,36.5228,36.1458,59.1759,49.399,45.5183,39.1617,-73.1035,-59.6043,46.5512,-2
163.009,20.0812,-58.6464,30.1748,-77.0823,-8.2301,-82.5975,69.2405,-61.2627,-27.6014,-76.7378,-122.564,-67.2207,59
169.809,-31.7746,-3.94776,-1.23123,-181.665,-3.96392,34.4391,-24.8216,28.5328,-0.495463,-1.19359,-8.44901,12.1917,32
207.708,44.3347,-64.8949,37.4036,-178.284,22.8734,-53.0277,-46.7848,31.728,-4.89132,-22.203,-33.7792,3.62136,-0
291.229,-83.34,-75.4451,-45.5011,120.707,-13.8595,45.1066,-55.4459,38.7737,1.31274,-55.3861,-4.30522,22.6039,45
24.3221,-6.2381,13.9837,46.8558,494.464,-18.5322,-35.2433,-8.50197,26.3425,-11.3746,-11.6515,-7.73465,-10.3611,22
257.955,128.829,14.3362,106.669,-498.869,49.887,-45.3662,135.995,-75.5272,56.3646,-117.573,-71.3722,18.5066,-1
256.389,4.01056,12.59,49.3036,317.595,-22.6686,-12.6658,11.4468,44.1712,36.1245,12.8056,-15.8611,14.8493,-35
-71.5179,102.125,7.26432,41.7061,-141.837,-29.6557,-52.9084,-4.79406,46.5065,34.3623,-7.86881,10.7838,34.2786,-53
-28.7165,31.4166,30.9236,0.749939,152.717,-55.6326,-11.2258,51.1136,82.3595,15.6828,-11.4545,-4.62329,6.54502,12
-63.2999,-7.64133,16.2889,-14.8734,233.692,-7.74785,5.13717,4.06161,34.1875,13.1417,2.61022,3.31718,18.7948,-18
111.954,-99.1684,22.3312,-80.476,26.062,-42.7288,215.546,139.365,93.8573,25.4905,-87.1101,-64.6153,79.8242,46
185.153,-3.10517,-21.8854,21.0176,213.366,0.515863,-1.83105,-13.4749,-1.37583,-19.4895,-7.00725,-13.1359,6.48454,8
43.1631,66.1937,6.32345,36.2955,-41.1715,0.633994,-47.1838,2.47547,-15.482,37.2437,-0.413911,3.13491,17.2959,-23
-149.609,83.1734,-93.6892,-111.566,-384.259,-49.7096,50.2985,-29.4763,1.61002,38.8142,44.4386,-19.1774,49.4559,-119
96.2256,129.352,57.3845,46.0624,-108.44,15.3679,-7.86558,45.7792,-4.23449,44.5016,-39.6887,-14.1671,115.512,-60
561.542,155.007,-99.226,-39.328,103.144,9.27171,-59.5849,-31.6935,71.2544,114.211,-69.6769,-126.189,46.3884,30
449.886,-42.7196,50.2491,-41.246,-373.676,-70.0417,61.6351,165.364,18.6577,-2.95027,-63.1833,-80.0038,42.659,101
528.558,69.7613,-30.2963,13.6972,-21.6102,-105.062,-79.2684,-0.870871,-32.2803,20.4159,32.8181,65.146,9.58834,-7
140.348,24.7271,-22.6399,67.4505,197.278,-24.0499,-49.53,-31.8454,-36.258,-31.2364,3.05308,8.28747,-33.2751,8
13.2297,95.3331,-26.674,-41.6219,-196.952,-12.2513,-31.4798,-1.94074,-61.3511,30.8166,34.0017,16.0835,-39.8275,12
253.787,-30.716,-0.202843,1.26731,526.429,-5.15714,-16.1828,-21.2489,16.469,-17.8253,-13.6907,-19.7332,-22.7805,40
126.052,11.4446,-2.93144,42.7735,-93.1004,0.647563,-56.0614,-4.83982,-45.6573,4.31886,-56.4616,17.2517,43.3821,-14
89.7941,-22.0299,1.58963,-6.40558,-400.817,0.623501,-13.4385,36.2754,-52.8993,56.8658,-21.5073,-30.606,-39.8416,-9
-68.7439,-94.747,-6.5806,-0.983212,-194.689,-60.2549,-16.3833,-129.793,102.128,-63.2802,51.4056,63.1012,-11.1113,-59
261.944,15.7982,-5.98645,76.5774,158.688,-17.1562,-44.5968,-14.5422,-55.389,8.95994,-21.1579,0.508601,-37.896,64
113.927,74.4709,43.7387,109.157,-26.0459,-14.0458,-39.69,62.1204,-28.6994,-4.75671,-82.3334,-38.4327,-7.69274,5
33.0982,-21.0944,-2.47101,13.9948,130.667,0.940428,14.4386,-4.70111,-3.86022,-4.3994,-12.1375,-12.3604,11.0205,-1
87.7206,-97.6233,-76.3381,-0.870174,233.195,-34.2543,-7.64672,-3.56292,29.9131,-19.1995,7.97558,-55.6256,37.1206,-8
219.065,59.0143,28.5137,-22.7193,92.0175,-4.23461,31.7181,120.081,10.6752,52.138,-58.5953,-110.622,3.97399,106
244.585,-73.4387,-18.4633,-14.8569,245.756,-28.6524,20.5537,-3.56954,74.9858,23.8957,6.02399,3.6684,53.9145,-37
110.606,-18.7958,-20.6926,50.3731,331.925,-32.308,29.6277,11.911,56.645,6.58344,-26.9634,-6.16548,41.0325,22
-131.26,74.803,-27.6706,41.1878,-105.784,-19.2395,-36.5013,-4.53764,41.428,1.58658,4.52976,7.25521,-1.04995,-20
322.501,-15.5112,31.4293,37.1562,321.817,-16.8765,-52.1155,-0.888574,-86.301,-29.7778,14.2816,58.7082,-9.11426,36
-124.184,18.8816,-3.45624,39.9321,95.083,-32.3695,-4.1502,3.30106,67.5985,10.3282,-36.0184,5.98436,29.3873,-4
2.18682,-6.76057,2.0234,15.8838,-16.6542,2.96858,3.90991,1.86309,-18.9929,8.93727,-8.89727,-8.33665,4.06713,19
211.198,17.2234,-39.6991,-27.7825,66.4726,-55.7098,-44.4056,7.63246,48.117,-21.5053,-7.32503,-26.0674,15.9065,7
70.4355,-5.28232,0.895278,-29.4355,28.2818,-6.60795,0.309635,3.73595,3.30881,6.89009,-4.60473,4.67088,28.5621,4
135.181,146.23,-41.9717,157.58,-206.252,-11.8446,-248.313,-6.58345,-99.7806,-5.54237,-146.218,-22.9002,39.8065,-62
-83.2486,-37.9098,27.1868,-11.7929,-32.3809,39.5295,-75.7583,130.268,-6.48403,25.6055,-66.9546,-27.8337,31.8987,47
184.441,36.0876,-21.8999,8.19238,14.3611,-12.1041,-31.1826,-5.28345,-70.2986,1.91293,-11.1905,-17.2627,14.5526,22
411.491,-101.796,-77.9254,11.6387,40.4562,44.9334,-78.7707,-22.322,-101.351,-31.0279,-58.1944,-86.5749,1.36367,55
72.0843,43.1281,21.7131,111.83,-5.89876,-61.5439,-87.7972,8.14363,-154.927,14.4361,-31.1481,-32.0633,-26.5019,7
-102.967,71.5621,12.0897,35.4809,-260.98,-30.8073,-39.3643,11.5786,-64.0171,12.795,6.86756,-10.5278,-14.4575,-41
3.31273,58.0452,57.8737,47.4173,191.801,-85.582,-100.753,27.4685,56.5616,28.5141,66.9301,37.7781,-43.902,4
509.173,-5.06335,-31.1771,-103.744,12.9809,-5.05699,-51.4665,18.7243,-66.383,44.6972,-5.08856,-128.577,-45.0406,78
53.1831,-16.1186,-9.79663,-25.4024,512.441,-71.0334,2.5316,-8.98265,108.669,-36.4313,-11.4907,10.7157,108.005,-48
378.825,-105.859,-36.9629,60.146,480.787,8.70212,1.73595,-30.7281,1.43645,-32.8489,-60.5542,-54.1439,18.6482,30
246.07,35.1082,27.655,52.6399,12.2615,-12.2792,-20.6657,16.2961,-13.9971,-3.27879,-41.0641,-33.1411,28.2807,53
111.39,16.9849,-34.2158,-72.1687,-122.029,-9.63037,23.8046,20.219,-4.49713,15.7447,-32.4128,-7.14858,46.7719,-36
145.444,0.41546,-0.0838707,31.8926,58.0338,1.26349,-13.6214,-7.17755,-9.21536,11.3821,-9.48495,-6.28311,-7.45403,15
197.504,-8.21719,5.07353,39.9778,295.322,-9.47621,-42.4374,-4.82067,-46.5813,0.358139,-20.1899,-15.2172,11.965,-13
-67.414,0.835839,-24.4199,-24.6431,-296.145,-6.90862,23.4096,-17.9441,-15.7159,-15.6474,7.47777,12.0852,-26.0102,25
-18.0207,62.9352,-1.28344,-91.8751,178.327,-7.91129,-20.295,-3.0055,18.7072,33.0386,60.37,-1.02742,0.489401,31
114.628,194.487,63.2302,392.413,104.672,-16.2521,-119.537,67.8624,-97.4269,-48.1465,-71.3669,-43.6266,-20.7819,-31
60.7694,11.8736,-7.56601,45.2144,268.107,-14.8071,11.359,59.5098,22.9054,-26.3241,-47.7551,-35.6299,30.0609,45
-15.0489,112.58,11.8766,10.759,-593.224,-11.5844,-24.4754,13.3182,-94.3119,27.4587,-27.6436,21.9156,1.74118,-60
342.488,31.1747,-36.8692,74.2178,-213.318,-49.0611,-81.2876,-16.3122,-105.68,-14.6557,-2.44737,6.2885,-20.7207,27
-253.792,134.446,-19.2546,-226.37,-218.62,-29.8268,-55.7046,97.9513,144.771,-9.6568,81.6919,-17.9737,-25.03,32
172.01,118.196,-11.6832,75.0947,-59.7042,-27.8326,-110.58,-60.8048,-13.3754,44.7661,38.6509,41.4481,-45.787,-22
400.957,-17.0021,-127.43,-97.3758,215.526,-25.9464,-86.248,9.19878,-35.37,-10.7931,-82.2199,53.3228,95.7309,-18
190.732,-43.1416,-32.1511,17.2029,260.931,-47.7149,-14.712,-4.93601,29.3432,-38.2703,-17.8746,3.67031,30.0575,28
153.712,-21.6172,87.9353,135.574,-20.6414,-69.5574,-11.6711,113.178,-16.5392,71.2441,-103.213,-23.2113,-2.24113,-4
4.27361,22.1221,10.9512,-11.5965,-27.9303,-16.8181,-0.0491424,37.8851,10.1633,6.45556,-8.92391,-0.902769,16.0209,-9
461.139,-65.4797,-0.328538,59.8784,363.756,-17.9743,-64.5439,-19.3076,55.3125,-88.6589,-10.3966,6.06373,0.597531,14
-53.8432,-125.202,-2.58926,-62.4455,-182.52,32.9019,-19.2902,-38.5698,11.6074,-20.0087,14.5258,-42.061,4.40882,-28
155.011,18.9291,-160.772,-120.012,-228.79,47.6346,-48.7977,-137.41,47.1299,79.9334,31.9935,37.5923,23.85,18
215.54,-2.17449,-34.1816,42.7783,99.1542,-24.7041,-92.9101,28.0373,-98.2118,-48.3312,-92.2587,-9.48662,-38.6819,20
82.4839,-8.54619,18.6913,32.4432,36.98,-47.4351,-78.1125,72.0782,15.0057,-32.4731,-66.8864,-45.6301,-45.5263,62
206.308,-95.6057,86.0862,63.2462,253.771,-127.392,-25.8617,54.2879,26.0113,14.3009,-54.4969,-3.75556,71.3992,-35
39.6032,11.3596,3.60682,-60.24,27.9715,-16.0452,42.8806,-13.6093,50.917,39.6656,43.1031,-13.5677,24.9409,7
94.0248,-47.567,-46.5617,-86.4469,166.577,3.39502,-16.5785,28.7676,26.2387,-53.28,-25.2142,14.8559,-23.463,46
185.031,167.235,22.2531,112.388,-51.9943,-53.2165,-45.9522,44.5966,-32.6468,45.8427,7.17555,-63.564,7.79949,-72
79.0331,91.6789,-146.011,-10.6212,-473.395,-67.5329,-63.1133,-69.1158,48.0501,130.973,23.9158,37.9527,10.3841,-107
-179.044,2.77118,-22.4499,27.4822,-254.336,-34.8713,-35.0485,-0.169392,-33.2167,29.5974,21.1136,14.2002,-59.7654,-37
-37.5576,-26.8121,-26.1551,101.163,191.544,-56.6583,-2.25752,-48.7584,45.4237,12.314,-14.8354,36.778,94.0714,-16
140.192,42.0923,2.91349,52.1619,-132.092,2.39718,-67.3945,11.445,-99.7906,7.78538,-9.11792,-17.4519,-39.5616,-5
76.0696,18.0071,-19.5589,-28.4338,-61.7956,-4.08184,-16.7867,-14.4015,-3.73259,8.39609,-16.0688,0.280833,7.04008,-2
225.223,-53.6278,-40.6774,-39.541,52.5162,14.8786,15.0076,-6.52616,29.8093,11.9079,-8.86061,-23.9281,17.8028,47
-308.669,43.9644,15.8168,18.7792,-261.127,63.294,-35.9952,59.9675,-19.5995,-19.4535,-96.5005,-11.7774,65.2065,67
-98.8422,26.9089,1.87767,48.739,-110.92,-20.6536,-4.24917,6.20104,-5.88621,-4.34716,2.44008,13.5971,-15.8405,-32
279.367,5.72891,-3.56579,54.2762,349.955,-29.5349,-61.595,16.7796,11.8097,-20.9112,-18.4487,-32.8474,-20.6639,21
245.424,-65.8327,-39.1751,39.4945,296.441,6.56849,-64.5908,-20.859,-4.47769,-11.5119,-37.2254,-41.4626,-5.78109,2
369.555,39.6518,-6.81016,136.794,10.0181,15.2225,-44.0507,29.3761,-119.554,-79.8403,-34.0358,23.9634,-1.43578,51
297.797,21.2796,-125.267,-108.053,13.4497,-21.4219,-60.2297,-43.9054,25.044,7.0303,79.1973,0.23057,-69.119,-50
-131.001,97.4454,-95.4177,120.527,85.7467,-126.13,-141.4,107.834,-42.6194,-90.2851,-110.879,-43.9907,-31.011,44
172.445,94.8062,-49.8008,-2.12117,41.968,13.9771,-19.3204,-6.27384,-168.527,40.359,7.16981,-22.2367,-50.0628,62
202.955,13.3744,29.5364,41.5155,426.532,-46.2798,-39.1038,6.14789,-16.2856,1.9314,25.9833,8.95416,17.8463,23
180.584,-81.4262,1.55611,-60.174,423.261,-27.8193,-18.4804,-61.2689,63.4617,-13.9807,68.4471,24.9368,41.5915,36
338.726,-4.74859,18.6845,181.037,356.098,14.962,-60.4926,-32.3399,29.4191,-10.7188,-47.7409,-80.7646,-53.3677,54
151.282,-0.427155,-41.0613,121.429,16.6663,17.6541,-63.4194,-103.026,-1.30189,22.5615,11.3482,-10.1896,-22.6112,-14
98.4461,-52.0003,35.5399,-2.71195,485.9,-23.1491,48.3735,-4.26052,53.6988,1.38534,-8.70667,-24.6476,55.7829,25
228.384,-3.47693,54.1764,115.772,346.334,14.6947,13.3024,46.1504,94.835,61.3875,-58.8133,-115.213,86.8561,-28
55.6008,-23.764,77.588,19.1667,63.9507,-76.6619,95.4861,60.187,311.242,50.4727,-74.1591,14.9017,67.8795,-1
384.991,72.3455,-46.3793,-0.109477,93.7844,-29.1321,7.41946,2.46413,-8.84025,-30.3505,2.30964,-10.3153,-51.6657,33
151.521,-25.3226,-108.556,-99.5262,-20.719,33.7919,-125.879,133.548,171.26,-106.193,-50.1099,-54.1866,-82.3222,48
273.768,-73.3237,-49.6654,21.2867,346.642,-28.3479,-14.956,-8.3252,26.064,-14.2837,-27.8868,-9.41208,4.5123,7
-47.978,-1.81457,-37.1347,-45.0813,-160.803,-109.832,-77.3196,117.749,79.3262,-22.0313,31.2748,68.0904,-140.98,-5
145.075,-32.8235,-45.0075,234.233,182.37,-34.257,-88.5977,24.4435,25.6745,-14.2263,-50.0772,46.9632,42.0719,-63
225.826,-27.9046,-43.811,13.1255,242.221,-23.3347,96.2104,6.88366,159.181,53.8817,-115.32,-107.671,64.94,-4
298.231,39.971,15.6975,4.39458,82.8985,-8.91857,-26.9477,18.2417,-10.2986,19.5136,-16.8499,-11.5185,16.8675,30
4.68582,38.3924,50.7764,103.03,-86.1575,3.72043,-79.5003,49.1596,-218.956,12.3788,-63.7276,-36.1444,2.54095,-20
118.959,-3.48242,0.836625,-23.9974,91.8115,-21.4494,-14.2199,-7.29928,-1.55936,13.0112,28.764,-4.8567,12.1566,5
462.228,5.68987,-23.6832,78.2423,300.291,32.253,29.7114,41.592,177.112,-6.81042,-75.3357,-79.8805,11.4564,40
191.341,-9.67025,-66.5279,0.471751,446.373,8.72856,-16.0285,-38.9679,33.6506,-61.9777,-42.1585,-29.1788,52.6581,11
-90.4417,167.745,28.5192,-161.759,-460.762,42.9204,-25.9739,80.4025,-80.3525,182.434,56.9024,-69.7048,-67.9013,128
198.103,-4.36638,-32.1047,-2.80699,419.797,0.769337,-39.2052,-18.735,20.8782,15.0092,10.4895,-2.00704,35.4261,-35
-12.8968,-3.77866,23.5379,-2.79639,-22.6357,-33.3897,38.1858,34.9414,86.018,13.7607,-2.98024,-3.25839,-10.7407,-4
427.367,-43.5148,-93.4992,47.0362,89.4365,-27.8926,-104.709,-72.3214,-21.8769,-18.5998,-9.33376,-19.5901,45.8253,-10
79.9734,-4.64568,-0.703876,-21.6196,292.001,-21.054,-9.21375,-5.00369,-4.12124,16.9298,15.0563,9.02862,19.1275,0
-66.7911,47.1532,14.6861,15.3028,351.981,-29.4412,-21.3419,98.5916,90.7777,-48.7523,-7.23688,-17.8079,4.68807,-2
-312.173,80.2202,44.3431,50.3309,155.379,-18.3648,46.9173,19.6229,142.834,-1.82636,-68.4574,4.4315,104.372,-25
314.288,-116.391,-93.2027,-19.4762,354.501,-74.6199,-34.2931,-45.0146,80.809,-32.0048,-40.5985,-13.2033,70.4115,-23
119.954,11.2787,-30.3783,142.127,-383.842,45.8603,14.0316,-94.7879,115.908,-17.3561,31.6748,-16.3337,93.4082,-90
-36.5502,38.6392,-66.8679,-75.3074,-278.17,-85.6201,85.145,86.4099,237.601,-13.0422,-183.302,-28.6645,87.7236,11
-44.4687,78.1008,9.19685,-11.5374,-87.6295,-61.8792,-18.2153,65.214,91.4204,-26.7387,-52.4316,-27.0429,5.79614,15
252.418,-16.5918,-6.80715,-1.28336,281.494,13.9739,-45.5652,-0.0441336,40.3616,31.8263,-7.31266,-19.9439,18.8552,-44
138.183,-7.56935,-5.09079,-136.31,-173.412,-55.9822,57.6094,62.9249,31.1085,41.6556,-52.1931,0.172138,59.4461,-55
174.684,-24.7523,-35.332,-59.846,227.194,-21.8572,-41.4798,-32.0647,-23.2774,-17.8119,36.3196,4.16191,39.0756,-0
24.9255,127.354,52.1424,64.6652,-427.917,-26.1046,-34.8759,40.3232,-15.9157,53.6907,-50.4206,-47.38,7.57673,-55
266.957,57.8501,-4.80938,31.6036,150.033,30.1938,22.6315,30.2176,-17.9934,1.63272,-9.97504,-28.7206,87.9953,42
-365.882,-129.507,-65.1919,61.6722,305.999,-223.917,-61.8845,-34.9472,116.835,39.7552,21.0157,76.6813,27.9512,-50
282.012,-170.535,-85.1441,-41.1345,-10.6758,-97.3927,-154.311,-6.32974,-103.085,-109.795,-12.7822,-31.4091,-86.884,-42
125.827,-46.6975,31.991,19.2861,220.969,-50.2367,2.22321,14.2693,110.188,56.688,14.5053,4.11603,8.29353,-4
372.208,-149.573,-39.8752,140.056,434.614,77.5891,6.22617,-27.6039,150.636,-11.3487,-79.0087,-87.0125,38.5777,3
163.201,43.5883,1.3527,40.2002,170.507,-31.9931,-78.5806,33.072,-59.4284,2.3437,-7.96598,-17.2612,21.8843,14
99.3561,57.9918,6.60934,-79.5015,-82.4532,-59.879,17.7537,48.8017,58.2295,34.4144,19.6487,-1.97163,17.8657,-27
191.844,-38.7372,72.0534,59.7504,243.818,-65.8494,60.7418,134.706,-2.12704,34.5785,-45.9304,-62.1331,8.07871,21
-167.901,-3.36388,25.6814,67.4113,-165.361,5.56113,-9.87831,41.5685,-64.5994,-2.87694,-21.2959,-12.8293,-32.4043,14
454.886,44.7787,-69.5411,93.2191,29.136,-21.57,-112.079,-92.2324,-57.6127,34.2488,20.6742,-16.1538,34.881,-1
198.743,71.6257,17.0899,29.3354,-97.7662,-121.982,-317.533,287.121,-155.824,-157.075,-75.7182,-136.347,-176.725,85
3.27652,-10.2634,18.6083,-74.7918,244.449,-6.01132,-5.53376,21.1353,25.884,14.2849,-30.3379,9.54484,74.3807,-69
625.583,71.7932,-24.4561,56.8484,-160.99,-58.6526,36.1082,39.9556,-112.974,79.2363,-47.986,-34.418,61.0756,12
172.701,-31.3704,-11.7117,41.6945,500.725,-12.6504,102.467,-17.1671,36.6623,32.6985,-22.3299,-6.32435,109.873,19
84.2855,83.354,5.82519,46.1404,-44.2995,-2.41089,-33.4706,-12.2005,-8.91665,17.3988,23.25,-5.12621,-53.3671,14
-61.9289,18.8329,29.6439,146.091,44.7546,-56.5957,-80.2592,40.631,-231.118,-38.1521,-69.3408,-0.340098,-29.5929,-6
83.7701,18.7645,18.4709,28.8392,398.423,-24.0864,-4.45243,39.0663,-51.2593,0.37098,-50.9058,-24.8091,27.3492,71
-18.7009,-86.8678,-37.2459,-4.06484,-299.301,34.2521,-18.4282,29.7298,167.15,-5.64984,-9.19576,-23.2957,102.65,-129
200.18,21.0672,-15.4482,3.94185,108.403,-20.0458,-5.58688,-9.22603,-16.9359,20.6903,12.8126,-3.76593,7.04169,9
-49.7308,63.3566,17.6504,-11.3094,-372.919,-19.1759,-7.47098,69.7943,-6.70816,25.4183,19.1185,-7.48908,-44.546,17
261.518,18.5386,41.9919,50.7977,-7.29914,-115.607,43.5311,34.4206,172.522,42.2301,46.795,-41.8286,9.36487,48
36.6513,3.22965,9.11674,-9.52763,339.219,-5.56279,-25.1646,-32.3399,-38.8508,-11.3587,26.785,0.907464,16.3382,31
251.662,-43.6885,66.382,167.813,-294.892,-170.63,-243.757,101.291,-27.8696,50.0466,-38.6497,-335.515,-28.7464,4
80.356,-68.2749,-67.469,100.54,208.515,-102.597,-26.8257,14.747,-10.9229,23.5124,-19.0258,42.0486,17.0686,-96
69.9931,-16.7718,20.9321,15.492,185.72,-25.468,-0.448081,39.0481,8.6592,5.1151,-8.76044,-16.3295,10.4351,11
62.3085,31.2354,8.75992,-6.28525,-53.8305,7.70863,-7.14671,-2.40724,-25.0569,16.184,12.5364,-4.41079,-4.42711,5
295.215,-101.564,54.32,36.5182,378.857,1.34222,1.29385,15.0503,143.359,44.2339,-18.357,-55.2275,73.4632,39
86.6968,67.9321,52.3164,29.6656,-379.718,-29.1314,-59.1329,77.3121,-50.9137,55.5376,-10.6694,14.8749,27.2152,-54
-114.249,-116.526,5.24366,-24.5634,203.924,8.75923,44.8909,-35.5089,72.0409,9.15607,60.3935,-19.7255,19.8782,-17
161.985,11.4021,20.862,-14.9599,84.8926,-25.3544,24.2082,10.9177,27.0691,39.3545,32.5628,-25.5099,24.6294,13
210.192,42.8738,-8.6441,78.0277,345.908,-71.3235,-211.439,5.16661,-66.3506,-79.6242,-52.8692,-45.7102,-93.9576,87
-7.71785,199.949,10.7454,133.477,-495.059,-18.1464,-59.4763,59.4203,-40.222,14.5686,-80.3294,-43.5347,-36.0075,-54
440.271,97.4868,-35.2768,8.88748,12.5213,-1.69455,-112.904,-19.2683,-125.673,20.0604,5.35687,46.2145,0.690423,-2
435.525,74.9648,-45.4825,-6.59469,13.9991,-82.9378,-18.0942,-16.8419,-54.1248,36.4207,7.92348,7.87057,-57.2426,42
100.748,-6.48946,-12.4599,166.904,114.162,11.3998,-212.866,-78.0196,-98.8542,64.1734,-60.9494,63.5397,94.336,-45
-49.1415,147.577,-37.4363,171.133,-181.451,-96.8548,-134.037,24.3133,-84.9955,-35.5925,38.6022,40.2925,-61.3735,-25
238.912,-130.949,-64.126,-80.5163,-302.011,-106.583,166.202,-20.4027,349.172,196.203,35.977,-27.2918,58.5386,-51
-41.1777,57.1174,18.7886,7.4829,-260.93,-12.3253,16.6063,30.4922,-3.59291,15.0243,-0.4748,-26.0725,-15.6557,6
404.248,-32.1514,-38.6127,-20.5795,271.986,-42.9353,-19.4894,15.2448,-9.15536,-55.7337,-36.1944,-9.36288,43.674,39
200.528,1.13454,-41.28,-20.7839,-81.2787,-48.178,-47.0788,8.22626,-51.255,38.341,-3.46,-16.907,20.4718,-40
-72.4275,163.94,100.735,136.685,-63.6029,-25.3837,-99.539,-81.1959,201.943,203.348,61.9961,-48.3594,7.11017,-48
-36.5352,69.6599,49.253,101.939,78.9355,-2.12319,-76.3113,20.8381,-43.8695,19.7958,-23.2976,-41.3977,-23.2797,-25
151.365,111.99,-37.7247,77.628,-215.412,-59.9046,-89.5793,30.1879,-131.453,-1.87364,-66.405,-25.6544,-25.8348,-31
330.357,13.1164,11.7762,-37.0195,319.453,-6.03606,3.02743,78.3696,-33.3986,34.7824,-32.3366,-26.5694,81.3495,14
-190.666,0.410333,-56.1764,-1.26178,-503.654,-122.542,-32.7873,88.186,186.159,-39.0001,36.644,72.4088,38.6576,-144
348.347,103.557,-13.0129,-7.08447,21.2416,54.521,-98.7198,-10.5289,-141.038,127.127,-94.1671,-44.8993,158.952,-55
55.2992,-42.9982,-1.73014,-20.6725,217.936,-2.3578,6.69772,-6.74038,27.5407,-15.1432,-1.53153,-8.23903,-17.6597,31
80.2721,-55.7726,-40.3886,62.3219,113.816,40.3355,-3.09776,-25.6148,29.8422,15.7946,-68.9432,-55.0496,53.8651,4
395.724,-67.5589,27.4189,49.7351,419.935,-61.7787,-27.5222,0.261855,-24.9517,-29.8777,-16.0609,34.1328,36.1221,50
-5.50285,-35.618,-27.2471,160.482,78.0407,-63.0812,66.9126,-67.2566,67.6833,9.32412,-103.58,-120.292,63.7273,141
-37.1712,58.5397,20.2118,93.1024,-128.42,-25.4752,-61.0775,18.9111,-55.434,2.0753,-53.8008,-20.3283,12.2289,-33
362.487,-1.94017,-6.65552,-35.4486,-63.1999,-29.9842,-29.9978,24.2674,-29.0164,11.3379,11.8287,-31.3935,15.1965,47
140.191,103.534,19.885,335.33,-183.861,-167.444,-155.919,4.32028,-194.653,23.8744,-76.2042,42.5729,52.6993,-92
2.17761,8.15646,20.1093,72.6831,-382.057,-162.467,-70.1768,-75.2038,92.6227,28.3421,166.908,-12.193,-78.1898,-90
244.457,-64.6327,-84.8734,15.5081,324.431,-6.51068,-21.4138,-101.028,-48.7956,-43.5247,-18.4727,-5.9291,55.7008,53
-22.3281,65.4053,-19.3457,162.636,105.563,-53.8666,-104.386,-8.76798,71.3913,59.0373,-41.2487,-22.385,60.3773,-118
541.643,-89.4992,-78.7275,52.8248,387.827,-40.2267,-106.645,54.6049,17.4962,11.3868,-112.347,-61.2225,82.189,-92
-27.0598,98.5722,14.1373,-73.324,-189.14,-37.1547,-3.88301,-35.3998,136.926,57.3678,51.5955,33.4303,31.4432,-55
-28.1323,-45.8335,-16.5512,-39.7169,243.999,-6.93395,-3.3844,2.85048,-24.0047,-4.57034,2.64968,-16.1983,25.7071,30
222.803,63.1438,10.9398,38.8788,542.931,-43.8655,-27.9348,-9.05946,9.69297,24.8755,4.26656,-11.164,15.6279,5
189.049,28.7589,-4.18674,46.0647,334.273,-7.7153,-6.60534,29.6976,-58.173,-6.25173,-15.2241,7.64577,10.0814,24
225.656,-2.38972,-19.1517,72.0564,352.569,-24.251,-46.9433,-13.8402,-112.384,-60.6246,-7.99168,-28.5093,-35.2353,67
320.07,20.1947,77.0114,151.152,396.163,-38.3692,-27.8964,76.1073,-31.5544,-28.0327,-16.1772,-14.7902,-9.66798,29
-201.262,53.2806,-15.8099,37.309,-48.8232,-19.2887,-24.0796,-51.0039,53.0679,57.6987,76.9523,30.3336,5.97269,-32
228.584,0.0452964,0.412203,-45.8388,289.21,-31.7041,14.9222,7.00728,53.9689,-0.308208,6.15327,-3.23627,0.83268,14
70.8216,108.29,-28.8839,-35.0099,-63.759,-54.2566,-82.9473,9.98862,-21.888,21.4114,22.0198,-23.9427,-0.788969,-34
290.744,-87.1497,-7.26289,-42.1464,75.6715,-123.428,-16.4981,32.9386,-107.636,30.9023,11.5565,12.5098,58.0463,66
89.3201,-4.28642,-4.4446,8.13884,69.7245,-3.20048,-2.42809,1.12157,-12.0683,-0.315567,-6.09609,-2.36846,12.497,14
498.744,-57.0399,165.837,72.4425,315.12,-47.4354,169.117,89.026,177.709,163.573,-47.449,-94.4091,87.9139,3
21.4532,64.267,-21.7505,105.991,25.822,-50.4085,-50.7971,-22.6428,-56.5905,-7.95749,-56.9318,-49.1289,-2.03767,42
-86.1584,-3.77069,34.9242,-10.0692,-33.4939,-51.5247,-8.14254,30.4992,121.496,30.8576,41.9527,22.0516,3.77173,-40
-203.689,-27.1372,-38.7215,-49.4303,-63.2151,10.3975,56.3207,-30.3107,223.839,14.5282,-12.9256,11.781,95.6392,-149
320.843,-50.9038,-21.7977,9.17054,410.056,-30.6697,33.127,12.0527,15.6064,12.0347,-21.008,-47.8249,-3.32741,115
331.504,85.996,-9.86974,63.3993,206.1,-7.06551,-74.537,11.0614,-44.4556,-33.0559,13.7953,-37.3268,-36.5434,26
224.15,-42.9826,-52.8623,-11.2926,51.0607,5.77887,-15.689,-30.6325,50.0098,-10.108,-11.3837,-39.2772,22.3001,-15
152.821,143.618,14.6151,65.0012,-85.276,-13.5779,-125.044,39.7456,-48.8729,5.90254,-60.5997,-5.34566,69.353,15
51.5886,51.0004,6.94194,43.0297,-26.372,-8.2122,-23.0067,3.46542,-5.43151,6.54309,5.48348,-3.39019,-26.3148,-8
195.876,-41.4425,6.06427,95.935,260.373,5.6258,2.41728,-52.312,-51.5683,-27.7422,-91.5996,-47.6751,53.7984,88
211.482,0.835546,2.4477,18.1187,93.4497,-23.891,-7.40256,-0.377608,-66.3185,-36.778,20.8345,19.514,0.572366,47
86.9607,-7.95295,-1.48897,-21.2449,139.616,-10.4718,-0.823629,-2.30525,13.9491,-6.28182,4.74769,-5.06595,10.2848,0
83.1049,-38.1346,29.5276,54.1739,468.101,-57.3677,40.13,3.62286,53.6354,29.1873,-6.97879,-17.2833,8.29126,33
324.404,29.3761,-3.94157,-25.4533,351.024,19.2546,-20.5075,47.9864,83.1394,20.0361,-79.7949,-31.78,58.6363,-31
695.61,-45.7518,-187.831,-21.8567,-24.2186,-139.926,-118.372,14.9033,-166.976,-13.4751,-48.4173,62.2323,-50.2965,9
-73.5247,59.4464,8.09112,-12.5968,-201.821,-82.3994,13.1541,26.6808,94.0459,7.693,53.7309,2.72411,-54.3458,10
294.154,-0.510479,16.2292,82.5208,393.01,-5.50923,-45.2005,15.5587,-21.4736,-18.575,-50.9983,-69.7021,-3.3051,35
262.658,-24.1599,-41.5336,-69.8413,-35.3551,-11.7678,-2.8111,-15.1786,135.812,-34.9372,1.84739,14.547,2.22615,-14
239.997,111.351,-34.4266,65.4415,185.549,-16.8708,-50.901,46.3356,-87.6144,43.0907,-61.4368,-63.1986,63.3629,-38
139.507,39.0924,27.0441,28.9021,129.644,-29.9511,-25.3444,48.2197,-48.4166,51.7144,-24.2274,-50.2712,48.3132,-27
45.5093,-2.2718,0.164541,-22.7057,86.5808,-37.5349,4.59212,21.4419,50.3783,-15.126,-22.4364,7.6277,5.30528,19
329.203,76.606,5.91431,30.3306,371.078,-2.44325,-19.2567,41.3397,60.6173,13.934,4.57754,-71.3489,3.48682,12
265.434,101.83,1.47267,37.1652,-322.954,-2.66684,-56.9437,-9.40965,-17.1696,6.35027,1.82018,-54.5451,-54.1369,10
151.305,175.799,116.662,202.644,247.527,-10.4891,80.9095,38.4947,129.132,49.8856,-180.238,-4.57065,160.103,-44
-183.969,30.0472,13.1157,131.883,-53.3849,-92.061,-100.182,14.8967,15.7057,-76.9465,-107.736,-3.90941,-50.7838,44
111.137,1.00201,-8.63708,3.66022,158.629,5.53941,-14.0069,-19.0859,-6.6185,-2.284,9.32863,-3.74633,-2.30304,4
8.11791,29.7839,7.31406,41.9525,167.866,-38.0028,-27.6925,8.71308,29.5579,21.5004,-10.743,-1.26307,34.531,-29
63.7163,8.02691,-56.2863,85.6511,334.343,-63.9376,-87.1705,-25.2134,65.6309,-90.3833,90.2284,90.7025,-72.3417,7
158.554,-60.9207,-34.6152,-37.6765,-254.133,-5.17488,41.9358,73.0009,-63.4301,35.5029,-52.0344,-22.82,-12.7211,63
247.559,12.1236,-26.2236,20.4203,238.825,-37.8295,-31.8126,33.2654,-44.5836,17.6339,-25.3743,-18.2541,32.1304,4
235.629,36.6571,6.92429,-124.847,-333.707,-6.23478,-8.02972,-31.9393,16.7762,83.9011,53.8237,-57.0829,124.006,-96
91.7355,-16.3623,-32.7458,33.1243,248.613,-15.2524,-13.3759,-7.11016,-9.88516,-14.7941,-12.814,-0.678606,27.6848,12
111.118,-62.0716,-31.4646,23.1418,167.876,19.1114,2.5342,-48.7572,17.9692,1.13001,7.15471,-8.5052,49.0345,-29
256.396,16.5226,11.7964,68.9362,-92.7229,-18.2828,-143.571,12.9601,-127.953,19.3511,-80.577,-36.1272,-6.55511,-28
105.563,-17.2713,28.6047,149.735,498.183,-44.2966,-144.786,-6.29951,-162.992,-75.4052,-43.1469,0.400622,-8.52178,84
-144.906,91.2363,60.1792,114.128,-190.651,-4.99681,-43.826,46.7402,-103.727,30.7855,-38.1697,52.1929,59.7376,-57
401.811,-38.5503,-58.1984,-46.7631,467.642,-15.7599,-28.1413,-25.5075,17.2789,-74.5609,28.5074,55.2835,-62.5615,23
182.042,-27.8636,4.44799,30.9465,218.341,1.84867,-21.0305,1.83827,-31.5327,-16.8026,-24.816,0.0585498,25.5017,18
228.787,-58.5533,-41.4041,-0.470019,187.282,3.09219,19.3542,-16.0005,80.0381,18.053,-9.09379,-16.5731,51.5348,-12
84.3452,97.4031,-90.0394,99.1396,-322.753,21.864,-40.3106,-44.7489,-85.6391,-2.41793,-19.9954,-13.1463,-69.0522,22
55.4702,28.5997,5.90079,52.0052,-130.344,-29.8182,-69.8377,51.0521,-47.2198,4.6298,-19.3227,-29.5997,-7.41458,-58
120.333,-85.3253,-44.1191,5.44019,156.726,-22.4426,-22.3756,-52.8799,-23.5428,-24.1364,-7.19977,-10.3133,32.8725,-4
382.158,54.2411,7.39302,-107.065,-84.1119,-57.4341,-39.9445,122.039,32.6801,44.2733,-193.115,-6.86599,195.749,-79
100.288,23.1372,-19.0852,-31.0444,-38.9434,-0.390056,-6.12464,-14.153,-12.8553,13.4293,22.0534,8.00518,1.3823,16
455.226,-75.4592,-1.18914,-31.4675,361.477,-127.202,8.69016,122.484,49.7654,-3.64414,-107.543,-22.996,35.1955,-23
-69.7707,-13.0234,-4.68706,6.08093,391.375,-23.6425,-3.10416,-27.7711,44.2541,3.87132,6.40673,3.44862,11.6216,7
290.692,-58.6202,-31.5476,-23.4548,260.11,3.36758,11.6163,-17.8224,13.3457,10.4875,16.1011,-16.7618,14.3006,1
-52.5036,34.882,34.6355,-37.8006,-76.9151,1.53651,39.2789,41.1594,76.2704,54.1017,1.61091,-30.0067,23.142,-11
339.332,-91.5658,35.958,97.1464,244.086,53.0487,-56.2305,-48.7771,-0.288305,31.0158,-4.84519,-132.982,30.0703,44
-147.197,35.8394,27.7151,57.7332,42.7414,-60.4616,-28.0812,1.86601,65.8772,28.5213,13.1321,48.3981,6.30578,-27
272.973,4.409,-63.1549,28.8642,160.402,0.246239,2.54122,-33.5251,75.5997,1.04676,-35.8895,-58.8345,12.0965,22
341.686,-4.86071,11.5047,68.3155,299.204,-12.3244,33.6623,28.0284,59.6855,31.2245,-37.5955,-20.8054,44.3727,-3
-60.5137,109.148,-12.8181,-46.9021,-276.357,-41.5347,-24.0932,27.1843,-0.413941,12.644,67.513,30.289,-70.9238,-20
166.201,4.28751,43.219,14.9188,32.1446,16.1956,-6.67986,62.4336,-64.873,-10.592,-57.8771,32.6499,75.9759,5
131.081,118.361,33.1123,37.5209,-125.422,-46.1135,-41.7418,53.4812,-24.9103,40.0212,50.418,-6.06238,-67.4475,31
452.556,66.2591,-31.1791,194.718,234.64,-35.5025,-55.6648,-47.8712,-79.8258,-11.0157,-41.8556,-23.2489,82.9939,4
172.777,-24.9291,-15.7782,-2.42288,487.131,-32.7037,3.07889,3.65604,33.768,-19.5681,-14.4649,-19.5378,-5.21255,38
189.714,7.31432,51.0028,38.0873,-59.166,-57.8665,-33.3945,47.2528,-47.0287,17.8306,-13.8713,19.9011,6.65294,16
472.354,-38.5137,-22.2935,41.7024,768.119,32.3743,-5.83932,-12.0097,9.41371,-7.02384,-20.9128,-28.4784,11.1807,-7
167.531,6.36026,-26.0002,-10.9297,108.075,9.47771,-1.07317,-19.1506,-14.8039,8.62928,-10.0291,-9.85007,16.2401,23
110.211,14.6431,-27.9996,-11.1383,-147.663,0.573503,-14.4159,-2.8878,-23.7408,13.5556,-4.58284,-23.781,-10.5305,-1
178.087,-56.6963,-33.9669,-16.5683,164.771,11.77,2.41039,-22.6429,33.2488,16.4748,10.3887,6.59816,2.90782,-8
-172.291,3.03182,11.2151,9.84413,218.148,-31.5427,45.201,0.340807,50.3366,49.3473,-28.0137,-23.6207,73.4467,-52
160.759,-6.08813,-75.5981,197.629,-277.906,-125.209,-164.604,66.6703,-27.4744,96.1262,-24.725,-12.3087,-12.7371,-141
280.65,54.804,-32.0597,80.2064,1.50752,-54.0061,-93.801,6.94168,-142.398,17.1617,2.55935,-3.79887,-37.1367,-18
246.688,128.188,24.576,109.585,103.978,-50.2246,-174.785,26.9781,-134.429,33.1882,13.8132,23.0934,-7.50402,-38
35.8771,112.532,10.0005,43.1767,-66.2931,-61.3847,-86.6195,56.4158,-96.7776,24.7433,-34.3739,-6.75097,42.0789,-58
-71.0122,27.0397,-17.9611,72.6064,227.331,-24.4754,-33.7807,-52.9784,-0.809772,21.0107,53.5749,19.8654,50.7623,-45
301.311,122.804,9.52686,280.325,2.79274,16.4704,-89.6459,21.2085,71.6831,105.375,-93.0245,-9.31981,97.3784,-51
-0.920668,-53.203,-60.2868,14.0533,-30.709,-66.0682,-96.4127,-1.28981,-69.4054,-60.8519,-152.935,28.5089,73.0404,-53
-46.4048,-8.25203,24.8201,103.805,2.0761,20.8592,-36.757,-21.6407,-34.8429,-52.0358,-71.2766,-75.2562,83.9483,58
-140.862,-115.797,8.52794,50.0646,-613.161,2.66444,10.593,68.2927,31.8914,50.0708,-143.102,-59.4406,31.8523,-124
205.276,-64.4723,-23.402,18.4007,69.5857,-1.11354,-4.4146,-22.3753,66.431,-18.2314,-36.0367,-62.9954,8.89598,-8
75.333,-34.2587,-20.9632,-2.01274,301.584,-6.82384,24.6033,23.8829,102.172,-16.8297,-12.4428,-30.7058,7.65154,20
414.417,40.8493,-8.58959,-101.222,-76.0997,1.95442,-33.1231,175.857,195.551,72.7366,-35.0428,-90.3483,74.5354,-130
238.945,-71.1218,-59.563,55.0141,162.115,-7.5695,-40.867,26.3358,4.48069,86.9868,-75.512,-4.14519,129.03,-107
241.237,14.1241,-3.77702,6.59865,-19.2612,10.5934,-38.2327,-30.5297,-41.1976,22.9077,10.9549,-1.00077,-24.9232,34
-23.7036,69.6448,-11.054,217.294,-242.414,-6.57537,-97.0325,-39.2805,-64.0646,7.93763,1.36636,-9.53441,-9.09966,-50
154.573,33.0705,-23.5301,20.9126,-58.0271,-42.7064,-58.1131,55.5045,-66.0011,-11.7135,-53.4247,0.3297,-8.4667,-41
20.2595,-85.7812,-76.7672,70.5032,183.751,-15.9093,-14.2293,-52.347,80.0811,0.242743,-18.2725,-37.7179,20.7194,7
407.358,-9.36231,-36.9572,108.7,325.655,-18.1013,-54.2177,-15.5573,-16.1655,-19.2951,-46.9065,-31.226,75.8401,-5
148.033,135.693,-75.8062,102.975,-160.862,-82.9189,-139.115,48.1737,-123.903,-38.627,1.32653,3.6735,-73.5683,-22
255.212,-63.3943,-9.91174,-27.154,312.475,0.556921,-2.19216,-5.55539,67.0295,-8.18354,25.0672,-49.0944,18.849,30
157.428,-12.7505,-8.4392,-57.5295,59.828,-6.41998,-8.33664,9.34492,-0.496066,-7.17251,28.1031,-1.87869,-2.34803,29
133.546,20.588,-10.3896,-7.8448,-466.262,63.955,-37.7232,-37.798,-32.4377,10.2953,-48.7215,-7.26509,23.5026,-32
10.356,-87.6245,-89.556,33.0632,210.973,-13.9061,-75.6799,33.9015,-11.7712,-123.896,-77.7025,2.89867,36.1941,67
63.7696,-57.7316,-14.7278,-129.133,-263.476,-8.57318,30.8598,25.9453,-27.1796,-8.52089,-8.98953,-17.8545,74.2872,62
-111.492,144.735,18.0971,190.035,38.9482,-42.1723,-127.841,-55.8181,-61.6571,33.1046,76.2369,75.3802,-49.3018,-73
535.479,43.5139,-154.428,25.9176,147.93,4.09841,-149.537,-63.4825,-35.5205,-28.3134,66.3001,-61.9337,-34.2916,-5
131.283,-90.6907,67.9699,-83.115,135.792,-89.9027,158.614,86.4637,207.918,40.1048,-58.4247,-37.783,23.3137,36
128.328,33.9912,-5.43413,26.6905,-153.55,-17.7323,-35.7779,32.5231,-34.4978,4.37424,-35.9942,-37.4405,27.072,-36
228.888,127.14,-7.95358,54.5843,23.3838,-38.7528,-96.6119,-51.3101,-55.271,28.0817,58.9178,44.9856,0.481406,6
51.0242,43.5369,-46.1341,-61.7989,61.9414,-45.3577,-103.437,0.259737,36.491,-16.626,60.3312,-4.10476,-0.703398,-4
-18.2269,48.6418,-24.502,64.6168,-435.604,0.997083,-67.054,-11.6299,13.4877,19.4366,19.6307,-13.5285,-54.3273,-62
37.0349,44.4266,18.4539,47.7084,31.6463,-10.0511,-2.77809,3.80875,-10.4383,26.2564,-1.26275,-11.9301,11.6791,-31
405.302,-0.364767,-32.2525,35.4052,484.993,-10.0745,-41.3643,-15.4374,19.5853,18.4996,-8.08614,-76.6111,31.4802,-10
-25.513,97.4741,-38.3537,244.938,-173.279,-76.2237,-108.195,118.389,-101.254,-21.9894,-178.396,-87.5304,1.06767,-93
151.318,45.6178,-40.9357,145.961,132.226,-0.00226098,-60.1992,-38.9189,-33.6449,30.7644,-45.2594,-3.07993,50.9702,-67
126.401,13.6441,-5.43796,24.5964,198.812,-0.548239,-31.6271,1.33169,-13.7863,1.26482,5.17078,-16.1994,9.7114,-8
35.5736,-23.7298,-12.2906,-23.438,148.002,-17.2832,-2.26102,-39.8461,1.87419,1.04285,23.511,-6.53454,8.38237,-4
180.184,-35.8602,-7.12853,-35.5892,266.721,17.7534,39.7694,-24.7457,-6.66766,-8.70116,8.26922,-8.64039,15.5062,34
-34.6092,-235.7,9.71649,-19.9612,31.4143,53.4636,76.4976,4.82297,129.536,-139.062,-35.5995,-90.0157,-16.3015,69
207.849,8.24288,-33.4685,4.04995,-22.4276,-29.6736,-30.2959,28.5758,3.91076,-3.90146,16.6571,-3.83715,-13.0619,-4
103.135,57.9025,-72.6615,7.72845,88.275,-112.65,-91.6234,34.8482,-84.784,14.322,44.8605,-12.3946,-118.944,43
454.603,-2.24244,-24.4984,90.3512,302.185,8.47766,-41.7767,-17.9282,11.248,-14.1635,12.8503,23.1992,-12.687,-4
63.4817,1.22652,0.988588,-8.36424,82.5812,-34.0302,-19.8076,35.3481,48.7692,18.3217,5.97805,-3.23427,0.856619,-6
182.689,15.8078,-6.76,42.1047,132.938,-11.4349,-1.26606,29.9206,11.4955,7.49462,-54.677,-11.4958,54.9913,-36
-100.43,93.0653,32.3038,119.171,-82.6246,-57.3777,9.23533,39.2715,37.0382,-13.9752,-41.8072,17.7393,51.3988,-22
169.167,-35.1756,-2.76103,20.1597,201.405,-25.2046,-16.9969,-12.1065,2.48357,-7.03483,0.541556,-2.30407,4.15113,28
244.778,15.0356,-39.7001,-21.3864,20.9579,-13.7959,-20.1176,-5.22519,-95.6596,15.6542,4.55104,6.50044,36.7946,-10
66.9035,53.3277,35.7344,32.8024,5.09854,-16.933,-88.4859,36.4636,-72.9337,81.4072,14.4634,14.5125,9.62073,-64
50.4864,-50.0977,1.46689,32.2396,381.509,6.00015,-21.2718,-28.4714,63.8442,1.74247,30.2583,-42.3456,63.6435,52
-137.276,-39.7704,29.7176,-76.0385,-88.0796,-32.8725,91.9056,40.5106,122.342,58.2942,-1.58635,-12.595,74.0117,-11
-40.1473,-14.4164,5.15519,2.56274,234.056,-8.52289,7.64958,-11.197,34.3949,3.62324,7.69124,0.304034,10.3346,-6
89.0364,-10.626,-9.96805,12.9783,-13.1749,-2.40805,-24.1393,-10.4938,-24.1661,-11.9578,-3.55093,-9.77654,-11.8017,12
259.297,6.17654,5.15189,-6.24995,290.849,-22.8941,-8.47468,25.6477,-32.3853,16.7302,-29.3506,-13.2457,30.3551,-1
208.285,60.603,51.7325,101.079,-362.052,-7.28773,-110.268,62.254,-178.934,-1.03869,-119.294,-0.741157,-42.7632,-20
193.405,40.8554,66.3601,75.4031,-126.34,-61.3191,-51.1939,92.5515,-95.0459,27.899,-34.7073,-28.9432,-79.2068,41
-156.343,-70.2875,68.8136,146.589,376.697,25.457,91.8053,107.947,-77.6046,44.8173,-76.3148,-15.224,28.778,44
-91.261,22.0565,29.4671,45.4529,40.082,-46.946,60.6857,19.6343,103.137,35.8203,-36.516,-8.05703,2.51115,-4
231.972,56.7921,-9.82982,-4.72782,117.124,-1.98825,-53.555,-25.2385,-4.27271,15.4559,74.6039,-5.86198,-8.75188,6
303.764,-40.0376,-107.257,53.76,-115.348,-99.8804,-41.9666,26.9439,-219.162,57.9607,-38.8436,-42.1903,53.8343,-69
272.961,-57.4583,76.1033,47.1726,-35.1224,-15.0629,-27.7605,92.1109,-24.2472,-5.17553,-92.9846,11.5147,115.778,14
246.78,-32.17,-16.1646,-40.0472,294.353,-14.5806,-20.7815,-12.4152,-29.2903,-0.0596579,16.3821,5.92351,12.5727,23
302.749,23.1483,-12.3938,-118.477,153.812,-12.948,43.8605,-1.25619,135.129,85.9491,23.5807,-131.04,100.19,-25
293.633,58.4368,41.2598,27.9473,-113.182,-147.916,-28.2937,185.481,62.4965,7.22052,-113.009,-159.221,60.5038,9
120.378,7.97707,-27.2215,-3.7176,304.578,-43.5312,2.24787,-0.899264,54.8294,-0.841931,7.62466,-6.24339,13.31,-1
44.8064,18.9903,11.3287,57.9147,83.1728,4.34675,13.1254,12.8877,-5.56995,9.78891,-33.1983,-14.7599,15.4713,15
344.32,-75.5703,37.3068,-0.862362,282.882,8.41063,-3.88377,15.617,-21.3214,-52.6584,4.35977,-1.67354,-13.8602,38
202.093,56.6414,3.17391,-76.7196,45.9788,-107.92,-92.507,97.6057,4.92618,-50.4831,47.0265,-41.949,-64.7625,88
114.902,-16.1293,-21.8035,26.5188,-23.286,-73.1023,-28.4727,-4.68552,79.7373,54.4162,35.0613,16.5611,32.1375,-21
108.313,-96.5308,-38.7187,60.4359,695.583,-34.8528,-58.337,-54.564,-2.88009,-17.4024,14.233,-36.4362,34.1383,31
407.218,51.7232,-17.6536,-65.6136,155.296,-45.2623,-49.1186,21.9886,-78.5197,72.1133,-3.86271,4.39178,37.146,-10
-14.6154,29.7888,13.7431,12.9609,-25.0301,-11.8462,-7.94834,1.0676,17.6793,15.886,1.43758,-5.16115,5.71659,-13
385.368,44.4469,-56.1051,19.7279,394.344,-14.0083,-60.4466,125.797,-142.432,-127.224,-103.856,-29.3907,27.2702,78
236.921,-49.9607,-5.12163,62.4896,93.1477,-14.5364,-25.42,-9.44679,-31.3444,-44.0237,3.16877,-34.7966,48.22,69
-84.1398,102.576,-34.4322,226.779,-53.732,1.20677,-101.599,-38.2786,-98.8654,16.2536,-2.1595,36.659,-88.3651,-15
348.624,-28.4831,0.856419,-25.7361,9.50775,31.7235,45.3533,-27.0563,67.8189,0.548909,24.296,-5.75275,-7.28437,46
130.674,-14.742,-1.83388,-11.3964,-320.917,-26.1226,83.6341,19.3354,124.541,80.0345,-17.4903,-39.4335,6.84806,25
18.9519,18.1299,-86.1562,-11.8729,83.7542,-15.6632,-5.72127,-67.9861,182.184,107.817,39.8494,22.9505,88.4523,-81
29.717,23.6491,3.68407,-70.8329,-265.062,-65.55,5.36075,49.4776,21.1937,15.645,-6.52714,-2.78629,23.8081,-25
95.939,45.0968,10.9267,49.86,-228.323,-42.8357,-19.0457,39.2333,30.9607,-18.3215,-76.6509,-28.9382,28.2458,-20
433.42,2.03866,-50.6025,-32.4162,172.775,-38.1971,12.2512,5.9775,-16.1089,34.2375,-56.8723,-39.794,17.5293,5
219.362,-81.628,-9.62395,61.8726,650.531,-10.8342,-8.77402,-36.0016,20.9273,-96.9296,-21.1602,-16.7468,1.61264,64
166.867,52.8809,9.988,6.65405,-68.9075,-19.3379,-16.7829,-39.1768,41.4164,28.453,35.1479,-8.18045,-18.6666,29
-118.817,26.9586,-18.5503,-12.5699,81.6824,-53.07,-74.2416,25.105,41.5451,-28.0404,-8.25034,-0.0468162,-25.376,5
-222.672,28.7774,11.3066,61.4928,-150.299,-21.6708,20.6477,40.1937,-33.2449,-2.17808,-30.4194,-9.19177,2.61747,-40
201.201,67.7736,-7.39134,77.6843,-206.226,-43.5733,-43.0522,23.0588,48.7273,57.6574,-22.1287,-31.8008,13.3977,-28
168.096,18.645,20.7316,35.5207,-32.0772,-35.3266,-33.3594,2.64361,-82.1519,11.298,-22.8578,9.41891,6.65736,0
227.579,294.638,77.5412,219.25,248.723,-34.3098,-242.801,-46.0688,-184.339,108.368,-20.5998,-24.0624,-35.4239,-15
101.707,260.628,69.7017,90.6093,-388.854,-180.295,-143.189,-63.758,91.6244,148.89,86.6023,33.078,0.377257,-109
221.041,-40.5131,-2.2045,3.63563,104.705,-17.6918,9.18584,-10.7797,-8.43198,-42.2087,5.06879,2.77039,-7.59708,34
183.097,18.2493,-17.2985,32.4682,12.2689,-22.6874,-60.0994,11.7788,-31.9153,-10.6252,5.15014,24.6826,-24.91,-10
168.52,-5.72006,-31.1403,-65.6675,135.07,-3.34081,-3.13739,-41.0689,34.6528,16.1058,82.5534,-6.04988,43.4324,27
32.7549,187.665,-34.6372,116.062,481.366,-111.262,-217.179,-30.5039,-52.867,-69.8067,116.829,96.7365,-106.646,59
-102.643,-2.02352,19.8549,-116.611,103.123,-84.5724,14.3527,19.7928,217.867,25.748,39.9205,-26.1803,14.0556,30
79.0859,85.4641,-2.43101,80.1848,-338.81,-89.8807,-106.203,5.78978,-75.1107,37.334,35.2982,39.8461,-50.3316,-63
410.988,26.064,-13.2747,75.6077,198.866,21.5028,-76.6353,2.02931,-3.19806,-41.5706,-70.9798,-42.1513,28.2852,-8
279.953,-18.8329,12.1405,18.8787,560.898,8.29779,-23.7352,-30.6469,0.575721,-21.1161,3.78486,4.00481,-10.2191,33
245.973,72.5072,23.2788,44.0683,333.305,-49.8151,-55.4761,75.8652,-55.604,-7.23831,17.6306,-50.1025,72.3965,5
42.1732,38.1694,-34.8465,32.5783,-270.954,2.18209,-16.2455,-6.29786,-74.4834,-1.13513,-36.0157,11.5769,20.6756,-19
362.783,-127.889,-83.0552,63.6288,330,20.0507,144.113,-37.7961,131.543,2.31708,-122.607,-104.705,205.748,76
268.813,40.5623,13.9854,53.1202,-30.5371,-10.4881,-71.1394,0.343069,-80.1045,-34.7778,-45.8675,-13.8724,-7.24526,13
-6.9466,118.107,-32.9406,-81.043,-186.08,-40.6154,8.78788,13.8185,-19.88,56.6262,11.7895,-8.93911,17.4655,-60
181.522,70.4856,18.6477,58.2037,-112.035,16.0347,-49.1316,17.6648,-80.6681,28.9487,-61.5228,-15.1815,16.8743,4
433.406,15.4131,-10.036,-6.68289,386.18,-83.2317,-1.39452,38.7902,164.375,20.258,-32.4494,-19.8427,36.3108,-13
130.538,-102.69,-18.3305,-53.578,622.882,-21.987,29.5866,13.8365,62.3726,-27.4029,-7.5984,-16.8792,55.3869,48
-33.6472,-11.8126,63.6008,-23.171,473.059,13.8709,62.0316,61.8648,164.266,54.8155,-38.1731,-22.906,88.7902,-29
376.669,-14.3673,-98.6326,-40.3267,112.31,-40.3651,-90.639,-32.3695,-31.2909,-27.0616,-3.90736,36.9192,62.921,7
253.89,92.3681,23.292,114.752,337.421,-25.7852,-15.4928,2.99288,-54.8122,6.11256,25.3974,-37.6637,-18.1163,17
137.541,26.7607,-33.818,74.3064,207.993,-38.9799,-77.0692,-8.8243,-116.865,-25.8338,-14.4304,-16.4418,-40.6607,3
-20.7498,-48.517,-3.72502,84.3519,254.98,0.616752,47.3607,-17.5777,28.1097,-0.607113,-68.3946,-36.4641,19.572,66
68.7064,74.6053,34.2398,48.5142,-17.9925,-16.2742,-92.4466,0.0601027,-82.7004,16.6983,-4.44413,3.33075,-21.7055,2
485.715,-45.2765,-95.5952,111.867,59.3463,8.56214,-110.135,-59.0166,-89.1416,-109.468,-94.5666,-58.986,-42.0935,61
-185.679,-15.6693,3.95183,0.19743,158.668,-30.616,-12.7613,20.5633,25.8473,-25.5316,-18.4652,-23.6846,38.3272,18
251.793,-30.8435,2.87607,-20.1616,452.997,-60.3638,-84.7258,-6.65599,84.9372,-97.5226,49.3611,30.7663,-10.3971,83
195.829,-1.587,-36.9079,57.6352,211.631,-54.4707,-60.5783,-15.0537,-22.6693,52.0828,54.752,-23.2143,-20.7136,-16
71.6665,-19.2893,1.26067,31.9211,418.078,-7.54025,7.83651,-15.9187,-7.88265,4.53736,9.35609,0.165998,36.4258,18
439.513,137.367,17.8666,-40.904,-177.177,-2.76043,-34.0077,6.46033,41.8374,89.3706,59.8895,-52.9089,28.8699,9
130.322,-125.325,-27.5885,-26.8189,103.779,-91.2057,17.7763,-27.0106,24.8183,-37.6753,-22.4873,-20.1983,42.0939,112
526.898,-177.514,-89.0171,38.9337,410.754,13.6997,-92.576,-44.4659,-277.983,-10.3504,-133.272,-33.5723,-11.7934,51
-15.6494,-101.211,-52.65,59.2685,412.708,-42.4079,-42.3891,-13.0099,-113.872,-31.1782,-54.8287,-105.234,17.2732,10
11.2103,-17.0816,-3.06506,67.0632,-135.668,-187.165,-229.717,75.6269,-83.584,-110.204,-130.367,9.84058,-104.451,36
172.845,19.9264,-38.3099,-37.0776,-47.4477,-2.979,10.3966,-21.1274,0.0543915,-0.553402,-37.8769,-11.5614,11.6503,19
270.289,64.2684,-55.4342,120.032,117.966,-22.922,-107.333,-17.4288,-36.2707,-21.0845,28.77,16.3994,-57.1856,-20
-391.615,-13.1532,46.9287,-53.438,131.666,-99.3734,-10.3245,49.5669,187.694,14.4243,8.78165,48.5412,-9.93507,-55
389.373,-76.3486,40.5745,12.1501,146.782,-105.516,101.795,99.1664,276.92,134.921,23.9022,47.8214,20.8599,6
-184.028,102.491,-18.9635,22.4737,-216.542,-2.62739,-28.7621,6.07572,-12.5851,24.0188,-4.5195,-11.5117,-13.2167,19
60.9189,18.6317,30.0898,37.5586,36.55,-25.0132,40.0444,52.0058,49.55,-6.52545,-43.9708,-18.9357,15.6352,33
-53.3067,-0.0476002,45.9362,-0.904839,134.01,-34.4176,31.3398,24.7184,57.0126,24.41,-18.5058,-22.06,40.0522,31
309.436,57.2591,27.6157,61.7547,327.989,14.5581,-156.057,-37.7594,32.2654,100.714,51.9639,-83.2245,8.53614,-31
163.891,-25.9294,-15.9155,43.9832,427.115,-11.6161,-33.9481,-11.179,-36.1088,-75.6408,-2.70482,12.8726,-16.4383,52
-126.803,95.5742,28.9754,134.302,131.243,-46.6842,-47.5536,46.0687,-119.034,-30.5293,14.3791,-27.3225,16.6838,0
358.118,48.7661,5.37405,11.7204,379.932,-84.4277,-57.8478,-0.119437,35.411,-33.4174,-6.94707,-14.561,-9.27856,75
72.7722,43.4278,9.46019,144.846,-45.754,-0.00401278,-48.1525,15.0494,-172.282,-64.8893,-9.11456,-19.2244,-11.908,3
344.238,39.1061,-47.8399,-34.2653,107.975,-26.459,-17.9734,28.6338,-4.62362,-13.6575,-82.0418,-6.02986,42.8429,10
-97.087,-14.8654,12.817,-39.5989,36.2469,2.34429,23.6016,-9.5702,44.722,15.6271,18.7064,-6.82672,33.2926,-14
104.492,7.20592,17.7544,55.3031,337.941,-58.7138,-36.5818,-24.1203,1.3839,-11.4846,12.6884,12.2434,-10.8099,42
289.929,84.5586,93.4184,-35.8214,29.7929,-103.295,-33.0975,194.684,159.686,184.778,-158.934,-0.393712,188.539,-131
96.7819,-62.7688,-70.4581,-95.4619,-196.353,-9.66657,-80.8202,-28.8265,-7.31523,-36.9282,-49.6775,18.0866,17.0528,-73
516.387,45.8759,-1.77755,57.6242,218.534,-9.6351,-75.342,-14.462,-71.7449,27.5265,-37.4019,-21.7502,27.0815,11
244.571,16.8796,-20.5503,65.8602,62.7294,-61.0405,-16.2071,26.8068,-52.2659,54.4799,-10.6127,-34.9903,22.396,8
24.546,31.9227,2.99061,29.9648,-10.1854,-1.31493,-1.89768,-12.3639,26.8829,17.1364,-12.3008,-6.4489,33.3525,-9
298.976,31.6971,-4.65635,105.564,138.097,36.4732,-113.028,115.684,-247.713,-165.23,21.4806,-109.377,149.086,156
23.4503,30.8274,-1.463,-3.89783,-57.6438,-4.20336,-26.8508,-10.9759,-44.7078,6.57891,27.9974,0.524068,-29.9408,9
153.959,45.9309,-41.3124,103.062,163.075,-104.433,-24.0982,55.9907,101.556,-5.512,-35.6154,-6.72397,25.8683,1
56.2063,-3.12804,-20.4012,21.2244,-67.3957,36.4352,0.718212,-16.4765,-76.3097,-9.08636,-21.2702,2.97665,32.9258,51
470.045,-31.7777,-11.365,-0.17163,218.135,-3.31045,-30.298,86.8787,53.4842,39.9449,-85.0051,-100.438,58.9638,-59
51.0025,-56.663,-12.0538,52.9493,335.809,-2.44658,6.29877,16.4837,-39.6991,-22.524,-57.2369,-12.3327,29.1867,43
-93.0397,105.052,-21.1809,44.1499,-477.053,-8.22854,-116.03,12.4776,-123.343,12.7236,-17.0621,8.41857,-111.705,-64
-124.454,-2.99038,-62.8809,163.008,-12.2487,-20.4968,-124.62,-34.6422,-4.7802,4.25863,55.0699,66.7399,29.5272,-65
-46.2109,34.1704,-19.6525,-53.7128,-187.529,18.6391,44.2325,-44.8723,-28.6446,24.9314,35.9789,-12.0265,50.1044,8
43.8947,192.321,-12.0194,64.1864,89.9559,-88.3719,-175.671,-48.6786,3.74153,67.2494,49.9445,92.0235,-82.7961,-56
5.57965,27.1014,-35.7467,-39.4707,254.159,-31.1071,-54.9783,31.3683,58.3886,-51.9659,35.9787,-13.1184,-12.5592,21
138.44,150.9,-13.4644,71.7887,-365.516,-10.8451,-60.0755,-15.377,-155.383,35.6391,-100.853,-34.5063,31.6929,67
44.959,-109.536,16.5025,123.345,737.363,-66.8736,111.392,-13.2319,101.5,-47.6517,-59.4367,-56.3002,42.3052,81
136.707,12.9492,1.71027,37.2699,161.155,-8.82589,-33.9535,3.36432,-23.6242,4.9803,-19.8582,-5.2552,14.9729,4
19.9061,-4.88709,-44.8004,152.634,-135.963,-19.9512,-90.4636,6.10633,-2.30546,17.1887,-21.7933,41.6715,58.0743,-139
371.817,-82.3936,-40.9055,22.8077,212.717,-23.9855,23.4749,-14.2807,-85.5575,-34.2954,-32.4284,-10.8464,66.2768,76
-97.0571,24.6624,-85.2476,92.0302,123.54,-197.793,-2.26082,86.3913,34.5021,-39.5363,-20.6995,-80.0349,5.84953,-14
27.5321,83.8881,65.7374,257.175,152.872,-38.8523,-107.507,104.568,-45.799,13.303,-123.723,-54.3233,6.53217,-37
391.264,207.63,-33.4216,141.47,295.485,-249.531,-146.367,53.5776,85.51,37.9624,-58.5268,-21.9987,101.011,-111
6.68383,126.551,67.5192,122.692,-249.97,-12.1118,-82.4922,74.8767,-127.573,31.1318,-44.0606,-48.4088,-37.5307,-89
153.886,6.48822,-13.6369,26.5959,640.737,-21.1277,2.18295,18.7207,25.6171,-16.8116,4.34108,-7.64806,7.60285,31
8.82818,-62.1994,24.128,-22.557,257.121,-13.0911,-9.44187,-50.3221,0.361315,3.62864,-22.9435,-26.5979,73.6733,57
283.715,75.1978,-81.0766,-81.0495,79.6075,3.19091,-118.927,-13.3421,-156.15,-61.1518,-11.2834,38.5515,-47.705,76
-58.2203,-15.3493,-15.8139,-24.1908,102.06,-26.3819,-42.1697,21.3721,13.401,-50.6618,10.7349,21.1723,0.948339,-18
80.3426,125.197,9.67452,14.3921,-536.772,-9.09668,-65.5074,15.1095,-138.688,18.1834,31.6384,-31.9395,-56.324,-45
-338.648,93.9744,-2.11572,255.097,-96.2358,-47.0461,-120.503,32.7989,98.1861,19.68,-0.751996,-101.887,28.2564,-23
0.725059,-6.02001,-8.27935,45.9553,496.728,-49.1657,-16.8157,-6.57838,88.8996,-23.7122,-26.66,-37.606,2.48753,45
-91.5327,168.605,66.3492,234.252,-9.45236,-66.455,-14.7937,39.7007,104.233,9.14131,-136.753,39.416,53.4712,-98
41.0931,-18.1421,-30.2449,50.4591,534.444,-3.2911,-25.0294,-27.3138,65.1026,6.28056,55.681,-27.7825,18.1163,-12
293.424,-39.8078,-39.1089,139.788,287.34,-29.2733,-41.7973,8.29909,119.689,-62.8809,-30.4618,-15.2358,-32.7131,52
-132.055,83.5961,-20.241,9.92966,-479.167,-85.1995,10.7043,-16.3653,6.66992,71.5934,57.3573,52.083,-43.6327,-48
-41.2011,55.3313,38.0834,32.7575,-199.245,-4.72338,-7.78956,58.5566,43.7444,27.9134,-44.1787,-35.5754,23.2134,-45
251.633,-85.7056,-60.7991,3.93924,149.188,37.1578,-16.806,-53.7128,27.4743,7.10328,-1.49077,-6.61088,51.9431,-15
304.632,-163.855,-101.836,-11.4273,35.5181,-118.143,94.8406,-60.8239,225.339,-37.446,-7.45266,-105.663,-27.2633,55
418.652,194.96,-14.5555,114.225,181.067,-53.6996,-131.374,-36.7762,-128.11,-17.5654,-73.6117,-17.9292,-43.8465,114
-148.123,277.493,-59.482,-1.5676,-428.387,-131.095,6.63945,124.001,-22.0199,55.5992,13.0353,22.556,-105.97,-45
236.434,69.6848,-19.1104,62.9113,198.249,-51.5114,-47.2876,-13.2985,55.3266,-44.3543,-28.2258,-42.4313,19.9642,9
398.076,-58.6695,-72.3005,14.3057,326.525,-0.10057,-61.2194,11.0188,-68.2222,-33.9752,-31.5526,-21.4721,-0.371774,82
373.826,8.59522,28.2476,70.7076,195.194,-32.6087,-6.71626,41.9665,109.928,69.0316,-20.4512,-74.3725,32.3432,3
68.5323,31.5328,3.07193,-20.5374,-167.049,-126.059,86.7858,57.2874,104.737,51.2933,17.0451,14.9275,-41.2528,-18
-44.9484,83.632,-103.569,127.068,-272.036,-166.137,-243.935,60.1084,-188.51,-47.9503,46.6421,25.6152,-36.5329,-142
302.685,-12.6596,-24.0897,-20.8767,-1.06145,1.70848,-79.2584,-17.9325,-13.0134,-10.0643,-37.8484,-19.4008,58.4117,-47
278.421,-29.7204,-73.1608,11.5221,6.44511,-63.2007,-79.0309,36.0349,-115.125,23.9676,-87.1219,-20.9532,79.7825,-47
-66.814,-67.5974,-40.4044,-6.94664,-197.361,-52.3842,-64.5439,155.327,58.722,-52.3838,-203.4,-89.6456,-74.3976,119
92.306,2.79873,-11.1326,51.4082,-16.6162,34.9359,20.1,-12.3971,137.84,-10.5746,-67.7126,-62.8589,35.6763,-10
531.298,-58.4391,-51.3905,49.0295,133.836,0.782196,-68.9001,-81.8204,-13.6576,33.9634,23.7904,37.394,42.5553,44
61.3557,-15.6255,-4.93979,42.0599,-28.5545,-10.1001,-35.3933,-6.71283,-27.4445,-19.8481,-41.0096,-19.0076,-2.71191,-15
52.189,-27.2632,-1.55816,31.9554,352.955,-7.36239,11.7011,0.895188,7.09886,-14.3308,-22.8607,0.173274,15.2217,11
247.943,65.6362,7.91435,75.3561,592.817,-63.9754,-58.6188,-20.2377,-48.3076,0.370541,21.7913,29.6171,-22.3772,9
354.532,-26.8903,28.0624,-22.2598,83.1895,-8.1441,11.607,-3.18364,-115.329,-17.6821,-17.0217,61.313,7.50351,40
121.476,24.3294,-13.4498,24.4688,-446.378,-2.43083,-20.605,21.5677,-83.6443,58.5764,-79.3712,-64.6234,-80.3526,65
201.213,-48.7227,-40.0642,-39.0286,523.858,-74.1343,-63.5958,-33.3203,-30.9006,-56.3873,23.3573,36.2876,-7.40341,34
132.008,14.9026,-47.9747,-79.8376,-48.3554,-22.3105,0.0275254,20.9113,18.2222,38.4157,-3.17049,-40.2269,29.9923,-46
-99.1565,16.0806,45.1973,108.662,339.327,-39.6333,7.81659,-2.63951,44.7636,42.4534,-28.081,17.8255,2.11183,2
419.234,205.488,-40.8964,188.482,304.781,-45.8576,-59.9518,1.67297,29.3876,67.6084,18.3483,-16.9735,9.47381,-55
10.9394,-80.52,30.9555,-21.8681,192.154,-34.4997,28.9452,83.7866,122.933,-59.1774,-76.2325,-57.5086,-2.75045,47
141.054,-66.9272,-49.6713,-84.9231,-215.031,44.0979,-53.9311,-63.2663,49.5399,13.2224,6.4289,7.50968,49.6865,-45
498.539,27.9696,16.7195,28.4006,209.579,-41.4894,-13.8854,-16.7519,-44.3866,9.27557,5.72801,-34.9156,-2.95815,60
126.335,-2.96567,-15.6846,23.436,337.971,-21.3461,-33.7127,-37.1309,-15.4239,-19.8541,24.1428,31.595,-19.5211,15
56.2461,-99.9554,5.38188,61.7859,816.974,22.6478,-5.65335,-96.5676,18.2277,-61.2234,11.5883,-0.713377,14.2004,11
280.857,-57.504,8.68177,-26.5428,116.413,27.3989,-9.15417,19.6777,-18.6894,-27.8226,-47.1872,-18.3172,33.9238,5
304.217,177.781,-25.8775,18.5561,-157.287,-2.90546,-43.3446,18.05,-67.0403,75.9581,-34.065,-26.3477,17.4305,-36
415.731,-4.529,-36.6804,116.529,116.964,-75.4589,-106.424,33.1177,-109.098,11.1252,-16.2618,10.3552,-39.6859,42
-49.6583,-16.3629,-7.35341,-40.5262,123.319,-32.0306,-4.09798,39.9993,44.5835,-9.45014,19.6901,-16.4451,7.45694,-32
280.464,43.9188,102.752,64.0195,137.302,-93.0629,-54.251,155.204,-87.0345,66.056,-20.8022,-7.15187,99.1042,-31
-39.2785,-4.83267,47.6762,-78.3882,91.8578,-3.6645,63.6166,49.4822,72.165,14.2126,8.53624,-30.1832,62.4282,2
126.993,-92.157,-35.5578,32.1648,-92.0245,58.3299,98.6469,-98.0883,94.964,60.8731,-44.634,-122.404,31.424,103
19.4814,-62.1583,-24.0227,53.778,436.815,-3.5199,23.4593,-25.9868,50.6051,28.1451,-6.5424,-27.2359,67.7707,-19
136.095,47.1334,-96.6162,10.0208,-218.038,-44.7233,-115.961,-132.311,-123.503,44.3402,57.7101,3.10683,47.8567,-67
231.64,20.481,15.7139,103.68,135.587,-70.7331,-45.4329,29.065,4.82495,-12.6619,-43.4537,-28.3199,15.5947,-20
390.022,55.5153,-50.3893,-60.9235,15.1506,-29.5114,-84.1095,-7.14839,-60.5275,3.52438,26.8308,9.39349,73.6213,-2
285.709,49.7254,33.4717,126.587,-28.8425,-18.8794,-23.9168,95.0963,-10.8139,48.0925,-126.818,-34.6306,95.8479,5
320.998,64.6716,-22.7339,66.0365,-363.44,-38.1443,-143.188,61.6112,-75.5337,-9.63605,-77.6795,-68.7913,-24.5445,-84
384.046,105.228,-2.29705,120.137,105.933,-4.47363,-31.8484,67.3218,-24.2593,-13.7548,-104.934,-34.9772,14.0062,15
362.556,-9.11548,-41.4667,4.75618,225.353,-70.4677,-85.9325,-62.9262,-3.52201,-15.2726,-1.29629,13.1603,43.3934,7
15.0898,208.067,132.351,83.0733,-249.211,54.5052,-14.368,130.433,-164.447,24.1978,-75.514,-46.7686,100.097,-19
212.751,8.52046,-13.7371,22.4433,229.347,-20.9574,-8.06201,-4.917,24.5,-19.1898,-26.1953,11.3253,13.1112,3
30.5026,92.8879,-2.09699,32.7136,-261.884,-2.45801,-12.0594,26.1997,-12.7581,17.6405,-31.0403,-11.1871,18.5324,-16
121.623,9.48963,-49.2844,122.619,-244.002,-31.5258,-49.7952,-96.6228,44.966,2.05661,-28.5546,-15.7275,46.7837,-46
90.1489,45.9926,9.06726,-28.5693,-256.401,-26.4184,-46.2208,24.9908,43.6071,-9.0785,-5.51325,34.1168,-1.44008,-35
173.709,11.6732,-1.255,39.347,468.702,-9.80638,-23.7924,-32.8307,-8.69995,-16.4761,15.8128,-7.29371,-4.24846,25
220.089,104.378,11.5649,53.7776,20.1584,-45.1644,-99.5583,35.2278,-27.794,16.4492,47.0155,-38.0629,-65.6611,-46
-40.7177,56.1042,12.4707,22.7738,-128.416,-6.44121,-16.6697,6.16815,-27.1561,3.96065,5.20611,1.01143,-16.0104,-16
-14.8705,-3.97188,69.9735,182.695,43.1617,-40.7267,14.2176,66.6936,165.304,118.626,-94.2215,-21.1418,46.3802,59
457.732,-30.342,4.85873,-19.2361,449.257,-38.5116,-56.2632,25.4352,-50.3758,-28.5497,8.27841,-36.1122,19.2496,91
405.611,57.5872,32.3935,170.096,251.508,-53.2762,-77.6394,-30.5832,-165.869,-38.1506,1.44899,18.5373,-41.4966,35
-44.8559,16.1865,22.008,52.9842,93.5187,-8.48587,21.2968,106.953,-139.206,23.5881,-108.885,-42.5298,45.0895,12
514.137,57.3783,6.44447,81.4768,856.03,-26.6146,30.3115,36.391,126.224,-45.7462,-31.1845,-66.0155,86.3823,61
511.529,-94.7834,1.40283,78.275,-114.731,-1.38003,59.3079,91.9368,128.259,76.5425,-106.181,-90.1548,33.526,82
186.18,-56.4187,-89.5739,1.65352,175.993,-44.5059,-40.4706,-5.17622,-53.1625,18.1794,-114.31,5.46779,147.459,-95
305.695,41.4683,51.2415,130.134,-233.987,-101.187,-116.191,0.212651,-115.466,26.9482,-108.762,-7.59217,-6.43923,34
359.657,90.9006,-11.0873,70.48,-28.6958,70.759,-111.958,17.6623,-34.5014,-6.19835,-69.3551,-15.1415,-13.426,25
-141.614,83.9271,73.8343,-1.19486,-322.18,-59.6101,-85.0016,22.919,-1.69514,56.6306,41.3805,-7.8899,-80.6367,44
354.804,120.906,14.0644,222.839,-240.217,-3.67703,-172.577,62.8584,-36.7786,101.884,37.0237,-37.5881,-93.9061,-6
400.001,-43.6016,34.648,-26.9284,287.538,-36.6892,-83.3594,31.6142,-103.867,-72.9023,59.8587,-2.01058,-145.661,135
257.107,131.905,59.1311,86.0131,192.629,-64.3772,-46.1033,5.32905,-65.5024,60.2181,65.2749,7.00771,-47.6456,-20
232.424,167.029,1.54713,109.977,132.565,-14.432,-34.8008,-22.6473,18.4561,35.5477,-26.5099,-13.0909,2.76522,-59
169.831,-38.7526,-9.29988,32.0997,88.4587,-24.9391,-25.5325,33.5435,-39.7834,-8.82183,-46.26,-26.2037,1.37615,5
-58.4237,4.78343,-3.78307,4.17992,20.305,-8.38631,-15.2032,18.0616,5.05722,-18.078,-0.351616,-5.21152,-3.30947,10
103.982,2.46451,-32.0941,-54.3502,188.74,9.11539,-4.22229,17.164,47.5104,-13.2789,-2.50617,-22.0678,30.5134,7
261.334,109.424,19.3572,267.042,36.0928,19.5262,-9.22729,15.0871,-54.7327,35.3718,-51.0564,-50.2244,71.8718,7
1.8662,36.0364,-6.19032,8.19533,-7.51145,-36.7153,-38.6297,34.2406,-25.7316,11.9545,11.6049,-8.14572,-12.6008,-24
3.65548,11.3386,-2.96674,28.0112,243.125,-43.9395,-104.806,18.0064,-43.5784,-37.439,56.5509,-81.6249,19.2064,48
66.1283,116.46,9.79311,168.289,-93.89,7.85266,43.3516,17.2085,40.0497,1.54816,-98.1685,-49.1827,65.837,22
-9.80734,-96.9006,-63.3413,101.972,-57.9401,20.6794,-92.7409,26.1352,-10.5424,29.7123,-188.971,-93.3589,39.309,86
129.427,15.6209,29.9495,142.185,206.157,-14.4825,-7.93776,23.3642,22.7369,-10.4723,-77.0586,-49.3417,-18.2942,41
224.012,-55.0697,33.7479,7.80814,329.224,3.54551,-47.7029,-28.6248,-52.3979,-8.78579,15.0583,4.96353,-11.0183,27
127.905,8.96369,-22.2973,83.1299,-103.363,16.2464,-0.211862,-57.1953,90.2499,55.0113,-30.296,-78.3255,72.5617,0
471.344,28.9171,0.101347,108.32,439.529,-209.088,-38.222,79.1122,98.1828,-51.7191,-53.024,-79.6134,64.812,31
143.052,23.4568,-22.2511,-13.4584,157.382,-24.8711,-37.2367,-2.62648,-45.5127,-7.13377,7.56365,8.92131,2.6595,12
-26.9535,0.0233092,23.1398,-18.1797,-137.607,-170.972,98.4369,234.556,168.053,-2.70196,-203.844,-73.3763,139.433,-177
162.704,214.938,52.9432,130.38,-10.9509,-17.8508,-59.5133,87.0774,55.2049,42.3702,-106.56,-45.0611,72.1191,-100
134.564,-19.7698,10.4343,19.9881,96.3809,-11.2921,34.5688,0.471862,45.3108,12.8943,-5.8752,-19.1123,16.928,19
364.538,-19.7371,2.78404,51.1897,232.429,10.1805,-11.5862,14.0372,-34.326,-19.3707,-20.1569,-54.361,6.89556,33
-111.87,57.4467,1.31466,47.0215,46.066,-8.20386,-74.4096,5.70228,-68.3401,9.17004,-8.22583,-18.229,-8.24862,-17
90.1698,72.5826,141.37,132.343,95.8462,-42.2671,67.4917,165.626,42.7206,116.176,-112.318,-20.7495,99.8035,16
107.562,-14.1949,2.58873,-15.0353,148.77,5.22479,18.205,3.40363,31.0833,-3.87832,-9.44148,-10.655,8.55881,-3
181.283,128.437,15.2351,78.0873,-156.149,18.9349,-41.8118,0.902048,-17.8416,69.5574,-6.84,6.64486,11.2625,-61
79.8482,93.149,15.3014,-17.9324,-279.473,-64.8479,-87.4006,76.0509,-166.237,113.485,-88.743,-57.5065,8.60025,-50
100.999,-95.2915,-62.2558,204.307,244.852,-164.257,-48.6225,-68.8213,102.401,-126.878,-131.7,-25.602,-5.49929,139
12.3772,71.6153,19.1474,73.0766,104.455,-105.551,-43.8544,96.6576,-19.9457,23.7622,-103.292,-3.97044,53.5235,-24
-109.694,-8.0083,7.35351,105.605,554.093,-20.2766,17.9288,-19.944,-30.0636,-13.5969,-26.8683,-4.71368,64.8683,3
222.154,-40.3529,-38.6152,40.7155,383.525,-40.1223,11.801,-7.67932,33.3076,-6.65754,-12.2922,-16.7052,16.2174,11
235.121,-12.904,6.70807,-40.1071,73.6578,22.9578,-27.3068,2.5484,-53.5457,0.339992,-27.5588,14.546,36.0833,11
158.932,29.6027,3.42626,-28.6334,4.76876,-12.9479,18.3711,36.3495,48.0739,8.14141,-26.854,-41.9132,24.6548,-15
339.478,38.9565,-79.1831,-116.012,16.013,-89.1195,-8.85367,18.1602,-40.6885,16.4509,-12.5759,-14.8302,-30.8342,11
-45.7292,61.9706,52.6624,87.0489,28.7319,-14.5144,-49.289,21.9504,-64.9226,20.2168,4.14954,-1.62476,-3.57836,-38
-31.6483,84.2312,6.0797,36.2071,-430.022,-35.1442,-9.74555,43.4681,-20.6152,17.5704,-48.2686,-22.7777,5.78416,-82
249.777,214.714,9.33181,69.8388,55.6463,-1.30049,-102.188,-30.3922,92.4887,10.2671,-74.6862,-64.8167,105.038,-15
118.001,28.5153,50.9956,124.301,-62.3179,-255.091,-48.6426,132.704,-184.305,-65.7708,17.1059,15.9538,24.5551,-154
517.554,146.198,-21.2052,44.7808,150.9,-72.0476,-132.141,3.81915,-112.027,76.4561,-1.55332,-7.70298,35.1409,-13
205.563,80.2237,29.7501,153.074,-107.558,21.751,-81.8526,60.4664,-124.593,-13.4845,-88.9517,-12.7807,-34.5552,28
1.42897,81.6979,25.44,115.382,520.176,10.6557,-7.58355,-13.3881,91.686,43.6809,75.0289,-130.428,-37.6172,28
314.085,20.2681,-33.8513,27.8795,-186.583,-54.2923,-125.281,101.888,-113.12,-17.3677,-134.538,-3.44975,-28.9638,-53
-165.399,-4.30499,-16.8164,46.4066,143.816,-135.199,-237.993,232.444,-122.701,-56.0699,101.962,-98.4648,168.986,-250
-92.8796,216.824,55.7856,-59.8235,-26.6045,-12.236,44.8029,99.5249,255.475,82.1901,42.973,-45.3672,75.2274,-13
220.822,50.9707,10.6432,-20.7655,-72.0479,-34.071,-74.3414,31.0154,-30.4775,27.1336,12.9434,-4.77237,14.6021,21
448.529,64.1859,38.184,45.1081,214.168,17.569,-144.821,-75.8707,-73.0816,-14.0614,54.6261,17.5777,-68.4919,38
-131.776,-61.1329,22.2965,15.3502,377.995,-28.698,21.2027,8.16039,-15.2106,-18.9726,-27.9362,-2.27774,47.0211,7
30.8118,148.123,53.6058,18.6846,-349.891,-6.79314,153.752,35.9488,67.4397,76.3267,-16.1719,-74.3326,62.2746,-55
242.978,5.39284,-67.3269,88.4747,51.486,-59.6463,-25.7303,-44.9892,-22.1055,-43.6777,29.978,27.2056,-20.9289,8
339.1,31.8042,-10.2087,-48.3507,-34.4347,-47.5299,-33.3972,65.6023,-143.984,58.7159,-20.8696,25.3652,-3.09791,135
96.1445,-2.20359,-2.01461,-10.4964,-31.5288,-16.097,21.5465,9.09223,20.2168,46.9324,-27.4289,10.963,89.5233,-57
174.673,128.438,-54.3013,-78.532,-224.379,-67.6861,-30.3097,57.7814,17.8958,42.6917,24.1813,-27.5568,-27.255,-59
135.714,3.08245,-17.2614,8.72875,324.375,-3.2581,12.0058,2.01639,72.9297,22.8792,0.925123,-15.1092,45.4319,-15
-291.788,15.8437,-32.2342,6.22344,45.837,-34.5151,8.62395,17.7186,12.0709,-23.668,-20.6284,23.4223,6.82414,5
89.8035,28.1138,3.58273,28.2388,131.253,-1.16304,-6.61304,3.34632,-0.432227,9.50128,-20.4749,-17.2326,9.99711,2
284.325,-36.6248,-9.12385,15.4485,310.544,-83.8244,12.5209,20.4459,-131.373,-56.1493,-69.5228,-4.25119,52.7203,54
453.558,-53.9287,-91.1769,65.7043,411.976,-57.0568,-86.3863,-11.1865,-77.7569,-2.1792,-56.9256,-37.3758,24.3404,22
77.9769,-21.6038,-0.825119,-73.7629,-155.155,36.8285,89.3319,-5.24208,-33.7081,24.0056,13.6405,-31.544,61.9647,33
170.32,-13.5176,22.6214,25.8424,544.555,-13.01,9.73166,-12.7209,-45.0039,-3.91279,-7.0742,-2.31099,31.1763,48
138.952,71.1974,-83.2603,-88.0383,-213.083,-45.9322,-3.79445,24.4432,-87.7396,60.5157,37.4553,-29.4687,-64.7958,-30
115.111,80.3303,26.4351,21.181,-76.01,-56.8997,-22.7658,99.7301,38.8029,-74.0941,-3.33912,-95.762,89.7842,14
285.886,-37.996,-42.3814,-20.4552,520.341,-24.8482,-28.8167,7.93028,28.9088,-44.4282,-35.2209,-27.6952,24.0701,42
-125.834,206.967,-6.62255,204.802,-223.975,7.34015,-144.758,-32.8399,-165.871,-13.3411,-51.5572,-16.8442,6.00773,4
297.643,5.27858,29.213,4.41287,284.902,-39.5991,4.84234,30.5869,30.8148,5.45838,-8.4291,10.898,4.51826,14
371.983,-71.1837,0.484042,39.1015,-98.0739,72.1259,-42.5651,69.1924,54.7271,40.7109,-110.577,-39.1851,63.6666,-56
83.5642,38.4326,-4.16951,17.4484,-13.968,-8.85649,-25.5475,3.63283,-43.1291,5.09552,-17.9693,-12.8969,14.0847,-4
339.985,18.4633,-45.4548,26.7968,270.205,-8.7198,-75.7382,-24.561,-42.8136,-19.9059,17.6171,-16.5017,-3.81571,2
308.647,77.4607,-50.8916,16.2451,336.233,-24.4661,-100.288,17.6503,23.535,-52.985,1.516,-62.9361,-52.8415,46
101.094,45.1689,66.3552,51.557,185.188,-18.9495,-23.5723,24.0589,77.8383,14.6727,-8.55796,-29.817,30.6473,-36
190.286,21.976,28.7269,51.8062,120.147,-89.0284,-13.4784,84.3023,114.191,-56.523,-56.3132,-65.314,34.2074,23
141.594,-159.858,-167.924,24.0451,-302.142,38.1363,66.9604,-125.328,53.689,41.8373,-86.0772,-35.8016,44.3626,30
-281.885,-118.583,-20.3097,11.1739,376.602,15.3103,78.1221,24.0663,79.6604,-80.7872,-124.441,-62.6667,64.1961,89
12.1193,19.7655,-25.016,57.2023,-59.5509,-20.7485,-30.688,-11.6618,4.84572,6.84148,19.7584,11.9803,-23.0969,-27
-56.1396,145.87,-19.581,-28.4813,-92.0401,-15.9782,-46.9584,6.58503,-1.21967,33.1083,47.7263,8.83159,-9.24121,-42
68.0329,135.523,-114.103,-129.359,-213.09,-55.2435,-19.7824,92.1967,206.709,-1.90334,-166.611,-55.6363,31.7813,-98
101.796,12.2475,-24.4661,-20.1854,-97.2981,14.3697,-6.99176,-16.1291,7.17161,17.4334,-30.4348,-11.2583,34.3485,-16
287.34,24.4629,-15.2313,28.8632,97.6407,-5.63643,-2.96369,28.9826,64.6938,72.1795,-31.7924,-55.9894,48.1725,-23
273.683,32.0129,-34.5715,148.535,287.044,-37.875,-94.7145,44.4929,-114.017,7.8849,-78.3976,-92.285,-56.4529,107
-30.6449,53.326,16.8336,31.4956,-168.81,-18.6877,6.61629,-1.11194,70.8085,8.13174,-1.2723,-16.6522,14.5962,-43
-12.9793,25.1778,-7.04957,3.84695,264.024,-19.3476,-36.67,-54.8152,131.542,125.588,58.6326,56.6514,99.1748,-124
-159.69,-21.7326,3.49949,26.3269,177.081,-92.4653,5.62653,11.3278,183.289,-14.8846,23.2827,38.9919,4.12445,-14
185.805,-132.11,25.1176,-62.5714,470.481,26.3619,102.759,50.7693,207.276,-2.94397,-117.105,-68.3006,91.3813,25
-28.0472,36.0499,1.43336,80.0692,-121.198,1.42913,-24.8631,30.9944,-11.8878,-14.9504,7.3466,-11.2991,-26.6141,-6
333.31,-80.2418,-147.062,-110.438,179.668,-10.8086,-45.3472,-62.6956,74.8035,-2.22774,-15.2005,-55.5243,97.4505,-70
-151.091,-14.2235,-0.847059,19.7452,-23.4532,17.1418,16.0833,7.10243,-28.8236,-4.88591,-5.51238,-15.4741,16.9675,-15
78.8614,66.2693,28.058,67.2444,-99.1357,-1.04146,-75.6535,37.6459,-70.2238,38.7056,-38.1207,-45.7713,-2.41088,-17
8.34142,50.612,-5.05666,25.5059,-111.566,17.2312,5.36457,31.6348,-54.9322,22.8188,-49.7566,-17.5242,8.04422,27
8.69484,-4.96403,-2.57574,-13.4008,163.113,1.75327,-3.01801,-8.6271,15.3993,-2.32348,1.27031,0.563808,11.415,-3
41.5369,-39.9261,-2.12072,-12.0035,139.763,-1.70887,11.8652,-16.2341,28.3141,3.96672,1.70817,-2.52022,19.9481,-6
-264.508,284.628,5.96903,93.1847,-318.819,-115.248,-101.68,86.9253,84.54,74.9619,56.5686,-139.803,-114.684,-62
16.2288,92.7932,119.83,-87.4735,263.3,-70.4211,54.1309,68.2348,183.642,165.014,72.2135,-68.846,92.32,8
-103.576,-29.4652,45.7708,-32.7207,479.786,22.5261,86.6204,51.7699,22.4403,15.8006,-17.3343,-58.3211,65.3634,-20
162.94,-9.40788,1.92761,10.9784,96.4183,-90.0976,-3.55699,18.0535,40.0531,-12.2862,-43.8895,2.28234,22.3312,-25
409.383,-7.47206,33.6086,52.5693,729.648,-39.247,52.3628,16.2296,18.2507,8.06105,17.6597,-58.9475,51.8302,6
-282.14,45.7838,61.2828,100.834,-110.94,-20.5449,15.2557,33.1853,-35.2042,38.7999,-78.1482,-7.85327,84.2555,-26
420.026,31.4128,-54.8765,63.9043,304.857,-46.5742,-47.7763,2.75083,47.8225,-35.7353,-33.8069,-20.0882,20.0708,13
169.899,15.67,7.2567,-5.43013,422.186,-34.0653,29.3142,3.59264,135.282,17.9207,3.05103,-38.1719,-14.1132,2
250.078,-24.4853,9.16904,-9.59833,432.651,13.3455,-54.0471,-15.3774,-22.6688,-17.8236,-8.38442,-89.2691,61.6482,29
125.142,13.1775,-47.4078,-311.147,-205.095,10.0038,8.52129,-76.0217,82.0443,20.3919,71.1456,19.3065,64.1411,-34
269.367,-35.1126,1.95567,-4.40672,-15.9107,-2.20565,-38.0901,-34.9544,11.8712,45.7173,45.4142,37.2678,-23.5741,30
12.9173,-59.5542,15.3005,32.9223,-10.0376,-21.3699,1.01633,-28.0954,36.6301,-19.5421,5.52441,-4.75067,-31.736,14
354.372,6.28851,-90.1786,-40.184,-246.178,34.5357,-10.2648,-59.8119,21.43,25.2352,16.6769,-27.4678,25.5013,21
136.544,-23.7069,-6.82918,105.361,487.28,-121.814,-53.4932,130.681,104.851,-100.339,-109.64,-35.5693,-50.6092,134
146.278,-13.5015,19.8053,-30.7943,558.781,-60.9039,48.2572,64.665,-24.431,44.5399,0.0221352,-4.12936,67.2025,-24
448.938,74.6736,-32.2637,86.7516,121.677,3.43062,95.8682,-63.9937,174.299,-32.0514,-32.7377,-165.422,-62.9247,115
457.262,-18.86,-2.52742,40.9591,44.5771,-24.9782,0.107537,53.3373,-29.6223,14.5623,-11.5438,-13.5859,41.4153,79
299.029,-78.9056,-47.7404,13.915,315.932,-29.7585,-0.121921,-56.4309,10.5261,4.78464,-22.4491,-31.9906,16.4429,11
308.231,-54.8023,-25.3179,13.4029,436.737,-14.9915,-10.485,-77.9732,28.7106,28.0664,1.83364,-14.7496,27.1699,13
-46.836,132.243,-7.46554,122.197,-141.913,63.1462,-99.4873,73.9461,-91.7474,53.5381,50.8593,-94.0425,-159.942,-10
173.199,17.8288,-0.78823,-129.178,109.879,-22.5696,43.7718,-36.6035,126.003,54.74,105.445,-84.0066,24.1533,57
282.34,39.2965,-6.61178,4.51778,-1.56965,13.797,-58.3343,52.2616,34.6845,33.1693,-59.65,5.4095,72.5547,-77
86.6438,-6.20461,7.93618,39.5227,52.0772,-1.7637,-3.19588,9.9724,-73.3152,-18.8805,-40.6982,-19.3139,35.0291,40
244.455,-20.3154,-39.9334,179.807,330.224,-74.518,-148.315,-7.02452,-169.593,-20.6172,-76.4219,-71.1517,-42.2102,35
189.327,-12.2717,-1.05767,34.2463,294.48,0.544614,-6.40202,-5.63337,-15.684,-15.7266,1.11579,-9.31622,10.8972,9
258.618,124.199,33.2327,110.04,-96.329,-19.8561,-89.81,34.7386,-22.1927,51.9098,-40.1797,-59.0021,-16.2884,-22
315.842,-116.257,-62.8308,-3.91599,85.4325,-0.0112818,7.46898,-66.3722,59.458,-6.87276,6.42893,-69.9406,64.1997,-6
125.124,23.9451,-33.1138,71.7946,196.479,2.8697,-13.8134,-8.36613,16.3657,5.06159,-49.123,-58.6263,64.2491,-23
-51.6653,-103.573,14.2881,-16.1393,425.603,-4.56318,8.71279,62.1018,53.5847,-36.3951,-98.3254,-107.214,10.6569,68
283.45,19.2237,38.1325,43.3329,243.734,20.9452,-95.2395,107.739,92.6449,58.1359,-117.055,-28.2692,105.85,-130
-31.0599,107.336,-43.1223,107.904,-390.932,-81.5585,-129.713,-9.07989,80.4547,72.0527,108.279,112.328,-21.4212,-158
261.533,41.1087,-9.92693,25.5355,54.8106,-7.63838,-30.8001,-9.07297,-34.8769,-0.880813,-54.5321,17.9191,36.1805,10
-7.60313,38.8602,38.9811,47.1885,82.0715,-21.0723,-19.4689,25.7103,20.871,2.45991,-2.96779,-19.5987,-22.0806,19
-136.612,32.089,-42.6181,-9.11178,-185.939,35.2586,9.03522,56.4091,-101.792,11.023,-69.7477,-49.2448,6.63681,9
183.041,-72.536,-20.5589,-103.538,219.566,-46.2356,43.3668,15.1248,153.61,-0.0856728,45.1315,-31.1211,50.695,49
262.64,-42.1963,-3.24952,106.612,483.965,-111.306,-21.5227,13.3792,79.7779,-44.1029,-11.459,41.9278,2.28556,46
316.727,-33.9963,62.5791,169.626,146.89,-127.484,-103.031,24.872,9.7389,-27.8462,-133.162,-65.1619,25.529,-45
12.9929,62.2383,52.6544,165.541,167.305,-47.1614,-48.6766,73.5515,11.7335,-22.5556,-111.677,-0.971063,-37.2911,37
106.53,-19.4326,14.7138,19.1907,-37.7941,-58.3915,39.2758,58.982,43.6246,48.515,-12.4028,-6.58952,23.0055,2
63.8289,-27.9116,-4.62615,46.0834,261.439,3.28757,-27.3246,-0.257696,-25.4394,-15.7563,-28.3707,-12.905,-2.68005,38
46.1624,87.0477,-14.2715,-35.0625,-318.068,-32.9706,27.2922,40.5276,21.2482,2.36367,-43.4042,-13.2659,7.7077,2
152.481,-10.053,-29.0008,-29.5634,56.0914,8.64654,24.6359,0.342658,43.1368,-1.76836,-28.4198,-23.9517,42.3126,-4
307.824,-27.9127,-48.2155,-24.3439,358.609,-23.6621,-23.413,-6.91901,-62.0599,-11.6523,-10.9672,-37.4419,18.4483,24
695.604,-115.717,11.4296,-118.817,393.098,-11.2485,23.063,28.3919,68.4246,-9.28553,17.1551,-31.6787,41.9335,18
-117.748,-133.012,68.9459,10.1608,-117.508,-7.61838,131.754,44.2907,98.7297,28.1573,-7.54187,-42.741,98.8655,65
-33.7157,-14.3228,19.2457,-10.6635,177.028,-21.0935,11.1373,15.9777,56.1639,-9.29664,-7.98127,-2.88062,1.41706,-4
376.289,-59.4797,-47.2556,-28.4877,-17.4426,-21.2535,-59.6084,-22.2056,-39.7138,-7.84475,33.8236,-18.7708,7.93511,-3
282.832,13.6435,-65.0946,10.0716,22.8202,-26.8654,-9.86087,-47.5216,87.2139,33.7156,-14.183,-30.113,56.3947,-19
105.883,-17.4392,-7.27606,60.5803,13.2792,0.325212,-19.5814,6.98758,-69.5211,-27.3617,-22.2228,5.06354,38.5916,50
-80.1734,20.7971,14.6442,123.683,-299.561,-14.1049,27.1875,-19.9648,32.4395,57.9396,-35.4666,-8.64971,54.9443,-37
339.476,-22.4185,1.65985,154.294,-84.8899,-41.8183,-179.942,27.6597,80.4074,146.391,-168.642,1.29239,80.6204,-80
-49.2258,76.3009,40.9016,-22.0012,-371.431,-72.6019,20.9125,63.5695,-1.27697,48.75,-68.3562,14.0856,-6.86828,-10
125.999,-15.3262,-1.58176,53.2139,4.12784,0.885926,-20.3313,-0.573533,47.5607,2.33789,-14.1644,-23.2992,2.73392,-10
240.955,-118.022,-47.3793,-90.7568,326.13,-3.96738,6.17889,-27.2188,-3.60507,-93.3346,10.9776,1.78929,22.432,69
234.95,122.95,-42.9056,66.6862,38.3997,8.88628,-158.152,-20.666,2.18516,-17.2434,-38.6205,0.719972,-12.8908,41
22.5204,-26.4034,12.1902,-14.4227,421.136,-25.8458,42.8653,-2.88499,82.7389,13.7445,13.3744,-25.5459,29.047,-0
144.159,-5.53736,18.4306,112.068,345.355,-108.229,-136.957,50.2282,33.741,-52.5602,-43.4617,-2.09105,-31.4395,52
98.8333,9.73171,10.5507,-32.198,-10.9518,-40.7867,-40.6802,15.0275,-5.44348,21.0159,28.8747,28.6669,-33.6925,3
100.507,14.995,11.6234,-43.1237,429.386,3.81235,7.43031,-41.2969,58.8829,23.6945,54.2455,-29.9079,20.8909,-10
295.013,-131.61,-19.3572,180.567,486.787,-8.12479,-66.2815,-85.7779,91.721,-30.7426,-4.84714,-31.2728,39.0135,-45
-43.7299,56.0129,-4.2089,105.481,290.456,-71.9289,-51.6144,30.2933,-90.3658,15.8593,-27.5156,3.6424,52.8245,-83
210.264,-38.5093,3.59437,15.8489,361.931,-13.8599,-37.435,8.11644,-40.3308,-22.2987,-31.0196,-39.9727,-7.87938,14
358.971,50.8912,-37.6089,66.1252,36.7648,13.9069,-53.3766,41.0156,-50.5429,15.6484,-85.4569,-112.041,-13.6633,0
-238.218,155.328,-23.5588,58.1053,-86.3797,2.41619,-119.419,37.8841,-2.03654,39.2629,112.944,-17.4483,-138.313,4
34.979,223.632,53.3642,320.103,-321.861,11.6784,-48.2794,165.537,-195.786,-69.6357,-194.91,-77.4559,115.827,51
240.588,-49.5832,84.6939,-82.0811,-96.4487,0.995492,58.2719,132.785,-200.459,65.6378,-58.679,-38.7699,123.199,-3
-26.5727,-9.20996,-0.536322,-95.633,-146.246,54.5266,-43.2533,9.76396,-64.0613,12.8556,0.362617,-50.6732,34.5676,-17
-4.95043,-2.63635,33.5913,62.9626,38.0893,-64.8128,-30.3974,50.1615,119.477,-25.5393,-30.5585,-82.8863,-9.42268,3
91.0863,19.7674,6.59037,31.6192,-88.1368,18.2777,-17.4576,24.3584,-27.1153,14.4241,-46.8872,-20.868,-35.0652,31
289.211,118.834,-5.09516,25.6141,-178.552,-8.82977,-123.999,15.2626,-194.762,48.2687,-22.1518,-11.2921,-3.24835,40
259.625,26.3139,24.4294,99.8722,-88.2937,-19.776,-0.88537,87.4606,-19.9777,34.8269,-76.8318,-9.82478,15.4244,-1
184.335,-14.4511,-12.1586,35.2533,403.029,-5.28076,-17.3534,-22.4866,13.6895,36.4694,24.0233,-0.388135,10.3909,-19
50.3939,-28.7536,-22.7735,11.5902,-14.0138,3.18809,27.1764,-9.02998,13.8908,0.709944,-33.4728,-16.5733,17.2293,12
-242.132,35.6371,44.568,233.325,-55.7699,-19.3046,44.7744,78.2586,-49.0403,-58.0374,-164.212,-24.9449,18.6776,75
341.725,17.013,-69.619,57.478,163.055,-90.384,-75.8477,46.0285,-24.8858,-5.72945,-39.6527,2.23821,16.4006,10
-98.5653,8.47451,26.1391,29.7736,157.56,-43.1943,34.1556,9.8011,-35.3998,7.30418,-25.1808,9.36913,25.4836,2
306.834,45.9751,48.4209,-4.17742,378.778,-120.42,-8.94659,87.3951,68.2989,-41.2766,-7.17471,26.7892,57.2309,-22
95.7315,57.0006,18.8929,27.5813,15.4269,-73.0567,-75.4808,-12.4165,-26.932,-13.8611,51.8985,29.8131,-12.4825,15
184.548,8.70626,-1.48979,-54.8328,352.776,-11.6319,-3.30057,24.2583,27.3785,0.242173,25.5974,-24.6946,15.833,12
-122.543,-16.1237,-30.175,-0.794223,797.354,-64.6665,-67.6536,23.8097,44.8168,-35.9128,-33.0061,35.8269,30.8531,21
77.6206,26.7469,3.7131,133.27,211.683,-48.4974,-69.8771,11.0918,-89.8969,-37.1496,-39.268,3.26367,-29.8914,7
251.408,-46.7128,-8.32032,-74.4734,366.632,12.9814,-21.2393,-51.7711,-63.0831,-19.2668,63.6528,30.6655,-2.09546,34
171.15,-14.3349,10.1233,-0.994709,518.556,-29.3337,-14.6118,15.1734,-15.7017,-9.71636,-17.2425,-14.4246,26.4233,17
172.855,-44.2499,-14.8763,-40.9381,357.853,-20.6876,21.4286,40.6062,-2.91653,-6.13734,-30.911,-34.2256,30.8429,3
62.4927,48.4751,-22.2255,-11.3227,-118.31,-23.082,-33.8668,5.40872,-54.5874,8.81144,2.77917,5.25456,-8.30276,-28
288.916,-12.0767,-8.4896,56.0282,130.515,-7.00053,-15.5024,28.6945,-28.4082,-29.453,-39.7735,6.47025,-33.2298,50
223.283,109.522,-19.0611,62.8729,16.653,-51.9428,-76.1964,14.0471,-22.3429,-19.0646,-79.9083,36.0505,12.6835,12
138.696,10.5435,38.5296,98.0772,248.431,-141.007,-112.567,56.0129,-40.6083,64.2129,32.7984,-15.5565,29.8312,-65
95.353,75.5165,-17.3345,113.771,-225.482,-26.0419,-35.9148,7.19851,-22.3849,2.96419,3.18363,-7.79319,-93.1159,-64
14.7274,60.822,12.8945,41.7478,-52.4897,-46.9315,-67.5683,-27.01,-35.1512,22.0062,37.5326,1.17128,-15.0399,-6
304.009,-76.3399,-11.7211,-24.7469,680.834,4.4677,-8.30559,-37.8874,-5.76902,-72.6063,-0.822383,-14.5012,16.7896,47
115.709,-54.3111,-14.3329,18.2245,174.516,25.8235,17.8329,-33.8458,68.6434,12.5266,4.72226,-7.17516,6.79974,-18
200.839,42.8857,-81.7207,-55.5456,-207.266,-48.9876,-46.0996,-41.5254,-96.9542,-17.876,6.13634,4.01501,-29.5965,15
82.0864,17.4649,-23.4195,25.7679,138.334,-36.1555,-46.1281,2.34245,-15.6785,-8.69848,7.89293,11.6232,-19.0594,-7
290.227,25.1719,-2.13345,67.6846,667.92,-53.513,-19.2576,-31.2556,28.533,33.7366,13.3602,-32.1702,7.95109,-8
85.6379,-33.5723,-69.8053,-42.4409,123.511,-25.1118,-48.4475,79.0626,55.6501,-51.786,-10.7622,-57.7435,-17.9633,-4
287.818,113.742,13.2544,122.243,127.119,-59.9705,-58.5996,32.0517,-122.969,19.7137,-40.3391,19.7125,4.87478,-35
81.8699,-77.3225,-81.0337,-69.1582,329.094,21.7673,-9.24112,55.4798,187.994,-28.6307,-58.6704,-32.2308,106.917,-41
23.7383,83.8301,11.1881,-19.1731,-130.398,-9.44845,-38.8588,-11.1407,7.82879,14.9744,23.2923,7.59529,-33.6638,5
-90.812,-2.86834,-64.4366,17.8936,-29.7585,-31.1282,-102.385,50.6142,-26.9309,-46.1456,-38.7919,-5.31919,-37.1681,-7
213.258,46.1299,39.7477,-88.6893,-291.57,14.9288,21.966,83.4041,5.93025,49.9751,-4.3361,-47.8832,49.7363,-8
293.696,8.36549,4.067,35.2711,288.448,-13.0187,-13.5568,3.39052,-57.611,-0.8188,0.428551,-22.6256,10.3891,27
157.339,24.2288,-15.6247,-68.61,256.796,8.45964,-28.8718,-0.830438,86.3072,-31.7066,39.4564,-5.79744,-9.00578,63
184.284,32.0553,35.4913,43.2093,271.36,-45.9671,31.2851,45.6329,66.2161,46.8088,-67.5501,5.91323,58.751,-17
-209.445,-24.4374,-6.20489,-75.1192,162.394,-3.73829,28.1691,-21.4434,60.8595,17.4313,20.2097,25.132,56.2564,-43
136.287,53.9001,12.135,39.4244,284.755,-131.364,-109,13.2827,-95.3636,23.3615,54.3619,54.2255,-35.8355,-10
101.781,-43.3769,-11.1537,101.503,22.1257,22.6707,8.35916,-15.0425,34.4443,36.9447,-57.865,-74.8559,15.6539,24
-42.1168,80.3178,52.2763,63.2866,-219.873,35.3308,-34.2664,60.5108,25.4386,104.439,15.5553,-33.0011,75.4538,-145
-31.4453,94.2149,7.32436,101.632,-163.018,-54.8486,-100.676,25.0345,-101.746,9.65565,-21.9443,-28.1906,-18.4305,-55
376.404,-112.055,-77.8995,49.4187,-101.275,-13.6443,-60.0212,-61.259,-4.07965,-14.5998,-24.2966,6.76316,-21.8653,57
373.618,-70.8833,-16.2488,1.43438,115.669,5.61398,87.2436,119.205,80.2307,110.353,-164.255,-90.9658,103.362,-4
291.837,30.5418,17.1689,31.4095,427.177,2.41441,-23.4146,4.21031,12.4872,-1.52898,-9.7883,-25.7401,-2.2196,19
134.442,-8.17266,-30.0358,-8.4353,99.0114,-11.0446,-7.85907,-6.40097,17.4588,11.3445,-13.1786,2.50353,28.4891,0
-391.273,224.705,-122.586,30.5837,-742.546,-35.2412,-52.8159,-2.82117,45.7747,16.7422,125.295,45.5683,-70.3575,-215
199.279,-43.3842,-78.8702,90.4047,59.0284,16.2464,-11.9039,-96.642,76.0149,-0.894118,-43.276,18.6906,83.6402,27
1.4946,173.989,-1.27802,136.274,-454.463,-149.148,-171.164,46.8064,9.89531,-2.36524,-11.9553,-29.9919,-12.5765,-163
456.594,-31.286,-38.6589,-41.149,210.068,-48.7501,11.2674,38.0591,-42.7959,5.388,-47.7024,-17.438,51.9131,17
20.0105,123.077,27.7355,76.1695,-70.6564,-32.1357,-85.6779,41.4419,-35.5727,69.9193,-4.49816,-21.1366,-61.3782,-25
-316.584,-61.4937,48.5135,27.5949,81.0806,-34.9951,44.3576,52.2866,138.213,15.0185,-15.9287,-39.0248,-29.3354,22
-77.4746,-1.56659,29.4183,-59.8661,-43.9547,-25.9411,125.001,48.6466,137.076,54.0669,-26.3857,-56.3516,118.563,-31
153.915,-77.5136,41.7523,84.4909,185.751,16.1989,-135.213,7.82145,-116.523,48.5341,-120.866,-129.693,-63.1702,22
310.459,-107.023,-7.1568,-5.08541,336.642,33.2487,-17.1973,20.8461,6.03906,-13.4648,-89.0207,-0.132698,46.4974,22
238.149,61.7128,-52.9879,-19.4337,65.1064,-9.07035,-33.6579,-6.36769,-12.4561,30.5198,15.7397,-27.9559,-42.0755,30
413.145,-31.5371,12.7336,216.788,145.484,-51.4063,-228.737,-116.557,-273.011,-146.257,-46.2103,-26.15,-18.0415,83
-273.117,-37.3774,9.89012,141.399,155.174,-17.5631,-34.7284,46.7121,-18.1362,11.8644,-46.942,18.7166,97.8177,-55
-281.802,38.3358,60.1908,235.877,2.54088,-62.8802,23.5141,16.3211,-160.504,-52.3458,-66.0382,64.4867,48.1037,26
268.812,43.4213,-0.931656,62.671,372.653,-40.4026,-60.6319,19.3636,-30.7822,-6.58465,7.10112,-30.2287,-48.4065,-7
439.21,26.3211,-41.9323,253.691,-58.0822,-102.21,-224.391,70.7137,-30.4856,5.08974,-109.392,-142.284,-43.4225,-149
108.511,-6.20806,-31.4788,-0.273521,166.269,-177.391,-57.3512,78.0243,108.396,-7.81844,17.9838,-50.9514,-18.5212,14
72.0625,102.786,56.383,127.018,482.761,-30.7174,-56.0929,108.375,-28.6897,13.1449,-73.6584,-71.2183,77.1849,-9
-11.513,87.3693,25.1575,9.50265,19.3196,-9.28014,7.78332,49.2245,49.4506,12.0951,-24.8639,-26.0368,37.3007,-21
576.92,-11.998,-59.835,-64.3191,284.888,1.02073,-45.2071,13.4462,-75.7996,1.67584,-32.9235,-10.8741,41.5828,38
386.618,-58.6019,23.5747,-7.03819,-43.5374,-0.287245,-57.5724,117.74,53.9968,101.336,-75.7621,-42.3261,99.905,-116
-112.445,11.5321,34.1537,48.1725,-19.3025,-55.8478,9.41908,42.6883,125.782,81.6996,23.7309,24.759,52.8486,-53
341.63,29.5677,45.5074,-22.8843,28.2138,-2.24652,54.8977,61.2554,-68.9583,-14.1499,-33.3798,9.99347,72.538,27
-251.816,117.333,29.7311,218.482,-12.3006,-93.4437,8.16182,40.2735,-1.08894,-45.4288,-60.8449,44.6872,26.077,-26
-113.515,18.8865,-1.43353,19.3108,-166.245,-3.2003,-2.15896,-3.36142,-22.6962,7.92379,-23.6294,0.289919,23.7121,-17
48.0811,66.1069,-7.44537,121.413,160.539,-1.7086,-82.9398,-37.4017,5.59733,-7.01989,24.766,-11.5085,-76.2506,-23
202.776,-16.5396,-12.3536,-48.0313,268.425,-15.1154,-18.6633,1.21094,25.1622,-4.57819,53.6207,-17.472,-3.22927,25
382.717,111.055,80.4715,20.7214,-317.415,-107.937,38.3615,106.891,-8.56147,56.6234,20.1151,37.5618,-44.2907,98
138.531,45.1942,-87.9604,-126.519,-36.7598,-0.204305,-43.1024,-11.9171,-3.68123,-28.1185,-41.9834,-14.0164,45.0921,22
115.229,25.9381,-11.7773,-43.8546,-5.31996,1.5123,2.68117,-21.7536,31.4409,25.3047,28.1896,-13.7633,38.1389,-8
480.635,143.214,-27.2971,-46.2932,-154.804,-35.608,8.43575,56.3573,-20.0377,53.0482,-67.79,-31.9498,90.6569,7
84.0114,-102.424,-27.633,20.8269,-246.444,-5.45699,-65.1956,11.4483,44.8884,-83.7742,-107.988,-54.4051,-83.3853,-29
-172.347,-131.12,-90.492,170.567,75.2978,-71.9993,-22.4704,34.8162,-0.22272,-13.9052,-76.8711,59.5198,95.878,18
393.042,28.2769,14.975,-110.449,33.3636,-27.2,20.1044,73.9982,-63.4108,56.9608,77.2624,-39.0149,110.872,49
118.001,79.494,11.8992,49.7424,-305.489,-6.92101,1.42965,14.5522,-37.3476,45.029,-55.3312,-7.75301,-6.52421,-5
519.98,-40.0601,-62.1761,14.43,382.046,-59.7105,-86.5791,-71.0822,-86.0274,3.93445,79.0739,14.3604,61.8644,64
-205.658,82.3431,55.7587,194.629,-354.956,-134.868,-180.856,210.763,-195.782,97.5052,-132.936,63.0116,28.5313,-184
152.886,-50.189,-25.3819,-57.4232,-90.6685,-7.01635,7.34592,-35.7183,36.0835,-23.831,18.9582,4.09549,-27.1487,38
-189.985,71.186,-6.98671,-44.0798,-506.926,-69.3218,-82.6146,25.1579,-89.9939,30.6459,8.58465,17.2968,9.62369,-142
42.2839,121.894,-112.239,-7.82347,-382.237,-27.9846,-108.698,93.3309,-257.405,35.785,-4.0177,-116.155,-23.9816,-26
218.774,145.183,5.96785,153.554,26.7988,19.3167,-28.1863,44.4351,-93.5788,19.4223,-30.848,-18.3777,82.3007,-1
247.379,81.2583,-7.4777,187.021,202.565,19.2294,-26.6912,41.287,-30.0636,11.4891,-91.5963,-69.1427,70.9149,-2
6.09305,18.9126,2.12798,122.818,-170.619,16.4401,-5.2271,38.9889,0.932618,20.2035,-57.8924,-21.3152,2.44377,5
14.8958,78.5995,-4.40574,122.279,316.15,4.59871,-83.2019,-11.3873,-92.6918,14.6885,11.3078,-16.7947,-20.5837,1
81.1685,113.995,43.6992,34.9891,9.37147,-69.4176,-156.761,50.8908,148.977,74.2877,-11.5127,3.06809,3.09002,-26
47.7771,-61.7359,137.167,-57.2082,40.7074,-99.4856,5.41137,108.337,136.026,110.793,0.288724,-41.1444,12.7393,47
48.254,55.0872,-2.98751,42.3654,-178.833,-34.2938,-1.21822,7.39278,-6.32485,0.839839,-9.65446,12.2572,-36.7888,-12
195.316,-22.0332,2.76073,-50.0798,-53.293,-3.42811,71.2393,32.2358,-41.904,34.1209,-27.8415,-21.5617,77.1212,38
-98.8081,-41.7339,9.19467,-57.5799,258.305,25.7148,45.3346,15.2606,60.5957,-0.658158,-24.5014,-35.122,49.7278,31
4.64754,20.7781,18.9628,53.3586,-152.158,-43.3948,19.2699,14.9633,100.316,74.6721,-10.9905,0.45801,-13.5698,-22
99.9581,10.8745,-14.2424,9.63797,560.725,-65.3493,5.46451,11.398,36.4381,-0.235737,-1.18488,-22.7045,20.0578,12
228.024,38.3579,-9.76539,106.786,-1.59675,19.7193,-157.573,-24.3975,-101.004,26.4808,-132.008,23.7491,70.5068,-36
315.285,-55.1819,-39.9499,162.833,385.738,-120.519,-97.2315,-1.35032,-56.3658,-45.1683,-46.655,57.0622,13.3658,52
221.32,-28.6652,-11.2214,16.6519,335.451,-22.5942,60.1036,2.69877,-6.7804,30.0803,-10.7602,-33.1224,55.8393,47
166.146,26.0492,-9.20269,37.7932,262.263,14.4764,4.14048,39.1948,128.709,-6.95014,-47.3058,-54.1356,9.01701,4
321.186,-1.06776,1.4597,48.6052,309.655,-21.2901,1.01657,12.4551,23.193,1.55884,-17.6212,-8.65405,4.67032,31
95.2035,-59.6768,9.38457,-70.9693,275.89,-11.1591,71.0555,70.2842,17.6249,27.5002,-34.2048,-94.5502,76.5608,30
-201.826,-35.2377,-17.2115,-65.5936,215.607,-53.6129,34.4432,42.499,108.201,-33.0928,-38.9896,3.22816,13.7901,62
354.583,11.2877,55.0562,-53.5456,374.886,-40.246,58.8361,95.6693,-109.291,96.0981,38.2175,-76.1869,55.879,-13
123.86,10.3332,-1.63301,-12.0521,68.6464,9.19348,0.871634,-22.9543,4.85584,12.8795,36.2101,21.7682,-16.1326,12
192.006,-46.8696,39.2326,7.89869,699.017,-9.89131,-0.282869,33.8312,123.202,25.5332,-12.1925,-33.5659,55.5825,-41
-50.333,7.95741,18.7908,-11.8538,6.42382,-16.4412,0.705456,18.221,39.1961,20.5333,11.4338,10.6071,6.25806,-18
-171.736,-3.1543,-7.43193,14.9041,-178.068,0.56923,27.1718,-16.1012,8.7264,3.85665,-8.7583,-9.29797,4.39128,8
-51.6833,2.19019,-43.4757,6.30701,168.759,-43.7359,-125.867,33.189,-56.1881,50.8191,-87.2319,-58.695,25.3201,-83
162.698,-35.9176,-30.6922,-1.10534,1.91559,-24.0183,-49.553,-24.3328,29.5247,-10.2712,25.4708,13.0462,-24.3447,-49
18.7639,18.9723,3.44889,73.5925,-41.0479,-44.5729,-43.8426,25.6295,-112.116,16.4402,-3.38547,-5.36643,-48.0031,-37
60.7533,-37.3858,16.0866,41.4562,-338.061,-46.6734,-108.735,22.1715,-146.124,-55.4672,-53.1083,-30.5218,-29.7248,8
188.26,-1.47107,-85.5747,-95.722,107.981,-27.3377,-68.6008,-0.235071,342.63,-27.7767,80.5274,-26.5661,48.0848,2
187.936,-122.617,-167.648,55.1567,-304.516,-50.8531,-38.6573,-175.793,61.1558,-45.5298,-110.797,-17.8394,71.6452,-138
186.432,15.6511,-26.4771,-15.1535,-249.241,42.8133,11.8235,-5.66089,-17.4122,32.6419,-21.9538,-17.4871,34.0251,22
-173.39,133.228,61.0373,66.79,-321.933,-23.7209,-112.431,33.1551,-98.4075,58.1297,-19.8147,17.9612,-20.0101,-37
-29.9189,48.4228,53.7144,-24.3331,34.6477,-33.1761,36.1074,41.5865,32.1514,49.5709,9.38397,-26.6029,43.7099,2
108.072,-25.046,-31.1659,1.97635,-75.0243,9.44741,-20.6205,-20.2931,15.0015,-1.89548,-2.11255,-30.6621,4.5142,-17
335.096,-51.8339,-14.9222,-7.19083,558.713,-11.9084,-13.4401,3.6999,0.695589,-20.6438,-45.5157,-22.0739,-19.7717,-6
398.337,-50.899,-13.8859,238.399,83.7893,19.0949,-166.583,29.3859,-185.032,-112.378,-83.1632,6.26372,-7.21788,-27
137.445,84.1443,-1.97134,101.915,-64.1313,-14.2359,-24.7681,-12.9079,2.45326,22.0408,-27.0924,-38.9885,-22.8522,9
239.682,91.8275,2.33176,-95.6928,366.357,-32.4627,-132.4,36.5206,-26.4557,-10.9732,106.946,2.08706,-32.4869,56
79.3707,106.699,23.8254,123.791,80.6311,-9.82471,-140.634,71.8226,-156.637,-10.3702,-8.9105,-68.6629,38.829,-71
51.1913,23.8603,18.2373,48.4343,-31.24,8.18186,-21.8,3.03491,-72.6194,8.40922,-11.9245,-37.5453,-11.6023,43
21.6834,34.1582,24.1938,-34.9004,-181.469,-67.663,59.0358,57.5012,91.3607,21.3059,-33.5115,4.43298,-7.34669,13
238.903,41.6329,-22.3399,18.9869,-129.953,32.0853,-7.89542,24.2896,-79.7135,58.1892,-38.0658,-11.811,37.5409,19
-4.70763,-82.0523,-18.3419,8.44099,232.782,-51.0866,-10.8434,13.5017,-54.58,-57.0828,-54.0255,-30.4379,33.6346,19
-57.6925,-38.9121,81.9958,87.9098,387.214,-37.0368,58.8623,10.9588,106.478,32.8088,-43.2495,-55.9943,53.4843,16
175.396,-33.459,18.0712,58.3708,34.9341,-7.23808,-42.8653,-26.1079,-3.00619,-25.8447,25.6745,-3.89271,-62.1457,28
51.9103,-7.38891,-6.03249,2.99709,173.861,-10.9834,-14.5943,6.17599,13.7663,-16.9942,-3.22881,-1.97855,-10.8998,9
49.2338,-57.1703,52.15,22.1752,276.482,-58.7906,63.6424,84.1347,207.602,35.3675,-57.7,-53.252,-23.5541,48
28.7897,8.87435,-0.719868,-2.91908,-47.7846,0.838051,-8.44085,-0.206748,-18.2731,-2.79766,1.96416,8.25615,-4.20328,4
139.003,-78.5755,-43.19,57.6649,219.879,23.2574,1.47063,-50.9029,82.6224,-28.6537,-15.1022,-36.2974,53.7506,29
84.5671,89.6132,-30.1116,200.05,-271.374,-71.0661,-128.309,-81.5686,-96.7545,-16.8475,-7.27411,66.3314,6.73295,-41
267.65,6.9903,-36.7126,52.814,189.701,-20.7484,-91.5551,-36.5731,-121.09,-4.95293,89.6878,-21.5401,-9.76647,-36
38.1222,14.0007,34.3548,97.1044,-132.714,13.6797,94.2887,68.4811,26.0998,44.0529,-76.4258,-70.4825,88.5147,47
-45.6404,84.0889,-39.2521,-175.352,-42.2633,-14.23,-64.1714,-31.264,15.7391,6.60757,76.8512,54.4667,45.4183,-62
-63.9085,-68.0495,30.5001,-27.1041,171.533,-4.94587,40.6474,39.3322,102.222,-27.6305,-23.2733,-43.8587,29.5242,11
-213.938,33.989,58.3774,-21.0763,95.9915,-23.6879,-20.6664,12.7836,133.768,78.4123,31.2385,48.8575,64.0332,-82
-67.8116,125.769,7.09239,139.569,-498.226,-11.8633,-39.333,-13.4535,-150.864,7.94604,-94.2382,7.59645,3.26036,-44
209.463,15.3922,-53.2124,65.5268,31.202,-37.3784,-54.6704,-3.66366,7.63752,24.8812,-0.941716,-27.8362,-3.87679,-25
-31.0614,74.1625,-170.417,-52.666,-554.303,69.1322,-66.2831,-70.035,-22.0418,36.8186,54.2619,98.7395,30.4614,-55
350.664,-43.5685,-87.5904,88.0543,-39.7952,-28.7632,-9.56463,-60.5733,193.413,34.9451,9.37834,19.2238,22.5546,-42
286.006,20.3277,-45.3295,-43.9842,458.905,-26.7234,-17.9304,-31.2035,57.1113,-42.4241,5.57822,25.8257,21.6115,61
323.719,182.365,42.5919,57.1634,-220.259,-35.8876,-163.499,92.6621,-131.809,27.3006,8.88507,-5.23789,-10.4531,-45
28.9582,-42.3522,-3.94075,94.9324,205.911,-87.6381,-152.142,-23.9811,-3.02169,-44.3992,-165.111,-76.5908,25.5025,54
-39.0523,-23.5033,6.22342,45.9214,220.023,-8.83811,-40.599,-15.8281,-3.68127,16.5809,33.0491,-5.57878,4.91216,-52
282.087,55.538,32.3175,-3.96458,-244.01,-17.3452,-54.853,45.4501,-128.627,41.1612,-73.9411,-32.676,33.1287,-38
467.832,-55.1344,-30.4602,-62.2313,227.5,-20.2126,-19.6615,11.1047,-43.061,-27.9946,-62.851,23.8298,32.1187,44
16.8744,-11.5667,-22.4356,-71.2065,-79.471,19.1351,33.3987,-24.4141,35.9064,8.54754,-4.9652,-8.25093,38.1838,-17
263.149,24.699,-23.7105,-30.077,-3.19723,-11.3283,22.7219,18.5161,44.4516,-14.4918,-30.1346,-39.2478,-9.89139,48
416.132,39.4039,-29.9742,202.245,548.904,6.73286,-88.3767,-42.8018,-7.23527,-87.0256,-36.8615,-79.4667,13.1375,47
193.418,7.13602,6.53715,11.6162,404.034,-28.752,-11.5627,26.7797,89.8261,-15.2046,5.00747,-12.9937,23.7528,1
25.6778,79.4844,31.4846,82.7124,-173.506,-40.6929,-27.8192,77.2382,-74.1435,46.8197,8.03693,26.8827,32.2396,-20
89.5633,15.774,-23.4111,-0.372069,-2.9338,-0.928199,-11.0395,-15.3708,-8.00419,14.203,14.1929,-7.5723,-6.6015,4
79.4586,10.6561,-21.2394,60.264,324.092,-36.4074,-61.9538,-43.383,-27.9909,-20.7546,9.02079,19.6588,38.2827,-37
-32.4384,97.6588,26.1246,192.641,-304.3,44.2678,-103.457,-16.2464,-92.0302,30.743,-41.6228,28.7615,39.3399,-27
287.909,-50.6594,2.28767,2.87804,158.483,6.48304,-10.0945,4.25839,-28.8675,-18.247,19.8491,1.79118,-16.3826,-3
468.789,-47.8158,-21.5389,6.20108,166.315,-9.20133,37.4585,-35.5909,-18.8333,3.43022,-3.21759,-40.2195,73.304,20
324.3,66.3315,-13.0413,120.546,94.1082,3.40343,-126.849,-18.5016,-119.039,24.7847,-37.2895,-23.9526,9.97453,17
217.918,189.287,-68.312,177.813,-408.244,-133.828,-133.576,-56.5873,-198.198,44.184,82.8902,88.2134,-106.517,-104
312.738,-15.354,-89.167,-1.09181,81.7959,7.33188,-128.045,-34.2689,-180.101,62.5805,-97.5269,-70.4938,59.051,-35
68.2076,19.255,52.2742,-31.6405,57.9419,-53.6214,68.6952,80.7089,183.975,44.1247,50.9528,20.9801,21.0375,-9
268.331,-31.6111,14.5081,-32.0211,-172.561,-45.1572,11.5757,0.201658,-65.813,12.1996,-68.6332,26.8988,24.963,17
319.512,-109.256,-83.8595,-31.3567,164.315,60.2773,-61.2262,-60.027,38.5405,11.7627,-30.8606,16.643,90.8692,-41
249.489,5.8851,29.5458,15.6642,370.147,-37.5018,7.432,-2.80055,52.2747,18.9373,44.0886,-22.4992,-18.7523,21
64.0184,-29.5805,9.10863,62.0497,111.586,-32.4184,-50.2373,16.6048,58.3025,-17.461,-36.5142,-1.79328,-24.2299,28
102.641,21.5835,-2.77114,-22.6541,-71.989,-32.1033,-3.41642,18.9887,10.5925,16.3237,6.89737,-27.0382,16.1013,-5
58.8841,1.3341,31.7439,22.081,-16.1422,21.5536,21.123,25.5436,53.8534,45.0154,-16.0828,-38.1053,-4.61377,20
-171.363,-142.342,11.6254,55.8082,-157.806,90.1676,198.767,20.2012,-64.0121,-35.27,13.8852,-195.456,155.384,115
245.691,34.1757,-48.0067,-42.1872,-80.8494,-24.4306,-46.1366,31.5532,-54.2825,35.8279,-61.6487,-6.66856,65.7928,-97
235.799,132.768,-26.1885,45.3074,65.1982,-114.374,-137.543,1.76783,-215.985,-30.264,-99.4724,24.9288,73.3158,103
114.574,-38.1729,-6.92572,25.0897,242.198,3.25753,38.0405,14.7957,48.6773,20.1143,0.836638,-12.6351,28.1898,23
-107.81,-92.3304,-8.05231,-95.9406,30.0151,26.1606,74.8548,11.8158,38.8632,77.2474,-39.4398,-107.864,74.6317,67
157.109,144.588,-4.43382,48.2417,-319.398,-30.8303,-53.1975,17.7772,-31.6629,39.27,-49.2421,12.7486,-27.274,-28
135.747,10.1726,-11.8287,94.2172,111.663,-37.3737,-5.98995,-14.3267,-12.6984,15.2683,-31.4992,-13.0442,40.9385,-13
170.127,-24.1338,-18.175,-5.51747,209.429,-86.0861,-32.0872,23.298,-11.5752,19.0053,-10.6407,29.6714,11.169,-28
359.995,132.065,-0.262799,139.692,261.59,74.249,-100.559,-84.9311,28.9014,129.209,37.9796,-55.7228,1.0093,-27
-189.124,114.661,-81.152,49.4252,218.105,-147.919,-242.031,61.8303,-26.1188,21.766,65.0108,204.018,39.0566,-153
173.684,-37.8522,-50.7276,20.6384,232.858,6.35475,-14.0457,-36.9928,50.1647,8.79608,15.9209,11.4499,27.6143,-28
-33.031,-30.1003,-9.88857,17.5441,64.1139,-4.0094,19.7841,-23.6469,5.57876,-12.099,1.40413,14.3769,5.0679,5
-178.648,149.57,116.244,76.5662,-154.884,-95.1118,-44.4294,98.4444,95.7089,132.156,-1.93895,-19.4243,26.2468,-10
248.784,110.611,-64.0437,105.311,-14.424,-38.1514,-129.53,24.4547,-70.4552,-60.7053,-106.344,34.8549,-39.8091,106
1.39472,18.2462,-12.3345,86.4175,30.1528,-37.9373,-35.7571,-1.11416,-57.9333,-13.6645,-13.3447,-13.6087,-6.79807,-16
-7.44378,137.319,10.0183,110.066,-205.062,-68.6357,-11.9592,22.1733,13.9466,37.1066,-9.38195,-24.8095,-39.4326,-46
154.53,-8.67046,-70.4257,-53.7349,-69.0004,9.22293,-12.6232,-57.1446,-16.1144,22.0759,26.4843,6.87577,6.69713,9
178.259,-21.4616,-18.3054,20.0049,15.8197,6.06696,5.50372,-19.2497,-93.897,-21.546,-21.5726,-8.04468,12.6223,57
165.176,-24.4474,13.3023,15.3907,247.069,-18.3662,-4.15795,7.79931,-71.1548,-25.1538,-18.734,15.6191,20.272,61
-9.08894,62.0837,-5.33714,1.37523,-313.026,-1.20115,12.0031,37.6054,-48.1074,22.4016,-12.406,8.62476,-31.098,18
-138.069,189.534,-3.60239,129.58,-501.804,-57.7405,-60.3204,15.8873,-91.7608,53.8086,72.3197,16.619,-99.4243,-86
332.96,-57.5987,-32.3181,121.54,284.887,-18.3735,-47.3805,27.0518,110.147,-4.06732,-54.4711,-62.8886,37.9182,-11
126.619,110.355,-16.2321,54.498,-432.674,-32.1636,-80.9484,13.5345,-80.3422,21.9641,-10.6139,28.9547,15.1264,-3
368.645,5.36099,21.9539,-23.1249,90.9102,-60.8752,-38.4004,48.0138,-48.2275,-0.523524,-32.2505,-4.20045,-27.9208,34
21.5554,-10.9082,-5.02223,-38.082,-3.69169,-14.4802,-27.1948,19.765,-44.2385,-11.2295,9.71971,-19.5193,8.42119,-9
381.85,-28.2061,-52.1649,-1.44496,193.481,-45.9396,-41.3573,-64.3404,-81.1286,-51.4606,-14.7676,33.2189,38.6321,85
-168.506,98.719,53.6234,115.159,-186.093,-29.8637,3.56964,35.2328,23.8108,83.653,-18.6222,19.3758,12.3193,-62
3.57265,20.3954,48.8274,61.2638,-193.482,-76.4887,4.18438,35.5079,126.635,77.1136,-19.9467,-0.612506,-27.3517,28
182.218,29.5878,-56.7211,29.5264,-128.013,-24.71,-20.6316,-47.343,83.4964,19.0343,-18.6466,-10.6116,105.031,-49
-34.0247,-38.3251,143.448,73.2944,22.2842,-60.7771,-186.074,70.6393,-188.003,17.0488,-103.209,25.1569,2.10353,134
-37.0133,34.6708,34.2301,-42.9286,10.9391,-25.4452,-10.4642,24.3428,16.5735,50.82,28.5809,-13.9085,52.553,-31
498.814,99.2336,-25.0663,121.473,-12.0754,-80.6013,-83.8769,36.4354,-150.783,45.018,-62.1592,-40.4822,-50.5697,19
-141.078,23.524,38.0787,27.6834,-235.207,-8.95442,37.214,19.8139,11.834,18.7308,8.05358,0.981787,5.42725,-17
132.848,-28.3719,107.554,169.064,231.132,-124.5,-45.4703,66.5889,-1.92695,29.1238,-67.255,46.1784,59.8617,-62
-76.9201,112.652,22.318,61.7866,-51.4388,-27.4694,-28.752,81.3962,37.5599,-10.4725,-30.6438,-9.22484,2.59098,-21
-72.915,4.36402,13.7523,36.1822,101.62,-37.9592,-2.56589,18.7051,14.9652,-4.02421,-17.1708,1.57274,-20.1101,33
498.972,138.676,60.5737,176.324,-137.636,59.5273,-162.546,130.104,-198.595,-148.876,-324.924,-176.184,85.1113,111
93.1908,-84.8676,-46.0715,-77.5411,7.15197,-63.2601,-52.4071,40.1914,-23.5005,-114.645,-0.163619,-39.8479,5.60112,67
258.537,-65.161,-10.8062,-37.6217,199.807,-45.6126,-22.8669,-17.4325,0.317218,-16.8822,-21.1289,23.8119,-9.86446,101
64.534,-7.67589,5.07735,9.25529,39.0475,-3.32055,9.57434,7.33835,1.50337,3.6997,-1.93029,1.01192,6.12713,6
26.1995,-24.0905,15.5871,-37.104,200.088,11.1119,18.7187,9.86442,64.0348,-4.84744,7.47765,-31.2885,21.1289,17
39.1142,159.143,1.75218,88.4179,-249.194,-12.6845,-55.4926,62.6384,-154.217,42.5334,-51.3748,-23.5115,18.6752,-40
206.148,18.7293,61.7157,103.528,415.076,-49.898,-69.8799,39.8859,119.655,-28.5481,-22.7901,-91.4035,23.0998,14
197.478,-27.2031,-3.00728,44.2722,5.64468,34.8841,-6.70934,-0.365633,-36.3366,28.5091,-24.4613,-7.44355,32.3359,33
-248.714,46.0758,53.5297,117.451,288.089,-30.291,22.2865,-50.3602,44.8227,97.2355,55.725,48.431,-1.57732,-78
132.978,-7.87842,-5.93884,74.9547,119.268,-43.1601,-50.8398,-21.8468,-47.2503,-47.9336,4.89047,59.9459,-60.4768,-12
287.921,-23.2949,-57.2029,10.6206,85.5478,-32.7931,-55.8194,-88.8672,-121.94,-51.1243,8.95068,-12.2341,34.0182,88
124.596,6.77766,-32.6777,-12.1177,266.703,-53.103,-19.954,7.21102,-53.6601,-21.7266,-19.1388,-16.2784,19.3449,10
-8.78074,-130.648,-24.7112,184.986,117.856,61.7362,18.5754,93.6872,16.084,61.3898,-99.723,-50.1746,122.795,-41
73.9701,26.0047,-3.39193,-27.0449,359.309,-37.9717,-15.7753,17.9875,75.2724,-25.7986,0.715557,-1.12567,-14.9819,33
294.055,-17.2373,1.15558,66.4143,99.6686,-29.6654,-71.7455,-23.9913,-153.421,-76.5346,-30.3714,36.1043,30.5452,58
-234.788,40.1882,27.035,-16.9424,-2.69838,-44.0704,-28.3076,71.922,111.318,10.8934,-30.8943,14.3433,-9.83688,12
220.809,108.612,-13.1694,-49.6482,-80.1094,-16.1617,-115.13,-18.3789,-109.494,12.8232,-37.6334,-3.04388,25.6666,-10
-7.69986,11.2905,-13.0958,151.539,-383.321,-6.04281,32.767,-12.2171,66.0853,5.11641,-104.045,-30.256,76.0854,-17
180.887,41.3225,52.8939,53.5887,1.41246,-28.13,-75.3031,112.887,10.7332,47.8841,-56.2345,-45.9596,77.8323,-100
212.842,-48.6655,-9.8075,-43.74,46.7698,10.3986,-7.1254,-16.806,15.0175,-6.44525,-3.33882,-13.3032,16.2572,10
210.805,15.2513,-195.498,152.764,202.596,-70.7536,-54.981,-216.136,122.813,80.8435,60.2764,39.1431,193.39,-19
276.004,216.158,-62.0611,-193.618,-242.117,-164.066,-136.629,22.25,6.23371,84.558,36.9869,-65.6368,125.241,-267
-64.2572,64.3584,3.16062,7.0461,-79.8673,-40.7606,-61.7613,1.40439,27.6644,18.036,5.88015,20.6681,8.95786,-40
293.273,89.73,-26.5107,-26.7109,-177.9,-30.0563,-93.0827,-72.2701,-100.942,-22.8153,71.2406,27.2477,-72.4953,-5
-78.8214,5.93379,21.5705,-32.2049,183.16,-17.128,8.25453,13.8323,69.0018,21.6887,15.4947,-12.8671,30.0188,-24
283.185,3.4642,5.13792,28.4353,82.7874,-40.9282,4.9268,30.8752,-52.4588,23.2353,-3.02885,12.0944,37.8493,22
87.1222,21.5886,-33.7379,38.5982,-126.656,-21.0924,-44.5162,2.33394,4.90573,3.96598,-22.8663,6.54844,5.26173,-26
422.702,-67.0397,-77.5741,6.35281,235.705,-43.3854,-9.96152,-60.4459,-31.8673,-4.07661,32.3725,40.9055,49.3628,23
0.54617,20.615,9.21564,43.3799,86.9477,-83.9343,0.715764,26.8222,231.474,51.9099,-2.77277,-4.17833,80.1919,-65
-78.4497,-6.02938,-14.0028,-12.9701,-62.0124,5.64307,21.9013,-22.6545,45.9161,-0.675848,-17.0291,-0.786191,32.1931,-17
76.8845,155.87,-46.3249,217.803,-62.8614,-103.065,-246.401,-48.3659,51.0825,7.01077,-34.2952,1.78253,-28.4603,-38
-11.2613,-129.478,87.1621,62.7199,309.941,-4.83402,-54.4953,10.8816,36.0826,45.7464,-37.5185,-0.523251,29.2183,-53
201.478,-39.4021,-45.8559,10.3445,37.8236,-24.938,-35.0615,9.94945,8.17411,-11.5972,-28.7546,-24.0508,23.3317,-27
45.6364,-32.3766,-25.2049,158.403,131.119,-17.3666,-50.5218,1.15551,95.3375,-28.1244,-82.7028,-49.2727,-27.3443,46
138.073,176.77,-14.6336,-87.096,-353.548,-41.3514,-53.2175,0.0550953,9.05437,69.5343,-51.3474,-63.5928,70.5136,-17
318.976,9.35784,26.3391,-6.30256,-152.508,-18.9164,55.1907,24.6267,-47.5675,41.3958,-14.768,-37.0631,8.22165,105
390.733,-166.73,-1.72722,77.9964,4.3104,-35.4762,-6.54768,-0.441892,142.449,17.9768,-13.0451,-72.6804,28.1654,59
545.683,-65.2826,-49.6475,42.0531,197.324,-49.3533,-110.203,2.13957,-92.0551,46.1711,-22.4749,-23.0396,68.1257,-71
-72.4687,56.4759,-12.9326,2.12561,-383.419,-23.5587,-24.5124,41.6748,-35.0211,-6.47989,23.5484,10.9736,-44.6237,-2
147.091,-7.84061,18.5858,32.124,285.095,17.265,-33.8448,17.7359,34.7174,38.2106,-15.3048,-14.5559,16.7969,-14
167.223,-37.8191,6.65152,-34.7553,-104.071,-27.2013,4.58427,48.8586,-51.0843,4.59418,-35.7037,18.7086,5.32943,23
175.819,21.0646,-24.9682,-13.9403,-76.8228,36.7647,-24.4621,12.7698,-97.1922,26.4989,-44.9369,-13.8655,-2.54206,58
75.8054,-36.9331,-17.1546,-61.7709,-291.296,-23.7179,13.7858,36.3045,18.4281,-25.6213,-15.2187,-4.62132,15.4997,56
52.0216,5.22525,25.1048,15.9534,106.961,-26.9088,-4.44884,8.81432,-5.14412,13.7262,16.0776,9.52657,-3.14611,2
13.1556,9.7024,24.5498,2.87713,176.661,-7.92408,-19.5573,-0.838133,-14.7488,3.31035,12.2788,-16.1708,-1.23594,8
3.74738,-25.8432,0.355687,11.6698,59.5096,-45.9002,-32.7047,-11.4942,-0.739177,-22.0033,-3.36227,7.56975,-7.51847,35
277.581,77.363,13.6901,34.4208,86.0211,-68.6631,-58.606,77.0254,86.2423,-22.0122,-46.5806,-71.6755,-2.95244,36
94.8957,5.63591,5.76583,26.2371,107.82,12.031,-7.78731,1.47884,1.26182,-0.291766,-4.06277,-14.9688,6.41807,5
-225.826,217.051,35.8931,131.067,-682.685,-154.71,-75.8945,9.71964,200.976,120.772,101.152,40.9687,-183.814,-96
6.9844,30.221,0.879109,82.9518,-7.91867,18.623,-13.2023,-8.43672,39.5731,24.4581,-12.0109,-9.94355,-4.55501,-12
288.268,15.8641,-34.2717,211.586,113.958,-132.317,-167.177,31.0647,-196.025,-13.2541,-91.674,-14.9864,-78.2728,-27
389.53,61.5145,8.8695,89.0138,73.382,13.0092,-64.1462,-18.9193,-118.744,-9.75078,-0.969946,-33.2736,13.2662,41
588.648,-58.4437,-123.024,78.9443,156.153,-69.6346,-88.8958,-49.8866,-95.1368,-63.2579,-108.836,4.14522,100.191,-9
612.95,-55.2816,-107.738,-174.408,163.12,41.0917,2.58565,37.287,99.4258,-127.604,-30.4636,-58.1578,-36.8312,115
-104.975,-24.8015,34.7343,-18.9348,339.059,-13.8809,15.1041,7.6672,76.5618,10.025,5.2163,15.8719,17.96,-22
-32.1508,-27.0669,5.47295,-36.7306,141.684,-3.76841,-13.5265,-23.1277,28.4372,3.537,24.9226,14.8861,36.5654,-13
-6.3776,100.126,47.7016,91.3247,-130.712,-55.9916,-52.2692,49.1715,4.80003,5.43426,-22.9694,-19.9449,-42.5956,3
-6.86059,27.2109,-2.64011,32.7352,58.7248,-35.4199,-38.0708,17.0385,-8.41176,-25.1073,-24.404,-2.26199,-13.0559,6
77.2037,3.69591,8.09132,-0.0837333,378.964,-23.2812,23.0929,-16.0944,45.6422,35.0442,23.3768,-14.9514,-4.70748,-7
300.531,-25.3242,2.66804,20.6616,375.323,10.1207,16.4959,30.1383,91.6069,-5.25248,-29.4902,-49.4752,15.0256,-6
-57.8147,151.311,4.91889,76.3192,58.76,42.4491,-40.8707,-41.5768,33.5421,106.889,54.7948,-15.7751,-16.0926,-36
488.856,19.7829,-29.1482,167.224,257.999,21.8996,-62.0527,-57.1809,14.1459,-38.0011,-87.3327,-18.7796,26.9105,42
59.8019,-10.4544,-9.39525,0.752369,179.791,-6.22173,-16.8381,-10.5927,-0.794702,-8.96721,7.55709,3.19148,-11.3862,-10
185.423,-0.76532,-33.8199,-9.36412,-32.5284,-5.53993,-42.4049,-42.5568,0.885176,3.20953,10.6463,2.73109,17.5905,15
16.4595,177.233,17.8126,32.2503,-389.008,-6.50498,-48.5988,28.8993,-132.694,68.1444,-16.7787,0.436875,-8.81209,-4
592.858,22.2717,-75.0335,148.308,346.693,-110.931,-45.3852,-42.1469,78.6917,-129.917,-73.3415,-66.4031,2.2396,44
533.54,-20.3114,-125.643,71.4352,308.677,22.4498,-51.6976,-57.6429,114.741,8.16673,-37.9155,-103.487,67.0592,-62
410.325,-76.1233,-13.4807,-96.8333,6.5462,10.84,14.0687,-1.70387,24.7482,-70.5667,-27.4518,18.1129,-15.4765,42
218.145,37.0187,-13.4696,186.37,-156.691,109.545,-70.3627,0.404577,-27.036,25.8383,-103.297,-52.7381,67.3523,-29
15.4824,-16.2803,0.539984,-11.9642,88.3773,-9.24977,-0.319175,-8.11606,12.0918,-1.67178,13.8961,0.534402,3.08833,8
316.777,-14.1655,-43.839,-53.6156,613.662,-11.3102,-25.5043,-5.10254,66.4805,-54.8483,-32.3219,-35.4611,40.311,-28
107.218,84.0672,58.0508,46.9138,2.71466,-37.7066,10.9939,82.7574,10.8776,33.2981,17.7088,-47.9921,32.3789,15
325.06,-31.6817,-10.4154,-34.022,331.871,-62.2938,-5.37477,53.3933,-41.6108,13.6882,6.25598,-32.3468,32.636,10
-294.25,105.29,46.8234,-26.5702,-471.295,-54.2971,-120.785,50.8896,2.75905,77.7787,-29.138,37.6269,46.9991,-135
111.134,39.9246,-19.6013,38.7229,-2.10938,-2.08083,-56.3809,-9.71146,-94.8502,21.3316,-0.340719,-5.34155,-24.8714,2
-151.166,-49.1269,-28.1771,-4.41332,204.823,-23.9825,37.1381,-23.912,91.8363,-5.09435,-12.9316,-6.56536,33.6264,-41
188.54,-3.10243,-9.29127,-18.1075,204.372,8.68771,15.5467,-15.7416,38.7021,-12.0813,-24.749,-32.3805,31.577,21
107.677,97.1856,-64.9538,-58.0702,25.1089,-68.3389,-114.038,-68.0398,-13.9386,-37.2642,98.1442,128.729,-108.444,-30
92.0791,-25.7585,-91.5392,57.9285,-64.9194,-62.5618,-100.625,53.6883,-103.842,-50.3765,-92.5164,-0.314789,-54.5257,19
102.613,44.3102,7.97197,187.526,169.01,-43.3133,-50.7106,23.8063,28.221,12.0058,-52.5022,-35.4384,33.206,-27
20.4106,1.74259,2.57556,50.0193,-4.47634,-15.1993,2.50972,9.12302,-3.75034,0.0837495,-29.9475,3.38998,9.39611,4
237.141,0.394386,-28.9553,-3.45876,150.131,-4.5236,-3.52378,-13.4401,64.409,15.7594,-5.31322,-9.30344,19.3825,6
-43.7153,-22.2882,10.6683,23.7292,312.393,-47.6167,81.2368,-9.95118,165.862,-0.267283,-20.2878,-24.9922,54.419,-44
-53.4463,8.7578,18.6725,-13.5251,43.6225,-47.151,-28.596,38.531,66.2325,-20.0533,15.6727,-9.37941,-12.6251,30
556.162,-9.27358,-105.176,150.28,275.746,-123.294,-133.42,-75.2904,-145.918,-61.1656,-15.4339,48.5609,61.6278,66
227.374,-32.9812,-19.0871,4.03273,274.095,-23.292,-29.7076,20.184,18.3478,-1.51101,-38.3685,-25.3152,3.06541,21
-176.942,4.78213,-17.344,23.7002,-322.792,3.79335,36.5169,4.7317,-11.5416,-10.6525,5.37264,-2.32034,19.2859,-31
143.283,70.3525,-21.2454,-11.7722,243.301,8.90288,-47.6674,-38.4885,62.1736,27.609,4.25313,-13.8657,35.9179,-18
1.28558,26.9433,-2.45501,18.0669,-531.686,-16.0037,-36.4572,58.3068,-44.8519,5.58518,28.6831,-17.1248,-37.355,-52
26.1187,46.443,-3.20372,40.3857,-48.7359,-3.17498,-26.4235,-8.38072,-13.372,20.2547,10.4209,8.18361,4.63063,-24
252.879,-20.946,-14.9451,94.5971,279.786,-94.2007,-13.9278,30.2001,28.3015,7.84817,-37.0535,22.7932,45.5138,61
22.4003,105.736,12.494,-42.8694,74.0509,18.8801,21.2337,103.84,129.811,22.1978,-63.2183,-35.0154,80.3485,-66
326.631,2.13833,-27.3078,1.37612,309.068,-22.6072,-20.5013,-30.8932,-3.4674,-29.8065,6.96727,-8.7126,31.6012,6
298.902,-37.2255,17.8464,128.46,-53.1771,-16.1741,-37.6668,66.105,68.2813,54.1924,-90.5415,8.19471,101.738,-106
253.099,20.2879,63.1183,-128.243,-440.979,-49.5404,41.3172,55.1285,56.017,27.8731,-26.2273,-84.1839,119.615,1
64.8312,138.177,-13.0665,45.3038,117.595,-49.6309,-47.2256,-31.3783,51.2827,84.6839,58.0772,-11.8644,-21.6041,-18
165.033,-84.0534,30.322,2.18624,490.661,2.52612,2.10597,-52.254,-36.0979,-0.101485,25.0614,16.3643,13.4201,3
467.535,2.72128,9.0052,-5.26902,444.107,-17.1264,7.5211,-11.4501,-40.5441,-6.76857,2.47993,-2.86088,10.2456,57
265.524,-26.8762,-6.0189,-21.8839,254.354,-23.4953,110.138,-0.941019,80.8632,39.2312,-47.3042,-5.47819,119.34,-7
31.047,-69.5789,-4.33134,19.151,454.963,13.373,1.45802,20.6473,47.1057,-9.88085,-71.3917,-10.6004,16.5955,5
136.127,61.4114,8.18142,-35.5926,-56.9521,-71.2863,-101.229,-3.91514,-140.243,84.6679,82.343,21.6191,-4.38754,-58
-308.802,3.79584,53.2909,119.442,-131.088,-68.6756,-62.1888,77.0301,-65.956,-30.187,-40.6923,26.3015,-13.3909,-23
55.6757,-27.8409,13.7741,9.6558,12.9085,-7.57725,16.1133,-19.1127,55.9566,19.2628,36.1722,12.4756,-4.59345,-10
-266.012,2.3157,51.624,-121.497,-71.0222,-54.1588,-61.4817,12.4415,106.236,36.259,54.3208,-21.5288,57.8751,-5
360.349,73.1745,44.692,150.448,119.916,-22.3665,-44.6861,60.3427,40.8446,74.7934,-50.3537,-89.9231,41.176,-52
221.659,-47.7463,-20.763,-8.7775,292.858,-30.0344,-60.7581,-44.6929,-50.9651,-37.4563,43.0847,22.7065,16.9814,2
347.772,243.943,22.8524,29.3245,-187.08,-48.8513,-149.122,45.2316,-140.395,39.4065,67.8269,37.096,-117.388,-32
-25.8081,-41.1516,-34.5209,88.1897,239.787,-37.5251,-62.4641,-25.9517,-61.9854,-17.8696,-39.4522,18.2043,-21.0293,14
87.7854,138.07,37.6523,193.737,-217.172,26.2909,-77.7249,-0.636179,-24.0797,49.6865,-4.04213,-60.7559,-65.4497,-22
234.834,-43.0438,-31.4696,76.104,443.405,-2.81186,-31.9316,-29.5924,-10.5749,-16.0665,-19.7616,-32.9,-12.4939,6
121.714,28.3472,-4.62075,8.9742,-63.3266,-9.64623,-2.23399,17.8001,-56.4505,-0.250123,-26.0838,1.79263,4.0059,18
87.4641,112.66,25.5862,290.097,477.063,-86.0749,-172.273,-11.6805,-130.203,-41.7193,-49.0199,-15.083,-4.63485,-18
1.5647,62.9372,-8.39399,-65.618,-119.148,-8.32532,-12.2686,-6.76178,-10.5449,40.99,25.2196,-5.54433,-8.95961,30
-5.75176,-15.1981,6.85998,-15.9245,166.588,1.60259,-15.8356,-9.23632,15.1561,9.09406,28.1071,-2.77694,8.22773,-5
214.593,-30.8217,-47.367,45.6723,525.247,-74.6743,-43.1308,31.6979,52.7411,-97.0732,-38.0815,-12.2682,-13.2941,73
360.52,-65.3687,-0.347109,13.7889,153.242,-47.5676,26.957,82.426,79.3537,36.1969,-41.4221,2.75934,38.3486,41
48.9209,-309.214,-37.5331,-252.819,245.984,-47.8014,-14.7322,-145.018,6.13187,-31.5673,32.7573,-21.2149,79.8094,-7
511.077,164.638,-15.8291,188.403,16.6517,-11.4727,-173.879,-56.3518,-328.368,-71.9488,-64.3666,51.666,27.5706,35
158.015,-10.3128,32.5314,32.2747,1.38374,-52.944,97.713,90.4873,-69.0907,-24.4985,-54.8532,-4.05247,77.8875,64
-58.7596,86.5158,-11.4338,-109.339,-658.949,-173.97,35.5646,128.806,-72.9564,24.5533,-30.0555,-99.4675,28.9299,-98
210.764,-31.9725,-83.797,21.6409,-121.142,-1.68779,-39.5654,-57.36,-5.04052,-8.91672,-46.4072,-10.6068,53.6028,-10
-29.0622,13.713,20.3993,4.96652,40.0177,-65.8661,-78.3893,99.3833,215.861,9.24624,27.136,-3.50107,-50.5155,16
100.293,-24.9144,-7.64316,-33.2059,294.003,3.02629,23.4649,-8.01395,-2.66882,13.3787,19.712,7.18801,39.1229,5
235.791,53.9827,11.462,-59.2468,82.4956,-1.29757,35.3707,8.40535,34.0808,40.9549,18.5065,-31.1518,37.3988,-27
293.355,-37.9941,-48.5773,254.022,-42.1195,-94.8706,-66.693,-86.4955,-95.5189,-113.29,-63.0941,71.3314,-11.2997,15
-122.05,63.0033,10.7791,-65.5818,-365.671,-23.7787,44.5867,96.4118,61.0949,14.5372,23.73,-26.1397,-39.1187,52
162.298,-40.9603,-80.6951,-109.971,23.4116,-26.3633,-91.9872,-7.13998,-76.2795,-30.4178,-16.7625,-43.2259,46.0124,-17
308.406,41.0806,18.8653,55.9272,80.4932,-86.1836,-36.9693,85.1849,-48.4693,-14.5576,-5.75251,-17.1741,-10.274,5
-11.4378,-53.2156,-24.4254,3.10928,137.753,7.11795,4.141,-21.8974,40.7929,5.11811,-19.0715,0.605765,20.0453,-11
397.204,45.7106,-44.448,123.742,306.615,-32.9304,-83.0907,-33.3553,-102.445,-0.240099,23.8035,7.31811,-62.7408,-14
207.092,-21.5543,54.2684,21.895,439.875,-128.769,122.619,70.0402,158.35,83.4746,-63.8033,-22.2196,120.979,36
341.803,73.0183,29.3512,90.3535,167.888,-56.4251,49.9692,124.61,62.3093,62.7058,-61.117,-61.1474,55.7986,-23
355.432,142.102,13.3444,62.6329,-209.248,-1.17418,-40.8814,76.1042,-63.294,47.9134,-68.279,-45.6702,110.203,-11
-91.4394,-37.7043,-14.844,-20.4055,-101.588,-27.0146,2.13338,14.587,120.253,5.96992,4.75971,0.143364,26.2814,-40
140.576,-28.6864,-2.71548,-65.0312,366.072,7.47402,9.24236,-21.2226,38.6435,-11.8147,19.1766,2.66772,26.6658,15
-127.305,1.2035,26.2076,30.8665,65.6842,-21.2674,-0.427095,3.00059,-19.0181,-14.0384,20.0709,26.156,7.61354,-17
184.693,124.226,7.95365,23.4325,310.262,-55.6584,-91.9985,-11.8583,-19.5856,15.9299,69.3598,29.0457,-15.1775,11
79.5412,-19.3725,-51.7891,-95.3257,-93.6062,-34.7337,46.7629,-51.7223,49.9764,19.1157,-37.2845,-40.4296,38.0708,1
233.901,-31.0203,27.6175,-33.7322,210.271,16.9661,109.666,-10.0533,113.897,65.4968,-36.0736,-82.6197,120.785,-1
373.176,49.6391,111.61,-318.92,269.794,-60.1669,3.40245,95.9663,-112.337,201.404,127.72,-196.009,192.353,-27
311.078,27.3365,-21.2627,103.662,-49.8306,-55.4139,-70.0418,10.2387,-124.893,27.4235,-10.7375,47.9652,16.0282,-5
-73.6541,51.6517,34.7231,80.7044,505.452,-58.6265,-102.977,-28.5,38.51,-13.95,85.6125,33.2207,-81.0515,22
106.3,3.99716,14.5051,30.2971,157.871,-27.591,-14.1902,2.76161,-42.187,-12.8791,-12.986,8.40376,8.88698,15
228.77,103.597,13.4034,63.1149,-29.4554,48.6199,37.8969,106.582,-80.5581,59.8259,-100.892,-65.0379,43.2518,6
191.109,58.5032,10.1632,77.5245,-133.074,35.8116,62.7229,131.048,-76.4501,31.1899,-150.269,-102.612,16.5399,81
-82.3564,7.88625,97.8175,101.44,219.345,-100.561,-44.0024,25.4929,17.9422,17.9155,-3.17561,45.8065,-69.9458,20
97.8541,121.762,34.1125,50.4988,-1.39709,-29.2633,-73.7347,-11.4284,-77.2223,40.673,26.526,4.63571,-42.269,-10
258.965,-55.9422,-35.8916,27.9546,-49.3778,-12.7811,-65.308,-32.8506,63.0363,-41.6169,-33.5463,-49.5542,36.0034,-70
67.672,-71.775,-26.1181,-35.6698,48.8004,-0.904128,23.735,-19.7537,1.92026,-12.0712,-4.93411,-36.7069,25.2119,-9
338.699,64.7771,-59.0617,-10.1544,73.5173,-32.8322,-180.417,42.6222,-248.193,-7.56316,-88.0184,-58.4314,-8.62494,20
308.978,57.1225,-22.3456,0.495941,135.828,-51.69,-28.6378,106.144,128.788,-61.1456,-110.433,-57.2224,18.4194,73
-21.9602,32.9583,-1.34413,13.6246,65.6311,-48.6699,-15.4141,5.335,8.85206,30.2322,29.6499,4.77386,4.07581,-29
190.994,-37.6511,-0.769258,-18.8469,414.682,-17.9398,22.7792,7.03677,33.6271,-13.789,-7.52423,-11.0418,22.5378,21
89.0997,-54.2151,54.4461,53.949,186.575,-68.1372,42.9803,52.1657,50.6169,-26.6244,-65.2647,-12.732,-9.11238,144
88.3268,-34.2561,-15.9857,-29.8046,282.875,-3.0538,38.9454,-10.4285,16.4461,-4.48026,0.656383,-6.20797,31.9205,8
530.929,10.4291,24.8011,-6.79877,77.9149,-35.9435,-13.1403,-5.90217,-62.765,39.4053,-4.99043,-10.2103,-32.5487,51
293.382,138.931,21.4638,195.337,-150.836,-43.0682,-110.568,40.0616,-113.937,51.8397,-4.41742,1.40303,-40.3278,-123
-35.8476,-6.73971,20.4219,148.848,451.927,-9.98073,-104.734,33.0136,216.967,-22.1722,-115.775,-151.64,-0.0685848,8
303.275,-44.5635,-64.7433,95.7268,91.0768,-43.0697,-142.925,-8.26132,-16.1604,-68.6403,-90.2116,-124.558,-77.1545,60
-61.3703,-51.2521,19.2213,49.4784,444.448,-4.26531,64.2367,-12.2394,34.1441,-8.2921,-35.3094,-34.8767,29.6146,6
80.828,-2.90972,38.9316,17.0641,534.109,-65.9896,-17.8679,50.5654,-23.567,-0.766326,-4.89141,-20.5932,63.4547,-37
249.552,-18.6342,-41.4333,-77.1673,254.529,-12.3138,-17.71,-23.9502,-54.0589,-7.99724,19.0105,15.0727,16.7864,26
563.805,34.7812,17.1831,312.771,382.821,-16.8996,-147.036,18.8686,-129.753,28.9578,-180.68,-109.128,60.8493,-43
74.0073,40.5217,-0.594155,44.304,90.5347,1.77912,-36.3887,-28.0018,-65.6165,26.1051,18.711,-10.2887,-27.6403,-12
173.253,41.6016,10.1866,73.9747,95.4869,-6.24106,-37.1495,18.4763,-57.1076,33.9262,24.7016,18.6994,2.3339,-12
3.72859,153.041,-2.04446,19.8132,-335.001,-22.9609,-52.3618,25.1789,75.1583,31.0671,89.4892,-49.1918,-63.4392,53
210.13,-14.4071,-28.0362,13.0959,245.91,-15.2397,4.65818,-8.35422,51.4534,1.43142,15.5694,-47.8752,47.153,-2
-141.403,81.7739,21.7803,39.1728,-14.7201,-56.9842,-31.8847,-19.5493,28.9502,60.3866,30.3438,20.1723,4.83464,3
-19.6564,-61.7349,-67.3402,20.3531,-11.6004,-20.8105,-27.5881,14.0398,141.39,22.5334,-35.179,40.4945,56.1864,-64
181.49,23.1741,6.78521,83.6822,267.576,-4.04339,24.7205,56.4647,49.5587,-3.29322,-95.4594,-87.6058,70.9694,19
66.5586,82.7379,11.222,-25.5311,-406.791,-65.3275,-3.7284,-5.54287,-27.4785,34.635,40.0706,6.30395,-20.0603,-7
-158.519,-20.9152,-52.5302,17.2699,162.828,-78.096,-24.3211,23.9774,153.429,-35.0602,26.4876,20.4932,19.981,-46
-95.3021,242.675,-6.89878,30.8387,-143.331,-16.8352,-157.571,71.3678,-75.3018,16.5842,-3.2327,-24.2215,25.0394,-106
72.1857,30.3063,9.08302,-60.5974,-240.122,-4.16697,26.3861,47.8138,-0.114331,51.712,-59.3305,-36.7669,43.4446,10
78.5642,54.5554,-0.406588,32.881,-46.6621,-12.006,-15.3382,9.57595,5.87087,36.9035,10.8265,-8.8943,-1.37352,-11
142.281,34.3198,46.6562,11.2241,-84.4809,-8.99999,23.5852,45.2529,42.4079,25.0786,-16.631,-3.57285,2.03365,1
683.187,130.524,-102.321,30.0211,-290.014,4.15861,-58.4605,-99.7372,-66.0288,126.989,-104.156,-51.8106,143.528,9
-148.375,41.1313,-65.221,-65.7316,-434.362,-9.08436,14.7818,2.84976,18.3553,17.17,-37.3603,-6.59523,29.2291,-76
71.0944,55.5799,11.8717,-8.90607,-316.738,-14.8321,-35.5637,13.437,-44.0262,46.4125,-3.54891,-2.26219,-13.3777,-31
-75.7819,106.541,-28.6059,177.609,1.57849,-171.597,-215.697,28.045,-103.79,-9.77658,44.1321,3.77607,23.0432,-86
67.1282,-2.98233,-13.7108,-15.5157,-28.0882,17.5403,-5.8846,21.6597,-5.97863,-26.2905,-33.7969,-15.7786,16.0476,43
516.02,161.056,6.70663,34.0467,379.046,71.1701,-64.3508,43.6544,-106.965,-2.52089,-23.685,-76.6674,53.9046,14
46.5322,10.8185,-10.7314,17.3569,160.467,-16.4739,-24.4183,2.77945,-28.7181,-2.40825,9.86961,-5.26515,-21.7328,0
-92.3147,-28.402,-4.4675,-34.406,-149.405,-31.3056,-10.2008,17.075,-12.9852,19.5639,5.75279,-20.7264,15.1243,-56
23.9816,15.7082,11.4711,35.6683,87.5211,-9.25753,2.18988,1.55111,10.6245,8.00406,-0.846272,-8.08754,0.731476,2
209.249,13.1205,-22.996,114.79,136.705,-68.5018,-35.3169,-25.0262,-4.92286,-16.5531,-60.787,19.4126,96.1615,-29
-63.0181,46.3932,-4.00514,31.0488,6.13008,-24.2684,-19.7415,34.2184,52.9944,-26.0103,0.492826,-9.96545,-30.5192,7
-34.779,13.8597,5.43132,-16.8179,-43.9236,15.326,11.1422,11.9851,-57.2925,36.1511,10.4028,-23.796,-37.5574,29
-33.9423,8.20387,-4.92999,-6.79056,250.517,-39.2285,-32.3297,18.4857,89.2019,17.2425,21.2034,26.0792,13.1322,-26
431.486,79.6984,-29.2157,153.435,-36.4598,-120.695,-153.522,31.6839,-0.421835,-102.972,-25.7222,-79.5473,68.2613,-14
34.1926,-45.2459,-20.1416,-14.8436,102.382,7.07298,19.6274,-24.6433,7.29255,4.32375,-11.6524,-14.6746,22.9785,12
-98.5028,39.5286,25.8929,89.6512,-61.0299,-9.71535,-6.31936,56.5505,5.66471,-0.646247,-41.3767,-32.6668,8.31593,-66
-62.9681,-36.2781,-20.0173,216.878,-117.601,12.7025,-134.81,113.121,-139.349,-1.91068,-221.469,-68.6884,-30.1752,6
127.028,6.11349,8.27534,57.4001,569.96,-41.0481,-30.0364,16.1737,1.53632,-23.1286,6.60403,-15.8412,15.0261,3
478.439,145.279,59.31,90.8983,148.179,-58.9745,-117.165,128.698,-32.2618,-59.9109,-29.9367,-136.056,-34.6749,68
-9.69954,1.74045,5.6154,7.04364,44.7208,-5.05601,-6.30358,2.92705,-1.9989,0.89141,-3.35959,0.727145,9.37662,-3
546.046,-64.6186,-12.9435,30.0649,364.62,-16.3233,22.7576,40.3926,-45.527,-14.5659,-22.6644,8.07897,62.5988,78
161.424,-174.084,-90.0117,78.7162,316.76,-7.39433,-56.5789,-27.0278,30.8746,-46.1291,-98.5061,-196.647,1.0028,12
-21.7474,12.4278,119.569,-31.0515,89.0152,-66.7189,25.5168,100.028,101.971,34.9597,12.4991,-17.4197,52.4407,-11
310.194,29.9484,-23.9313,4.82801,39.7388,12.4446,-92.5083,-83.9594,-63.5703,4.43684,71.0688,-0.550525,-50.7489,10
139.867,-57.7099,14.6924,-23.7478,445.81,-62.1362,-34.4451,105.135,219.336,-78.4368,-70.0176,-122.777,-82.5039,95
-154.474,129.313,-50.9455,94.7026,-436.888,-87.3051,-64.4261,-14.7266,-104.256,17.3427,-13.9554,9.24209,-65.1955,-18
280.414,100.084,-17.7701,-93.7905,-154.2,-21.7163,-33.9069,-24.5565,-33.8705,29.9254,40.1231,33.8647,-11.7812,6
367.509,119.203,-17.9594,71.4795,-74.6691,43.575,-75.7983,-35.661,-16.8599,-19.3488,-15.5363,-63.3401,-77.827,28
0.45531,63.3433,3.62378,38.8275,-284.884,-35.0733,-20.8464,16.0826,-37.5727,3.87932,-30.8767,-8.61922,23.1684,-31
-57.3389,-70.4834,-204.063,-169.827,-153.991,11.5067,53.579,-143.247,219.416,20.3953,-11.064,53.5123,87.1118,-92
122.334,88.1479,-13.8542,76.3453,-154.486,-2.0459,-32.3304,-21.1129,32.5992,26.9049,-14.3234,-5.61811,-54.7474,-19
353.274,-33.5465,-10.2154,-33.1982,280.657,-28.0234,19.282,-9.39316,-1.61064,12.1156,1.15801,-16.863,88.6222,-11
39.1232,91.192,31.3321,171.14,165.034,-34.492,-60.6175,2.6275,7.82615,6.16465,-50.2164,-21.7786,33.1572,0
245.971,-30.5387,34.3668,117.014,384.625,-10.8455,20.0361,39.1257,134.247,14.0514,-84.6945,-88.3798,-16.962,-13
147.465,-36.5912,18.6491,-59.3462,-107.031,13.9682,4.67433,-3.3746,16.8607,31.9083,9.08893,20.6991,68.5089,-45
55.3376,56.4245,27.2233,89.9093,26.0277,6.67499,-23.6956,20.3236,11.5968,20.163,-39.8101,-33.6842,-22.2846,-2
354.536,171.898,-51.3686,6.31259,58.9726,36.4142,-154.083,-33.4561,-62.0157,21.1818,32.574,-12.3666,-53.4347,-3
30.207,104.784,-1.745,35.4417,26.5661,-3.8069,-59.0024,-35.8908,-59.8528,59.2511,89.1061,-27.9877,-18.0991,-27
367.512,129.055,48.7319,50.7843,50.6201,-35.5031,-8.27107,102.197,-154.707,73.3388,23.0437,-117.927,9.84841,-6
217.982,179.421,-92.1941,54.1512,413.611,-185.473,-102.465,122.412,20.8989,-84.2962,98.6269,-68.1618,-110.909,-26
376.174,45.0367,-63.0795,-60.7573,-26.9303,3.27806,-79.2432,-35.5087,-16.0003,7.50562,-74.3509,-17.1917,30.5967,26
77.937,-70.8739,-38.2846,15.3625,266.828,-82.0141,-54.6135,47.1011,-13.651,-63.6264,-67.9857,-36.3586,-5.89231,42
275.592,57.2703,-20.9382,19.0238,431.934,-32.9391,-29.9071,-5.21586,-64.4225,18.2433,-18.5139,-21.5529,11.5946,-17
500.329,-60.0262,47.4239,68.7359,469.456,-129.161,-101.99,-18.7724,-207.971,20.6547,26.7894,29.8729,-2.14093,50
-20.2904,2.09594,2.75104,20.211,-33.0903,-4.18784,-1.36378,6.43053,-19.9215,-3.62989,2.89452,8.39942,-3.09236,0
-17.632,67.5703,-37.5905,-172.02,-200.263,-31.0073,54.0321,143.171,-34.0779,-28.7941,-120.321,-71.0377,85.0555,86
-2.56765,-21.4245,12.0145,0.212742,184.08,-49.7877,32.793,27.8099,56.4102,5.42855,-16.5537,-13.1349,-2.84588,36
54.7492,41.1641,24.7897,-26.5349,164.291,-57.8031,-57.3489,2.4002,-59.3083,52.2622,29.2985,38.0974,10.5757,-9
116.18,-27.7755,-13.3165,48.9234,222.269,-16.5055,37.5738,18.799,118.876,-25.7519,-43.8405,-16.329,-17.6728,26
-41.429,57.1704,-3.63055,156.289,158.785,-7.15303,18.5025,-67.0331,143.705,106.403,42.6013,1.14707,76.1861,-40
55.0216,155.804,54.2836,104.131,-225.555,-14.4184,-77.0717,45.1959,-204.958,96.6264,-17.683,-29.5303,-33.7686,6
10.613,14.5786,-50.7053,128.484,-113.388,-103.402,-76.3242,17.9622,-0.77434,-63.2551,-8.17548,63.0599,24.6893,-120
52.2783,84.5769,11.2373,-32.9141,-112.754,-26.0947,23.4238,-25.5807,123.694,84.1066,-59.0948,-14.045,121.779,-69
63.5655,31.9412,7.68024,49.8581,-11.3466,22.4653,-53.5489,23.8927,-38.9943,17.5827,-29.6517,-34.6856,35.7275,-39
183.525,-29.0238,28.936,12.5952,72.1227,4.24375,-11.6178,21.5829,-10.0597,-21.9471,-14.2835,-7.67695,17.242,15
150.022,-43.4861,-36.3319,88.9224,96.592,-11.133,-76.4068,11.6953,-9.71135,-17.8156,-29.1702,-17.362,-20.0311,-19
-58.5675,15.5514,-14.172,59.7761,-105.495,-15.6161,-13.4932,32.6535,30.8914,0.156412,-9.46466,-16.5162,-49.573,9
440.982,99.5998,-18.5953,122.577,234.296,-10.6859,-166.209,84.5367,-113.02,-87.0546,-112.128,-56.8822,53.85,17
296.041,-31.9535,-23.5024,-36.3844,238.649,-33.0136,2.73238,22.9625,-39.5983,-16.5627,-0.358998,-8.30355,18.4904,7
-307.981,-55.3914,-52.8577,-59.2788,369.861,-59.1326,68.365,8.38946,185.14,2.6679,-69.7556,-24.0909,27.5698,39
-90.5629,61.2562,3.02065,55.3432,28.2062,-18.3476,42.8644,-0.0337302,-3.38118,0.188018,-104.791,25.6367,105.628,-1
218.295,-1.81274,-29.5895,122.732,-41.0738,-45.9996,-64.6102,30.797,-59.3527,-53.787,-73.6518,-52.6835,3.19088,71
34.7763,9.24664,-4.22964,-17.4505,-16.0273,3.28962,3.38019,-0.559196,18.4733,14.4483,-3.72768,0.751813,15.4485,-5
62.0231,29.0777,-22.9451,53.5086,47.0157,-22.2483,-29.5193,-21.2961,-12.1569,-15.471,3.74532,13.8655,-15.9306,-1
238.667,-67.4398,-16.6357,-71.3178,275.116,-81.1644,32.0466,35.5407,293.064,-95.7804,-111.68,20.2309,-37.7827,53
204.575,98.832,-29.0571,72.0199,-13.3886,-54.0638,-99.2702,-11.901,-170.892,26.0792,5.62324,-28.9569,-64.7357,-10
293.092,68.5142,-84.0256,71.3844,269.711,-69.3424,-240.153,-72.5149,-147.309,-14.2569,65.306,94.6048,-39.1875,-40
152.668,80.3667,16.0744,65.5183,226.469,-52.8896,-83.7398,23.633,-15.7554,43.7369,-66.4758,-34.2045,42.8814,-10
523.22,25.9005,2.84135,-12.2912,597.541,-65.0715,11.2241,42.4651,12.5199,-41.0741,19.3143,26.156,8.09156,58
473.307,41.663,30.0961,6.94992,112.067,-88.5882,-140.629,-9.73042,-207.222,-3.81351,19.2101,66.1397,6.83214,27
195.526,55.9724,46.2959,-9.30007,-82.989,-9.61292,-78.3271,30.6107,-34.7704,33.7576,-17.1372,-37.7662,-15.0385,-20
282.589,67.0532,19.0201,-83.5241,-263.14,-23.2992,-63.5088,65.7922,-36.7206,62.5884,2.48776,8.74619,10.9608,-30
-209.882,-90.7858,50.8534,67.919,186.817,17.6664,66.2236,98.2469,-97.9566,-12.5642,-22.9788,-70.1399,36.8432,104
118.542,184.898,-70.4079,132.732,-202.981,-108.947,-166.612,128.938,-36.3489,-115.419,-147.745,31.3482,-26.9974,-47
293.243,2.99077,-7.18112,-34.8728,362.601,34.9848,11.8721,-7.11254,-52.8547,-24.1339,-0.488839,-8.89986,10.0525,54
272.923,-95.3158,-30.5478,49.5362,167.644,-9.97391,30.7505,13.1864,-5.16793,-53.8203,-43.4923,-70.0868,77.5378,156
189.524,-81.6818,-13.2768,-15.7044,349.633,6.69801,17.1602,-34.6279,45.0925,-41.6321,79.5526,-37.8303,23.9103,70
78.4684,99.8116,55.8625,60.8448,-178.762,-29.9703,46.5333,116.984,-27.3294,78.7606,-135.551,-41.3208,156.941,-99
323.423,181.695,4.00823,87.775,68.7325,33.4716,-127.348,-24.3204,-46.4185,33.6598,24.9198,1.92879,-96.7465,4
369.376,-18.9908,-10.7454,57.5298,128.855,-14.3373,-27.6586,-4.22206,-37.6819,4.80952,-43.0563,-18.6447,39.1506,15
277.446,36.7465,-51.5995,15.1517,167.94,-37.9434,-67.5187,-32.9956,-87.8229,-17.8183,1.41575,-4.98573,41.87,28
320.572,113.594,38.8832,154.394,-59.775,10.2543,-111.799,38.3878,-54.3641,-22.291,-74.7643,-71.0087,-38.8046,20
-51.5754,56.9417,55.0662,27.266,-22.1599,-24.5919,27.5652,45.9534,-53.2955,42.692,-39.4228,1.70683,97.1621,-52
328.864,7.95601,14.0052,-65.957,147.219,-15.2604,44.9668,41.1444,-18.6376,57.3572,24.4448,-31.0205,10.0035,21
34.4584,-65.9215,-40.0993,-15.8475,-53.9741,-8.45195,-87.1909,20.5838,-33.889,31.4523,21.4352,-60.4987,-8.21545,-136
-31.0977,132.973,-70.447,-9.24606,-390.327,-75.2948,-51.6494,-6.40862,-3.05249,35.515,0.305173,43.9486,-22.4046,-109
448.705,47.2043,8.31277,-32.5204,62.3676,-30.831,-94.0881,-17.3191,-50.433,-14.5297,37.3267,11.1452,8.45543,62
59.0091,24.0493,15.446,-34.1522,44.1491,-9.5493,17.1605,35.6371,-36.68,21.7428,-21.919,-14.8333,37.8786,20
703.873,81.1729,-45.1828,125.68,153.635,-49.6038,-81.1264,6.88256,52.2328,-22.6358,-24.984,-53.5357,72.2135,-1
148.202,118.145,-25.7494,123.409,-220.402,-94.3101,-73.2774,26.3597,-4.25769,1.48778,6.30919,-57.8195,-124.339,-8
-40.3042,117.797,-52.3899,-121.817,78.0081,-93.5589,-210.594,-10.148,-120.713,-11.8659,171.774,13.6454,-78.4504,-34
-79.1761,83.2962,12.0187,53.061,-430.324,-25.4138,-44.2794,15.6135,-67.9836,21.3169,3.93658,-28.9182,-44.1353,-20
243.566,-31.8503,-11.2369,-40.6507,492.188,-8.20861,13.4974,10.1909,27.5548,-9.04565,-2.58759,2.1323,39.7751,-7
230.189,55.5395,-59.1174,9.82079,63.6814,-13.9764,-63.7214,-44.6937,-50.1317,32.2571,34.0588,1.63466,4.33567,6
528.823,131.888,41.0846,103.957,-43.1549,9.7892,4.02355,44.3989,-42.4734,82.9749,-60.2088,-51.5946,110.549,-18
150.283,-65.9982,-63.6807,-16.4472,-83.6209,-25.6521,-28.4679,-41.9813,7.27805,-17.3956,28.7074,-32.1345,-2.95741,36
122.616,-18.6513,42.976,240.297,175.432,-139.512,10.3193,16.2677,160.998,0.9792,-112.911,5.76291,-108.251,64
23.3993,62.8729,4.96882,102.708,-58.9557,-8.42319,-64.3769,-31.4998,-42.4345,17.1344,12.2915,1.51062,-90.3591,-10
162.407,11.3915,-13.3065,132.467,-20.9373,-3.75529,-105.276,21.5018,12.7874,15.5731,-50.6326,-52.2372,4.84714,-69
-66.5051,27.1329,33.2271,38.4113,496.12,-49.0988,-28.0842,-20.3867,84.7753,-43.6446,72.9089,-14.3761,71.0172,32
153.147,32.7305,6.60117,20.8961,86.9157,1.67887,-17.6297,17.9784,3.6557,-2.04181,-16.6145,-15.5458,14.4019,-6
491.567,-169.902,12.1602,51.3372,62.3343,-165.718,15.1199,22.416,93.3164,91.765,-62.6326,-47.8452,76.008,116
69.6573,-21.3891,23.9192,-24.4379,408.264,-30.0792,-24.6344,8.40176,17.0436,-14.0546,27.1693,18.6844,6.84327,22
112.25,-22.047,-21.8767,-33.3088,280.91,-13.4799,-22.0213,7.07071,-24.4185,-13.8627,24.6841,5.36885,-17.2038,-11
-318.791,103.481,88.4779,203.609,-293.262,33.8028,49.5667,58.5301,-49.3174,10.9357,4.19656,-73.8358,14.5907,-12
429.524,57.3987,-22.2006,114.159,179.892,-48.8435,-112.958,15.7223,-19.1039,-31.9768,-93.4222,-42.8599,-44.3215,33
247.718,7.32347,-8.12254,18.4867,340.633,-27.9044,10.5552,-15.3944,-28.979,2.16776,12.3409,-2.25562,32.0284,33
455.576,52.4308,-44.2451,-20.3912,151.238,-8.13134,2.66228,-46.2054,54.0835,21.3075,41.2356,-43.7294,-15.3381,22
294.647,183.582,-23.3689,60.2861,-131.126,-63.812,-79.2648,33.4528,-4.16787,-26.5265,-175.667,-15.6582,30.3463,2
346.644,110.727,-79.429,-68.0079,-68.2126,-51.9641,-55.5943,-21.3363,-16.9315,32.2345,-79.2698,63.4733,68.1744,-75
232.745,30.9717,-51.8086,141.326,249.309,-40.9281,-60.3632,-30.8163,-7.34556,-38.3801,-32.8344,-20.7059,13.7376,-12
-64.0451,-35.0943,28.2389,-5.89948,489.945,-13.194,64.4452,13.0006,9.18186,29.6572,-15.6432,-51.9606,60.1484,26
-75.0755,-6.38004,24.9268,-14.5831,184,-79.7147,-78.3037,81.6041,76.08,-47.1783,9.34939,-40.0332,-42.3277,40
86.2396,6.31568,-6.56198,14.6868,122.848,-9.32132,-15.1007,1.7188,22.3901,-14.5452,3.50364,-17.5543,-7.94234,4
297.198,39.0862,-18.7032,9.01014,-44.7637,38.0604,1.75431,-16.9475,9.4597,32.0604,8.97016,-42.3429,35.3506,5
0.0696915,-48.5623,31.9622,86.5055,50.2981,-45.3618,53.345,121.716,-25.1633,-2.14265,-94.4277,-42.4573,-6.51474,75
-162.295,73.0565,11.5114,0.854047,-77.3328,-53.6564,-68.5731,80.2791,100.9,-41.7033,1.96313,-1.40559,-49.4966,-0
222.329,34.6144,-18.3848,8.41203,-102.346,32.9788,-29.3931,8.66123,-62.4878,59.9789,-45.5972,-13.1314,56.4382,-16
-79.7554,45.2977,-52.4891,-27.3813,-437.499,-9.88768,-2.2118,2.47096,-29.032,19.1099,-9.138,-39.9883,-7.85244,-34
323.14,-114.881,-42.3347,-74.3259,-101.866,-36.7943,-49.6435,-22.3924,64.4275,-67.734,3.98015,87.5023,135.101,24
201.815,4.34385,-6.15135,56.1282,-29.8335,23.8128,-46.9753,-9.62111,-7.13182,-5.92796,-26.6591,-32.0277,-6.1869,0
112.406,15.367,-30.8234,21.0961,-157.757,-13.4012,-40.2704,-4.56141,41.0383,62.3318,-12.7208,5.17234,39.5682,-97
-377.23,7.93192,25.2358,-79.3654,20.2215,-48.0894,13.8878,16.3268,75.9942,3.61486,29.8003,-6.3672,49.8738,-19
411.909,-47.6668,-71.2513,92.7272,231.2,-97.9148,-57.5716,-7.52787,-31.2399,8.62293,-34.5106,-113.691,-51.7956,97
-57.566,142.359,41.5701,60.1682,-258.982,-16.1899,-13.7074,134.282,25.1871,-27.0476,-85.2836,-69.6434,-13.797,31
-158.585,23.344,78.6331,-5.10744,-553.46,-57.3809,-56.2089,135.738,32.2496,54.2108,-55.9517,-6.78933,-22.3937,2
30.0703,-70.9736,-20.8753,-158.96,-293.657,-30.337,81.3165,-34.0537,111.478,-28.3293,-21.7906,-24.1928,35.5478,-7
68.3213,137.07,71.1605,110.21,-410.445,-26.2438,-56.2664,61.271,-40.2843,22.897,-42.2041,-8.09312,-32.0514,-76
173.766,20.9835,19.6279,-29.8095,37.981,-36.1713,-86.9895,-81.6219,-45.8927,19.4727,115.566,48.8616,-32.3669,56
288.051,-14.6166,-83.2503,79.9681,27.1102,-79.7392,-83.8522,-80.4833,65.763,38.906,48.6198,4.36186,-7.30014,3
218.23,1.46924,-11.9653,-23.1337,265.353,-25.387,-77.6099,9.0097,-45.7506,-13.2252,15.4807,-6.15674,32.707,42
-85.3596,108.041,-1.1265,151.081,-251.303,-39.3251,-81.8256,-45.6644,-63.1036,2.07602,19.7165,19.224,-41.8169,-20
279.878,68.8566,-33.0131,100.049,-63.2228,-20.0293,-79.1301,-41.9775,14.6756,25.2189,30.4717,-5.93673,-38.2977,11
-75.7332,-18.3373,6.76176,-13.4472,246.171,-19.7147,30.0369,-7.23608,28.8608,8.13086,-7.54105,3.44479,41.4594,-29
270.013,87.3415,43.3508,-24.8465,-324.811,9.67501,25.2309,109.117,47.7798,190.969,-26.1485,-106.828,73.7504,-14
171.087,-77.2582,-87.254,7.74738,-162.408,33.4276,55.0604,-39.9738,-33.8891,101.765,-72.7755,-50.3501,83.841,-50
101.713,-32.8856,-94.5775,-68.6673,48.286,9.31863,-13.8874,-16.8208,36.2759,-30.3433,32.4223,-16.0314,27.271,-7
396.778,-7.9016,-10.4185,83.2437,422.652,-83.6918,-56.9472,39.9515,29.1063,-54.2586,-60.7365,-71.5056,-29.0315,66
134.508,-64.3663,-82.3561,-73.2457,207.789,-288.92,-46.6155,-61.7771,179.932,80.5873,1.22795,84.7741,77.3534,-39
118.796,48.7211,29.4091,77.8802,20.54,14.149,-16.4422,25.5598,1.54763,34.9369,-20.3899,-55.1929,44.7283,-26
179.857,11.3037,-14.6281,29.9583,9.63095,-10.0168,-20.2448,-3.16055,-47.4929,14.9281,-3.71975,15.1815,12.6615,7
69.789,-0.497924,-5.60187,2.01376,223.496,-44.5203,36.26,49.1313,66.0809,-25.181,-61.9504,-28.2455,4.03257,33
258.114,-63.25,-42.9235,-12.639,-237.1,7.38262,58.1428,20.4035,31.7829,-29.0206,-28.4875,4.30205,-22.9909,58
-26.9878,-1.22698,-20.1734,33.2472,273.86,-26.9009,42.7029,-19.8171,119.995,28.1063,5.22544,-1.50199,69.7697,-51
-417.756,133.572,82.2238,128.094,209.166,-68.642,26.906,-10.9602,-12.2685,4.50352,-68.9383,-52.9808,109.332,-23
-145.374,-11.0785,-0.77955,-29.2555,212.825,-24.8966,-22.8303,5.62267,113.092,-0.894094,33.9853,25.0812,3.39907,-14
275.301,13.9932,3.5493,3.84843,187.107,-25.1741,-32.3827,7.91982,3.21597,36.3719,8.80619,1.28313,58.7188,-17
92.9301,-62.1887,-54.2954,68.6523,-284.075,-19.9571,-12.5041,14.8954,48.2242,15.392,-84.4029,-16.8638,39.608,24
180.078,69.6312,12.7147,70.97,22.0201,-42.1857,-13.687,10.6324,2.75208,11.5631,-23.7222,-12.8076,31.9904,1
151.246,-1.33451,-50.9681,-33.9172,250.651,-20.3302,15.7135,39.9798,94.4029,-0.692705,-34.4546,-24.3527,-6.47456,-47
308.278,2.54946,44.6829,62.3576,300.2,-30.8672,-15.0024,-36.2034,-61.5261,-36.4146,-12.3802,10.4091,5.30751,71
116.508,77.7939,39.0854,-41.2466,-103.646,-26.7265,-27.7969,23.8186,33.8567,29.443,-1.32679,-11.261,16.7956,-1
55.3585,10.8489,-42.1159,139.302,-263.8,4.71779,-42.9853,-21.7509,96.1813,44.5478,-27.773,-65.265,-5.27443,-88
62.8848,-43.7344,4.45317,-54.1894,204.197,16.3809,57.0304,-8.63879,72.5047,11.2151,12.2046,-17.5888,50.6609,-20
27.9253,-38.7985,-11.3853,-4.37931,157.093,-9.39688,7.4991,13.0219,25.9222,9.82653,-11.3971,-12.5987,9.11311,-16
-30.4705,-3.35553,10.9262,-18.6206,-47.2416,-6.66791,4.77753,1.11807,18.2731,9.20768,4.88713,-3.36658,3.73426,-4
519.387,26.0707,-38.939,-57.3476,161.492,39.7115,-27.6467,-95.6941,-89.6373,33.5183,-35.9817,16.574,57.6974,97
217.712,-7.27306,-90.9555,56.8578,142.743,-36.0661,-68.0288,-34.3068,-81.4953,-40.233,-83.0838,-58.5122,40.6196,-7
201.622,84.9756,-7.17621,24.6425,264.012,-18.7877,-67.1442,-13.9927,1.30932,29.8076,33.2511,9.59918,21.3573,-33
33.0318,159.284,138.095,253.968,-263.068,-109.266,-270.798,30.9436,-291.749,38.2825,10.653,64.2282,-109.198,-20
89.7051,-23.1267,-50.2727,-98.9346,-260.936,-15.4627,62.9578,-13.7242,2.66897,16.0649,-37.6415,-40.6263,30.4616,-21
-215.526,-40.5523,-2.63222,65.6883,147.304,-54.2197,-31.0626,-0.682042,-20.1198,14.1145,34.5204,31.2204,-14.0788,-53
-48.6005,-3.13481,16.587,14.9109,247.279,-24.268,10.0657,29.9304,22.9949,-26.9495,-32.1945,-4.66007,33.4628,39
-241.06,-18.437,8.7986,-5.44305,-175.171,-22.2942,7.01099,24.9477,-72.844,14.1954,-5.10808,32.5636,-21.7568,-9
378.484,-39.8679,-38.4069,60.8424,305.772,2.66735,-34.7453,-50.2958,-87.4892,-17.7105,-41.6652,-35.7085,3.54816,48
-165.742,10.9305,24.2906,-6.75838,24.9957,-14.1445,-17.5125,6.42845,46.2478,2.29808,15.4442,-3.26224,26.2814,-13
75.4063,-76.6201,11.9236,48.6633,-316.447,18.8574,26.6523,69.457,-64.21,-49.6606,-74.4966,-56.262,-16.6593,107
275.016,-23.7286,-27.8637,19.3413,372.896,-14.0123,-62.5354,-19.3887,-76.0807,8.78965,14.5303,-31.9545,33.831,-19
230.397,45.3646,-28.0893,-64.321,304.948,-90.6535,-68.5193,11.1466,30.2068,-14.5174,65.2285,7.51427,-42.8814,5
-104.736,-63.0385,-46.6361,19.2119,-402.066,-155.38,-20.5156,86.8729,-39.0071,15.5581,-97.2462,-4.85234,-0.20641,51
287.786,8.28597,-63.6183,107.026,170.389,-63.4978,-36.5317,-73.8399,-13.644,-53.8084,-34.5055,-0.0117647,51.0989,41
74.7996,-9.14916,1.71778,-13.4658,127.786,-19.292,-9.85216,17.172,1.87204,-15.4246,-0.714966,3.8239,-8.3361,23
76.5547,-2.28615,-5.17474,63.8722,-186.566,20.6838,-19.8509,18.5568,-42.7626,-19.9096,-30.0017,-28.2988,32.2443,0
214.46,-73.1003,-53.2238,43.6747,607.707,-44.8638,-70.2154,38.4118,23.3109,36.9086,-92.038,-37.3164,25.0479,-10
184.061,-59.6888,-69.677,-131.043,-89.5663,26.5304,-24.0018,-29.4614,73.4866,70.3755,6.05002,-26.1415,158.018,-142
-40.2415,-8.38282,-7.61368,-5.89163,175.706,-23.9083,-4.78169,14.6973,6.62124,-11.3556,-7.39686,-2.6424,-2.65823,-1
115.745,149.9,-9.78388,-29.8419,120.809,-33.6384,-24.9152,-17.4595,144.873,28.7071,130.107,-25.723,-96.4515,-46
371.44,6.53512,-7.70298,0.0831235,448.179,-29.5634,23.098,91.496,44.8399,52.7608,-38.608,-55.2158,25.5704,50
-47.2446,8.94594,10.1485,71.0636,-9.45073,-13.3743,-61.8394,-50.1552,-70.356,-0.0486073,1.82081,59.4532,-10.1384,-4
-143.672,226.729,-23.5714,148.185,234.613,19.7797,-110.069,156.546,1.97105,-51.3937,-162.398,-86.0921,-28.0483,40
-26.6441,-33.0963,-32.1468,87.1122,54.1493,-50.7175,-89.6003,4.538,1.38233,-63.4519,-103.074,-55.8674,29.2658,84
-112.529,75.0583,-4.85583,75.4908,-191.028,-68.5464,-71.5958,82.4941,-29.0121,-31.831,-19.0035,14.773,-86.0401,60
220.435,-55.2054,20.9899,48.0105,177.772,-56.382,-93.6822,60.1421,-168.082,39.919,-25.9489,-69.3318,-1.62008,-38
215.435,-23.9766,-31.3433,7.9404,63.109,-26.6635,-36.7818,6.20409,-75.2093,-40.859,-29.8301,6.40601,18.3394,11
186.338,-70.1595,-9.7055,11.1975,-53.2149,12.5371,-15.1702,-42.8184,-18.2086,-16.8904,-15.1939,-13.3986,-11.432,13
-24.365,10.6014,63.8051,11.2374,-30.9815,8.89648,22.3024,82.176,18.5542,47.4209,-65.4267,-20.5414,66.2506,-38
78.8277,32.3382,4.02785,78.2925,-55.3282,9.8861,-4.57428,23.8722,10.663,12.4629,-51.6572,-19.4113,22.2227,0
-97.0823,3.69549,-10.7195,-61.0667,258.881,10.3668,-13.0879,-6.91464,143.688,-30.8477,51.35,28.1015,17.615,-12
159.357,185.212,-41.3484,89.8698,-253.871,0.208205,-74.429,2.21762,-42.0516,13.0512,8.06656,-22.346,16.7079,3
-144.708,96.9988,-49.7248,21.5704,-766.318,2.22157,77.1023,-10.3547,-136.532,44.3957,-68.1366,-19.187,70.7018,14
263.875,47.937,22.3153,-2.41465,292.592,-23.8481,-42.9758,-10.3139,-111.317,7.20049,39.6527,-32.7257,4.08225,44
292.863,37.4571,45.9517,-51.8569,16.5806,-30.9798,-13.34,72.663,-34.506,16.327,61.1549,-75.3284,51.4421,28
243.569,-90.5237,-94.7142,22.7147,-29.2741,1.32356,-56.9095,-69.9705,42.1807,-24.9093,30.0369,18.3747,-54.729,-43
69.958,121.339,53.3924,33.0977,-106.463,-43.1205,-3.19529,30.0791,65.6939,21.4613,-36.3126,-23.4658,113.949,-81
-146.934,48.9973,2.40356,-23.0434,-125.985,-32.8079,-65.5244,2.68043,0.82895,4.52925,57.5316,13.7024,14.8712,-23
-23.0462,144.385,-22.7289,35.7408,-295.751,-16.193,-10.4248,-11.3705,-65.236,51.4057,15.1001,1.25811,5.07626,-47
-54.4784,-18.5484,5.54053,41.9113,251.645,-10.1221,-10.4479,-20.6708,-6.93719,2.79668,-5.84328,8.16735,3.96844,28
-75.2186,-4.96746,222.4,124.713,-462.575,-48.6476,-36.1322,241.087,-24.3924,138.413,-156.165,-78.4403,72.2055,-98
320.007,6.14935,-93.3356,152.279,-28.829,-85.9189,-96.1715,48.1733,-31.4475,-57.9776,-150.899,-38.8974,-33.5013,15
243.48,-20.7113,-79.8626,153.352,21.1078,-25.2654,-7.8719,-95.8118,-84.8408,-22.7524,-48.4391,-67.5224,119.279,2
338.683,26.3135,-9.94438,119.112,235.301,-45.5786,-50.7698,-15.2832,-155.281,-25.6809,-65.5332,-5.12065,27.7668,78
4.06486,110.672,73.7869,98.1468,121.572,-25.7922,-97.8471,64.0242,11.8749,34.3598,-62.2813,-45.7829,51.0943,-56
180.462,54.3508,-84.598,-91.2402,-116.105,-14.4806,-28.6077,8.83107,22.9258,7.65376,19.3429,2.15384,-12.6861,-16
70.0639,-3.14189,6.39863,-16.2449,195.487,-4.43436,2.08237,6.64375,21.0074,12.3102,7.59749,1.05452,11.7429,-1
257.513,109.766,24.8477,166.432,169.011,-52.5471,-174.995,8.33952,-103.673,-45.128,-53.7524,-27.1566,-22.6001,-16
194.109,59.738,-25.0983,47.1088,453.849,-15.4863,0.192673,22.1312,96.3292,28.3042,-7.34461,-67.5949,7.45608,-28
341.04,83.997,13.7718,112.991,34.9921,17.5367,-32.1439,66.8089,68.598,1.56966,-53.7745,-124.371,-29.5435,10
-230.555,-81.5719,32.536,34.9487,569.977,-67.4106,-23.6802,85.1712,74.8949,-55.643,-68.9364,-21.4959,-29.9783,49
142.245,-45.4378,-45.3514,-2.9833,221.487,-48.4299,-47.4868,-22.9527,-23.891,-32.8396,-29.8006,-10.0882,-31.7492,12
382.857,51.2946,-29.4364,82.2496,-231.634,17.2748,-102.152,1.08545,-97.3684,-14.3785,-44.9321,-4.68406,-23.7152,-2
361.335,299.886,16.57,132.548,-17.112,-294.364,-218.933,153.356,-266.6,134.126,29.6629,-134.281,57.8055,-172
332.737,-20.921,-26.6669,8.95831,305.937,-17.2412,0.166681,36.2714,0.240728,31.9326,-44.3812,-23.3382,112.279,-23
103.16,126.673,-17.2435,-49.2758,-289.642,-23.9521,-31.1593,61.8598,9.69307,-4.43034,-13.0022,-51.0594,36.0541,-37
352.289,88.6769,-15.7833,93.5221,40.8313,-7.47838,-124.399,6.39671,-67.207,46.3645,-14.9581,8.30517,24.2283,-47
208.945,-36.9024,-65.8963,63.9323,126.623,-13.0297,-51.9679,-22.0493,19.5877,-34.709,-35.345,-33.0083,4.76159,-27
367.825,-7.7393,-11.6917,81.8306,204.243,-8.91818,4.99079,-54.4085,-152.573,4.39483,-25.774,18.0759,20.6123,117
272.978,-47.5031,-40.9032,0.0718133,568.632,-28.249,-93.4812,0.0865744,-19.9602,-65.5733,-62.2129,-33.7678,-18.4208,71
117.513,-68.0232,-7.29132,136.271,260.049,-82.264,-5.59454,29.2413,-12.9097,4.81943,-65.5693,31.2056,12.0651,12
264.189,-23.9695,-56.371,16.4527,7.97669,-78.3546,-50.8844,54.9976,0.352958,13.5725,-55.0008,-32.773,52.6623,-13
212.49,-4.40481,-31.4973,-50.008,65.131,-18.5951,10.5655,-0.211581,30.7446,-1.77703,-0.436589,3.67467,16.3476,31
168.738,-88.9154,-91.2189,-82.7099,89.0589,-39.4459,-31.4285,-5.74955,-19.6202,-19.0303,-103.715,-26.1273,43.3546,-44
-28.7817,33.5482,-75.6388,-140.696,-376.48,-10.7053,4.15004,-34.052,21.7734,72.7854,-25.3139,23.197,74.7697,-137
274.72,42.1001,-79.632,25.5631,88.1249,-104.408,-113.095,66.8178,-144.363,-19.2311,-14.7428,-37.7627,-81.2096,25
46.0018,-19.5731,-0.512111,70.3457,106.399,-47.6817,-31.1786,27.7655,4.76925,-30.1081,-26.2334,-38.8489,-16.5587,18
-24.3668,43.8728,-13.4802,0.196613,-191.618,-12.3212,-10.1034,-6.69558,2.35849,21.3766,0.659332,26.347,-6.69453,-25
52.4573,1.17646,-16.4404,38.9575,-102.374,-5.93558,-34.5181,0.00450341,19.3777,42.4405,-21.392,25.969,28.6088,-31
60.6017,3.229,-1.25668,57.3494,197.126,-11.7556,-24.4708,-27.075,-39.4704,-9.45124,-21.36,-5.5879,5.9611,15
-195.014,119.57,78.3254,59.0794,-295.464,21.2732,-4.62258,129.052,-92.8808,73.3457,-27.1322,-85.7002,67.6615,4
154.582,-35.7551,-13.2572,-0.987421,532.146,-24.3172,-0.681675,-26.0528,38.2667,-15.4071,-3.22607,-6.22349,10.078,0
22.2297,-23.9395,-34.015,-36.041,161.703,2.93011,19.8959,-5.03391,33.5262,16.3175,-12.4418,-8.17102,46.8688,-33
103.892,-13.1487,-4.11648,10.405,282.325,-3.87693,10.2256,-14.1806,12.6893,5.20676,8.36551,-18.1458,-10.4438,13
285.695,23.0987,-50.7764,13.5485,-131.428,42.6893,-94.5527,-67.5863,-141.573,15.1434,-20.7127,-16.1281,29.478,-12
130.076,-9.20058,8.9332,-37.5653,186.08,-28.3992,36.4754,42.5069,97.5862,-14.5562,-40.4865,-13.953,26.1458,7
-192.267,73.7685,30.0155,35.6492,-295.671,-9.72701,-0.0849749,59.9381,-46.539,54.6253,-31.2532,23.6734,-33.8152,-11
138.207,71.508,-17.0411,-54.2188,-164.31,-3.57465,39.8717,10.0317,23.2243,53.1409,-2.80407,-24.2781,-9.23497,8
471.117,95.3992,-1.36194,59.8022,-125.706,5.2517,-93.5433,22.8363,-4.74617,50.7331,-17.5454,-71.1149,40.2184,-20
228.418,57.0006,-17.9886,-18.1433,-124.145,2.60865,-45.9881,-14.7421,-69.2343,35.5824,9.93028,-24.7351,13.6935,-4
251.545,-3.74972,-9.51056,-28.6581,-78.5455,22.5546,-31.1753,99.0741,27.7183,76.2254,-81.0147,-112.927,82.9743,-79
176.18,100.478,-5.16948,-16.3429,-149.263,-12.4695,-70.662,-13.9032,-89.8026,32.8286,25.4343,-40.9697,-4.16686,30
233.377,147.109,62.4225,219.676,13.468,-57.6393,-113.671,-12.0615,-40.9763,-11.1706,-10.3132,-44.2905,-67.9294,14
373.606,-112.737,-50.9983,9.52555,116.196,-101.462,-53.1473,38.57,196.499,-174.044,-17.5843,-80.2639,-77.878,152
83.4093,-5.49361,-53.2523,83.026,160.484,-15.9889,23.4136,-15.8437,106.722,28.3021,-77.3708,-21.677,131.916,-45
-125.821,15.8647,30.7733,-0.0371198,-256.814,-45.0644,1.45672,37.545,28.3932,12.989,-0.0144891,14.7383,-10.2251,-21
112.314,95.2856,-27.4768,99.6897,30.6021,-135.346,-95.1051,57.671,64.2201,-54.9605,-68.5353,-56.4787,-59.4236,-31
-57.8426,-62.2475,-43.5288,112.628,173.242,-35.1342,-18.8452,-31.9597,-70.1564,-67.7509,-120.578,-25.5878,5.91927,64
238.531,-0.0948778,-10.3423,55.8675,3.89509,-71.6582,-81.7709,4.65416,-103.681,-32.7071,25.0084,-14.527,11.0684,-27
8.39479,-12.7914,14.9229,10.9035,133.574,-9.03031,19.5572,14.5722,37.311,14.9547,-10.2757,-14.7828,12.3222,8
-195.434,70.1826,20.2047,-82.458,-133.235,-13.9418,60.7166,81.8674,43.3881,78.1283,-23.3578,-110.648,83.9846,-49
-7.56923,58.6362,-14.9718,76.6279,-218.574,-17.1213,-29.6394,-20.7355,79.1489,32.2309,4.45568,-17.8097,31.9498,-57
-168.21,10.3826,1.95392,32.5608,-176.311,-41.3031,-4.03306,3.1874,34.2866,-8.38159,-4.69894,19.5133,-14.5648,3
12.8947,39.0277,-0.135978,-78.1851,-232.944,5.41117,-3.49655,2.8216,-3.94227,34.0701,6.06521,2.0826,25.3204,-21
336.823,-17.3995,-53.7692,-4.25954,214.07,7.72098,-27.782,-44.0161,53.5188,17.0484,1.51234,-34.9562,1.54094,-1
-189.54,97.7507,57.0576,113.827,-166.129,-67.8602,-68.1467,67.1458,3.48999,11.4614,-4.59232,11.706,-37.448,-31
103.568,-28.3608,-66.8949,-69.8341,109.935,-40.8108,-114.281,-4.28247,-16.3961,-107.734,30.0015,-26.5355,4.4706,77
-93.2334,-31.1637,21.6822,-37.6281,112.984,-15.1714,15.9635,5.22182,42.9555,6.39454,3.25124,-11.9684,13.1553,8
-190.662,-130.913,7.44188,-113.204,64.798,43.1106,18.4107,-22.4628,47.2328,30.7377,-72.7312,-2.49563,132.769,-86
182.803,-174.086,-51.5839,-123.418,142.487,0.432981,34.4669,-8.37786,74.934,-131.462,-79.4312,-9.52591,52.2085,28
220.241,-46.5715,21.4282,-71.3772,5.96055,-12.54,32.2759,58.0513,-9.83496,24.0312,30.6176,-101.792,41.7412,25
69.7822,0.754002,-7.70939,84.9244,66.8261,-61.3027,3.35896,41.4462,83.1308,-15.9347,-57.9917,7.45799,-29.0356,7
321.088,117.171,-59.388,157.574,-122.461,-80.699,-97.2421,-48.1033,-25.6457,40.5815,-37.9162,39.1455,55.5998,-38
155.998,21.2203,50.6133,53.5713,-117.413,-42.0948,-4.77255,58.0665,-107.244,50.0625,-27.0287,31.0788,33.1542,21
216.709,-9.97704,-52.132,-31.4937,68.6166,-34.5668,-47.0607,12.52,9.58097,-43.9435,-141.114,-75.9019,45.0624,-21
309.229,-9.46239,-46.6865,12.1807,-338.556,-8.38964,-86.8796,39.1204,-50.1641,-1.95805,-74.4719,-48.8964,55.2371,-37
246.465,13.3889,-6.02671,-33.5889,200.344,-63.9626,17.1173,40.4684,-4.36857,40.8004,-15.1725,24.8094,37.7611,-30
-23.9662,-86.3928,-2.47436,102.603,6.6954,-4.40092,5.16756,-69.9027,-113.325,-29.8401,-35.9882,-43.7843,54.7271,55
75.2836,150.222,-25.7608,16.904,-248.989,-101.721,-78.8619,35.5553,8.97951,-31.8333,-47.1946,45.1023,-17.2159,-6
540.283,34.3588,-72.8919,39.0971,135.149,-11.0323,-96.8015,-30.687,-149.292,27.0308,42.2501,-105.106,-75.2328,-69
285.665,-10.0667,-22.954,-9.6083,190.697,12.9907,-50.6143,-20.5941,-18.62,-5.03982,-22.8806,-22.4152,7.89735,29
178.75,-46.8946,-3.40124,-32.257,311.101,4.12999,16.0526,-12.3452,31.049,-24.1103,-17.1179,1.81176,6.68105,8
211.74,20.9154,37.8768,38.021,-26.1804,-27.833,-23.3512,17.6324,-64.0919,31.0701,4.66049,-48.9007,21.8535,18
303.744,-28.4294,22.3168,93.5382,508.213,-44.527,65.9269,29.5483,43.263,107.433,6.96343,25.0566,91.7515,-31
179.867,67.7285,-37.7252,-10.8371,-236.862,-8.45599,-8.90463,8.2976,-91.3892,50.3867,-26.5793,-24.2939,31.447,10
388.195,-32.76,-43.3418,-63.1459,39.6566,27.7123,-49.333,16.2005,18.8245,-1.67241,-51.1496,10.432,135.075,-104
135.345,22.4143,3.84913,56.6608,235.673,-52.3127,-84.5577,-27.1647,-110.348,9.38763,9.58562,18.9912,6.40769,4
169.133,40.433,14.4895,41.128,115.853,-9.37325,-67.9042,41.1917,-57.7344,-17.3247,-6.65069,-20.3967,0.469327,8
92.3741,115.845,-15.7173,27.0801,83.1177,-4.79115,-26.1091,27.9574,92.2857,31.6061,17.577,-64.118,9.36463,-19
161.951,63.6252,19.0826,47.3348,-0.0668343,-14.9764,-30.1536,46.338,29.9131,15.4294,-20.1678,-19.1826,-14.572,-8
100.116,-57.0343,-1.37519,-31.5047,-76.3932,6.12977,2.78307,-32.9072,-21.3686,-29.3972,2.84037,15.8424,-14.6633,24
87.5145,-5.65113,-9.04866,7.88083,203.566,-0.183916,5.6295,-13.131,12.7331,-6.52028,-4.3567,6.78551,17.5206,3
-8.07947,-98.8547,-154.721,-214.923,-9.57026,69.8747,-6.83428,-146.024,105.911,-0.379536,3.93605,41.7335,108.268,-64
157.763,280.092,40.3804,134.651,-130.5,-27.2314,-173.58,66.1582,-42.8668,3.44281,-72.2359,-17.618,38.7212,-76
383.787,74.3365,-17.2629,103.288,-38.8023,-84.5531,-140.343,13.6281,-228.526,18.4553,-65.1548,-10.1437,22.4159,-23
-86.8353,111.739,61.4727,20.6688,67.8997,-45.2548,-2.24548,38.5412,30.8248,9.76899,-29.5536,9.2716,59.6644,-68
-11.8424,-11.6792,-0.149373,-2.2056,144.046,-2.82498,5.7338,4.23038,18.5321,-1.99281,-2.50207,0.128056,13.1653,-10
136.954,19.712,6.6226,-34.5059,105.149,7.94348,20.0311,11.8735,37.5055,41.6717,-5.34877,-11.3976,29.0731,-10
292.194,9.98224,-30.5482,-38.7198,81.9129,-8.81243,-19.7083,-45.8467,2.98086,14.0307,38.6327,2.92933,-0.234436,32
336.641,-114.685,-39.7777,-159.742,379.601,-80.3581,-97.26,63.4518,39.2067,-59.1666,-64.1326,66.7338,11.2973,-13
60.9137,-1.47955,39.1247,-28.1879,204.089,6.98211,26.4213,10.3687,117.204,48.9643,22.5723,-25.8613,39.4282,-6
311.823,125.948,-26.4952,-80.5234,179.951,-20.5429,-122.165,37.0718,-76.3232,-22.2938,83.7361,-43.6292,33.3321,53
132.361,23.1258,11.8709,80.1818,-8.82435,49.917,-31.3193,-7.10532,-33.6617,19.9561,-41.2056,-51.0622,-6.25918,41
45.4798,129.345,-18.8798,65.7473,40.1215,-19.8183,-79.7833,20.932,-37.7589,-21.7159,0.990142,1.47152,-34.9242,-4
209.505,-15.823,-1.60023,49.0107,186.474,-32.9706,-0.96149,18.8181,-10.0275,-14.8471,-3.26714,-5.74246,-1.11312,8
14.5583,-6.11322,-6.34325,57.9801,-215.217,-111.787,-6.22746,114.811,47.7107,-93.6454,-77.9891,-43.1315,-12.2631,113
250.002,33.4639,14.5853,92.0449,26.5667,-41.2524,-63.6024,33.0251,-74.3698,-52.8513,-130.334,-61.5576,25.4516,-1
41.8769,71.3007,12.6462,81.026,-230.729,-15.4064,-51.6909,8.4625,-66.7983,-6.09561,-45.3442,1.36759,-15.319,-26
125.395,34.0159,-0.546799,-43.7686,160.604,-60.9307,-41.6041,56.2718,92.0743,0.539338,66.3529,-2.75348,-57.2432,54
422.032,-101.183,-174.894,200.278,-228.043,-55.6189,-196.379,-10.1726,69.9131,-89.7235,-165.558,53.8647,76.2687,-140
-7.47178,86.4006,47.4731,124.901,86.7737,23.2337,-78.9729,16.5388,-30.5532,45.2337,23.7932,-16.9559,-28.0972,-37
587.303,-36.2292,-33.5865,35.7549,91.8018,-38.2304,-134.976,-65.7024,-139.683,-23.1048,37.771,1.00154,2.94761,35
-83.9098,25.2299,20.0424,128.586,251.542,-26.5373,10.0024,-32.9933,-16.1949,15.8421,-8.13038,23.7767,-6.50245,-5
-68.7483,-28.0137,-20.9111,59.4045,457.016,-55.1518,36.2334,-14.277,68.9422,16.2185,-68.7223,5.86749,79.2918,-27
203.282,30.5803,-15.4876,-42.6962,39.9475,-21.2805,-86.6952,-104.297,-175.148,72.4964,32.1659,-40.7063,79.1183,98
218.06,-148.112,-45.5531,35.676,380.168,21.8873,-59.3457,-59.5519,82.8782,-57.8331,-31.7009,-32.6251,14.0253,-13
114.423,-4.90862,-6.33628,-11.4777,93.5063,-9.37818,-5.11645,-21.7615,29.3373,17.2488,5.26886,12.8943,18.0058,1
199.231,-33.025,-4.76807,-42.4648,153.674,-12.9528,18.4876,1.41138,59.838,-28.6177,-1.47478,14.1582,12.4307,43
79.3848,-16.0808,-4.43546,-51.3437,115.948,-0.338932,-13.6554,-22.9533,47.4067,23.5112,43.3041,11.2955,30.5257,-2
43.3982,171.576,-59.8635,83.5763,-225.93,-22.2036,-42.6058,-71.2379,12.4567,19.1518,22.9556,50.303,-71.0845,-1
-417.521,163.334,57.0235,190.485,-91.1281,-83.6724,-122.896,121.857,-52.6774,-4.12067,-48.2522,14.6742,9.61807,-71
392.887,-0.97078,-43.5455,233.839,-22.196,-11.7673,-288.689,-56.6913,-178.407,-25.5045,-184.982,-70.6923,58.4114,-13
189.277,39.5228,-23.7143,-124.92,-384.574,-113.42,13.564,48.5775,113.515,17.8496,47.0661,51.5966,-93.767,93
15.153,-20.7797,-6.27575,128.333,332.774,-54.8614,-34.6437,-11.687,-54.1106,-43.1499,-26.4407,-2.22435,-35.3257,100
334.17,-40.5528,-13.6749,-15.2088,247.877,-29.5007,-45.1266,24.5934,-85.7586,-36.0173,-23.066,-25.4079,37.7362,18
301.881,-97.8475,-3.47216,-81.9965,-84.4899,-29.4772,18.8355,-2.55179,28.1897,-0.341358,-34.5251,-19.7216,48.4075,64
43.0374,-0.867652,-4.57204,-26.0754,-18.8849,-2.65919,9.49008,-3.35623,12.0853,6.33858,5.28273,-5.9953,11.7979,11
111.856,63.4333,72.1554,122.301,-99.592,-99.5572,-18.049,88.7356,32.5484,23.1369,-49.2491,11.3384,-23.7316,-18
72.4357,126.751,-39.4805,20.1074,-258.698,-44.943,-93.8298,-14.0056,12.2216,47.9919,38.6189,-11.0489,-55.1181,-30
296.24,122.365,22.1706,335.831,370.795,-89.6871,-159.594,55.8626,-59.8629,81.1621,-21.0311,55.7046,61.5319,-147
385.511,-9.18166,-0.851231,22.9305,571.026,-37.411,11.1457,-7.37174,-51.4633,22.9412,47.7703,26.5418,35.5841,60
-137.276,50.5337,6.36858,40.3233,-266.318,-30.9591,-17.2333,-6.9549,-35.5316,-1.51782,-23.9759,-23.6736,62.7789,-25
255.005,15.9724,27.9456,58.4528,327.63,-78.9407,21.6858,45.1745,33.2379,-18.6869,-56.902,-33.5134,62.7868,11
62.9097,78.2638,17.776,-40.4205,-194.216,-19.1019,-42.8295,-3.98052,-9.86353,52.888,32.1497,14.302,14.9442,-20
124.021,-2.29256,-7.27459,23.2715,94.4028,-31.2467,38.0475,40.1106,72.6446,-20.1278,-39.4787,-36.5907,-8.86265,57
-180.359,-23.3441,7.64588,-44.6649,-13.2262,-17.9657,45.6551,-4.02824,81.252,12.8532,-21.6507,-8.90841,60.791,-50
172.443,39.9436,-32.3161,137.504,130.628,-15.5799,-90.9072,-28.8398,-78.2582,-18.6598,-8.49827,16.784,-14.2013,3
-187.49,71.2844,107.532,177.573,70.1647,-73.1823,-71.9273,-4.90992,112.197,117.197,72.122,12.2807,-102.315,-53
141.146,100.934,-28.5626,173.14,-118.31,-33.3264,-71.9472,6.24819,112.938,31.9869,-47.1927,16.9033,-38.7792,-8
26.1175,27.1157,-11.7424,61.4735,191.182,-71.1402,-48.6198,-19.7916,13.3998,-26.0027,-46.8212,1.57856,35.0987,7
550.398,-55.8331,1.68102,89.5067,421.348,-10.3367,-50.5554,133.843,32.4905,62.4032,-174.525,-126.294,-0.721899,-19
78.8006,37.7521,3.26249,34.3766,180.44,-10.6522,-20.0986,12.6283,6.04686,26.5479,2.8954,-28.3433,26.5934,-18
134.633,-72.0029,55.0076,-56.8746,-365.361,-22.4869,105.495,106.186,159.529,107.719,-28.6096,-158.379,69.061,132
277.316,116.986,6.92093,145.411,483.963,-5.91502,-50.3683,-41.3201,-65.8273,17.1121,16.6096,-24.8203,36.2851,20
-31.6303,66.1095,30.7916,-57.1732,-194.851,-2.95449,17.7231,9.29558,-22.3161,62.0298,13.1472,14.2447,21.3166,-21
-90.2757,-33.4779,15.3685,10.194,-74.5988,0.664914,9.07862,-2.06826,-30.2082,-22.3589,-14.9645,15.7194,17.7735,-13
125.023,-262.637,52.8935,-223.186,-118.535,13.359,-28.806,-47.0248,49.6706,-103.106,63.9427,-117.319,119.403,6
-50.7053,10.8475,-5.11006,-157.63,193.015,-64.7734,-9.41001,67.8925,105.798,-0.261093,51.3773,5.24613,99.6733,-62
-218.827,6.38185,-10.5201,52.5021,-145.586,-70.1875,-41.3583,89.8588,-49.1341,-25.4513,-11.1881,-10.7296,-62.9572,-29
413.443,-87.521,-54.3514,25.4714,-54.8937,0.965562,-115.709,1.14508,-9.15803,23.1995,-25.2282,-0.611748,61.7454,-163
81.8074,11.5967,-31.8672,-36.0951,-42.5087,-14.7429,-24.7087,44.9184,84.4474,-22.1099,-9.60168,21.622,-34.4694,8
39.7031,15.0991,13.2318,112.756,53.508,-5.4026,-22.8969,15.0438,73.4259,21.7271,-41.3993,0.50483,44.8297,-31
336.864,-14.5578,-55.1351,-70.1114,241.973,18.8558,-56.7123,-19.4915,-1.62317,-39.9259,-2.69379,0.341088,2.04583,44
182.895,31.4693,15.4949,51.3913,93.1228,-14.6063,-45.9726,50.4033,-0.0949097,-16.1782,-27.0915,-20.7399,-38.1981,22
297.958,-69.0142,-1.91738,38.7975,-178.265,33.0651,18.1952,-17.8413,38.4582,35.3199,71.8507,-79.4827,17.0402,52
148.161,-43.388,-23.1241,-51.6657,60.6973,1.11862,37.2344,-6.92479,56.367,-6.06134,8.34713,13.9603,15.5645,10
12.6043,-3.45133,22.2597,135.622,160.771,-90.0611,-69.3796,92.7007,126.508,28.9696,2.42606,-103.043,16.7005,-32
-14.8851,151.039,45.9537,112.999,-143.823,-101.925,-211.955,-45.442,-308.352,-7.43997,-2.98302,42.7484,58.6977,-8
275.458,53.9899,-17.1837,3.94533,-105.356,2.02872,-55.4391,-20.3165,-76.4393,2.24448,-18.8548,-1.08241,-18.6781,-7
414.527,-52.5747,8.64648,98.4138,325.191,-44.4101,-8.10476,25.7712,67.3132,40.2161,-31.1457,-62.3681,9.14888,1
-159.533,67.7711,16.0759,-50.823,-179.617,-32.3581,3.27542,13.3717,13.2532,30.7313,-25.3339,-3.62225,48.2854,-44
655.935,-60.1515,76.0159,-7.75048,560.865,-28.7024,63.1384,38.6435,-50.8605,37.2338,-13.4364,-48.2642,5.01906,76
181.284,-4.65849,18.9715,-9.52614,204.672,-22.0833,0.893562,14.5147,-34.6612,-3.00081,20.0754,8.4949,-0.333859,23
171.642,134.493,54.7585,63.3558,121.559,-63.5893,-133.424,30.0937,-94.1305,49.7536,-46.1408,-4.33392,59.8399,-45
121.651,65.1203,-20.0451,-50.419,-254.059,-13.1682,-72.8283,40.1876,-10.051,-11.7685,-55.3,-19.6518,32.6805,-79
60.1657,97.2826,-0.370602,27.622,110.303,-25.1716,-31.6031,43.5748,-2.58253,-45.923,-22.7919,15.6967,27.0201,-13
95.4928,50.2603,10.2895,-14.3695,24.1177,5.82374,-6.37397,-9.51871,17.5276,25.8492,-2.86166,-18.2608,37.012,-15
-70.9615,11.9222,32.1574,96.392,-55.263,9.96435,-2.35993,49.155,-148.16,13.9966,-82.2946,-0.0857789,15.1147,64
14.9577,-14.693,2.80822,-18.8505,170.137,-2.80168,-5.28661,-11.5026,28.3881,1.0144,8.68121,5.9113,9.45937,4
108.494,-17.4384,7.08698,-21.0401,422.078,12.3288,25.0875,-14.0395,42.3324,-23.4884,-33.0255,-37.7123,49.8136,20
167.281,37.366,-7.11679,36.8863,83.7008,-24.8149,-56.782,15.0682,-55.7015,-9.24406,-36.4273,-21.5282,8.0445,6
329.392,43.5663,-13.6319,38.8642,33.3538,-73.8003,-111.365,-15.5751,-84.511,42.6408,24.8658,1.67239,21.1275,-60
-114.974,154.512,16.803,-51.7706,-60.6193,-43.3991,-117.086,-24.5574,-32.5638,36.2213,96.5166,55.5775,-57.622,58
361.832,-53.4184,-19.5681,-113.199,320.691,-51.0026,-10.6207,13.8694,-26.8361,10.9893,58.4562,-22.2155,27.7986,12
184.234,-30.248,2.78125,41.3644,156.995,-96.1007,-0.971501,85.8097,124.668,24.2339,-37.2107,-37.0925,-3.77244,18
195.777,-23.4877,63.8996,148.479,530.207,-73.9249,-27.4386,5.97133,-57.9997,4.08964,-22.486,1.41748,27.2546,55
-18.7791,-15.9885,-24.9537,-65.7077,92.8491,-9.84551,29.4953,3.9802,67.2199,3.04281,-14.1815,0.941906,36.6546,-31
168.72,-164.78,30.1342,40.6239,-352.439,73.3236,-80.1019,104.857,66.8794,40.0863,-51.8878,-142.638,12.9721,-105
243.184,-31.5569,-41.9228,-123.748,-17.0189,51.0236,-61.0816,-53.7724,-80.7587,-39.9143,-72.3635,18.0446,-0.897353,51
150.13,77.5823,-17.1988,-27.4308,-250.746,-12.4486,-17.2273,21.4037,-53.5052,43.2917,10.8279,-35.2979,0.527285,-6
459.323,39.4738,45.4054,21.5724,-26.6656,-83.0788,-13.0056,85.7594,62.7773,85.5198,-38.5276,-10.3121,103.815,-22
149.601,-73.5983,-18.3136,9.0734,601.998,-32.358,-171.919,20.5497,-99.3895,-50.6935,-51.0308,-55.588,-31.2418,118
225.915,-29.5283,-29.143,75.0305,256.86,-11.6304,-24.9067,-10.3325,-20.139,-38.9018,-35.9513,-12.514,-9.98541,32
381.643,-89.4036,-59.0752,91.8998,44.4859,17.9346,-81.2261,-69.7202,29.8426,-37.1363,-52.632,-37.8796,0.688226,9
106.88,105.172,-30.314,155.863,-304.836,-61.7316,-124.608,30.7358,-224.68,-42.3324,-19.8815,33.2456,-2.40298,-75
37.8387,6.79674,37.9866,57.8675,46.0646,-71.1479,-68.7298,44.0662,35.6473,58.6576,-5.96254,32.7308,89.7058,-56
85.9499,-33.1959,-6.7298,-11.6039,281.464,1.05184,-11.2753,-19.8451,9.97303,-23.276,22.0844,5.42886,13.558,22
266.483,-2.93389,-33.0787,-5.67953,454.229,-10.255,-16.5997,3.10077,-22.727,-47.9558,3.84388,-3.28805,-14.1293,12
197.964,62.6831,-21.8795,100.782,-229.944,-3.67345,-55.8916,-3.81742,-25.52,15.3132,3.22833,-49.9067,-51.9279,-38
94.5375,-4.59864,-18.9963,-1.45333,286.125,-29.4123,-20.3509,-0.92314,42.3775,3.79812,21.0726,-12.6665,24.9411,-11
330.942,73.3968,-29.1469,48.0027,-56.9499,-36.2017,-89.2503,-11.5838,-73.4764,-17.4162,-54.1558,22.9453,51.6808,-30
81.5485,-30.1987,-17.5196,1.85115,473.337,0.952555,26.5252,-34.7686,55.6796,8.01512,-2.89697,-24.6086,24.2841,30
356.888,-117.917,-55.8802,128.244,154.679,-46.9538,3.66152,-51.6399,38.2459,-83.6182,-156.166,-61.7685,61.2115,87
99.3623,28.143,38.7604,100.277,266.755,-18.4132,23.5724,28.3848,5.57026,12.4434,-48.1555,-18.8413,32.211,9
395.179,16.6815,8.21039,100.68,73.9889,-50.5818,-130.302,69.9802,-65.4361,-20.3195,-55.0535,-6.71848,-8.08383,-2
316.995,-48.6648,28.3806,69.7753,-99.0919,-39.2002,-168.426,-26.4142,-170.382,-24.1549,-64.7966,-27.6545,5.90843,25
184.994,-8.94495,-53.9943,8.34959,56.1807,49.0112,10.486,28.6348,-120.312,-24.863,-115.001,-21.2719,99.1157,75
-86.8766,-3.20641,38.7751,10.4795,193.787,-32.6969,41.1975,26.1676,37.836,36.5109,-23.0775,-18.7458,29.4196,-11
230.518,3.92694,-8.06044,94.0908,-89.2229,-10.517,45.7005,10.5172,40.0793,54.1932,-6.80446,4.91021,-1.39489,29
-48.0182,130.694,33.4663,15.9321,28.8011,-19.0508,-41.3084,47.7608,-20.6689,13.9603,4.05493,-6.89584,-10.8709,-24
212.407,-8.36872,-2.29891,-23.4531,248.459,9.87084,17.1823,7.67647,30.5976,2.49054,-10.8036,-15.1725,30.7874,12
481.979,-46.1287,-75.8311,106.75,411.376,3.58029,-35.4579,-76.749,27.6286,30.8993,-16.6305,-41.1235,38.4324,12
117.816,16.4055,5.25496,14.5733,-14.0521,-33.1905,24.5053,11.6184,-8.657,55.1313,16.0845,-25.8349,-26.0052,25
189.317,10.425,39.2655,149.377,111.063,-150.85,30.7103,72.891,260.695,78.1995,-109.256,4.15982,66.4254,-6
150.996,-89.2179,-32.0931,18.7236,372.78,29.278,47.1971,-32.2465,76.2993,15.0618,-39.2686,-46.8286,59.3436,1
424.099,-105.091,-34.6052,128.389,302.545,-195.189,-41.5356,19.3861,-16.301,-24.7331,-102.68,-14.0613,-12.5357,128
184.171,-28.5839,-4.32094,-40.282,112.769,29.3105,31.3659,-15.2215,8.74177,43.1066,-3.01588,-98.1184,114.655,35
152.207,-130.024,-35.3935,58.686,251.862,-77.9088,-105.634,-35.7021,-64.7257,-36.0774,-51.4412,-44.7267,59.9958,-23
26.0585,-5.40434,3.91991,41.6108,92.2026,-0.0736006,-8.17407,-8.47523,-5.89342,-17.8496,-13.7834,-21.2595,10.2341,21
188.832,-60.8591,10.7469,-21.8418,329.731,-28.8962,31.0838,8.62477,19.0554,6.27881,-5.03864,-6.35214,23.1875,4
140.596,50.5763,-10.2191,31.6756,-0.704139,0.0263667,-10.278,-1.1092,14.1653,44.8793,-13.0797,-28.5041,15.2218,-4
177.638,121.296,58.1361,109.171,12.435,-34.24,-154.828,58.0984,-106.467,85.7208,37.4341,-5.59853,-12.0339,-51
162.012,74.3819,0.550267,46.8284,132,-26.864,-73.5849,31.9894,-33.648,-3.77822,-27.0759,-19.0738,-13.2446,-22
320.26,7.88375,-64.8399,-137.215,-89.4074,-15.0497,-44.7781,7.98117,-109.412,49.9661,13.8463,-40.3321,69.4715,-100
210.716,40.4818,-6.01703,70.4602,71.3832,-31.8982,-60.8162,-9.15318,-5.05807,9.23639,-14.0336,-4.51985,2.37916,-4
-22.3104,61.0197,26.419,-70.9544,40.189,-40.7296,-130.677,-9.14105,38.0275,58.7097,120.697,60.6312,-87.7073,-29
68.5929,-5.40853,10.062,36.0239,232.429,-18.4778,-4.04255,-7.19412,3.06237,-8.41679,-19.6618,-13.6753,14.5625,19
178.225,-85.0069,-63.1264,-185.767,-217.331,24.6695,127.573,-51.7261,-61.9965,53.2312,-68.6222,-38.5507,131.618,77
251.52,-25.4893,-40.761,-5.20999,774.759,-46.9306,17.3392,16.4979,25.9255,9.10179,15.4717,-21.3386,59.4787,-31
185.386,-40.6894,53.5265,-48.5175,304.233,5.45555,62.9115,11.4947,95.0364,34.8043,26.4109,-49.5555,-1.52747,35
50.2784,5.83271,-1.88745,27.3532,134.319,-1.51895,-14.2177,1.54904,-38.6979,-19.1468,-8.78794,1.06206,-1.37008,21
-54.3466,62.3955,38.517,66.5288,-365.315,33.8208,-29.2038,-1.71093,-116.26,33.524,-15.8336,-35.0135,-37.4395,11
133.306,-18.1261,15.4728,19.0481,311.697,14.5812,-2.42111,-3.21226,23.7148,1.0441,-9.85576,-13.3703,14.0257,3
-108.179,54.0065,42.7342,-39.2117,302.401,-18.9567,-5.28819,19.8119,47.4831,55.4964,0.352011,-22.5827,50.5601,-7
101.007,-17.0525,5.87989,6.56442,326.094,-4.15198,-13.3399,14.288,20.2559,-14.6489,-12.6521,-15.1234,-14.3494,10
272.786,107.673,60.5582,45.2064,110.867,-152.582,-30.331,97.0629,78.7272,-0.0372159,-20.6546,-61.7691,51.2546,-7
250.447,-15.988,-38.6065,31.7682,221.524,-90.4954,-74.4992,-7.23103,12.5427,15.9744,-44.2979,-24.1208,100.66,-28
376.5,8.38585,-69.0515,5.05785,299.894,-11.8957,-37.0783,-24.8685,-45.9424,-17.2811,0.769554,-20.1737,-5.68758,63
56.4957,-11.1233,-9.92259,1.51558,128.505,-2.23569,-9.58288,-4.76972,-18.8127,-4.21724,3.25194,14.9134,9.7916,6
130.023,-20.8579,-14.3093,5.65407,-327.225,-71.032,18.3368,29.0294,76.322,31.6718,48.8875,34.1409,-32.3673,26
238.052,99.3873,5.08957,12.89,-108.749,-16.1484,-103.064,-28.9076,-85.0506,8.06868,7.63888,6.17151,23.1515,29
198.575,9.28125,-39.5329,-4.81544,172.795,-62.1078,-107.608,21.758,-30.0554,25.9474,-8.01804,-26.939,20.1908,-57
316.072,-64.2462,28.4073,72.1242,187.074,-73.0153,-12.7037,14.3226,-32.4802,-31.6213,-3.30097,-46.8533,-37.7764,69
39.6589,38.4425,-16.4425,-33.4927,74.7778,-37.5582,16.725,-31.6097,123.154,66.5253,31.6493,25.8727,22.1404,-24
278.353,25.3629,-71.2741,-35.8771,-303.384,2.57954,-84.9134,-71.6865,-156.916,-20.5871,-12.7406,2.22612,-1.01466,30
157.755,74.3693,71.5259,56.4285,-345.133,-77.7526,55.2338,167.129,-43.1093,100.298,-65.2903,-38.8785,-6.73509,-27
71.1291,33.1961,-18.8185,1.76922,-36.3076,-0.183614,-47.128,1.52731,-41.9399,-23.0814,2.43002,-4.20023,-14.0695,15
379.52,15.3817,-24.8872,-5.43352,-17.6731,-63.8016,-20.652,29.4401,-4.12676,13.8075,14.8608,-19.8864,-34.6368,15
-153.414,128.165,27.6237,96.9507,-386.217,23.38,-106.841,-16.4583,-113.421,62.8337,17.9972,2.34251,-28.5326,-92
233.492,-8.68219,-28.0486,-16.0447,132.383,-12.1434,16.0094,-38.9464,109.501,21.4884,47.8232,-47.3533,-14.972,-4
291.125,15.3666,-14.3695,-4.43609,-14.2969,-43.7316,-13.8068,37.3707,-29.3951,-19.3824,-17.785,-2.78146,4.55539,33
68.2235,37.077,20.2314,207.227,-86.0406,-75.8635,-101.405,220.297,-343.61,16.8584,-135.811,-39.7197,-63.9683,-1
231.205,-9.70502,-16.5149,-4.97586,29.7146,-13.9585,0.599203,5.80412,-2.278,6.60146,-15.7038,7.54421,26.05,16
-7.14705,73.082,-26.6989,28.6934,-130.245,-38.4638,-29.9416,3.74799,9.39503,16.1339,7.73974,-1.16948,-29.6704,-32
120.313,23.0892,-17.1757,65.1378,203.003,-47.8395,-90.1872,-5.88128,-146.196,8.16739,-6.68919,-7.02093,6.38134,-0
173.34,-3.10687,8.09144,-22.3471,294.113,-1.62406,-5.44801,-28.8952,16.6031,7.1961,33.2241,8.15993,-7.74578,22
224.79,4.00743,58.1148,-189.921,129.498,-76.4839,-61.6941,-51.2821,47.918,71.9224,128.785,132.148,34.9136,-21
167.438,-68.2478,53.1354,1.01913,-61.8314,-47.3051,55.0706,17.0839,-24.7128,25.5385,-48.5613,8.16198,33.3863,84
240.573,11.5924,-35.0718,-22.4143,-278.658,-46.27,-34.8497,27.253,-54.699,-20.0451,-12.7423,-36.2822,41.2781,-18
176.414,-32.921,-30.9009,-50.2971,-203.074,16.5778,-20.8957,-31.1354,0.120525,-33.3587,-50.9484,-27.2341,27.7775,-7
222.141,52.3823,-13.4172,3.33264,-141.072,11.2269,-67.099,18.8125,-71.3895,-7.33681,-74.3133,-50.9231,33.5211,5
183.232,87.58,0.0784352,50.6025,459.975,-35.0424,-52.9423,1.39685,-4.87888,3.53661,16.0456,-20.8029,13.3655,-0
23.3994,0.952834,14.9049,67.0732,-146.483,-35.3383,-22.7961,41.8515,-19.8545,18.6447,-21.2484,14.2306,-11.9525,-23
80.8313,61.3088,62.3767,86.0531,-278.333,10.4152,25.8188,107.128,-106.392,59.4076,-89.6092,-12.0607,63.4953,-20
203.935,-72.5222,8.80129,23.9689,54.2653,-1.08384,54.2056,22.9967,72.7415,19.939,-71.1936,-74.349,28.8625,22
218.738,31.185,27.9222,30.8607,102.695,-44.5924,-23.9101,10.7467,-18.8157,54.0641,13.3561,-40.268,-13.6786,26
439.614,-118.248,-44.1281,45.2123,245.132,-45.3714,-48.0291,-68.2545,-50.2761,-37.3545,-42.3557,48.9475,2.10376,22
113.184,154.089,21.4935,44.8077,4.2277,-32.7029,-8.62703,45.094,49.9916,54.985,-26.9915,19.211,90.0668,-87
164.612,159.534,29.0249,34.4687,53.1312,-24.3355,-75.5691,20.0146,87.0565,125.609,56.9695,-55.9701,21.9259,-49
76.2657,-23.015,8.37702,-0.484603,617.54,-8.51627,-12.7112,12.2385,2.3884,-5.51426,3.32664,17.7947,-18.8598,17
493.045,-33.4203,24.5698,92.7743,446.617,-92.1131,18.3352,91.4001,-71.2113,-46.6108,-11.5176,12.916,-27.0357,88
8.26559,-16.195,19.9269,49.4717,-156.966,-20.3057,-107.744,7.29559,-174.494,66.2354,-16.9383,-5.36901,21.1684,-129
174.767,1.05419,-16.9589,89.1356,126.906,-25.2163,-56.8036,-17.1667,13.82,-18.4452,-52.4372,8.8164,15.3538,24
197.307,20.3716,10.1915,49.2434,-23.9343,-86.2462,-35.7463,57.6018,-23.1551,40.5444,-14.7303,-5.10211,80.2478,-75
102.371,69.1358,22.5344,15.781,263.969,-25.667,-106.419,98.0426,-71.5192,10.1952,-20.3105,-54.6863,-37.7162,37
288.308,9.39695,-91.2678,26.2902,256.225,42.0105,2.38467,-31.7695,-71.9499,-32.9909,-102.1,-53.4177,56.7099,50
-21.6741,-4.90922,1.71134,216.875,-105.76,-119.601,-51.4293,-33.8994,-67.3301,-41.154,-34.1574,42.4594,-29.5898,11
-138.435,27.0913,6.62941,99.8475,-128.392,-73.8536,-34.3622,30.3181,-2.63644,1.65316,-8.26254,42.5713,7.7399,-92
604.686,59.1896,-119.473,125.759,428.492,-73.0492,-115.893,-17.0135,-30.7657,-73.9063,1.15461,-63.0247,-78.7662,95
-242.211,55.9247,-58.7481,151.831,-155.165,-3.09995,-87.112,82.9999,-0.595515,-67.6871,-18.2556,-7.33277,-69.124,27
89.6972,10.9787,1.95907,-7.4973,376.495,-24.1552,8.01453,0.35736,42.7047,11.5027,7.89466,-5.9609,4.67204,1
49.0961,-8.9982,18.1665,49.2556,430.724,-37.7541,7.26688,9.09934,-18.3168,22.5682,-1.24048,-18.9376,11.2155,-5
101.519,-6.98764,-17.7082,-61.5703,-74.0598,32.7568,-114.809,-34.1003,-74.8976,1.54992,37.2258,23.7416,5.94582,14
373.194,232.191,-104.738,26.0154,-119.513,-48.9506,-106.283,30.7192,-97.6101,141.766,21.8749,80.3922,136.377,-155
151.129,-14.3008,-22.1422,-15.7135,304.277,-9.3489,-26.6677,-6.31313,-32.2151,-11.0909,18.9742,1.59397,3.26285,-2
137.687,-26.8114,-10.6333,7.98177,263.01,-9.8544,-0.382554,1.2502,37.0439,-13.2796,-3.21844,-18.0181,-13.4079,13
-263.578,-116.787,-52.1813,187.196,-411.16,77.9269,-96.783,-63.6308,-188.671,-31.7695,-50.1881,39.1652,-69.3005,-31
2.89229,-24.5252,29.0787,65.278,137.815,-30.4252,-10.0144,-10.0732,-119.323,-13.5548,-14.9894,22.001,39.0386,14
86.7179,47.2885,-21.6208,-18.39,-115.866,-37.0767,-23.8903,59.2567,-29.9226,-5.06795,-11.9596,-43.8134,-3.89038,-21
364.451,190.766,-24.6723,16.3039,12.7463,-21.5299,-79.7685,65.2457,21.2805,-49.2554,-23.922,-53.224,-2.62423,-7
-346.436,176.939,30.7322,-129.988,-167.584,4.17374,-14.7623,184.006,203.734,108.076,30.3489,-99.2335,79.0338,-136
-182.388,28.0677,-19.3183,4.87501,281.311,-51.0992,-27.402,-42.3825,-20.7155,41.0943,-1.22587,13.877,73.7899,-20
-19.4228,23.7156,24.8272,18.9727,78.2296,4.52221,-0.785327,27.9827,-2.56255,-2.25823,-5.3693,-0.635844,27.3349,-3
120.974,-34.9831,12.9915,45.8815,72.1537,13.6576,12.5635,16.7689,24.4572,-7.18512,-21.4192,-27.7458,9.01328,15
-70.4549,74.9218,29.9677,124.289,-52.0314,-114.904,-155.089,81.7355,124.712,89.2115,-1.06958,-39.4402,5.95312,-149
-96.638,93.1034,104.818,159.887,-101.07,-42.3044,-73.5465,58.887,70.3886,63.9299,-11.5507,-10.9515,-14.7016,-61
241.847,-13.7925,-21.0206,30.0991,249.011,-75.6496,-45.279,16.1489,-7.39964,-0.406499,1.10329,-13.5949,6.47351,13
563.085,206.395,-28.9359,361.639,286.31,-75.7302,-88.5108,20.6549,27.9819,46.4254,-96.2685,-120.719,20.9841,47
286.544,34.5479,-1.20025,73.4626,-170.225,7.76723,-51.6918,22.1189,-24.2711,13.4962,-81.0312,-53.7778,-19.0389,50
273.934,11.5222,53.4415,-41.6546,-40.2036,-53.9846,6.60573,-7.1473,-0.916453,62.104,21.5205,36.4644,2.53089,14
107.607,34.1523,-0.360884,79.9999,273.895,-43.0743,-92.5133,13.7028,-91.4768,-17.7123,-39.2191,10.2046,10.9193,19
304.318,60.7162,11.5153,77.3328,246.413,1.19521,-74.3767,-8.17315,-31.3234,-5.71446,22.1477,-28.7522,-22.2511,2
139.647,135.538,-5.68655,111.127,-429.589,17.0104,-39.5272,58.0213,-13.3514,79.6583,-61.1759,-44.5071,121.153,-36
172.921,35.9519,42.1176,75.3217,162.37,-67.4727,-97.3618,66.7671,19.2465,1.02994,-13.1073,-28.9196,-5.37531,8
-350.064,48.653,69.9556,-69.4464,-23.3727,-104.925,-158.148,29.0733,143.84,23.8114,44.7444,43.0349,-30.2036,-39
-186.843,4.64045,-88.389,-128.943,133.481,14.4927,-10.6007,-89.9807,10.3088,24.2525,34.6476,86.1645,75.2289,-96
145.417,19.405,-6.1424,46.8437,529.527,-46.7116,31.2345,-16.1401,95.0483,28.5084,-2.207,-13.697,54.6924,-38
234.039,-61.9801,7.37206,21.5995,4.86578,97.2451,153.635,117.77,-37.8269,86.6201,-64.324,-77.2906,161.844,135
398.186,-54.4751,47.7136,62.7641,357.4,-70.8825,-53.2835,2.58261,-72.5454,-7.33202,-19.3517,-47.0131,31.314,94
281.984,84.1313,-50.7043,52.3338,-233.825,10.0579,21.0663,-3.19185,-67.144,26.2423,-36.8863,-56.7637,-76.538,32
40.9603,162.506,3.44298,8.41306,-259.122,-114.241,-177.241,66.8958,-29.5522,14.3222,40.5734,-32.487,10.3502,-121
169.127,-80.2738,-41.4927,-22.959,145.697,-2.6541,24.3852,-2.55005,50.6438,-36.7438,-42.64,-41.3183,41.2159,59
157.562,79.1517,-16.005,-9.05892,-33.7786,-6.89316,-24.1717,17.7558,5.50357,5.50038,-17.7018,-7.3509,-24.4027,-23
121.986,5.67083,-28.0956,53.2882,-36.3007,-21.5284,-54.2056,3.34987,-56.7025,10.3865,-8.89048,13.0172,17.3926,-14
239.048,30.7752,-18.1572,93.9813,97.9406,-31.6464,-46.542,-8.88504,-22.2431,-70.8896,-40.3292,0.553763,-6.68825,76
-157.045,64.8353,-20.8899,-79.9641,40.019,-49.6221,-38.9329,-71.1958,214.054,115.487,147.328,94.1595,20.1734,-126
-19.9759,61.4906,-52.8198,274.268,58.2371,-71.5823,-78.5685,1.08545,15.6625,-31.869,-7.61525,20.3314,-91.916,-30
-95.1029,114.843,-9.37561,31.754,-10.222,1.23003,-72.434,33.0452,-116.321,35.5757,16.0857,-17.8709,-4.78275,3
-89.7822,1.25085,-26.7393,48.2956,-240.015,-32.0738,30.6085,-0.574188,83.9671,37.9769,-25.1534,21.9888,38.2318,-46
141.302,-26.7032,11.1853,80.2532,-152.026,37.1209,-52.463,16.8267,-33.0154,-10.3953,-55.7974,-65.8234,-38.759,-3
370.446,57.3729,17.6307,11.0866,-22.1996,-32.041,-4.32518,73.1604,89.3136,52.2747,-69.7902,-13.4295,51.0042,-47
-229.633,33.6644,46.0638,24.7816,140.978,-8.31157,-38.7065,30.98,20.9172,3.06284,24.8216,-0.284794,-8.64529,0
263.633,157.296,22.7605,-113.066,-300.593,-30.7507,-59.086,78.3412,-55.973,105.178,-34.5712,-113.414,27.3163,25
237.868,-50.6105,-28.3267,4.75112,285.697,24.2417,58.1693,12.062,82.0637,-14.8979,-78.7635,-39.4039,26.3702,29
-105.872,14.2048,-7.30473,-1.29003,29.5823,-23.0995,-7.40116,-12.2761,28.6665,6.08725,10.8329,27.6237,41.3067,-41
134.932,16.6209,-93.1565,103.516,-502.674,32.9872,-31.2543,-46.6108,72.2936,2.81817,48.0447,5.44116,128.53,-182
229.043,121.422,-107.937,150.225,203.071,-184.351,-196.361,44.256,-73.7008,-77.3837,-55.1228,-55.5396,3.14757,-31
89.0796,-157.744,-115.598,167.622,-203.183,47.0738,-151.209,-47.0175,-142.545,-165.547,-96.1503,32.2837,-166.254,56
352.766,141.425,11.1673,-53.9497,-118.331,-39.2366,-126.138,69.3766,-173.461,15.4962,-22.466,11.4701,-6.18553,-3
556.975,88.5274,-105.211,53.7567,30.4138,42.6898,6.76369,-30.8797,36.8469,8.23017,-187.335,0.890167,76.7314,-14
-24.4898,-76.5886,-22.5882,-20.0239,276.774,-5.25165,20.7757,-73.8558,7.19676,-12.9659,11.7078,17.5507,21.3968,-12
348.276,60.3786,-2.80251,-2.10634,320.357,-196.658,-151.318,148.042,-122.19,-31.2079,36.6385,7.0901,34.1821,-98
-74.5107,-36.8717,-64.9537,39.3108,100.158,-63.0864,-66.1045,40.1549,17.8962,26.916,51.8904,13.2172,12.2255,-58
171.789,15.059,4.5005,57.6737,294.151,-21.1913,-23.1139,30.5322,7.26389,6.32519,-20.093,-15.9231,-5.8974,14
279.005,56.1128,-4.7414,80.3779,58.6952,8.87912,-85.9608,-15.3383,-63.5766,-35.4718,-40.1806,-40.0387,-3.73146,15
-49.6971,32.2031,43.0158,7.75215,-184.163,-51.2084,-2.88595,12.0402,106.282,16.5716,-5.13753,-29.5219,-67.3355,15
-72.7947,154.496,91.2623,55.7738,-103.695,-29.1342,-84.1396,-42.2818,-59.227,114.213,38.5913,-1.75901,74.1228,36
26.3489,5.84383,-3.97408,1.64128,-215.657,10.8292,-15.1626,-4.07987,-38.7059,17.1307,-22.674,-9.21978,-9.54863,18
213.584,28.2831,21.3174,69.3593,219.809,-11.4918,-38.7895,66.805,-3.3945,74.2526,-112.5,-19.1455,150.102,-46
326.993,-63.0555,-27.6704,33.7611,450.32,-39.648,-6.44873,-19.0736,46.2625,-19.3137,-6.78917,-2.89768,19.8123,3
81.8979,159.606,5.17335,139.153,-238.05,-72.4975,-131.757,42.0226,-79.1258,-27.374,-34.6471,-1.93869,7.95477,-106
279.3,-25.6765,-9.69735,107.415,-111.17,-163.061,-44.2706,60.6321,103.678,28.8927,-59.2508,-55.0209,-40.616,125
170.265,-25.1758,0.61538,-69.712,198.27,-53.6673,63.8086,31.3835,54.5302,23.9386,-17.0901,-22.5918,18.8935,23
395.028,-36.3009,-51.6235,126.805,111.636,-32.9043,-59.284,-9.40214,-15.7059,-7.40739,-77.3517,-42.0651,46.4989,10
322.154,64.4801,-20.7258,-91.2983,-369.343,-42.355,-43.7305,15.7652,-56.2202,53.086,-25.0756,-47.6876,-11.5613,58
285.885,-13.0617,-3.90552,15.964,219.526,-47.1947,-0.0905766,1.28157,29.6984,-11.4266,2.86187,15.498,-14.3182,30
215.2,47.6978,49.2799,-89.1385,165.485,-62.0965,49.7591,93.9971,32.8064,92.1473,51.6306,-43.3353,68.036,-7
269.901,90.1415,-18.8913,29.9805,-142.817,-1.16017,-78.0282,40.4327,-46.3505,3.02959,-104.173,-4.36126,80.7691,-25
183.815,58.1087,32.2068,-31.6359,216.945,-66.8214,-71.2474,-65.4261,-100.061,44.8555,66.6298,26.7769,14.0716,63
244.549,81.5311,33.3469,117.268,-34.0759,-57.0632,-37.1474,48.6933,16.7062,-16.642,-75.97,-35.5689,-22.9962,-14
290.727,16.3741,-84.4327,-42.7622,106.502,-40.9007,-40.7124,-31.7697,-19.5337,-2.6684,-5.84934,-4.47852,-1.70319,7
23.3504,103.255,4.41068,-2.71757,-134.627,-20.2979,-46.9748,14.4918,-18.8726,40.2938,41.719,-22.4405,1.0061,-31
264.523,203.106,-43.113,44.5274,86.3076,-28.24,-150.604,-68.686,-58.9704,65.0254,63.2552,49.7105,53.5122,-16
195.368,53.5047,-49.9197,19.0332,-449.269,7.4848,-56.7286,-34.9229,35.4444,47.7087,17.4213,8.47558,-13.8002,-41
-73.2582,3.86115,-14.6373,77.1074,311.697,-48.0985,-24.97,10.6677,-6.29046,-31.7251,-24.9035,-2.05191,0.777742,-7
76.6613,32.0667,-89.5587,28.3038,-63.5599,-85.4456,-144.588,-4.47282,-175.122,-51.1249,-82.1172,-15.3814,8.38293,-66
110.673,25.6688,38.0583,-14.2165,-471.746,-44.2527,59.2034,45.2852,-47.2544,5.00124,-109.541,-0.0949921,36.9401,13
58.9349,12.9614,-10.9065,-193.421,-25.296,-85.3993,-54.5869,9.39609,125.032,-141.164,179.935,6.10023,78.1348,127
172.243,-85.5346,-3.95176,13.3686,-41.4169,-113.847,-19.4922,10.175,-19.9333,3.04759,-33.3901,-13.1802,-15.3573,36
165.052,13.7832,55.6315,45.5129,-265.463,-45.5381,-35.244,116.857,-31.9349,55.0892,-30.9935,-40.285,-1.20476,-40
132.113,110.908,41.9061,131.721,-15.9017,-31.2124,-2.37609,66.322,-60.4385,-15.0974,-81.9173,-2.02267,80.1606,7
99.1862,-33.7389,26.8176,44.7667,-38.2982,-95.7741,60.034,54.6727,239.711,38.9211,-40.824,-1.9352,-23.53,12
-1.16302,25.5032,11.3672,279.274,-236.253,25.6101,-110.841,-39.8176,-134.155,-57.9134,-23.5577,-45.7609,24.1665,77
205.215,-23.136,-19.3405,19.9171,344.212,-3.60328,-25.1292,-19.2424,14.5002,-38.2118,-32.4344,-24.3613,-3.78137,33
156.473,37.0799,-20.1981,-35.435,231.77,1.29712,37.0269,-12.268,-19.6888,34.0708,-0.261517,-29.8419,118.496,-10
196.339,-28.3996,-7.55146,57.7119,278.137,1.64282,-72.3506,-13.4044,-122.896,11.9897,6.07297,-13.9918,18.1795,-14
-9.79673,43.6218,61.3807,77.2553,255.009,-103.317,25.1788,79.4137,80.2966,30.7494,-74.2416,-17.8907,8.33181,-0
406.059,75.4619,-37.2647,-135.722,-145.77,23.6653,-8.76439,42.7869,-97.2572,52.9624,-64.5059,-30.3227,88.2123,60
68.9898,118.237,-47.8145,-140.577,-321.373,7.5756,-1.55987,-17.568,-20.0717,63.3454,62.4904,-18.1348,-7.01655,-14
-50.3174,14.7275,22.3897,-95.7041,-91.7194,-45.2208,-33.5352,74.9321,132.339,19.2374,56.1596,5.12788,-8.496,23
543.304,-12.072,-40.1565,99.3127,418.515,7.84033,-78.7892,-42.7947,-118.453,-32.0173,-27.8898,6.54268,-14.7596,93
413.425,-22.565,-33.4136,53.8331,-127.935,60.0439,-86.054,-29.969,-115.24,-61.9375,-67.1547,-48.5419,51.641,64
481.485,-51.027,-10.9841,-29.3955,235.876,-81.4534,-29.5387,55.2951,44.4388,19.4952,-29.6746,-29.4428,-26.9782,64
390.579,46.2691,0.345404,-28.7922,154.721,-42.9145,-68.1521,42.8983,-61.533,16.7926,15.6761,22.3043,43.7261,28
145.01,-48.1122,-25.721,-17.833,299.115,2.28462,32.6076,-22.2798,69.5012,-9.62217,20.5713,17.1141,14.374,19
-92.8656,10.3868,10.1097,42.6741,-170.323,-30.8946,-11.5153,-32.3201,28.6832,20.9285,21.1977,27.102,-23.2545,-57
67.0046,66.9778,11.3448,50.2743,-10.199,28.1084,23.7162,51.9285,-101.984,26.8284,-62.6657,-22.1496,75.9684,1
120.257,29.021,5.48293,24.6188,170.453,-15.21,-31.0697,-23.4769,11.104,13.6499,28.0902,7.80693,14.6981,9
-77.7146,-8.16903,41.5808,18.139,134.586,-39.7043,17.595,40.3997,58.9522,14.4702,-14.4507,-1.14967,0.0365172,31
4.74978,-85.4266,-23.4223,53.0338,19.8757,-39.6808,-3.88036,-46.079,159.446,23.24,55.6644,26.5391,-2.24515,-11
412.055,-54.8798,16.3459,72.7146,-23.6668,-85.2654,-44.063,16.3522,-129.964,-84.7504,-48.9009,8.263,-7.16416,128
-108.624,110.175,9.52409,169.097,-218.974,7.19987,-177.65,-19.8294,-235.53,63.1668,1.30738,-21.1439,-100.328,-63
399.542,61.4721,-35.2964,56.1732,286.506,24.7509,-29.7781,-45.8974,-34.7629,12.1511,-8.27212,-22.85,23.4092,50
193.303,-58.2837,-121.229,-146.247,253.493,34.3056,33.7805,-107.431,16.1487,44.6238,-50.9266,-35.575,106.678,17
329.766,75.1533,-82.6353,33.8146,-125.767,39.6335,-78.5428,-118.59,-108.186,-46.4134,-20.3164,10.5707,45.307,64
438.681,-149.26,-46.8181,-34.8912,-50.3558,-54.5281,-57.0909,-38.1887,-57.9703,-106.307,9.09761,-52.3531,59.54,85
-3.09433,-1.21517,-73.2786,117.403,-334.028,11.6177,-22.0529,-84.0593,87.0339,-37.3078,-18.4716,52.9361,63.959,-81
-145.71,92.4062,33.9514,-46.3338,-341.461,-86.354,-45.9568,62.9106,-69.7934,14.3535,-51.7283,-27.545,8.30061,-93
-215.43,118.055,36.0704,95.9575,-64.015,-54.1974,-12.2058,-3.91388,3.06225,38.001,1.38145,22.8836,14.7975,-7
54.5865,-84.1013,-72.723,136.65,456.162,-92.6933,-34.2111,-72.4508,170.834,-18.2768,-32.0182,25.3606,114.813,22
268.715,30.5433,-18.8495,5.38138,131.416,-21.8011,-23.2844,6.80155,-36.8199,25.7346,5.74792,-18.1792,12.976,-12
19.0569,20.4368,6.05446,-77.4215,148.897,86.4133,1.5678,68.5716,-35.9607,46.3804,-80.9017,-53.7478,54.3414,25
-134.662,-26.0692,-21.346,-68.6645,64.2167,-28.5776,-17.8463,14.0568,42.7879,-4.83461,18.4148,-7.22075,17.6781,-24
-216.502,87.2468,-11.2655,167.46,43.6777,-24.4315,-70.8726,4.818,57.739,0.21001,1.9496,-1.0224,50.3114,-60
202.977,79.7579,1.92752,174.281,105.658,-7.18076,-125.701,-0.952848,-53.8226,-22.3126,-74.5283,-57.8925,-5.23076,2
319.924,-33.7114,7.54848,-50.0675,184.198,-30.4351,6.46889,23.0649,48.2767,6.4945,41.333,-11.3295,37.3616,48
76.4056,-16.9095,-12.2887,-3.38364,303.113,-12.738,5.65852,-11.9679,0.372741,-2.66958,-3.04998,5.23015,11.5579,7
-157.463,114.507,-13.8465,143.085,-131.131,-53.3947,-108.253,89.8363,-93.3665,-60.4257,-20.9657,-20.5997,-56.2293,-4
62.3111,-30.2885,72.7099,107.358,185.252,-52.1311,120.511,72.1006,39.5712,60.1536,-63.3447,-36.3252,71.1893,33
307.434,-53.3561,-27.754,20.7124,398.925,17.9454,16.8668,16.1804,124.992,-39.6904,-29.2625,-47.4308,-10.9374,31
49.8508,72.2419,-44.1132,322.49,-388.103,72.5794,-116.353,-9.41609,73.6433,123.199,-31.3082,-2.67314,25.8282,-161
40.2236,51.7055,-22.1356,-3.82224,-172.034,-60.0999,18.3489,11.0894,79.9359,39.5792,32.5458,-6.68921,-45.8627,14
103.093,0.383267,-10.5003,45.1165,96.9466,-3.61823,-16.1661,-4.64578,-22.6104,-8.0143,0.177721,-9.35903,-12.935,14
373.691,231.223,-93.4894,334.368,105.129,-53.3908,-250.426,-63.0407,-13.0467,58.7658,-69.1174,-32.2702,32.1779,-41
143.806,11.3229,-11.2712,79.2271,75.597,-40.1568,-31.8374,22.241,26.8976,-35.7213,-44.7058,-16.2686,13.3699,27
-94.94,91.3698,-20.9076,91.7492,-346.831,-87.8428,-30.5799,23.5034,-78.9927,2.88664,-7.30486,43.8678,-47.5769,-70
-180.169,70.0608,49.8444,148.798,-295.431,-87.7968,16.1674,94.9637,-101.376,-1.86127,-69.8922,-4.22499,-12.106,-38
324.265,15.6392,-83.0238,-41.3583,130.044,40.3082,-68.503,-44.9582,60.0396,29.4602,27.7567,48.2726,57.0035,-33
297.531,206.684,33.2592,80.7254,-342.365,-66.1882,-100.392,46.91,-40.1138,57.147,-107.751,-25.7936,74.9912,-123
334.479,18.5356,-10.6568,-71.446,178.058,-25.3142,26.1037,38.8276,29.8999,28.209,-8.29473,-30.4925,65.8549,19
302.122,8.6359,7.33466,54.3004,646.107,-61.4447,-24.2922,14.1346,-10.5873,38.8671,-10.1825,-30.4947,1.77315,-6
224.927,78.3495,-12.8973,60.4407,-104.031,46.4144,-39.1434,-21.0332,11.7419,83.2167,28.6455,-19.4244,-9.87003,-8
-287.493,49.8489,32.556,7.26013,-430.299,-7.41688,-3.69782,30.6642,28.1723,46.552,21.2317,-9.74556,21.9792,-57
225.252,231.042,43.7367,97.2662,318.471,-96.672,-65.2706,217.114,185.161,-71.5673,-208.013,-99.7981,144.342,-62
88.8518,32.3592,6.83071,36.1997,479.051,-37.9033,-1.38807,26.8447,-30.8386,27.15,10.6978,-27.9522,7.95509,2
136.567,-42.614,-36.0345,-27.7145,258.891,10.9651,2.37721,-10.127,40.1153,8.40609,-3.77894,11.5677,31.6946,-30
-41.574,-10.6196,24.9889,-11.7526,151.346,-7.39806,13.0694,-2.61811,46.7807,17.2931,6.85653,10.3104,10.2964,-12
228.302,123.847,106.646,242.549,-45.6952,-13.7732,-119.183,109.199,0.614954,130.04,-188.202,-22.8739,69.462,-43
256.407,46.7884,-20.3561,51.8707,170.551,-12.3016,-51.3327,23.3496,-33.5463,1.8239,-49.7026,-35.4803,34.286,-2
74.1299,-4.54395,-41.5019,-111.812,-52.4356,-27.816,-32.7301,69.9767,61.3727,-42.635,27.0094,-11.046,-68.007,83
119.889,62.1686,45.8487,74.0021,-35.0311,-36.3783,-73.636,20.961,74.425,56.573,-7.77043,-39.8969,-7.71019,-17
307.435,81.8658,13.8598,167.333,-87.762,21.194,-62.5414,50.0031,111.211,89.0231,-118.749,-53.6344,9.73006,18
168.407,-4.34288,-41.8819,192.095,47.5579,40.2347,-139.839,-31.7387,-102.036,-47.485,-70.2288,-42.1381,-15.834,36
-73.7125,80.9505,15.6054,118.747,-213.69,9.94162,-30.152,22.1027,-100.54,3.06836,-41.9487,1.77068,-25.2652,1
126.169,7.74279,0.213425,-13.7353,378.481,-3.09444,-17.1381,9.30184,33.4822,-1.74497,5.80839,-0.426431,13.6482,1
468.794,-21.9573,-26.7687,70.149,-13.3652,-0.329378,-45.1409,-36.6964,-97.7038,-10.7929,-4.40746,-39.4754,-4.18306,56
310.293,47.1672,-21.8263,233.849,179.094,-31.3496,-73.894,38.8375,99.4354,2.21519,-61.8996,-27.4553,22.4037,-29
246.88,-3.02084,-4.95245,2.1519,158.289,7.06332,-22.3659,-2.91583,-18.0921,-6.03455,13.2673,-7.29832,4.70168,7
125.685,288.516,69.8805,248.901,-598.086,-23.3725,-10.4288,118.595,-130.829,67.1766,-82.7874,-76.2948,-66.3347,-0
101.186,96.848,-5.63399,24.6956,-123.04,-50.7753,-65.0956,35.0019,-23.3135,15.0213,16.7062,-15.3258,-63.6348,-57
77.3284,6.54826,16.2241,-8.75511,127.084,1.25778,-9.51346,-10.5635,48.6457,10.6507,39.2866,-17.041,14.3211,-10
80.9627,8.18161,-64.8752,-31.6138,135.319,-25.652,-48.0215,-20.8864,116.317,-8.69713,13.1834,12.9479,42.6959,-19
184.922,57.3687,4.00037,66.7949,52.3546,-112.673,-47.5574,65.5678,-89.5461,-23.795,-61.5781,18.1828,-21.5613,37
274.937,-66.0802,-25.2767,124.357,165.485,-230.394,2.83815,149.16,73.7185,-58.1047,-91.0282,11.1495,5.7688,12
127.509,109.859,25.7328,-26.5891,-147.304,5.23541,-35.0704,22.6027,11.9076,53.9348,93.6231,-93.0106,23.2077,-2
436.784,46.124,-45.1965,1.56746,241.241,-79.8082,-60.2039,20.5305,-35.5972,29.0959,35.2661,-30.0275,15.6474,-5
114.113,-34.8352,-10.5568,72.6298,389.989,-68.7293,-39.1404,15.9685,-106.962,-51.1705,-17.8782,3.52462,-42.5766,42
163.7,-1.89076,-9.30515,-7.72188,0.129514,-1.11597,-7.26934,-13.0864,22.9353,5.99729,5.19707,-5.78579,2.81763,23
222.325,67.4338,2.81515,-74.2423,3.77134,-18.4998,-70.9131,16.5209,-72.6047,-7.8336,-11.8782,2.52749,63.4447,43
164.852,5.66927,18.7135,39.917,395.744,16.1527,17.9139,11.8858,46.9115,3.81274,5.2981,-32.5669,22.4326,11
-89.0953,86.573,58.2685,7.53723,126.382,21.0065,59.2064,62.7302,78.4413,56.1793,-90.2392,-96.1995,111.522,35
477.064,257.368,-100.111,41.0083,81.6671,-51.1031,-170.487,-132.704,-154.545,-82.8733,74.7895,117.263,-98.4363,22
-1.77335,-13.5573,-3.07477,70.1929,59.5524,-65.3695,-31.5906,67.7091,-113.637,33.055,-87.76,-56.5702,17.9762,15
21.0523,-45.1932,-128.782,-25.7404,-70.2274,17.1905,-70.0736,69.5366,46.1789,-140.422,-53.7526,-20.4261,-25.4543,13
128.961,26.3072,-53.0918,27.9233,234.139,-37.265,-63.069,-6.95214,79.1223,-54.7587,-33.3651,-17.5096,-32.8753,38
169.294,-13.5244,16.4924,43.1856,319.666,-40.2694,-24.6366,-3.07671,-24.8976,-9.36027,-5.9064,12.7051,6.76418,22
157.736,91.9399,34.8552,178.189,-12.6165,-44.1805,-105.583,13.7866,-16.2393,79.1588,-47.0308,-5.29419,-25.0268,-54
296.154,-37.9715,24.257,3.53207,457.165,-104.577,-7.95495,34.9076,55.3666,-44.4119,-38.4679,14.1816,-12.3972,101
-231.518,27.6936,76.5029,112.016,217.24,-40.6063,-40.8792,29.7256,74.3516,17.1041,-51.3233,-45.046,-18.6816,50
188.5,47.7323,-9.96526,-14.5141,24.1327,-5.43264,-12.0587,-2.01925,13.6585,14.7662,-22.9057,-15.2914,17.9822,-11
-99.0448,41.304,64.4115,47.2073,-23.6603,-41.354,-22.6666,14.8747,7.21206,34.917,22.1905,4.66649,-6.47851,-27
-511.709,-49.3089,83.4636,60.3034,-436.91,-66.1436,-57.6465,36.7446,-16.9087,46.5835,59.6279,-4.63705,-30.1294,-104
79.3139,3.79764,-11.6935,28.8789,190.647,-22.0323,-40.8041,-13.0889,-18.2258,-10.2054,-7.5645,22.538,1.4729,-14
346.047,120.905,-86.0517,-50.9374,-310.582,-46.3555,-263.488,50.4353,-149.445,-6.93901,-13.4252,-59.8478,-23.7601,-84
112.368,7.51285,9.14515,49.9126,-56.9723,35.0832,-19.3364,29.4394,-45.5134,12.4312,-46.3062,-17.2905,16.45,21
217.178,-0.357014,-44.0958,-12.4738,-167.834,-5.81171,-101.655,-68.9643,12.9763,-15.9111,35.7015,37.8281,7.49894,-51
214.141,47.3899,8.76922,111.472,-70.5087,23.4304,-80.9118,-10.6207,-97.7031,29.8359,-12.8556,-33.1763,-34.3242,-15
250.758,106.223,-36.3187,99.9316,166.168,6.20798,-118.625,17.3898,-47.9522,3.17965,-34.233,-43.3307,-6.11226,-20
-17.4649,5.02434,-1.30829,-14.7604,46.6666,1.44798,-19.0018,-20.0268,15.9168,18.0124,23.9154,13.1092,10.5433,-10
64.5247,-82.288,-23.5721,-68.4331,-93.5873,66.1146,61.5846,-62.5255,-52.6243,-15.985,-38.7578,-41.8723,90.4172,23
-7.18645,10.6896,0.0462508,9.39419,-209.321,0.449898,14.5662,4.9073,20.9271,6.55226,-0.979232,-6.48911,15.5025,-19
-75.3124,-4.61194,8.72819,27.0885,90.0426,-21.8009,24.8931,44.7106,10.6308,7.55081,-38.9856,0.591233,4.31121,38
487.137,92.0484,-40.6756,11.9523,339.388,-20.6129,-36.8385,9.45532,6.07765,-6.21913,-47.7972,-76.4448,2.30893,9
225.206,-39.451,16.7224,132.36,176.976,-107.421,-59.7706,84.9197,-98.1832,-30.7368,-115.092,-1.32126,-3.79775,-27
136.502,-44.7157,-10.811,-27.7123,243.536,-30.1414,4.02291,8.38992,3.80692,-10.3322,-3.33622,11.1698,21.2625,30
218.011,53.8739,-6.54523,-3.86632,-175.387,-56.8568,-69.0625,10.1323,61.7052,-63.6176,4.87907,-18.4906,30.269,19
334.451,57.7991,-28.3603,0.812107,-64.3638,-48.8011,-79.9412,29.1472,-59.966,-20.3249,-10.7652,5.05576,-8.43226,38
182.677,-0.215651,16.1963,-130.061,-226.335,-69.8455,38.3452,55.8163,55.2043,57.5297,56.3656,4.58709,27.6626,-13
-62.3089,101.464,5.05424,34.8276,-342.337,-8.738,-81.4267,1.62224,31.7506,32.9389,70.2652,61.0182,-72.2277,-52
161.086,52.7539,-63.3694,197.091,177.865,8.33779,-89.4586,168.712,70.8687,-191.4,-219.585,-95.313,-7.21999,136
495.728,93.3103,-54.4034,147.623,171.259,-123.569,-149.126,-56.2827,-164.903,-24.4555,10.4047,29.5551,-25.5592,43
149.3,-22.3479,16.37,-1.10937,350.632,14.3831,8.68187,25.8362,28.3647,-3.56252,-29.5856,-30.3043,24.3837,53
59.7073,83.5004,10.9977,130.39,-121.246,-17.6809,-40.1503,56.5166,-8.36572,-54.9108,-85.8442,0.959012,-50.4134,32
46.9666,172.218,33.9997,223.708,-26.9618,-49.5837,-91.699,12.0524,-51.0655,9.60144,-42.9059,-32.4115,44.932,-53
-119.027,59.762,10.9151,26.1871,-57.5762,-29.2291,-7.37413,22.4261,71.7566,13.638,3.39986,2.57,-15.3128,-22
-345.639,91.5953,40.4652,152.728,129.881,64.5099,56.311,50.2033,-32.0487,49.9045,-58.4789,-6.85342,92.2942,-32
142.776,16.0645,14.6412,-11.2795,257.33,-61.2714,20.6549,30.6008,149.537,-17.5386,33.8137,2.6408,1.47085,-8
-105.569,25.9483,12.136,-107.25,-31.9958,1.80594,-11.0558,46.1766,49.6115,31.4397,30.9922,-19.8979,24.1636,10
447.814,4.22153,-11.1898,13.4437,71.9267,-80.0573,-23.3897,75.8538,127.644,-1.65246,-7.81465,-51.1401,-16.7694,-3
173.167,27.8281,-24.1763,-32.0749,-101.041,-6.06497,-27.7814,-40.2042,-18.2327,3.23235,22.3815,21.7645,-3.33102,7
243.724,-17.3902,7.12348,15.2079,495.596,-21.9294,-0.000174165,-2.2338,-3.75465,7.18375,8.34682,7.61732,23.1437,26
-41.6008,39.472,-1.37022,36.322,-110.805,-7.25411,-19.4834,27.4306,10.004,1.26109,-6.7554,-4.83379,-39.9688,-7
174.414,-1.51398,25.6854,124.461,-553.244,16.7897,22.0136,-9.55762,-25.7186,-43.0166,-88.2297,-60.9126,74.7375,37
321.175,136.329,-52.1539,3.89123,-5.67751,-54.4075,-109.578,25.676,-89.0073,46.7937,-36.2743,-3.35489,19.7425,-101
-25.1587,53.6157,-46.1252,13.2595,-197.065,-10.0434,-39.422,74.6461,46.4879,-48.9176,-134.947,-43.0047,26.0613,-8
343.096,106.075,-44.3577,83.5636,-18.13,-128.848,-222.152,16.9398,-334.658,1.08175,-60.0513,9.75467,-34.9428,2
221.518,12.8868,4.4054,50.9714,211.289,-40.7903,-21.4043,-8.05107,-30.3228,-0.260058,-10.0043,-1.66809,24.2132,20
114.807,30.3903,-17.5687,-50.6477,-60.6346,-8.15629,5.77111,-2.97469,-9.74015,24.4769,15.2651,-4.09471,6.055,-7
184.256,10.5283,-12.3617,39.6373,119.682,-0.922336,10.2833,7.84273,-1.98615,13.2063,-51.3807,-28.891,59.806,15
2.0993,-22.763,28.6094,90.8709,441.86,-42.0722,-11.238,36.848,104.272,52.7589,-33.0947,7.61874,73.4627,-48
117.945,76.8732,22.0819,85.8825,257.807,-41.1563,-78.844,10.3293,-69.0641,5.65354,-6.69595,-19.6294,-34.7624,-5
308.833,32.5568,16.1787,-28.0071,139.692,-4.42141,-12.1032,23.5077,-10.149,25.9154,2.55415,-24.7716,31.8785,11
252.183,143.195,-9.87665,81.1763,-234.161,-67.261,-112.617,38.0485,-40.401,52.3251,-36.0739,35.9123,67.7779,-115
311.204,133.098,8.93265,39.3955,-103.316,17.1166,-33.4463,-2.14269,55.8165,8.11231,-5.90496,-46.3538,-16.5325,24
151.879,-10.7615,-11.9945,20.5601,315.656,3.1482,-18.6956,5.13455,64.5649,-29.574,8.53681,-15.8794,-33.9349,6
-6.0558,19.8547,-5.03123,-21.9713,31.0261,-6.24943,-20.4604,7.55949,63.3091,52.6717,-35.7205,8.88885,76.9118,-61
422.668,-58.2294,-67.2294,-106.371,364.125,17.796,1.90441,-69.6434,1.43977,44.9149,33.2401,-58.7511,39.5057,37
156.304,35.6248,34.4977,-52.9519,-143.5,-42.8773,-57.5583,-32.6995,33.2047,-5.74652,59.6847,6.77966,-28.1533,49
-136.409,54.004,16.9342,117.999,-155.117,-42.1824,-66.1241,37.4914,-75.2652,23.8115,51.8638,23.8518,-42.4222,-60
-168.212,332.946,103.402,93.7813,-147.689,-179.466,-68.4955,26.6159,233.589,214.811,173.257,-15.5009,-34.6343,-95
-125.713,83.4946,-47.7096,449.618,-17.7354,107.654,-102.402,133.884,-259.297,-209.917,-240.419,-1.5225,-64.8242,154
207.289,5.27169,-18.0069,-37.2887,121.996,-49.5806,-24.5979,-13.3598,38.5198,3.30016,22.2841,44.5459,13.8285,-9
142.249,-31.9333,-21.1611,-51.7929,268.974,-5.71451,-2.93187,9.8484,25.0878,-46.913,-6.8589,6.62928,-15.3268,22
245.345,29.4043,20.6253,141.421,352.452,69.0548,-93.5514,-17.5336,-62.4115,14.8928,-58.4124,-75.8669,-9.97915,-14
460.141,-74.8822,-90.8006,94.9845,535.369,-79.8446,-123.308,-49.4482,-139.47,-91.2388,6.67254,-4.79166,-20.3547,3
312.492,70.2334,-8.79215,29.3913,-30.7396,-39.0796,-72.3293,24.5094,-29.0486,-30.9281,-51.7731,27.353,-2.88426,7
498.64,-92.0495,25.3113,214.776,301.024,-5.21296,-222.339,-41.5263,-37.5865,-170.98,-281.887,-139.318,-15.3846,-39
142.692,-41.584,-32.593,-124.118,-5.38888,-9.39439,27.1774,-36.5103,43.5831,-24.065,12.8845,-13.2431,38.203,9
-52.4322,-59.2668,-6.98608,6.02015,455.639,-34.8836,-32.6739,23.0657,81.0688,-66.8053,4.58864,57.053,-59.7708,5
-472.858,-76.5247,-42.549,129.46,299.628,28.0029,208.295,-93.3707,-32.657,-1.81731,-192.392,0.823739,255.706,-43
447.823,-18.6907,-28.7295,68.8748,198.99,-45.2047,-82.3134,22.8747,-118.459,-13.6461,-8.47422,-12.3208,-7.07894,33
393.053,-64.9213,-46.4788,-58.0844,207.661,-54.9888,-29.8616,-26.8128,-32.4793,-23.7972,64.0507,-10.4794,-5.32552,33
477.57,-58.8323,-90.1124,-25.0401,-108.33,-63.5518,-27.6992,-3.92284,19.5688,38.1614,-43.2978,-2.79012,20.8154,1
18.6541,78.0426,18.508,-24.0029,-198.746,-72.8662,-31.7446,49.3745,13.1995,41.2943,25.1064,-0.0640367,-11.5598,-17
-23.2687,66.8314,-5.72214,27.7973,-107.247,-102.01,-19.4242,83.3826,0.0950627,-7.44185,4.99381,-0.270491,-44.7911,-13
-36.1449,24.1016,4.20944,-29.3188,-173.278,0.0520305,6.26752,-2.10828,-6.75689,15.6444,11.1084,-2.56609,4.40221,-24
153.095,0.401002,-10.9454,-54.3507,363.25,-10.1637,39.3009,5.10134,-7.39408,24.4248,-2.97835,0.0807254,42.8401,12
313.056,-11.8237,65.7791,48.3778,-410.052,-195.312,-75.8095,213.415,43.0553,97.1579,-55.4808,-27.5971,-33.6697,7
-228.093,-75.0189,-33.5471,274.521,-12.7268,-23.894,-62.1728,-28.2154,-160.427,-67.8888,13.1861,41.0429,47.9209,-28
127.334,-1.48815,1.90817,128.265,-95.5562,-44.8751,-151.552,76.1044,65.4588,-79.1371,-71.207,-172.319,-104.407,59
126.964,115.418,30.6609,1.52345,-314.347,-25.5107,-24.2249,30.7399,8.4012,55.2318,7.64859,-36.0773,1.66683,5
238.316,-31.529,-45.9716,25.8502,314.333,-62.9341,-45.9311,-2.15837,4.03396,-43.0083,-17.5408,-10.0241,6.62043,42
158.129,25.702,-68.5993,220.907,-205.572,-37.3947,-193.462,51.8332,-262.279,-3.88114,-74.3728,-83.6566,13.8228,-81
178.139,12.0902,-15.4988,42.9061,-28.8914,24.5513,-41.8751,-3.30024,-85.6701,-14.8892,-5.69906,-38.4097,-20.4705,14
386.748,-56.0505,-0.336132,-42.0054,489.164,-58.4144,-31.4557,-96.8341,-10.4266,-42.6029,40.3958,49.5431,-12.1852,61
230.237,-56.999,33.6633,50.0867,243.332,15.5194,61.2211,82.405,5.64559,41.4207,-63.9796,-27.0629,66.3986,33
-19.9552,-3.73734,40.7753,-2.79761,143.84,-24.0804,18.3144,44.1486,110.258,-1.26993,-4.79244,-25.5401,1.258,6
97.3619,-4.11657,-5.99402,35.3558,164.563,-21.9896,-12.133,-19.74,-7.18481,-11.5167,-1.41785,16.1237,5.67993,16
219.981,-11.0328,12.8843,-17.5451,88.3226,-96.8231,-38.8372,1.25825,97.0926,-12.0415,8.71058,18.7679,-55.3769,57
-98.335,120.693,34.9565,110.723,-341.334,-6.8978,-57.4729,49.3766,-85.9158,41.2898,-64.4003,-19.432,-24.6719,-95
141.335,-2.76295,4.67541,-11.9488,224.134,-22.6256,-9.64486,38.6128,39.8986,-5.28232,-2.91615,-19.5895,1.14869,4
127.425,62.0249,-52.7509,103.251,94.3117,-56.6853,-136.308,21.0161,-305.938,-66.8831,37.4909,-73.1824,67.4534,8
375.409,44.3412,-17.5741,57.339,149.527,13.8298,-86.872,-2.67423,-79.7724,11.7682,-38.0301,3.73266,11.0303,23
151.174,-13.565,8.34088,5.73757,211.208,2.33534,-31.1817,-14.3996,19.1428,-3.07799,9.45315,-29.9372,-18.7915,22
91.2835,-18.8786,-19.7995,-20.983,248.194,-10.6521,13.714,-3.12154,11.4488,-2.89967,1.11266,-3.00758,14.7105,7
72.1871,20.0483,-32.433,27.3525,-94.6646,9.58091,-25.5493,-11.8272,-11.2525,18.5178,-1.44051,-12.2987,-11.806,-4
37.1954,8.20333,31.7441,44.2966,322.315,-14.8879,29.7344,16.9207,29.2008,10.9732,-21.7763,-19.3818,15.2776,21
-43.1133,108.813,20.8642,62.1202,-25.1851,1.48582,-66.2728,22.7507,-80.1124,29.4981,-7.28129,1.44935,-20.57,3
123.95,31.2661,-44.7022,11.6518,320.273,-2.75684,-31.0476,37.7369,43.2419,-24.0633,-2.30723,-41.4187,-28.8995,29
-171.714,-30.6526,-6.03519,51.0306,15.9716,57.0059,-48.1584,54.575,-26.096,-31.6269,-28.7608,-59.8334,-12.8305,94
122.178,-50.818,-9.2821,-18.2349,363.593,-5.97471,8.58005,-30.3999,32.6279,-4.88827,28.9086,11.7861,25.0668,36
301.396,33.4581,27.948,39.94,188.264,38.9099,-6.232,46.7761,-50.2931,27.2149,-51.4302,-30.4998,81.8936,16
-89.7867,72.4501,-30.0393,27.7552,-277.086,-16.2333,-28.0369,-34.741,-47.8224,39.9552,34.8785,39.4389,-38.7777,-48
115.099,46.9448,13.0019,43.2237,40.2686,-32.08,-40.3209,-25.555,-2.97808,-20.6769,-25.2205,-13.1233,20.3334,19
-162.814,64.2076,-3.36585,142.894,-379.448,-3.03557,-80.9719,33.9315,-84.9697,-15.7038,-0.142206,-40.0402,97.2941,-20
-65.1244,51.7354,7.67476,81.2936,-80.9114,-24.8003,-144.96,-8.47038,-68.2329,-21.2048,-9.81746,43.6313,-26.8749,-38
37.2902,-16.4055,-2.02403,-3.99495,309.425,7.65276,5.68352,6.14143,104.734,3.64267,26.9267,-96.0469,56.4414,56
-19.0879,216.511,69.0543,116.731,-261.506,-24.7762,-48.8249,89.1582,-46.4046,85.9922,-19.9773,14.1561,34.3098,-66
338.008,136.795,-18.6439,95.1436,-20.3687,-55.4128,-84.5241,44.9704,-32.2286,1.48151,-49.8134,-63.2306,4.26646,28
-155.484,90.7151,8.99766,26.5621,-324.828,-58.6413,-58.9386,53.4202,-21.0325,5.88154,15.9137,-16.8501,-50.6073,-50
266.043,-52.8643,-20.458,58.5653,233.297,-11.252,-4.48443,-11.2752,-18.79,-4.50416,0.452213,-28.9247,-9.45069,40
210.765,67.8546,-0.0478003,-56.2847,-401.526,-75.4908,-60.7014,62.3241,-9.68935,40.8278,-0.576746,-13.3033,111.942,-44
68.3205,-3.45433,2.657,20.6874,379.269,-41.3893,-21.3704,1.41328,-12.4889,5.65907,15.0194,12.1732,-16.1473,3
356.477,75.5526,-14.119,6.93383,-100.776,-65.2224,-135.602,78.066,-88.2631,-40.6656,-139.752,-13.5428,8.65724,62
41.3415,-33.36,-55.3403,96.2174,-333.868,68.6214,17.3182,45.8632,-51.8745,32.9793,-86.1512,-26.8444,145.118,52
259.965,26.9509,-58.2585,79.9419,-249.519,-16.2975,-46.694,25.3854,-43.9202,50.3659,21.2073,-49.8419,-47.7831,-37
416.967,-27.9272,-107.138,66.8585,351.072,-53.9649,-57.6386,-40.9746,25.3238,17.7298,-53.8858,1.23849,28.6356,-7
250.986,170.362,2.88714,74.6586,-317.439,-27.7081,-53.0141,-3.19217,50.9607,62.5398,-6.19933,-70.6418,64.2975,-92
3.12943,-12.0552,1.70911,-23.2955,93.052,11.1364,56.0173,-8.75849,33.82,27.6913,-2.94265,-2.27741,57.1733,-4
237.634,-53.2672,-65.1365,-81.6651,211.144,-48.3026,-17.1494,-20.4917,52.3324,-3.78286,11.5195,-23.7061,141.281,-71
564.498,-23.4063,-47.2163,-29.3146,257.709,-73.6491,-43.0336,38.1598,-172.083,-82.4176,52.8992,-18.3741,-34.9227,109
27.1368,4.47148,1.84154,75.6515,239.195,-10.8931,-11.2292,-49.8167,50.372,15.1973,57.3422,-12.9295,-6.39203,-7
222.371,92.399,-6.865,171.966,-160.12,2.67408,-111.957,28.02,-104.013,30.3201,-71.1612,-110.913,-64.9425,-35
-285.063,39.2255,57.7481,-36.3348,-107.544,-19.9213,1.28905,-23.8207,172.577,16.157,69.7315,-38.2145,86.0324,-37
490.129,111.519,-64.1837,93.1082,-14.8418,-82.1617,-125.745,-3.12634,-129.949,14.3033,-30.3585,-39.0565,-85.8303,7
279.925,-8.2829,-11.9144,-52.7806,301.715,1.84077,-9.42031,15.2249,43.2547,-32.38,-17.1926,-18.972,20.7066,29
277.155,-75.0296,-44.6507,104.807,771.271,-97.5117,6.99339,-20.5595,0.105725,30.2331,-79.2724,-19.7736,78.209,41
-26.5373,47.399,-16.7352,-45.5165,-186.435,-30.8339,-16.0953,22.1651,-60.2601,14.4724,2.59644,-9.77295,-14.3312,-1
338.454,-12.137,-24.0986,73.5994,514.906,-8.64847,-9.25116,-13.2374,78.315,13.0737,13.3635,-35.8321,4.13716,-39
139.586,7.59237,9.76279,95.658,-23.8134,-65.0303,-24.6622,43.6508,83.366,-8.8737,-78.5778,30.0228,28.0135,15
299.68,-27.4751,-30.2082,2.56339,101.857,19.0082,-66.9928,-34.8787,-18.5782,-21.5604,-16.4546,-0.273768,-0.671628,33
168.752,47.4213,-20.0579,28.0304,83.9293,-9.66301,-72.0186,-9.46802,-73.1298,-12.0395,2.5163,24.9149,-2.01127,33
101.359,32.2,29.6383,61.3617,350.122,-2.48903,-11.9552,3.45445,-18.0023,15.8435,0.297471,-21.3057,13.3081,2
22.3022,-4.31956,-6.14993,-10.3186,4.79094,-10.2433,-8.66425,1.82605,-13.1527,-10.2475,1.07479,-6.04352,-0.189011,9
3.80453,-64.3333,34.4418,2.68467,347.013,-39.3647,22.3035,22.1037,5.61742,8.17392,33.1353,-14.4139,28.7131,55
264.358,-77.4281,7.30268,-68.7488,450.838,-60.8252,65.9603,17.8337,113.483,45.3716,17.6887,-22.5581,32.1937,-1
119.065,-62.0426,-17.72,40.8301,268.645,-17.6057,-19.0717,-42.4892,6.95211,-13.3816,2.91839,12.1674,14.0656,30
107.745,10.0433,-14.1194,82.6257,7.05072,0.817127,-42.0263,-20.4427,-32.5249,17.192,-7.90248,-11.0386,-12.997,-18
245.768,104.563,30.9241,100.385,-207.02,-174.506,-124.939,103.234,-17.2233,-25.0542,-130.985,27.1169,27.8857,-102
61.2923,20.5765,-6.76979,51.5012,389.441,-3.85578,-29.908,-9.03448,-17.8902,-12.3145,-21.412,0.915616,24.9733,30
-248.081,-37.6513,22.5109,104.521,-97.127,44.0126,159.496,56.4958,-13.9557,62.8703,-82.908,-3.58835,161.846,4
-0.107825,58.3853,19.9181,74.5764,193.593,-77.3711,-37.9446,97.2149,121.172,-42.7267,-37.5298,18.8559,-82.5074,7
-45.8254,57.0415,-20.2388,0.801762,394.997,-41.0931,-66.3382,54.9438,106.861,-45.2347,21.0971,0.167435,-67.1449,19
76.7885,6.16837,-45.0341,-128.252,-69.4087,13.672,-29.3011,-34.5012,-83.4212,36.7804,33.4848,-41.1294,49.425,-12
141.774,22.129,12.9922,71.113,213.586,8.36357,70.354,11.0976,97.8955,67.391,-81.6158,-6.50408,140.643,-81
-343.376,79.4155,-62.1018,100.903,-120.38,-13.6721,-1.96996,-19.8846,-6.81738,-6.63298,50.22,54.3195,-65.5957,-44
237.691,47.0149,-11.0229,28.7493,-312.266,-39.2549,-37.5708,57.9577,-105.647,-24.6343,-28.648,28.62,-10.803,10
236.57,108.055,101.941,40.0989,-138.964,13.4693,124.716,83.8242,-21.3107,44.686,-122.931,-13.2447,152.999,-7
-119.583,-143.707,-32.2764,-17.1552,409.919,-35.3371,-66.9239,39.7595,79.9586,-113.828,-20.5919,-81.1734,56.1224,27
351.311,-8.22676,-36.4501,4.06276,87.2445,-36.4029,-18.4551,16.1294,54.8381,33.6274,-37.9922,-60.9696,9.34216,10
305.536,76.6874,18.8412,142.021,-153.541,-33.4464,-49.2836,36.1007,-29.7179,40.7085,-110.101,86.8788,101.924,7
42.8479,-9.3854,8.73279,-5.7803,-93.374,16.3594,27.5016,-17.7693,113.802,11.9821,-23.1711,-57.0884,88.199,-48
213.558,85.7593,55.2591,-90.5471,-88.8847,-133.335,-23.8687,84.2428,-21.4107,109.32,-4.60052,-68.3768,66.2186,-62
150.024,124.147,-17.1591,220.295,-41.0561,6.62803,-126.215,17.1646,-14.4985,43.4789,-9.73146,42.7586,46.4673,-102
462.575,258.635,-4.91288,154.668,-281.882,-43.022,128.034,-40.6951,-116.656,59.5516,-86.4715,-89.3547,77.5475,28
186.611,-63.6708,-23.7432,9.09415,-31.9881,2.84806,11.0496,-13.3337,-2.20181,22.8266,16.9295,-11.2891,15.5055,11
14.623,97.234,-8.63104,-2.73405,-282.917,-22.2926,-25.1192,27.2789,-27.726,21.8691,-35.0596,22.3403,16.8923,-35
431.632,-15.6731,-121.809,121.072,60.8948,-5.07411,-127.852,-10.6391,265.903,-39.0438,-125.39,-164.534,192.436,-85
366.355,146.125,-19.7937,-21.8218,439.634,-55.4969,31.5872,-3.68658,297.746,32.9293,125.255,-45.8653,14.6959,-18
17.0082,107.856,-25.8731,47.5324,-229.819,-55.5143,-90.0559,-15.7005,-46.7562,2.33639,4.6622,45.5752,-8.72963,-57
178.164,127.197,-48.9222,39.5968,-289.748,-115.819,-43.029,59.6762,-42.5929,59.6294,7.09736,8.74916,-76.7114,-18
580.608,210.162,90.4114,60.9443,46.9152,60.9934,-37.8988,11.9427,30.9502,95.7479,-32.4322,-68.2575,-23.355,10
118.19,73.4206,-55.8268,15.654,-167.701,-20.1407,-41.6827,31.2423,-110.235,-3.65519,-42.9072,-33.7536,-30.5415,7
352.81,35.1779,-6.08008,107.203,457.388,-62.2981,-82.0438,5.18012,-74.6576,3.29092,-43.5733,4.90868,26.0228,-21
118.781,-60.795,9.66789,-43.0515,320.744,6.93636,37.7641,29.5815,140.491,61.5109,-9.15788,18.0155,87.6379,-65
50.7392,33.4956,-35.8056,-1.9778,82.8565,-6.98129,-45.0324,-7.40209,19.2157,-27.5782,8.87536,19.8225,-28.9269,8
508.156,-21.0907,-5.7991,-16.7398,325.971,4.49149,25.4357,35.5683,12.0124,16.9993,1.02459,-38.7246,38.5847,25
464.047,194.391,-113.141,11.7573,-102.228,-23.94,-152.779,-78.4585,-159.321,77.7868,-8.11856,10.3457,-22.522,-22
103.479,118.728,35.2467,26.4124,145.908,-47.955,-91.3492,68.6019,-89.0991,-5.80512,-15.3557,-41.6667,118.372,-19
188.636,-93.1858,-14.9196,-9.139,-122.981,-56.704,-64.679,4.97122,-83.5405,-42.7782,-25.5227,5.84122,-10.0573,92
291.75,-100.157,-30.9227,23.2375,229.745,-81.5816,-77.1279,1.8735,-31.4948,-81.1511,-36.7916,9.30044,-5.05452,5
207.413,-5.51947,43.8765,89.4469,308.404,-27.5724,10.8678,75.5006,20.4746,12.9303,-76.5327,-24.2722,-7.75434,40
97.6928,33.7245,10.1947,53.1003,54.8674,-47.9903,1.64863,33.6433,74.9627,21.5634,-3.70229,13.2546,-20.8746,6
14.0217,2.71424,24.5273,40.1851,67.8052,-91.2795,-10.1013,103.869,-9.69799,16.4645,-73.3669,5.31121,57.8384,-67
-29.9381,127.413,189.643,-53.2581,-178.265,39.5062,-18.3611,104.977,57.1419,186.65,88.3614,-46.7708,-37.871,-15
66.8374,0.0906136,-26.5144,241.432,28.0106,-27.9292,-11.327,25.7867,-13.8545,78.6096,-43.4231,15.7874,-14.0919,5
351.286,100.496,-68.2539,268.102,336.521,35.0572,-174.19,-82.6448,-12.9341,28.5409,-41.8293,-48.7112,38.0746,-8
260.172,-4.00356,-61.4371,9.52681,-3.14414,-22.2382,-31.3546,-7.64735,-33.0776,-38.1969,-40.101,27.1419,59.0028,39
280.238,25.1123,22.2277,86.0986,-111.049,-76.0033,-83.0415,72.1571,-78.1663,18.9722,-3.36471,-37.7003,-16.5907,45
428.793,17.5695,-54.2827,73.837,66.9516,-119.635,-63.0052,-3.27405,-81.3668,-20.4639,29.4878,25.6512,-63.4607,18
459.186,167.003,53.668,-174.555,-180.981,-72.0238,-101.846,26.4749,-126.276,53.9335,-115.509,103.786,121.004,1
-29.0953,82.9623,60.7741,44.0101,105.67,-40.2864,-16.1208,75.7316,-40.6217,53.3098,6.17793,34.7867,66.6977,-88
403.474,65.3936,-43.8197,105.022,92.052,-6.78952,-81.0267,-35.6525,-7.77795,20.4014,-34.5296,-45.4634,-25.9499,10
522.788,95.0112,47.148,126.268,270.491,-46.5139,-51.2382,-11.9378,40.9005,38.9385,38.0207,-34.9978,-25.6969,36
-269.826,29.3908,119.28,335.287,-56.4396,-283.562,-167.506,115.784,-76.0953,-69.7979,-270.691,59.82,32.2324,40
361.085,-41.6859,-30.9261,-50.7022,135.094,-23.6311,5.71104,4.15565,77.4833,-6.99541,-34.9456,-39.9262,32.9696,74
86.6106,34.744,-18.8269,23.9927,-43.9988,-7.56539,-46.9201,-2.97352,-53.5396,24.5055,10.9062,-12.2606,-61.5019,-8
233.332,-68.3599,-72.6091,61.2685,266.856,-26.1835,-46.8456,-54.8229,2.67947,-3.28044,2.73952,-25.8683,22.4046,22
114.583,-33.0412,1.50435,-37.3541,183.018,-47.7277,11.0473,-1.1661,75.191,47.1505,60.5886,-37.0426,-31.4609,47
-87.424,16.2609,1.59572,16.9114,-106.892,-4.36849,27.4503,22.949,-25.2417,16.0837,-16.6219,-8.16233,4.79687,-6
-244.499,-36.2724,-18.4985,13.978,-380.203,-91.2004,-160.13,47.0236,-60.1876,-6.27865,0.967994,-32.2507,-131.534,-56
208.532,-16.2066,8.31765,88.9799,-32.3009,-2.9005,-16.1013,-11.2137,56.343,21.7433,-4.40697,20.5134,-15.1446,-16
75.225,29.979,26.5093,127.333,382.535,-86.5734,-70.3822,57.151,71.5264,70.2959,-0.233637,65.817,64.8147,-140
201.858,-35.3736,16.9054,73.6507,-62.9516,60.8508,-29.8077,9.00523,-32.4902,20.6144,-35.0455,-28.7555,16.6468,-25
-68.5793,64.1462,-67.1747,4.07485,-244.501,-38.6591,-37.1903,0.555879,6.00945,-0.697361,-7.48378,-2.77584,27.5537,-91
162.76,146.3,-0.909732,-112.344,44.0992,-6.6957,-25.3464,-14.5006,5.14268,93.0118,135.414,-58.8822,-23.6692,-36
-34.8625,-6.00056,42.2376,9.40124,374.755,-87.9883,61.4344,80.2852,200.649,19.0634,-31.9855,-60.0858,-14.7248,3
89.26,-21.8263,-19.0694,-9.29622,165.308,-6.25544,-10.0367,-11.8568,24.9081,-17.1032,-5.24567,3.62282,11.549,7
178.458,94.1024,-18.5364,67.8529,-62.8573,-62.0615,-75.9502,-26.1474,-61.3826,0.104824,14.5343,3.77046,-10.5036,9
324.569,13.7037,-6.74566,32.6532,10.4341,-17.1723,-37.2853,41.1213,-79.7773,-21.2428,-71.5234,-26.6481,5.56858,45
-269.553,-96.9305,35.7708,74.8563,94.7438,-51.2321,1.41645,90.7249,-18.0116,-9.04587,-98.9688,-36.8045,-15.7868,51
71.0387,-23.7989,-12.3185,0.0656707,350.893,-37.0826,-61.716,-18.7107,-28.4793,-39.0474,7.41186,10.3422,-29.4824,36
374.161,123.147,-42.5688,-64.1199,51.1684,15.7264,-152.212,-60.0304,-66.4729,28.5448,188.902,-51.5173,-125.534,70
110.695,79.6621,-3.74988,-190.616,-488.648,-8.46326,-16.2835,-25.036,-6.70525,54.0119,63.1314,9.89119,-15.1022,-26
-14.3873,-20.8323,82.8652,54.7227,-132.473,-128.533,24.1729,44.2931,137.396,-3.34159,-35.8372,21.0582,18.2024,-39
470.726,-120.039,65.4433,-76.8107,-218.537,-77.3752,145.491,29.4493,104.301,-33.1512,-69.5111,-103.096,24.8226,136
-30.2957,-22.3746,-9.18981,17.8721,245.715,-36.5348,-14.6876,-23.8372,20.0941,12.0769,30.0013,21.5096,6.16263,-7
74.4299,-37.6772,-65.3948,24.2265,365.963,-10.7874,-21.0452,-27.5267,25.8197,7.30305,-32.6807,20.6232,85.6311,40
-71.5152,22.005,34.7093,156.277,146.113,-47.7758,-41.3381,172.454,-50.2528,-10.6984,-107.177,-25.8252,-47.0933,77
169.478,-13.008,-38.2719,69.8012,546.376,-45.5123,-152.613,-32.878,-88.9801,-68.9851,-106.807,6.5198,-28.5033,54
236.986,-32.5434,-5.92285,37.0995,329.053,15.915,2.33441,-2.99982,17.2223,-24.4629,-33.6098,-26.4102,9.21134,1
197.415,-42.2783,-60.8227,113.211,82.1109,104.135,4.19981,-5.07573,-184.644,-74.7995,-95.5729,-56.6028,32.3696,189
140.504,-18.4333,-0.0774918,-15.7573,226.702,-6.88606,-12.2187,-12.8408,-33.497,-16.7172,24.0797,13.1459,-9.9519,9
-84.5112,132.828,90.9461,84.1363,9.15399,-60.6403,27.3728,-21.0038,192.613,88.8084,-25.8791,-30.7664,41.1136,-47
275.746,-22.3052,-16.6537,30.6793,274.95,-20.0515,-39.5181,-62.5623,-62.6874,-24.7778,-3.45839,6.02446,23.1766,27
-250.864,120.896,-30.6366,260.255,-87.8545,62.9904,40.3717,8.67013,-141.378,-8.09409,7.2343,46.696,-33.6914,35
236.613,-7.59458,-24.2222,-19.7896,490.876,-24.2459,48.0872,-33.9366,10.6251,19.4139,30.6294,-14.8112,14.3013,17
197.115,-14.5366,-25.9044,3.71787,275.559,-22.8313,10.4657,-28.4516,-31.5277,12.1995,2.83849,19.6566,30.6186,28
272.859,19.4079,-32.9822,263.448,386.84,-79.9703,-71.4215,64.3216,-64.6668,18.621,-139.462,-6.97781,143.268,-68
-18.8427,14.6632,-14.8566,67.8375,-84.2735,-61.0652,-44.1787,-63.1407,11.5827,-18.2525,-92.7585,-69.4403,20.8643,-69
13.0698,4.80692,-20.2364,-95.487,153.666,15.7578,12.7196,-46.1335,22.546,33.9038,17.4369,3.01537,96.0273,-45
102.433,-98.6908,-57.8903,-201.539,218.371,63.6654,-5.99622,-23.4233,123.978,-47.4124,143.727,-32.2329,80.9545,53
119.349,-162.374,-5.17988,-35.9944,196.655,19.7315,30.4387,-57.002,39.9843,-23.1657,60.2519,-37.6437,32.1975,36
-221.88,62.0645,-26.859,35.5467,-245.908,-35.1429,-74.8363,70.5631,35.1528,-62.3097,52.4791,52.1634,-49.6983,-38
210.06,44.2246,35.9657,93.7481,498.806,2.95968,9.89324,21.6905,13.0179,35.988,-7.06814,-35.0045,44.9402,48
33.8439,-50.4687,1.50233,-26.5785,142.141,8.26079,22.2052,-13.7353,49.6481,9.80225,-10.4305,6.47299,36.5362,-5
159.493,41.2789,39.6382,-96.136,-431.171,-156.383,23.5218,109.187,-1.31868,72.8063,15.6017,44.9992,-44.8421,2
-34.6615,6.25308,15.5729,5.3419,284.749,-15.1922,25.736,24.7687,3.54773,19.1653,-0.502264,-19.2275,34.488,6
114.387,74.4689,58.0241,102.537,94.962,-30.4543,-50.9739,29.7548,39.9834,83.6458,-9.56755,-39.5124,-12.126,25
12.9075,-2.96681,-1.97048,85.624,555.874,-36.6402,-11.2467,-26.1484,-15.3541,-17.0812,-10.0739,8.01053,-29.6751,29
424.503,-12.2881,-27.7709,39.533,149.158,-10.5204,-55.7133,-41.585,-31.0084,-20.396,36.4379,-18.2139,-31.5723,54
-127.362,102.937,38.1479,23.8562,285.808,-27.49,-41.8031,-26.9269,99.3843,91.65,79.1017,-17.6406,-3.86672,-70
81.82,12.5622,4.24001,7.50502,48.6732,9.05832,3.14487,-1.41725,-2.21201,14.5304,14.0744,-7.78295,-1.99392,4
393.327,175.711,-56.1124,182.028,-115.403,-73.0828,-179.83,89.2584,-14.9054,-32.1602,-98.6111,-19.6182,-21.525,-201
195.623,62.9829,-9.00358,94.0604,-86.2235,-12.5547,-52.9477,23.5352,6.82477,-33.5234,-114.526,-60.5727,63.9635,-21
152.537,50.8535,-13.0477,-16.2054,124.409,-34.8531,-30.179,33.3787,38.7357,8.43328,2.73322,-25.6123,18.2312,-18
408.024,39.274,-40.5069,-85.078,-111.766,5.48354,-32.4494,14.7151,-42.5922,23.9094,-4.50859,-61.8504,10.236,-43
-57.4595,-9.63161,21.052,-9.47369,302.719,-39.2312,-0.526442,-9.01645,63.6896,7.73755,17.2066,6.24928,27.6524,14
143.153,-78.9939,-28.8108,58.0824,310.739,-31.6437,-120.513,-44.1186,13.801,-29.8792,10.0566,-13.8192,27.2291,-24
256.823,92.7502,2.24189,153.683,260.059,-8.87322,-74.0767,-11.7285,77.1923,83.5502,75.1737,-40.3638,-12.6759,-8
279.54,143.202,-20.8499,-29.9763,-80.6867,-41.4475,-64.0048,9.34747,8.81129,84.8564,-27.8069,-48.1777,107.364,-82
40.9302,3.3777,191.393,64.5362,64.9796,-247.58,-326.918,92.3603,-95.2877,45.4659,107.998,61.7169,-282.346,-8
49.547,87.8879,15.8577,71.5263,-21.7846,-38.5808,-77.9102,16.198,-68.189,26.6851,31.8627,7.18468,-35.5676,-49
24.5779,5.50697,28.137,18.8827,48.5155,-3.15134,-5.69968,7.30837,53.3098,55.1944,-29.3539,-49.5931,65.4346,-39
-468.089,94.4059,49.7987,48.4414,63.2363,-16.1156,17.5783,-13.5626,42.5235,80.8586,-1.66315,84.9293,23.3051,-131
-98.9803,1.19011,22.9799,17.3848,55.169,-22.2128,-21.7302,8.14202,105.168,0.79329,10.0977,37.3911,-14.3253,-31
314.292,12.0048,18.1353,-16.5522,243.869,-36.5587,7.92967,7.46347,4.29037,27.5415,6.81954,5.50217,28.5264,31
3.69724,3.41599,-13.0679,-8.67572,179.523,-26.6585,-53.9602,6.77869,15.5263,-25.2674,-16.8582,19.6703,-4.9099,17
296.194,3.27749,-42.9497,41.2725,205.056,-47.8777,-151.451,-49.3157,-174.298,-40.4638,-35.4809,19.3629,-2.00922,13
121.194,-10.5503,-15.862,32.2806,244.162,-133.73,-36.8904,13.7865,-7.70037,-53.4153,-11.2089,34.0019,-106.388,36
353.395,-43.413,-37.8732,-11.3561,92.1686,-13.166,-22.6368,-27.3931,-29.2569,-43.9905,-40.5541,-17.6293,3.5037,43
-170.356,-27.3228,33.841,-77.4333,-1.71601,-15.6217,12.5118,44.6696,100.525,-4.43878,41.8928,-10.5303,48.6737,-37
81.8482,-71.5259,-122.547,-0.150227,-63.5896,-48.3228,-147.535,-99.864,-5.46956,-32.4494,8.45327,123.563,-30.1557,-116
403.145,-55.8763,7.66219,11.8199,481.67,27.3885,-19.7128,5.06627,34.3158,-25.5457,-14.0038,-31.4387,32.6455,22
86.4393,35.3984,24.1234,-19.5391,118.161,-102.388,-59.4415,26.2558,140.45,-10.0838,56.7942,58.1393,28.4349,-13
326.135,36.6421,58.8634,36.5255,-42.1497,-64.944,-64.4028,63.8143,-140.805,-5.86571,-43.339,12.2108,59.1061,28
-9.06282,17.1858,6.09597,-20.5012,136.662,-12.6627,-13.2597,3.80066,2.94923,9.82545,3.57433,0.787273,13.2551,1
236.054,42.5303,87.9162,165.038,518.379,-64.6666,-77.9521,10.8996,-66.9541,-13.2279,-1.3746,-28.8452,1.70719,43
568.787,-72.4904,-41.6156,40.958,373.598,4.24286,-48.9554,36.7723,53.6111,-30.1409,-116.556,-103.254,-29.9031,39
-60.6081,-10.2272,-0.034895,48.5952,61.5733,-15.8241,-3.8553,7.81727,-27.7351,-13.425,-35.643,7.94644,22.6705,9
-55.124,77.7759,34.6108,86.0053,4.41907,-13.2505,-46.2179,48.6599,-22.7544,24.3661,-13.6459,-15.7448,30.5215,-44
-93.2336,47.7156,113.582,82.8643,90.7614,-71.3805,126.843,145.761,142.758,102.722,-118.002,-25.2902,75.9647,58
212.753,64.3144,9.35681,95.6204,279.165,13.0693,-52.3575,-83.9578,51.6356,35.8322,55.2791,8.85299,-44.3498,-9
256.937,169.335,4.89831,84.0244,152.198,-13.9975,-123.098,6.73256,5.01642,13.7131,16.604,58.2507,-15.6021,-1
146.685,141.747,53.5043,105.613,-305.452,-27.205,0.416478,75.3685,-32.5593,57.7466,-91.4732,-48.4468,164.001,-155
-137.409,-123.061,-47.3929,2.76822,172.791,21.0021,13.2842,11.786,-32.4987,-83.301,-100.846,-103.2,52.6249,98
40.538,-43.0071,15.3368,73.6402,653.809,-63.3409,-30.894,-64.4106,11.6362,13.0368,36.5813,11.2527,26.109,-14
203.561,-11.1089,66.5217,73.9971,-147.304,51.8871,-4.83914,104.068,-13.3052,81.994,-91.6565,-2.5637,46.732,-52
173.662,5.19853,9.14515,86.6926,264.575,-10.8954,12.7394,-2.69163,24.1125,18.6913,-65.9854,-23.9152,54.3548,51
286.82,-13.225,-37.8411,20.8903,282.535,-12.3289,-54.125,-13.0148,-47.5622,-31.0079,-17.0095,-39.1384,-30.8441,23
473.386,-4.05427,-74.1283,47.1867,380.97,-13.9858,-21.9889,-15.665,39.6035,-10.2707,37.7064,-60.5648,-12.1994,13
33.3547,40.4344,9.03523,-77.8365,-160.098,5.23966,11.1674,80.2081,59.3078,31.2294,-9.57853,-55.919,5.37539,18
208.752,-65.0599,21.315,-42.1912,108.524,-40.4156,34.0008,52.9145,77.3279,30.9837,-2.35028,-32.9322,-21.7594,36
70.8478,-45.9702,-49.7627,-30.2526,378.828,-28.4351,-2.66548,-30.2441,3.67916,-6.62483,-4.01546,-1.13502,47.026,-9
131.884,-46.6116,-53.194,-41.4649,78.1219,12.3944,10.3218,-36.7841,44.9779,-10.2619,7.332,0.999328,-0.658687,-5
180.49,-4.59214,101.216,-0.983729,30.4211,-83.4871,22.7686,89.6914,73.8357,35.087,-18.8057,-6.12524,19.7798,-2
269.599,-28.4983,32.9732,128.456,476.609,-68.2619,33.6454,34.6477,37.7537,-21.1285,-10.2207,-9.85338,19.1349,94
490.638,284.433,-15.6085,155.084,435.462,-73.974,-207.198,-33.807,-117.857,100.525,52.0151,61.5069,-8.46202,7
286.456,56.3677,-41.0556,72.7384,26.9595,-3.83498,-41.2042,-19.0916,16.0915,27.8535,-19.1422,-36.5258,9.08629,18
338.629,5.58412,23.7025,-113.095,113.651,-21.2757,-20.2419,-15.542,139.951,23.4047,103.244,-61.0239,-59.9938,62
447.626,208.358,67.3403,97.8072,-135.937,-143.109,-91.451,158.988,5.15303,140.897,-52.7838,-131.18,71.0008,-155
203.176,26.3293,36.243,-22.6182,-60.3858,-38.2851,-1.94817,58.4712,17.4269,59.8964,10.1866,14.7108,0.729357,10
231.416,-4.96001,10.5184,48.6669,515.647,-35.0763,-26.8735,2.26046,-2.52981,-28.8747,5.71231,26.2842,-1.8153,20
149.587,-29.2479,-15.8416,1.30739,42.4517,7.77183,-3.10674,-23.8932,5.26664,-3.74158,23.9167,-20.3107,-41.2692,18
-227.583,104.329,22.186,-31.9024,-319.985,-18.5579,-39.8752,4.12404,-8.04276,26.6978,60.9623,-11.2683,-35.4849,-19
369.225,-100.637,-60.4763,42.4741,32.9076,-85.4871,-25.2856,-18.9492,60.8614,-21.0361,100.167,82.0673,-100.357,-3
141.919,-12.5577,-4.90338,-95.7494,-48.6232,-138.991,-84.889,104.065,84.5305,-63.0899,13.0719,5.83157,-57.0074,53
-156.294,38.9013,-96.9945,-73.4253,151.897,-71.1093,-87.5329,0.0411878,-59.2715,3.12571,-23.5973,-9.31447,-13.375,-50
507.089,-7.11933,-86.9308,-52.7903,246.707,-19.5363,-103.307,-50.2344,-89.7829,71.2451,20.7706,13.6293,89.3063,-123
258.213,-3.81029,-33.3536,-88.3786,-26.3813,-38.8676,53.3518,51.5116,-24.7607,26.1883,0.843359,-71.1995,46.2122,17
-16.0182,13.7844,13.5293,20.4735,34.3415,-3.67703,-21.2233,25.7729,-18.6867,0.94707,-28.5642,-4.20032,9.08044,4
-134.705,-9.70736,-25.331,-151.669,80.5127,-47.0018,-31.8795,20.7552,104.034,-33.6043,-6.21647,73.8706,34.0914,-67
162.546,-29.6084,-12.5071,20.9847,13.7997,-32.1649,-22.7157,-55.855,8.70827,-14.7582,23.0297,23.3821,-2.29843,27
106.911,13.2819,-18.1047,23.1375,-157.384,21.8987,-16.634,5.99432,-54.3243,12.2989,-15.7795,-47.8982,-38.7632,7
228.322,4.70509,6.2595,5.001,-120.696,-59.3806,13.5265,45.2781,44.1059,44.9342,-22.0095,0.108854,55.3511,-29
72.9295,134.572,32.773,69.2582,-272.695,-86.5917,-85.2488,7.93967,-11.5838,31.0029,55.8197,98.7345,-0.993617,-48
271.251,-75.7065,-17.3423,-15.1206,114.372,13.4108,-21.2635,-9.71693,-27.366,6.3067,-17.6739,-34.9334,33.5016,27
-8.45146,24.1971,29.2593,37.5312,-270.995,-3.8403,-1.08173,35.7678,-77.1657,26.2629,-55.9699,-8.36901,26.141,2
137.385,22.1821,-39.7352,38.7208,168.777,-27.0381,-62.1052,-21.5852,8.89018,-8.85158,16.1242,25.2847,21.047,-30
71.2884,84.5831,43.723,203.476,-161.182,2.9582,-96.1331,25.0209,-167.884,-13.7935,-154.777,-38.5445,23.9505,14
135.59,227.825,37.2282,110.441,459.853,-86.9974,-128.004,63.3199,-238.828,37.7952,-135.022,-32.7748,34.2334,86
196.368,-68.1482,-29.7616,41.0666,105.825,25.3875,-10.0989,-7.06871,31.4974,-26.0133,-31.7596,-43.6247,-48.4529,28
296.012,-47.9747,3.34619,44.1037,217.387,-27.2138,-12.2233,-8.2483,-25.6791,-46.6479,-21.1752,-10.535,18.2635,27
146.611,24.5353,11.8594,37.8818,35.5718,-5.06572,-0.109105,-11.6366,-3.95521,27.5409,-10.4925,-21.4275,-4.46571,17
-77.6881,65.397,21.3601,63.1036,60.7683,-28.1457,1.50097,5.28124,-10.2392,1.72426,-26.2852,1.01645,25.7272,-10
164,84.6655,47.8282,45.9517,324.596,-102.802,-162.2,126.583,-13.3499,-23.0848,-45.5556,-17.3171,-36.914,-18
152.987,-6.30671,-27.9142,36.6559,415.869,-0.700133,25.8808,-20.4911,-6.58969,15.5834,-11.4812,-23.217,34.618,4
265.937,-37.5925,-24.8855,7.72919,250.697,-26.7517,-20.3358,16.8922,-82.5688,-19.7711,-38.4445,-12.7968,-41.7112,17
-2.10754,67.5792,30.8675,37.7735,-275.652,-23.7094,-12.0874,76.0001,-14.6103,21.1809,6.71598,-15.3887,9.63402,-18
94.2501,67.2911,27.9856,59.393,-21.8496,21.5615,-0.0997401,20.4009,30.9078,18.6661,-44.3296,-55.0933,71.6399,-11
162.321,-37.4049,-21.4434,-34.615,302.166,-5.38143,9.91855,-32.6315,38.2573,-27.2469,21.5874,-11.3299,4.05226,14
167.245,48.9512,-16.0188,-23.2472,-170.861,-0.648011,-6.81289,-7.54934,-27.9191,11.1625,-11.1769,-5.59802,-16.993,9
-59.4365,154.47,-3.18202,55.2156,-170.295,-9.99437,-159.193,86.2346,32.1585,23.3181,-76.1504,-31.2267,-54.1087,21
146.302,94.9562,-107.766,50.7478,-125.421,-160.468,-74.5,118.192,-111.122,-92.6695,-150.514,-35.3251,-22.5902,-51
13.3811,-51.069,-22.5012,26.7779,-179.203,-24.925,10.8345,-32.8678,93.5102,-8.94336,6.96063,-3.96636,5.3119,13
-64.2655,-36.7054,37.2461,-39.501,354.532,-93.7011,-49.8629,75.5667,118.139,-44.9639,-22.9352,-44.7441,-10.0573,72
-28.2279,38.4639,-0.0174745,156.802,266.401,-26.8561,64.6746,130.054,7.1556,17.0509,-196.533,-11.7311,90.052,4
183.595,51.7748,-4.28511,42.1546,53.6296,-8.7399,-45.7931,-7.14694,-10.9953,45.573,-0.502275,-3.26476,7.58645,-5
-55.6706,75.0047,52.9612,123.088,319.921,13.0976,-33.8908,17.8267,-64.0206,19.1839,-35.308,-25.6793,-28.1014,40
6.65744,88.925,11.4711,39.1696,-367.584,-90.9313,5.66146,112.69,4.5815,-84.7532,-132.318,-24.4832,1.8535,46
112.672,-6.22065,-50.0743,103.075,182.271,-112.657,-67.5138,11.3663,-83.1684,-49.8804,-38.6345,24.8731,-8.3683,-24
-62.6606,86.0851,-5.80076,-62.3625,-240.02,-130.424,-108.564,68.7271,-41.2469,-4.06521,39.6409,-32.3659,2.88921,-75
-71.2891,-2.89863,14.734,12.3113,326.274,-20.3468,-19.8314,0.790249,22.473,-17.8624,0.194977,-13.2308,-2.41635,17
72.8427,-25.8859,-5.04609,-29.7642,238.285,3.00333,6.32614,-9.04362,10.0829,-7.67224,7.64057,3.37677,12.9765,7
29.7883,-27.8851,-20.1808,88.0693,-18.3025,49.5213,65.4197,47.2866,-5.55611,136.893,-165.858,-103.374,112.515,142
239.552,-26.8555,-80.7179,100.507,35.5912,-109.763,-44.7881,-8.07327,25.4676,72.6687,0.536593,-21.1539,-1.64509,-37
189.107,50.4251,41.3393,190.869,134.532,-148.609,-147.352,60.7855,-170.267,-103.882,-3.55646,-78.9984,-12.9091,56
264.118,-123.315,-65.5724,-20.3227,469.055,26.9744,-96.3324,-41.7261,-23.75,-23.3606,-68.9136,-1.17609,25.1446,-84
677.385,110.563,49.9715,67.6865,-71.3961,-56.6872,-133.423,51.6919,112.109,91.2457,-7.83912,-2.30011,122.192,-62
-0.29027,-97.4073,-137.364,-32.7134,-256.944,-78.474,-134.404,-49.902,135.959,-105.93,-35.1995,-46.5889,-6.74039,-190
114.97,113.081,-22.8132,-4.48272,-234.166,-52.5317,-47.4229,72.7985,-53.0043,-5.60099,16.511,3.76453,-33.8976,-19
-45.1314,195.636,-16.6656,32.7388,-165.183,-100.187,-121.259,29.1821,16.761,33.0512,36.9352,-3.44066,-92.8236,-17
313.203,-30.3006,-37.0354,64.6948,32.5199,-15.5554,-67.4859,-14.6583,-98.8459,-60.5193,-46.5602,3.71939,10.4324,37
77.0557,34.3207,-64.5657,126.551,-247.153,-16.1727,-107.952,-72.6137,-29.517,16.202,-8.43236,61.9448,3.04937,-66
278.396,-29.3511,-17.3305,-28.7635,140.288,-63.2704,54.9102,6.95416,82.0737,51.7891,64.4853,43.9829,-41.1285,29
208.947,20.3039,-21.8608,5.53363,175.46,-58.7891,-22.0282,31.4241,43.2726,-45.1606,13.0566,-10.4272,-70.9952,47
290.926,-7.59512,-44.4683,-27.6752,196.264,-16.8256,-54.426,-49.035,-51.2468,-64.6684,-25.8778,22.5108,5.26361,65
138.818,-61.9598,-39.3033,-2.03623,676.545,-59.3482,-38.7909,-66.7361,36.4382,-10.7304,8.86836,28.8047,43.5324,-30
42.5374,19.4566,-1.39736,34.2682,-36.3436,-48.1416,-47.4958,18.2157,-68.5703,-17.3337,-22.3461,-13.634,0.000936002,-30
30.0755,94.2459,4.16282,95.9313,-289.126,-30.6633,-129.099,-55.6289,-1.58911,23.8675,69.773,-7.72941,-101.654,14
214.977,-29.8995,-16.0601,-13.5703,-27.8208,-22.3027,-46.0203,-25.9151,-31.8116,4.94004,16.8532,-6.07478,43.4122,30
34.8816,2.37641,83.2866,43.914,-282.187,-28.783,5.24089,98.0227,-52.1033,52.6691,-77.0265,-16.878,63.8364,-25
96.1928,-89.1134,-35.6454,-26.2245,281.906,-46.9938,-43.2356,7.79957,-22.538,-84.2943,-0.00067584,-48.749,-32.1697,67
313.712,54.3363,-6.6658,127.844,4.66726,22.4207,-67.6878,10.905,41.4273,-6.5159,-47.9881,-95.0456,-49.4544,-18
140.914,29.5568,15.5425,24.8943,113.297,-36.3365,-44.8422,28.0948,-44.7574,42.535,-19.2333,-2.89009,37.9016,-36
190.437,78.3288,-87.2849,61.892,-1.00817,-95.8418,-241.589,-55.6686,-230.93,16.9718,-98.4799,13.1675,50.1492,1
82.5802,-8.45121,-46.4776,20.6667,-614.073,35.8191,-72.7833,-55.264,51.3858,1.36658,3.84942,31.2413,57.287,-118
181.613,14.7642,13.5014,-28.5718,332.43,-13.4581,-11.8753,-17.0751,5.56921,15.3143,43.2386,22.7578,16.3026,-11
-19.3713,-69.3649,-34.9408,-7.89185,466.746,-98.1891,0.0669481,-1.24843,80.0228,-26.3528,17.6504,-34.6058,34.8876,10
-16.8799,14.0543,-4.6306,9.20912,203.264,-15.8193,4.24871,0.967091,11.1097,5.33553,0.716477,-3.50758,16.2359,2
194.106,273.473,109.701,319.883,252.437,-23.9465,-147.348,128.627,-116.348,36.6942,-186.506,-103.463,-5.36723,30
3.95647,-3.38883,-0.418452,-6.60672,94.4235,-17.0898,8.35068,9.13052,40.5575,6.43697,-3.49487,7.0725,11.4454,-13
-65.4076,25.4593,16.9475,28.1039,-78.64,-38.4986,6.73335,17.474,39.2826,10.6327,-7.54376,13.5711,-13.05,-7
364.068,61.2304,54.3242,-16.7947,259.887,-19.2634,19.2915,27.5174,43.3483,17.6715,34.6113,-40.5158,57.7155,20
-43.724,160.933,-4.8823,81.6296,-537.956,3.11686,-61.9839,103.65,-31.8301,-20.0365,-37.0703,-43.719,-16.3941,-60
362.895,198.637,5.89184,173.838,626.927,-51.6046,-67.6289,58.1504,-61.5779,6.42176,-73.8815,-4.30512,47.7887,-32
-184.325,29.8798,-1.41156,-12.1368,-183.716,-104.774,-105.547,-28.614,14.746,65.1536,-6.68609,100.375,33.3479,-80
82.0592,-11.1797,20.1639,26.9886,368.58,-13.6028,-10.8471,10.7265,57.2935,-7.92032,-22.7895,-10.6171,22.0653,10
220.106,32.4154,-49.4575,69.3458,-81.1207,-106.146,-99.7137,108.95,-27.0919,42.6418,-14.1911,-38.3671,74.1682,-162
341.529,99.066,58.7491,41.5105,-118.808,9.76145,-141.095,8.56509,-132.64,43.6251,-102.418,-9.62828,56.4439,-69
516.181,-88.8421,-88.4445,-15.5315,170.709,0.609787,-50.7395,-49.0003,-43.1945,-28.7732,-69.9926,-21.1622,41.1336,37
342.632,-7.81399,16.8794,-43.1867,101.053,11.5274,-71.8852,10.2877,-108.549,-35.6472,5.27314,34.7329,60.028,42
88.6691,11.415,-9.77896,-12.235,29.5459,6.41696,7.35771,-8.29523,-13.6311,6.16706,3.49192,0.112357,17.6496,5
181.352,-19.3758,-62.2589,2.86257,59.1598,-21.5781,-51.0308,-12.7228,23.0393,-41.2274,-35.8436,3.61892,11.5965,-11
363.231,-102.662,15.3061,92.8528,57.8527,33.9,-41.5421,-78.7553,27.3837,-103.133,14.0367,-38.2538,27.7644,53
-105.644,-102.528,-75.2753,112.921,-115.113,-68.3471,-76.6436,-17.5062,-173.977,-41.139,-18.1996,-25.67,-16.059,-101
256.315,-33.5372,-25.1862,10.8641,279.67,-0.00706607,-21.0875,-46.2986,-20.4821,19.7373,6.47006,22.2693,53.3898,-13
-240.422,-12.3338,58.2848,-98.4299,-23.7937,-90.661,-12.3874,94.8713,133.403,-11.4931,96.0818,-6.17156,-13.3449,91
185.55,83.1327,-15.0667,43.1657,144.721,-80.2595,-97.5684,13.0318,-126.274,77.5578,0.508325,18.7495,49.8947,-61
-243.231,15.8275,20.0864,71.7867,153.22,2.58093,1.48128,25.1122,44.8984,-4.58219,-15.2655,-12.1603,42.6375,-16
-45.406,-64.1326,-16.1671,-20.8956,204.727,-30.2869,-42.8305,10.1623,-19.9124,-98.6191,51.4961,-47.7035,57.2916,45
-288.531,114.501,51.6578,136.104,-297.492,-6.66199,-1.18034,63.9383,-31.2351,16.7138,-28.8863,-4.94082,2.47118,-47
323.573,137.601,0.891286,-159.262,-170.095,29.8725,-4.12923,-1.70405,29.4236,101.915,54.77,-39.6574,92.1257,-26
404.491,69.6378,-6.04354,89.3318,92.5084,34.5746,-12.3885,25.5322,-15.3922,-16.3898,-36.2979,-87.823,-4.718,28
306.549,63.4017,61.5033,41.2503,-36.8401,2.93487,-15.4476,84.9133,65.4743,49.6841,-2.67293,-75.0742,107.668,-62
221.103,29.2424,6.50934,-65.7456,4.9148,-4.57571,11.0241,21.3177,49.4481,14.1531,-51.1151,-7.42051,32.3903,-21
235.266,-63.7648,-7.19299,85.5226,253.942,-39.7411,-51.8583,-2.12877,-47.5423,-25.9528,-56.7986,-25.2158,-32.7045,45
103.544,114.494,-14.0317,140.342,-50.8382,-7.27267,-95.8633,12.3783,-46.5082,3.40401,-89.1974,-40.2578,-28.7332,24
73.5149,-69.3634,12.6887,-92.1627,232.432,-60.6495,3.25878,-28.7067,-7.26912,34.9636,130.793,-15.8511,-39.045,44
5.85361,-2.9337,0.270798,69.3601,190.119,-68.6375,-59.15,-13.1241,-21.2448,12.6199,-24.09,12.7733,64.9441,-91
51.4229,-26.5215,-6.58881,41.1985,315.759,-21.5698,-0.793145,-13.6092,9.75498,-4.07781,-12.7922,11.4557,14.3519,13
11.0388,35.2511,48.8206,49.7555,-101.47,-17.1888,-3.73825,32.6564,-16.3741,24.4854,-18.2376,-29.8198,-4.1797,-5
17.1241,-2.70506,-1.53983,-0.420067,-10.7688,-5.66203,3.30934,1.21561,1.38324,0.860426,-4.16485,-1.93913,3.08611,2
118.997,-209.016,-59.1288,-44.6136,-5.2667,-40.3447,-18.2721,-165.572,-29.4903,-68.1462,16.904,19.8796,34.6172,6
455.224,-102.734,-207.624,-320.562,545.621,-214.25,-139.399,75.1619,-54.2135,-27.7021,91.7426,-80.3002,-11.0201,47
247.019,-24.621,7.96414,-25.0267,320.351,-19.4561,-5.39108,20.8251,12.9651,-12.9528,-3.87923,6.06623,-1.70753,18
-19.7091,34.4692,31.9283,13.7652,-114.461,-19.0658,-63.6904,12.3614,-34.78,19.2908,23.4552,19.7424,-17.7672,-22
102.907,72.8847,-26.7761,34.2361,-47.0465,-26.0491,-57.133,18.4654,-53.0467,-1.14352,-9.3905,-2.12046,-2.47161,-46
79.5525,224.358,-55.3394,46.6809,-60.7011,43.3261,-207.576,49.8149,-288.967,18.427,-56.501,-4.40551,14.2739,33
226.871,53.5543,14.3507,48.344,189.498,-25.1716,-28.3864,56.3936,36.1655,-27.0229,-20.8075,-58.468,-11.477,50
418.589,-4.50675,-12.189,11.245,401.098,-58.0679,-82.0602,-37.8406,-6.99526,59.0496,21.4647,35.4434,96.7293,-39
519.828,52.2846,-83.8983,46.3099,172.22,-61.3167,-114.088,-2.84157,-138.005,-16.6227,46.3435,47.1936,0.203384,-17
333.419,-46.1033,-137.752,32.909,35.1152,-29.8277,-91.3412,-65.2086,-0.180834,7.0815,-122.706,-40.183,61.8324,-15
206.759,-18.2133,-11.8281,-24.0814,160.656,0.615042,-5.82249,-9.6628,16.0205,11.7494,7.56447,-7.61828,6.61904,32
168.852,1.97895,-35.2048,4.52618,3.80549,3.20519,-28.1617,-25.7198,-44.9147,-8.80458,8.24577,2.01123,-14.5523,15
63.0832,-2.26394,-6.00498,23.3148,51.7913,12.1356,3.0274,-5.98809,-20.6901,4.55294,-5.32708,-19.8819,-14.2123,16
-36.8233,-37.1605,15.251,44.4485,184.703,-74.0108,10.9441,-14.3925,68.4434,-12.6295,-23.2595,19.7204,29.3734,23
108.671,179.375,120.936,-22.079,62.6939,-52.7881,133.398,198.46,147.07,139.76,-156.38,-150.831,199.465,-122
239.361,-118.284,-99.305,-32.2823,249.083,12.0475,-45.5528,-75.0799,12.1046,-81.4436,-0.413951,-40.0784,31.9311,-18
354.619,193.52,-29.1284,70.0996,-396.866,-131.295,-83.5684,120.043,-88.1187,100.433,-126.568,-20.8694,-7.49332,-39
84.2587,55.7758,-62.4943,-168.291,-108.103,-153.603,-102.121,116.413,149.06,-94.6359,149.583,50.3764,0.366112,-87
255.056,39.1527,3.17731,3.29455,103.291,9.59798,-69.0885,-46.1581,-85.6764,21.6738,-11.8441,-16.9641,37.1076,10
39.4362,96.0788,26.6604,55.8088,-162.159,-36.5809,-38.1377,23.2257,0.566503,49.0857,-6.53406,-10.3853,20.6089,-74
132.038,-8.91845,-6.61021,2.99611,26.6242,-6.14278,-23.8509,-0.598456,-14.6515,11.3909,-5.56717,2.41914,15.0012,-4
204.048,-22.4749,20.1624,83.4755,226.611,27.5827,22.1999,-39.0773,35.9066,57.4953,-30.5265,-103.492,39.9913,18
-27.8073,-31.9641,33.777,25.0461,61.61,-62.0695,-18.6626,16.7957,77.4483,-19.8449,-13.0742,-7.66168,-31.3867,1
-70.6198,29.8388,-49.5303,-66.3064,-55.9532,-69.8004,-143.799,10.8944,-56.2946,-56.4647,-21.5981,-68.5388,3.01813,-42
123.38,158.403,-75.5095,3.19667,61.5665,-200.524,-158.359,123.188,-160.532,3.3151,62.7885,-61.9364,-15.9333,-153
502.153,-25.4035,17.6594,0.209848,89.4957,-58.6169,-68.9664,58.7046,-28.709,3.33503,-52.2694,5.06975,16.6915,-5
-39.2822,34.4357,103.011,80.6662,-66.1923,26.6327,-94.4215,169.437,-56.4605,89.8875,-36.9817,-36.3342,111.434,-135
-9.43548,15.7025,14.5909,32.6129,182.977,-10.2882,-68.1966,-8.95267,-69.4321,3.67844,33.2908,14.4446,0.375678,-22
348.456,-65.6555,24.6272,20.5446,817.647,-76.6341,-18.7871,-4.21277,33.2022,-15.9705,-42.8028,-5.9567,18.4487,28
154.637,144.953,40.62,73.8928,18.9149,-49.2956,-146.446,-6.57518,-26.9902,60.9942,39.9296,18.0375,43.7493,-20
245.582,-4.3888,-13.5204,60.5299,278.939,5.85259,-62.4739,-5.32719,-13.2878,-62.2396,-70.5668,0.556254,-20.6111,15
-238.357,9.8142,75.1012,49.0745,43.8364,-12.4645,-30.2971,-4.93044,87.6137,5.30547,63.1674,-37.2971,49.7463,-5
397.94,41.4761,-12.0072,79.6969,449.868,10.732,-17.7029,14.8693,-20.5747,-0.179423,-57.0083,-24.5512,38.5889,20
64.4232,19.8511,-9.19617,-16.1691,131.151,-30.3257,-8.5338,-19.5899,13.6971,17.5563,53.3,7.17582,23.2695,-5
-70.7876,21.4634,36.0808,4.88605,-34.9686,-29.3777,-42.3329,32.0398,10.4085,32.3654,5.91727,-25.689,6.60769,7
-395.898,41.5047,5.93965,-56.9733,10.3904,-29.4935,54.5613,96.2371,172.449,39.0129,26.306,-35.3136,-24.6979,74
29.835,8.67825,7.65701,30.7057,-103.916,-85.8239,-22.4897,-8.89644,76.6102,101.606,75.4545,65.8249,-15.2855,-57
42.9603,-0.519179,-34.6932,-10.2968,109.081,-64.3758,-49.8232,21.0259,56.8525,-75.7271,-8.69629,-8.57475,-12.0919,57
61.4409,-29.7359,-16.0497,-77.4258,336.491,7.1693,26.0021,-48.7463,34.178,-3.06391,23.3527,12.0099,28.886,7
114.116,-39.3508,-19.2381,-43.7151,456.287,-15.2458,23.5043,-14.9771,-2.67408,14.3755,-27.3462,-28.0231,84.3011,-18
6.34127,16.8473,-8.2736,-9.41665,-178.182,35.5185,1.21651,6.70317,-154.315,1.05681,-14.6198,-21.8691,30.8961,70
174.62,8.50084,47.6228,7.64506,40.8158,-55.6822,32.2166,98.4554,1.22167,49.4373,-58.1787,1.89425,54.4926,-12
-65.8639,45.397,32.0025,44.0663,-79.7889,-52.0985,-5.54267,53.0848,69.4448,11.464,-38.5683,-6.29599,-15.043,-9
334.492,32.1879,-50.4161,-42.7771,36.696,-32.005,-79.9397,-59.7443,-82.4854,-29.2591,-51.6549,-32.5718,6.04706,8
90.1628,-19.3299,1.09971,26.886,217.688,3.46733,7.53924,-5.05156,42.3931,-3.24527,0.214316,-10.4505,10.0331,-15
116.901,-47.2698,16.7216,24.2005,274.589,-51.2681,2.39271,35.469,29.596,3.35381,-18.411,-15.9412,57.4167,-2
30.8193,9.6498,23.2031,11.8719,160.888,-49.8472,-8.71651,56.677,62.7318,-15.993,-21.2986,7.33559,-17.312,20
309.501,-64.9679,-92.2446,-52.9775,-126.338,-11.3924,-143.825,-87.3787,-59.501,-5.46864,-0.65255,32.4543,6.18234,23
-18.2383,-19.3169,-6.251,11.2788,578.214,4.36062,30.2847,-33.2667,61.4826,-4.27433,-16.6145,-8.80222,46.6601,-14
84.3916,-9.36221,-39.1883,73.867,195.562,-58.3221,-22.3844,14.4546,-40.6466,30.4322,-6.72705,-6.56341,0.218746,-20
107.587,-55.4131,-52.0371,-74.3009,465.999,-40.9025,75.7294,-15.1984,136.017,-15.3861,-39.6373,-40.3913,91.6578,-31
166.602,-9.34071,18.9533,89.6179,93.4333,-80.6501,-56.6612,67.3837,-77.7741,-34.2925,-90.3663,-7.62979,-5.98351,67
114.616,49.1036,-22.6225,-9.51243,-115.46,-72.5327,-149.807,93.7283,-158.761,24.1717,-107.136,-22.3668,-3.85253,-38
-15.0239,-26.7528,-4.16095,-62.9559,6.6782,1.19217,36.1207,-21.4781,66.4079,-7.23098,-13.6945,-1.56945,50.049,-25
128.481,23.5623,21.8717,95.0576,288.992,-33.2131,-70.2942,43.8084,-76.9321,-37.5778,-32.8152,-16.3956,-28.9206,35
-248.525,154.8,22.2897,26.2701,-278.844,-28.7507,14.53,44.2565,-51.3641,78.7396,23.8166,-50.6243,-65.0644,-18
-85.9643,16.6089,-46.3161,159.13,-323.411,18.4364,-50.7622,54.8294,-210.486,-26.8069,-140.933,-35.1044,14.1194,125
-28.82,-27.5976,-8.36054,-1.51055,116.169,3.72828,15.0827,-16.9407,31.0538,12.7228,4.73396,-4.41559,32.6342,-17
-106.697,9.28868,-53.9278,-88.0536,-169.777,-5.00152,-14.3303,-55.1186,46.3447,42.3256,5.18352,-4.99056,93.2481,-68
-3.8044,-41.5771,24.3651,-18.0001,82.4535,-23.2737,23.1748,50.9554,71.856,15.841,-33.6055,-30.299,6.85729,27
131.484,-73.2236,-63.7808,-49.9637,38.8539,36.385,-22.6059,95.5687,104.137,-104.101,-126.384,-107.017,-48.0362,137
129.739,71.3405,32.3172,8.87517,22.7653,-0.35767,3.04111,-11.0786,27.74,55.487,41.4341,-49.6343,-43.6156,-16
-70.8056,87.6403,32.2179,37.5723,-114.316,29.2598,8.03592,53.7467,-44.3989,33.5911,-28.2172,-34.8488,41.1111,-16
-255.927,-1.78308,-6.82543,-44.0405,-68.0069,5.33132,22.0384,8.47364,58.9537,16.9223,-17.7512,-10.3849,34.9169,-23
244.566,-70.254,-30.8003,-147.336,-155.15,6.91726,22.8171,-8.88057,139.156,-37.6499,22.679,-55.3036,50.314,20
381.037,-55.7222,-50.8573,28.809,491.548,-109.919,-185.849,0.120468,30.8776,-94.4798,28.0755,-81.1438,-33.3436,35
641.295,36.0662,-8.30012,7.47033,255.924,-73.8034,-20.0045,-51.7418,42.7446,37.2519,68.072,-30.4418,1.92306,40
372.642,-102.88,-37.9479,-3.97279,-5.01316,-10.6041,-7.44367,-50.4038,50.74,17.4735,52.4381,20.404,23.2538,68
-86.1189,107.316,4.46961,273.788,14.0176,-81.7628,-65.5926,-106.591,32.6779,23.9889,59.8349,-0.990773,-2.08465,-135
138.488,109.364,-67.9076,-3.6355,-197.152,0.165892,-34.8362,-29.9526,13.105,60.9859,36.9589,-57.6043,0.914694,-7
-80.8419,37.3637,-76.3074,-44.9391,46.7378,26.5018,17.7413,-128.41,157.093,7.65404,26.3615,21.4072,90.806,-9
266.822,60.1473,30.1606,131.164,100.293,-138.544,-1.18244,62.5432,-67.5925,26.6359,-64.8873,9.43374,37.5299,18
-84.2849,-17.8617,-4.7495,32.5927,203.042,-24.7883,4.77006,-3.80464,3.07383,-13.4921,-5.90403,0.478531,7.98772,9
107.918,3.73082,-17.6881,13.846,86.9416,-4.92533,-9.08874,4.12275,3.66109,-10.8331,-3.68301,-10.0496,3.52364,7
-131.28,-133.113,-12.0034,-144.936,51.549,-133.712,118.123,76.9181,395.445,120.838,120.025,-6.24045,128.387,-20
295.236,-30.3401,-48.0453,22.5114,297.554,-9.9646,-48.8399,-36.573,-70.5046,-30.0026,-30.1407,7.14661,7.10712,26
168.049,-5.13749,-29.4248,-32.6545,-54.5884,-21.2416,-24.765,12.2139,-18.742,-26.1361,-3.0303,13.0944,-26.9707,9
-128.376,105.694,97.4865,22.1044,-126.822,-60.4719,53.8873,54.7544,33.4698,71.6192,-10.8169,4.75727,39.2798,-44
160.312,-12.4689,3.54906,34.8318,326.741,-12.3375,-17.6289,-17.5536,-21.2871,-4.76181,1.63553,7.7776,2.94525,8
280.707,4.94761,-51.7999,83.8296,-86.8442,-22.9027,-38.3472,17.2109,-81.0621,13.1395,-66.4832,-2.23358,9.86075,59
141.552,-89.5554,-27.5475,89.3601,-60.0236,13.0293,38.7282,-7.55091,15.3772,34.8053,-35.0543,-15.9837,59.7594,53
-201.505,-25.1081,28.2707,-4.60046,472.482,-4.12703,20.5849,-10.0115,42.5182,24.2135,32.0446,25.8219,15.6752,-26
150.968,176.388,65.6805,144.757,76.7562,15.51,-178.004,13.1134,-130.978,46.9956,50.4115,-61.4245,-107.324,-45
-134.905,-16.5746,10.4069,-11.8591,-8.7013,-25.5255,-18.5944,13.4265,46.2075,-5.08754,32.71,-13.4042,-7.96882,14
219.788,-100.457,-16.0491,12.9848,353.162,-60.2593,82.8153,41.8705,60.109,-5.87103,-55.2915,-32.0632,5.12536,16
-135.222,22.1079,84.2112,59.4826,-362.678,-129.705,-168.793,211.208,39.3119,16.6585,-173.247,-28.0368,-81.5267,1
301.072,45.9293,-7.55516,-87.6977,61.3248,-10.7304,-8.00162,-28.4515,16.737,49.686,0.16352,-70.958,119.73,-11
165.037,-17.2347,-5.11185,78.5111,434.939,-29.5734,-25.1961,-36.8606,24.1263,0.600145,28.5326,34.6458,24.5356,12
20.0032,-12.0398,39.962,36.499,266.771,-22.6882,-1.63972,37.7171,21.204,6.78606,-34.8223,-9.85685,24.4826,14
-137.002,34.2987,-31.1641,8.10546,-299.267,-16.1311,30.1099,4.75382,-49.2116,18.3268,-5.18882,-5.31434,-27.3476,3
416.279,-34.642,35.5703,62.6381,51.75,-9.62044,59.3636,-1.19154,-3.8202,-13.4317,-15.0267,16.8202,23.7459,77
320.374,0.430736,-70.3215,-52.0255,238.203,-43.1596,-34.206,-50.0742,-30.5888,-28.8613,58.6752,11.4656,2.80071,12
401.907,21.0817,-91.4997,134.036,339.071,-146.546,-113.225,-3.38664,-22.664,-92.9143,-79.4909,21.3386,34.841,-35
254.336,63.3322,-27.4044,73.4735,96.6474,-178.996,-143.772,148.857,-48.8505,-115.797,-73.2162,-45.1263,-69.8812,-6
-31.1949,132.176,-20.3042,131.738,-173.22,-16.5795,-37.185,-48.5231,-3.09545,19.1502,20.8009,-8.6601,-9.11072,30
-49.9008,78.714,13.12,94.778,76.7297,-49.2549,-54.04,-43.3493,-51.0539,-12.2144,42.3283,61.9573,-80.3349,-5
-113.692,58.5891,20.3343,148.833,-72.2857,-64.7397,-133.28,-23.8072,-120.959,13.3702,35.8976,53.6379,-83.9593,-36
13.9862,52.6155,19.3304,25.7957,-109.431,18.2127,-29.778,-3.28576,6.8711,56.5964,26.4003,-11.9354,-9.15405,-10
194.625,9.9883,1.07179,78.0209,96.2499,-43.0078,-32.6941,1.29812,86.292,33.6618,-25.3221,-10.8944,14.9777,-44
337.775,88.1072,13.5458,-71.7523,37.4667,-106.495,-26.1048,93.7046,153.434,155.857,-25.7618,-38.2963,120.652,-116
281.763,-17.1866,-86.9389,-81.9682,-30.5421,-69.6253,-36.9759,11.4195,-140.826,86.8745,18.8833,-109.307,-67.0313,-0
484.615,-52.3757,-46.7578,57.9679,386.46,-46.0637,-44.6792,-49.8161,63.0941,60.6388,8.78514,-8.44672,43.4405,10
316.875,-10.6056,-34.9991,-58.2815,-95.9476,56.6538,11.3634,4.60083,33.5284,10.9678,-51.0956,-66.8325,69.4601,33
71.6131,-47.0107,15.342,10.9841,33.6202,9.99528,29.0914,76.1257,37.8506,16.3881,-47.788,-22.2502,46.0051,-2
239.6,-5.78457,-29.5472,0.315859,-246.701,-36.6461,-24.5863,-41.7938,-7.95104,-36.5558,-4.58965,37.5915,-26.4625,25
-0.954585,32.7621,-6.51679,58.004,-30.8568,-27.2374,-54.5253,-8.77455,0.611965,5.63521,25.8817,11.0979,-20.6805,-18
135.532,-20.3132,-18.838,-10.2894,379.215,10.4588,17.5982,-1.51207,-9.60748,-1.51946,3.73119,-25.7929,21.5197,28
60.1393,22.1815,-4.40631,-1.60132,-159.091,13.7681,-34.0603,-5.14847,-43.9269,5.56237,-23.4891,0.888048,2.6992,-11
411.234,-63.9318,-23.0773,72.4566,66.067,-22.464,-95.5663,-17.953,-124.778,14.3964,-62.7202,-49.8429,-66.6113,125
50.8043,-12.8719,0.172333,22.8805,194.295,12.2388,-0.104427,16.8705,-10.5965,-7.44216,-15.6046,-21.5278,1.21853,20
214.62,16.6621,1.9859,28.5699,-193.677,-7.17907,0.666912,17.3312,-51.312,24.6307,-44.6538,-8.52228,88.8699,66
304.125,1.34481,-9.29751,-40.9609,276.959,-16.0106,3.19376,-43.4712,-28.768,-8.46859,22.6127,2.80613,12.9167,34
-217.337,-145.67,31.7734,125.331,251.919,-24.0297,-58.94,25.5554,-86.8079,12.6022,-172.862,-20.7488,-18.5598,74
-252.547,-38.806,-5.61884,117.295,-181.43,-155.235,-69.499,0.0151383,-74.9434,-39.9628,-141.624,13.4451,-19.4364,-25
-122.811,12.9071,40.3559,28.5372,-71.4156,-5.76097,52.2535,52.1655,21.7576,49.3279,-27.2001,-13.7136,31.4968,-6
247.269,41.3645,-74.0696,-89.1651,189.107,-12.3467,-103.635,-24.0597,-42.0496,-8.49305,19.6463,3.98538,6.82686,3
346.806,-159.535,7.83594,45.6652,137.505,-102.242,-15.0845,46.387,11.2734,-11.5823,-38.3447,71.2267,86.5196,78
233.458,3.11348,-12.0652,-1.19381,261.431,-0.187225,3.32903,-30.2186,-24.1417,6.83865,33.0521,-4.77692,22.5221,-7
87.9572,102.572,3.63349,42.546,-560.706,-45.3586,-90.8285,84.3316,-122.662,6.64963,-97.7838,-28.0622,-83.4191,-58
-111.306,-88.0837,24.0275,143.029,422.98,-96.9329,21.4671,63.2646,102.981,46.5912,-68.5672,-8.96493,-23.1079,47
201.24,-23.3429,-27.1372,144.476,111.342,35.3462,-74.1328,30.672,-126.086,6.0237,-107.374,-34.4433,63.3419,7
167.755,8.45524,-12.4971,-127.19,8.87335,25.6278,-12.8222,11.6527,73.8542,22.6036,1.07239,-40.3133,73.1245,-66
177.656,55.8392,-19.5369,82.5602,72.2153,1.5048,60.8256,25.3416,101.748,128.7,3.75625,-88.9163,-4.0367,15
248.717,70.019,74.9393,105.296,87.6162,-6.6754,25.6117,16.3783,-101.319,10.0382,-28.1974,-73.7057,110.22,131
100.12,31.6567,-14.888,-23.9731,-106.279,-24.9373,-25.7109,-11.3034,-22.7866,22.7941,24.5745,9.30088,17.9215,-1
61.4054,26.0436,-17.8882,-43.8832,-103.465,-6.09271,-14.2131,-2.61269,-13.3923,-4.20131,-1.00609,-8.90681,18.8816,-20
239.708,-9.19359,-25.8982,-1.79917,385.074,3.9411,15.2302,7.95833,40.2914,-27.5282,29.0365,-45.3043,4.84602,13
191.972,-0.29755,1.74359,0.0684551,323.311,1.0853,19.3506,-11.8952,32.2354,12.1919,-3.55492,-45.8382,-2.79866,-4
199.793,140.886,6.86923,41.4692,69.523,-29.2694,-183.787,55.5416,-25.3251,38.9116,6.28842,-129.321,-54.6441,52
90.1374,145.177,-29.7043,253.611,-7.94326,-18.0845,-116.188,-6.14803,-174.05,-59.121,-53.1,67.8755,-111.083,-41
83.405,-63.4138,7.49376,-35.514,532.856,-1.07777,31.4061,-31.6772,22.6419,-4.56063,-12.0803,-25.9016,-9.59621,28
311.365,-33.0119,-22.4871,61.6087,102.031,2.07262,-3.20192,9.32854,15.6518,-30.0129,-6.47499,-11.2472,-46.2572,61
-32.1288,43.4743,18.6658,-137.745,-300.191,-37.1212,-91.2586,-38.5998,82.9347,107.446,76.2394,-25.1809,57.0302,-71
115.838,20.7863,-6.29533,26.1973,257.251,22.2308,39.2783,17.5682,-30.2005,17.4379,-75.3015,-34.5832,87.8429,-4
276.1,-55.922,-16.7117,-8.7996,503.128,-35.0028,1.54005,3.75626,-11.4057,18.6953,37.06,4.02078,4.92683,36
113.666,60.2432,89.7755,3.0725,5.65753,10.6524,-6.29042,4.7844,32.7758,85.5662,62.9302,-16.3377,-10.235,-19
162.032,-13.8928,7.84973,23.817,316.091,0.943258,-78.6177,-58.892,-96.944,-15.8029,25.5853,25.0202,-11.4229,4
92.2323,-16.3385,63.3156,0.0126548,157.122,-41.0375,-1.2251,40.3221,96.8035,-12.0319,-28.6042,-36.2523,21.5786,29
189.635,78.0701,21.0821,177.095,-467.064,-13.5457,-116.691,43.1605,-68.2111,25.7333,-72.2608,-51.244,-61.3997,-45
169.137,-65.3899,-54.705,-7.11376,433.326,15.7322,28.3102,-6.27661,48.0416,-32.2116,-14.3388,-25.3817,61.5171,54
176.934,1.45405,-9.47155,-21.0654,-58.2219,-1.10319,-31.0595,15.3286,-70.2792,-4.7751,-30.4941,-2.30648,13.1366,22
135.423,109.39,-3.68062,-48.3561,-333.339,-77.3015,-44.7112,61.455,-65.8643,5.7802,3.42275,27.2915,24.547,-48
163.295,-28.7123,-17.5633,58.306,74.2437,-85.3677,-20.8631,33.6143,-85.6561,6.85765,-15.7253,-39.7365,-30.1064,29
39.8256,74.6278,-134.077,18.4274,-21.1578,-27.1246,-124.674,-10.7855,-44.5552,-26.5489,60.9316,45.772,-95.7173,-87
202.363,-7.21561,-33.3053,18.2717,387.509,-37.9048,-15.7359,-1.64093,-16.1517,-28.6649,-1.33116,-25.354,8.1727,22
268.554,-44.3052,9.9438,-17.4575,131.008,-5.02046,-19.4636,-10.1385,-30.7527,-48.9625,-21.5645,18.2894,33.2178,37
55.9719,-11.6335,-17.1362,25.6543,58.437,-18.2608,-14.8845,2.43599,-17.3076,11.7693,3.23335,6.42711,6.71085,-6
666.57,63.9341,-87.5527,63.2274,-165.155,-31.6855,-218.405,31.2026,-116.025,78.1714,-213.612,-59.0216,85.4621,-112
-314.169,121.51,-65.2664,133.035,-11.1203,-177.39,-210.886,235.837,13.6997,-41.8245,49.0487,-8.71873,-66.6938,-150
135.109,-88.2026,7.85521,-80.1797,312.708,-29.9496,-54.3982,-65.1852,-23.6708,-45.8109,118.477,12.4235,19.4975,54
0.92597,71.5705,-19.3904,-31.3244,27.767,-32.0457,-35.3655,61.7108,95.0916,-31.0702,-18.6072,-16.2921,-28.5765,23
203.403,-2.13215,-58.0881,14.5286,29.3595,21.2811,-92.4758,-65.4519,-93.52,14.4785,-3.74049,21.0532,20.8353,1
98.668,178.186,-28.3917,111.224,-126.406,-36.4086,-64.8772,44.4074,-68.1647,4.44969,-10.462,-25.1719,28.8575,-25
103.415,-91.9302,90.5087,-45.3027,2.32066,-94.9505,75.6752,102.559,139.13,43.9574,-24.4956,-39.5966,12.8165,7
-106.633,50.3923,64.938,54.8403,-80.378,-70.6576,77.9217,123.791,112.914,-36.6132,-73.9527,-65.6775,39.1166,56
-231.371,59.6634,81.0436,62.4357,130.487,-65.929,10.2654,112.882,111.161,45.3306,-50.1441,-53.1272,-28.4841,21
287.616,-8.2516,10.623,-79.6203,107.09,-11.9802,125.796,-7.61581,90.0776,-4.93353,-21.9555,-102.44,91.3544,27
266.758,54.0422,2.1289,104.284,238.822,-6.24561,-55.7818,23.4561,-36.2288,23.4137,-40.9898,-15.1236,60.2727,-25
234.143,-17.7465,-32.9756,3.9426,209.222,-32.2877,-35.4995,5.26186,-41.4113,-36.9644,-28.9202,-27.1671,-18.7964,4
129.513,-25.0083,6.99492,-13.2927,316.429,-24.8534,32.8717,37.1172,102.62,5.42875,-19.8584,7.75507,78.5792,-20
177.046,34.6457,-13.5741,107.15,31.0799,-55.6358,-137.725,28.4659,-70.1423,-15.3686,-34.0146,-7.59817,-9.94783,-17
76.3683,-0.37739,-7.04474,-35.7769,392.451,-10.8798,-4.30167,-42.8355,35.0976,2.37999,22.0098,20.1954,35.4582,-6
352.311,-93.0262,-33.8272,-46.6284,288.222,57.2546,4.91506,-72.1004,18.9487,-16.7869,-8.73344,-26.3996,60.445,-3
66.2462,28.0102,6.61159,33.2683,231.506,-2.23522,-37.5229,29.7714,-22.0864,-12.8389,-16.7771,-2.41202,16.7788,-5
214.199,24.7325,-76.1045,-74.0375,343.878,43.3093,40.6569,-74.4307,152.502,-31.1074,-37.1492,-61.3724,124.038,-12
-149.988,27.7683,31.9506,72.1132,-54.7014,3.9769,-45.9288,49.4198,-19.5547,10.7193,-26.8853,-4.16161,-9.46096,-25
-67.1459,141.095,13.6735,79.8274,179.718,-53.0765,-116.882,-5.12073,-89.534,44.1228,9.79699,-0.178008,23.4582,12
50.8154,155.504,33.6534,109.347,102.137,20.2933,-46.0167,-8.42533,-18.1767,41.5895,29.1826,-0.811819,-27.7599,-49
141.198,-21.3328,-7.88672,19.6421,249.022,-20.7305,-29.3726,-13.1759,46.0299,39.1109,-7.35168,-6.50142,59.4306,-43
216.756,-10.4211,23.2665,-10.1873,230.121,-74.1145,4.80516,23.5237,54.4646,17.7545,36.6356,5.26956,-5.14194,20
281.515,43.3293,19.9264,39.2176,-27.3236,-76.1429,-50.9325,80.7109,119.276,54.2932,57.8458,-20.9615,-60.993,-78
158.392,25.4807,-25.3843,1.08602,31.8446,-17.0028,-54.2363,-5.865,-61.11,-22.0005,7.57452,7.2154,9.50774,6
89.3231,-32.3784,-3.13702,39.1821,265.71,0.713911,-14.8944,-24.8203,-60.3329,-33.7652,-20.2944,-8.11162,10.4634,48
-54.135,79.2137,53.7335,194.785,125.324,32.8425,13.1449,48.6608,-125.367,-29.3835,-116.742,-69.477,41.0682,78
-74.7632,-25.2924,-16.0993,15.6296,185.462,-15.2534,9.07104,-40.7113,22.6993,23.5031,10.7589,18.703,53.5403,-12
335.138,31.6474,-75.894,131.84,63.565,-17.4955,-114.953,-51.2229,-116.629,24.9,-38.9434,24.2437,37.5299,-44
227.623,-57.6626,-20.6195,-148.365,174.581,-152.528,-31.0366,79.5468,60.899,17.4956,-16.1807,-95.3677,10.7755,74
8.12604,159.692,77.028,40.7337,-246.299,-10.8667,-121.661,71.0982,-121.089,35.8935,-110.867,-0.492395,-21.2473,-18
-49.0341,-0.587713,-12.8579,3.31341,-226.369,7.7511,-17.9741,-4.24221,-43.6515,20.1563,-23.9927,-18.3058,41.2452,-43
324.563,-10.9849,-26.3201,49.5213,12.3451,-23.3974,-26.2879,12.4865,-45.7507,22.4867,-45.9931,14.0064,46.5935,6
-23.1977,-14.9168,-6.81168,-65.6252,-6.188,18.2781,-33.4361,50.4331,-32.5883,-6.89489,-27.4232,-30.8664,-2.79458,49
114.987,-10.1611,-30.6142,-42.9848,50.0152,-10.0518,-18.12,4.63024,-12.6014,20.6654,-3.48421,-5.57091,18.0809,4
532.224,44.87,-68.9022,-0.215849,370.593,-75.816,-8.98771,26.2748,297.581,-71.154,-24.7964,-130.222,2.73783,55
334.665,-105.141,-50.8914,21.8208,581.762,-65.2268,-27.3838,19.4941,50.475,-71.1229,-35.1226,-25.0802,-44.2382,99
170.383,-51.5541,-42.3146,15.8386,76.0401,1.2838,-2.96081,-32.3477,2.16978,-7.02742,-1.41191,-22.4642,31.4848,21
415.542,-0.488014,-15.4399,24.2519,354.689,5.51806,-30.1118,-29.5075,-81.8118,-28.1478,-19.2435,26.9526,53.2467,23
250.37,-105.125,13.0866,81.1473,86.2552,43.6595,-58.5431,-56.2832,58.2372,-90.7919,2.44191,-76.3394,-16.5384,94
186.357,11.2041,-41.0258,111.89,38.4399,-34.955,-28.2383,-37.143,103.673,27.4426,-33.6985,-26.5406,-10.1271,0
90.1177,26.9628,43.2717,78.8953,223.796,23.9099,29.2805,6.62433,-10.9502,18.1334,-15.611,-37.5551,39.1373,15
295.038,27.5852,-11.5364,19.184,-7.44003,-2.14244,12.233,21.401,36.6611,24.1619,-2.233,-32.0119,-5.076,29
-38.0862,105.516,49.8798,53.2823,-411.344,27.795,-57.5817,64.8517,-73.1556,31.2556,15.8481,-46.8895,-21.9319,-19
262.567,14.6529,-9.47409,-9.8328,141.259,3.4886,-37.5469,-29.1767,14.0718,1.39736,7.55084,31.4325,9.40282,-10
33.8915,66.0624,74.1885,97.9822,-16.329,33.305,-72.8985,182.834,-12.3136,-56.9238,-181.597,-108.19,58.1471,-11
-314.738,45.961,-11.6895,-27.4003,5.64982,-22.0619,21.6037,28.5605,30.4923,2.18754,49.2038,-18.5505,97.9255,-93
174.322,-98.0758,20.4286,-21.2319,-28.7897,-57.1164,83.7479,20.5242,176.879,42.7246,-29.6119,-9.21533,-12.4351,58
71.1724,52.5418,51.8262,135.616,-101.972,-64.6961,-172.04,96.0042,-131.839,30.3626,-56.3625,-5.49405,-70.4913,-97
211.847,14.842,-8.9899,70.0125,606.76,-44.4851,-56.5755,3.85081,-60.1803,-13.3059,-10.96,5.25492,24.2621,-1
64.6115,-47.4389,-29.8634,-166.135,-146.747,37.9412,81.3412,-80.8036,71.0092,18.712,27.9114,-12.1581,74.9364,-21
255.705,-2.90514,-0.737869,44.5219,147.022,2.3615,8.86114,15.0959,-82.0543,-31.6451,-5.56999,3.70865,-10.0061,45
117.446,21.5794,30.3885,17.7078,-115.693,-21.1562,-7.32138,52.0768,38.186,52.3894,-32.12,-19.1604,42.5374,-65
208.064,-45.2425,-8.52886,-69.4625,225.071,-19.5688,-50.9639,-38.6978,57.3591,-16.4564,65.9924,10.1126,-1.38539,32
-194.336,66.3405,117.788,102.433,-98.2771,-10.3163,-148.244,20.3238,8.39829,85.2092,-28.973,-38.7681,-45.3691,22
-139.594,13.2841,25.9125,-74.0901,-88.4232,2.00505,-38.5314,35.9076,3.56945,17.3319,29.9018,-13.4697,15.9877,-4
502.012,72.0522,-25.3349,0.938755,215.323,9.23282,22.8715,0.769182,48.9741,-25.4878,-47.67,-59.4896,48.2709,12
255.277,62.6446,28.4069,49.207,84.0387,-57.7454,-33.621,63.7884,7.01477,29.9583,-9.9888,-33.9825,-60.9836,52
-82.3516,6.01276,49.1901,15.2628,43.2946,-100.243,-12.31,44.6476,54.2801,-10.0271,-5.74067,-3.13886,-3.77475,43
247.641,-19.9745,-22.8032,-12.181,211.724,21.0802,12.9455,-11.8356,-25.6416,28.9782,-30.2122,-41.2883,50.0861,11
23.43,-28.5953,-8.4322,86.5502,450.216,29.3905,28.2277,-56.8067,-8.37732,31.1208,-8.06644,-76.0101,91.1051,27
595.271,-54.5044,-134.088,-46.7944,718.24,-88.5762,-71.4734,-62.419,-205.728,-39.5949,21.4601,53.3569,-3.95685,85
117.153,41.656,-120.678,3.88074,-172.94,-7.00886,-91.7764,-50.5654,-45.0783,42.6039,75.2074,116.113,4.08686,-74
405.848,68.3969,-2.59823,55.8493,226.352,-119.626,-28.7481,19.0355,-34.155,32.9802,38.0693,-32.2042,28.4322,-33
196.249,-20.0824,-42.4639,-4.27219,125.536,-3.0761,10.7771,-22.0098,-87.2244,-3.24929,-39.0833,-32.254,44.4452,48
-209.618,74.8652,-64.1781,-150.267,-194.929,67.1965,97.6489,73.3631,70.3737,15.4358,-163.217,-44.8584,146.14,-86
22.7799,11.3055,0.114066,27.8437,-3.45641,-8.28323,-14.7911,-0.905816,-10.6433,0.367919,-1.54014,8.61553,-2.83875,-6
23.5275,44.6109,-3.33999,-22.2678,-170.299,15.5784,-16.5802,18.3645,-47.8971,33.5592,-15.4134,-13.7104,-4.89843,4
507.313,-148.521,-37.6777,-33.7608,354.44,15.4099,14.4258,11.644,146.695,48.8217,-87.0333,-23.4036,96.8946,-48
98.3404,123.139,-2.2928,29.2617,-291.292,-17.3417,-70.2392,7.56553,83.9884,87.7358,1.77605,8.46028,62.8438,-93
107.956,53.5793,-4.19587,295.806,58.6777,62.0226,-123.457,1.92491,77.978,103.161,-119.743,-51.0992,73.446,-4
-77.9911,16.7804,17.4507,76.084,54.8806,-29.2003,3.665,65.6787,234.235,45.945,-6.99703,-28.0192,40.4781,-65
410.978,38.0407,-9.93667,20.5066,-94.1263,-45.2336,-125.759,-3.71139,-119.285,21.102,-37.1867,6.84151,53.7975,-22
-275.058,158.676,-54.6212,-131.395,-265.021,-54.8287,-146.952,27.5994,-224.552,131.372,-1.05581,-65.429,41.9137,-147
323.851,-58.9772,-10.1858,-195.509,-114.342,-155.572,17.4773,258.466,142.075,71.7493,91.8058,-20.5883,16.6052,87
221.31,34.5493,11.5736,-15.6898,234.206,4.0841,53.372,9.82857,27.0029,30.2409,-23.1496,-27.7691,26.1602,21
383.389,27.5076,-38.6385,-40.4361,327.995,21.7306,37.3521,-39.7576,94.4138,31.0769,-6.78065,7.88842,33.2299,-21
214.281,77.7633,52.4443,22.8714,601.145,-32.9234,-71.4126,-29.2837,-28.5181,23.1912,79.2847,7.59697,-43.312,38
10.028,75.7747,-33.5077,-9.15726,49.9874,-71.3288,-35.7437,62.8477,177.643,-79.1243,-55.8458,-44.6054,-30.8221,54
189.63,5.4315,-9.83958,60.3032,429.256,-33.9078,-74.0118,10.1116,-49.3511,-16.8285,-25.5717,-4.39661,-9.31572,24
362.658,14.8614,-13.1005,91.2485,-45.7757,-89.2419,-160.455,25.2448,-50.8591,-82.9431,-136.839,-41.9882,-50.583,-29
118.448,-45.5179,-0.189067,-11.877,-1.88739,-43.9572,35.7851,41.4286,-61.8171,70.3543,-20.5184,-22.5522,-17.2803,50
211.383,-2.16167,26.0376,44.5336,128.002,20.141,15.7581,21.3988,36.0855,-67.5544,-57.7578,-48.8628,31.7639,64
284.547,-46.9984,-68.3944,-87.7292,162.6,22.7285,-69.4565,2.03524,-31.3792,-31.9287,-55.716,-10.7701,37.9706,61
-46.8768,-95.4692,-8.65998,-18.1747,216.03,4.86911,28.196,-22.4783,29.8037,13.8377,-22.8123,-32.122,50.9358,-4
-2.21816,2.6714,0.802623,13.2131,69.7467,-20.8865,-6.99929,-6.11661,-33.0353,-6.98239,5.11507,8.99881,14.5759,6
-121.836,-5.16901,45.1453,52.1104,191.298,-33.0867,-55.9262,42.3105,-53.5597,64.9271,-25.1746,-20.7193,-20.7324,-46
671.637,-62.4232,20.589,32.7125,235.168,-87.4062,-48.7206,135.725,-128.676,-49.5095,-75.2549,-0.63685,-75.7461,157
270.163,80.7516,-53.577,93.5746,-260.734,68.3147,-85.515,-130.616,63.9199,177.241,-29.2009,-34.0009,127.073,-39
127.028,2.11772,-31.3529,-43.5154,74.4213,11.8986,-6.99327,-24.8359,27.1929,19.9088,3.94181,-12.6721,20.0577,-1
566.743,7.53304,-56.5083,17.0584,496.737,45.9827,12.3358,57.851,145.29,0.81762,-78.3035,-93.5789,4.59743,-8
-51.0635,20.4933,-16.2328,102.937,383.259,-134.456,-45.4984,29.0255,38.4603,-5.25921,35.2719,30.5085,-17.3817,-47
423.67,70.774,-16.4817,45.1894,38.1172,-8.31161,-71.5695,-30.4262,-105.64,10.8486,-9.21707,18.4578,13.7136,41
211.164,-6.2486,-0.156732,171.492,423.899,-55.4174,-31.4357,-0.410799,-148.824,9.053,-33.3187,-51.7452,-50.068,27
270.814,44.7302,-31.7385,50.9648,110.437,7.81967,-40.6866,-32.6813,-28.4682,18.3621,27.2362,-19.4512,-9.5925,-5
197.39,8.07863,-30.6961,-68.4957,-127.279,16.3542,-48.4689,-40.5128,-41.5544,-15.8842,11.7063,-4.3083,-12.6107,12
317.364,-31.0827,-28.837,2.55833,124.582,-28.8241,24.9676,5.6298,33.6149,18.8217,-15.2297,-30.0285,9.88237,43
74.1806,92.2875,-17.5649,-59.8125,-358.374,12.2547,20.4317,-10.4287,-16.2686,27.441,-20.862,-41.5791,68.0571,1
151.531,197.358,-50.5456,-29.2859,-28.2422,-111.498,-143.111,8.70063,-120.609,63.839,-10.3375,37.6426,-6.63186,-28
118.021,-53.4957,7.53515,19.799,207.553,-12.3537,29.255,-7.5608,24.4419,-4.26144,-14.0456,-5.02637,53.9647,18
130.333,-28.1311,2.61658,-122.005,-14.2849,-5.67941,97.6164,17.996,-71.9885,18.4727,-44.1242,-25.38,133.928,-20
217.241,87.654,-39.2168,10.985,-174.033,-21.2651,-33.7908,-27.4019,-82.6439,-21.7198,-18.6149,18.9593,-18.4658,45
180.799,8.03021,-3.3424,54.171,274.509,-5.59863,-21.7858,-3.09071,-80.2788,-30.4173,9.29158,4.97169,-13.4689,21
367.914,7.14356,-34.1026,59.1356,553.434,-87.4306,-56.25,11.4323,-88.3449,-51.048,-46.09,3.55049,0.035796,58
320.021,23.2438,-3.35053,-105.201,200.977,-36.9653,-33.0876,38.8692,-46.5147,-26.4397,1.72793,10.1787,51.4192,102
170.766,54.6805,-14.1297,52.8999,90.6894,-15.0504,-74.176,-26.9846,-78.546,-7.68241,24.5962,16.6936,7.65138,-7
321.397,-45.5758,-84.6193,20.432,496.593,-107.677,-122.616,12.1445,-82.3491,-55.8977,5.82969,-16.7124,7.05713,-22
183.968,-28.0847,102.075,74.4496,27.1641,67.027,116.395,83.5136,-3.21263,138.521,93.17,-49.2601,4.99137,-18
71.1955,-14.4703,26.1191,-13.516,247.276,-27.8183,23.4689,29.3645,20.677,44.0948,-29.6846,10.7288,51.4936,-7
194.577,53.3233,24.7976,37.7492,537.502,-59.6774,-42.7194,-38.7626,22.3218,16.1969,48.2322,46.948,-26.7205,46
109.248,23.6862,-12.093,77.9911,237.342,-36.2366,-64.6946,4.26725,-77.6586,-21.3394,-37.0297,-6.5549,30.0004,-21
258.718,78.8095,-6.25332,36.8097,-117.05,-3.78203,-17.9343,-25.1275,41.3592,50.7566,26.7977,-50.2778,55.3296,1
85.7032,91.1497,24.6062,61.9645,78.2916,-0.0799785,-52.9471,9.36871,-43.2742,22.0063,-4.79372,9.05952,10.3635,-19
336.229,-29.2781,-35.0707,18.0976,200.996,-11.2333,-14.2444,-22.2335,74.003,-15.6159,-29.4128,-24.737,43.6725,-6
101.358,-20.3991,-2.18174,-13.5971,292.04,-11.6962,-17.1093,-25.1894,69.4745,17.8441,20.9439,12.0021,22.9276,-12
-144.271,-13.7822,-6.60725,81.441,282.955,-2.11169,2.63476,-0.216033,-38.5572,-54.4692,-43.9473,17.277,39.8018,24
6.76999,-124.319,67.1939,-108.726,81.6422,-161.137,-74.616,141.542,80.0612,-35.7356,25.309,54.406,-88.6445,147
158.964,93.3376,-31.0093,-15.1015,-129.249,9.97559,-111.503,51.5535,-73.5335,46.9473,-63.5351,-90.7123,-94.6489,-5
325.906,22.5684,3.44038,-11.6933,175.131,-45.7935,-6.00904,-38.2967,117.677,25.7149,-4.16973,-21.7589,58.586,27
-97.5846,4.3682,9.54909,-1.9206,509.152,5.6376,5.70854,0.829266,86.1374,13.941,-9.36296,15.3767,24.0892,-11
102.861,-31.1691,-27.5349,46.2499,233.839,-27.0687,-43.7042,20.8927,-4.01142,-48.4959,-52.3331,-49.6494,-24.1112,45
125.933,-2.16648,-1.08406,5.07199,87.2115,0.632776,-0.675073,5.33373,-23.0308,1.69242,-7.16097,-0.362439,7.46655,8
150.713,228.023,-81.7534,271.533,-472.391,-77.5396,-173.651,66.7673,-348.346,-38.3592,-58.2544,53.7421,-83.9218,26
97.3934,87.247,83.1173,-148.884,-183.331,-164.185,-134.785,138.241,255.462,-2.14997,173.478,-21.9058,77.2867,46
-17.5392,51.1725,85.5751,132.303,41.0638,-63.3166,37.773,48.532,137.291,92.8558,1.22785,11.6863,-36.9222,-9
269.225,-15.8,-47.8582,24.0668,368.504,-11.4545,-2.88953,-28.9904,56.1214,-22.6577,18.947,-9.22093,-30.1398,34
-121.518,78.8767,41.2266,179.402,-334.6,45.2469,-25.4855,15.8758,-127.282,39.3932,-100.79,-38.5382,-14.5428,-30
75.9282,-86.0241,-39.6639,7.99845,464.576,-0.911968,52.2256,-47.1403,68.0866,-24.9338,-59.5186,-50.8398,31.3569,-1
-164.636,-51.2715,0.743556,46.3713,303.799,-67.7925,-40.8813,-0.542966,25.2506,-35.8632,-25.2882,8.8537,-11.6079,32
62.7462,19.4507,9.43184,65.5331,-67.6221,-81.4945,-11.8683,12.1633,55.3108,-30.6955,-17.4222,8.3769,-21.3206,22
-2.37881,93.2921,-1.72055,110.05,-219.551,30.8222,-28.845,25.2356,-119.009,37.9611,13.6506,-2.2976,-77.0253,-11
534.849,1.82272,-88.9232,70.8133,427.321,-55.271,-82.6143,-4.35991,-98.5506,-23.9971,-126.366,-55.9433,12.649,53
71.1036,169.184,25.1463,104.882,-262.152,-13.3864,-31.9943,65.2726,-62.0377,32.8857,-105.097,-36.8963,48.5115,-45
-38.6614,-12.6365,2.9771,-22.1656,498.23,-69.2666,-1.26677,30.0289,71.9374,-1.90381,-63.3536,0.947857,132.722,-124
327.047,85.1591,-14.8094,166.593,357.669,-61.0403,-52.254,33.3499,-91.8207,-76.4011,-69.9889,12.9037,31.6836,49
209.761,71.8263,-57.4166,27.4641,216.262,-65.1507,-139.922,-11.2076,-80.0867,-55.1658,-6.07958,-9.59286,-26.2916,-47
226.126,79.4979,25.9677,62.1133,259.868,4.65283,-34.8931,12.3813,-56.2142,32.352,-5.65891,-29.9947,69.5571,-11
400.393,37.4877,-76.1124,-37.9825,-99.4437,10.7912,-58.2316,-5.79109,-14.405,-54.0972,16.5151,-41.7547,33.8091,41
368.094,45.0135,-24.6059,18.725,-19.4881,-46.3214,-40.9403,19.4177,-121.882,-4.79894,-20.9221,0.444146,-15.3581,3
612.608,78.317,-33.6034,83.8031,-54.2429,-112.466,-9.90657,29.5306,100.706,-42.2769,-36.8724,-81.6751,65.0348,2
282.021,-122.302,-75.771,-12.5637,154.753,-60.6408,25.9665,-5.55165,61.7261,41.2185,-60.4558,4.65862,80.4765,-90
583.733,87.5595,-46.0121,45.243,123.457,8.44341,-29.596,-15.2229,50.106,-15.6389,-101.739,-76.9175,106.7,29
240.852,-15.2452,7.90735,50.5957,113.022,-60.0795,24.625,30.896,66.7915,49.1054,-9.49561,-2.34419,15.9578,22
41.1812,-83.2306,-19.4862,-95.6039,132.685,40.0608,30.1638,7.32187,72.7001,-1.16557,10.993,-119.729,57.6443,77
476.734,199.146,-36.9255,153.084,-324.623,46.9524,-167.069,68.9812,-51.2435,42.1931,-112.427,-107.868,-46.9935,-71
432.048,-130.034,-56.5978,-63.1509,330.919,-11.7019,89.47,-60.9046,128.488,-91.5641,-120.299,-85.8837,184.691,63
130.353,128.229,149.045,172.141,534.234,-85.2294,89.6759,41.4411,59.6777,33.6661,-78.1132,-33.0696,174.896,-11
-53.07,-22.8616,-3.27668,-54.1588,258.784,-16.8291,11.6081,-3.39406,86.7252,0.250829,27.0398,10.4951,11.4634,-14
363.965,22.3534,-52.5079,51.1419,272.381,47.3807,-68.5366,5.77051,62.8454,38.9287,-85.8975,-31.8951,106.028,-51
209.648,31.5308,-12.7067,227.272,-60.7233,-113.044,-156.489,62.4129,-299.372,55.7999,-97.125,-85.142,-77.8827,-113
175.327,-28.8287,-40.3336,19.1946,228.154,36.3363,-13.2227,0.985903,-83.7868,32.0599,-60.0302,-22.3235,62.235,-15
-133.999,13.6453,1.71122,190.309,104.517,-40.9199,-77.9272,72.0974,-203.787,-21.85,-58.6648,-28.3061,-84.0388,21
214.471,-50.7684,-4.67421,-67.4978,581.557,-11.879,54.2289,23.3445,76.5617,44.6863,22.4836,-33.4756,58.8092,-14
216.712,104.026,-9.50105,22.3855,-45.6867,-41.0441,0.767069,11.2548,-11.7076,24.945,-1.62358,-28.5353,-11.4703,24
341.14,73.0326,72.9199,-2.60296,134.075,-23.1068,22.4215,23.3321,130.278,94.0762,-75.0601,-35.1234,149.996,-41
571.785,-3.53916,-89.2737,49.6289,370.014,-155.795,-42.6624,-45.9932,-75.4037,-4.56095,-38.8112,31.3451,26.9084,97
84.0614,52.7574,1.5985,-60.8777,175.718,23.3802,-0.182116,16.06,-32.6042,37.7318,7.11305,-4.58867,53.3882,-25
50.7057,-63.4462,-62.9658,99.8176,-83.786,31.1676,-25.8469,-79.4158,76.2779,16.0958,28.8492,7.04042,85.5004,-30
90.9783,81.3084,-51.7867,67.8052,-392.696,38.6117,-80.2967,-36.3868,-94.9117,24.8419,-36.6664,-64.2652,-20.7243,-25
346.309,7.99955,-1.62844,-10.2371,181.936,19.6061,-53.6989,33.3186,51.2003,65.6343,-23.6229,-34.6737,26.0984,-31
312.607,21.7651,-29.5486,93.5796,103.99,25.1139,-70.4408,3.07985,-15.6225,-10.1747,-49.509,-58.0159,-0.918967,-26
322.467,2.53487,2.97345,-81.1333,157.594,-57.6455,85.2646,-12.7671,161.867,43.9131,32.7421,27.6837,-12.5734,2
305.263,-26.5366,35.9184,-39.4335,-169.494,-90.5124,80.5762,139.009,51.4159,39.0639,-47.3402,-71.1938,0.970643,69
221.297,-6.06168,0.754769,102.052,328.548,-39.8252,-47.5825,66.1976,-26.6374,-8.11372,-28.4342,-16.6002,9.47431,18
151.519,-38.3384,-19.2542,-41.0157,125.372,-24.7479,83.9389,-2.70762,151.285,51.9917,23.9827,-54.7352,58.1428,-6
16.7351,60.4483,40.2888,7.0818,281.009,-35.5953,18.248,59.5029,65.6645,40.6829,-6.13644,-39.5594,50.7888,-23
-123.373,17.1765,21.7533,-0.0333766,-76.5122,-34.4147,-46.379,26.3716,-72.1336,15.5425,9.74106,8.73156,-41.8006,12
166.664,206.376,-29.0671,71.9728,-445.804,12.0115,-82.7657,76.822,-119.438,58.3839,-111.718,-5.90046,79.8764,-61
-142.488,190.393,-8.15429,171.889,-1.16169,-85.1025,-149.439,-29.2375,-158.537,-4.20356,-17.0807,33.3785,47.8103,-34
192.316,-38.3114,-12.1946,-38.4381,-18.0169,-18.2778,78.4325,-16.3067,124.099,34.7377,-2.07696,-33.4787,91.3523,-53
575.343,79.0394,-31.8305,235.029,81.3105,67.7488,-235.091,-64.5845,-67.8885,71.1562,-56.1917,-7.01281,45.8311,-74
218.706,28.4272,-23.9575,91.6176,340.379,10.627,-35.2241,-7.10812,-37.4893,-48.715,-26.521,-0.271473,-2.15559,49
177.092,-40.7003,-69.7343,-16.7439,-32.499,-27.6291,-30.1579,-25.9719,-54.1458,8.4598,-56.6034,4.17361,28.5622,-21
122.175,133.89,0.469847,102.823,236.804,-7.59237,-152.099,74.254,-72.4528,13.5237,-124.471,-38.6858,70.8708,-21
2.54011,76.5522,64.7299,196.388,-85.7529,16.4427,-240.039,-9.69451,-86.8036,159.59,89.5371,10.583,-24.5073,-217
273.097,30.1586,-33.5229,157.84,103.396,-51.6707,-78.8403,-13.0897,-71.1115,-10.9047,-70.7957,-31.8556,31.7731,-30
-281.513,233.676,-16.4499,-72.1889,-632.202,-132.399,-131.315,82.3414,-5.18361,39.1588,109.94,-52.828,-149.338,-99
108.701,27.4167,-18.3815,11.4008,-15.2634,-22.3631,-44.2596,8.23138,-7.32577,-4.58495,-8.87934,-22.7555,-12.8586,3
381.163,-16.5393,20.3092,73.9199,-129.615,-55.8126,-48.4774,44.8415,-8.6846,64.7204,-71.8192,-25.1008,46.0519,-39
159.287,-19.1824,-20.7368,-9.4975,215.999,-7.5651,-13.4807,-3.3948,23.1482,11.1883,21.1805,9.52569,3.40656,-12
59.3821,30.1484,-8.43531,-15.3963,70.3459,-10.5955,-14.9997,6.4863,25.0631,7.93619,10.2541,-19.5604,-5.2345,10
95.6443,66.6731,-30.1502,82.0923,-365.998,36.6912,-50.8976,-47.8563,-46.3715,-7.06139,7.77512,13.542,-12.7804,61
91.9586,17.7137,-15.7372,-41.2481,-141.721,5.18249,-6.91783,-11.9384,-32.6427,0.326232,-1.96002,-6.86261,-12.8654,26
42.1763,79.9076,-91.8626,-86.433,-155.249,42.3528,-31.668,-108.898,-43.8481,4.98145,-50.9347,21.4733,51.6754,71
128.12,15.0728,9.29177,96.9125,470.482,-27.8207,4.36841,0.477709,127.491,-16.9813,16.7161,-61.6561,-8.60144,25
-27.0953,30.1111,-56.0739,-117.072,-81.6514,10.9121,4.91905,-46.3085,8.70069,26.7807,7.42229,20.3356,27.5006,-10
197.65,-103.847,-2.03027,-74.4959,661.215,-36.8492,37.1307,-47.9038,26.3619,-35.5974,39.9175,52.4581,11.3909,49
130.262,182.63,54.009,58.5278,-203.285,-50.2095,0.691585,61.2777,-33.2867,55.1879,75.1717,33.8169,-40.744,-59
206.47,57.1631,2.95013,-11.1651,17.6767,-26.6791,12.7499,18.6219,10.0505,30.5778,-9.84621,-6.94637,14.1554,14
113.555,-53.5484,-2.9797,-59.225,459.175,-17.0197,5.14014,16.5745,-0.0214199,-20.1894,-13.3427,15.285,30.9887,7
155.924,110.969,-29.3519,-3.90018,5.89276,-14.2537,-35.8765,33.3313,19.5976,21.0682,-42.1648,3.12762,30.1959,-26
-56.9897,-33.3257,68.5556,16.1244,80.9122,-18.1758,48.3062,70.2001,46.8769,36.0673,-70.423,-49.1508,27.6353,19
196.113,59.9932,-27.9371,-18.699,-182.905,-37.4356,-21.5505,-3.58989,-39.2874,82.2505,25.9044,16.1698,-19.713,1
122.57,55.8933,22.9343,205.652,-21.1216,-22.5334,-93.2223,12.4609,-113.366,-33.8783,-56.4692,-19.4687,-4.03935,15
-118.18,10.9148,24.3933,18.9645,108.319,-34.9744,19.4839,15.3254,18.4565,5.05002,-15.8331,3.78295,21.8168,-6
72.8341,42.2306,-63.2492,52.3479,-154.37,-20.7683,-19.0969,-14.2814,172.488,28.2254,26.3159,28.9706,21.0941,-92
-7.9684,-70.0931,-59.5652,126.686,-78.562,-13.1404,-34.3231,27.9394,99.407,98.8786,12.4663,70.7543,183.18,-289
206.298,-75.7005,-46.733,-77.8913,72.2746,26.8306,-20.3455,-44.338,1.88633,-62.0978,-5.76837,18.0032,8.50305,24
-18.1691,12.1827,29.6204,-79.9066,406.425,-75.8054,9.84946,-11.8029,140.7,43.7638,64.5469,28.8912,28.8839,-0
306.448,148.611,-4.43539,21.5448,226.064,-83.9087,-144.793,28.7869,-28.4236,8.13473,94.1,17.1832,26.2471,-13
-3.87598,28.3261,-28.9199,225.329,151.895,127.989,-86.3491,-21.1716,-99.0564,-26.1156,-274.892,-133.703,133.611,-33
210.515,102.882,-48.6034,50.2458,-6.34334,-84.1148,-54.4927,-19.091,101.871,74.0829,97.8308,7.22153,8.8661,-11
-108.171,-40.3616,-8.861,42.8017,112.607,-40.6839,-27.1721,5.9294,51.6356,18.8432,-20.1102,0.924274,60.4453,-66
503.538,-57.7594,-78.7013,-36.8374,152.231,-75.7492,-95.4287,129.949,-41.522,73.1342,-102.844,-97.1189,-45.716,2
-67.4806,56.4993,23.9544,4.67377,-258.002,-65.7067,38.6457,97.591,-10.3494,-9.57339,-58.5061,11.1653,34.9203,-52
107.134,104.504,33.788,29.9656,-67.5803,-95.0322,-59.4757,22.7707,15.7466,9.92536,25.7401,-6.60065,-6.00783,-28
321.866,125.989,-21.365,88.0634,-135.844,-72.9079,-72.0769,9.62396,-27.8543,37.5455,31.9465,9.97667,-38.7494,-30
626.406,-98.3312,-23.2562,-168.184,-31.8767,-28.1186,115.284,41.4067,113.246,-112.471,-187.667,-132.792,125.302,-128
35.3814,-22.4569,-4.36516,2.68262,-43.3441,15.3372,-3.59889,7.35068,6.07821,19.9608,-25.242,-10.5674,1.35539,6
-97.6465,90.7309,26.0301,-3.80918,-287.408,-65.8672,-13.1392,42.4348,96.2693,58.8373,45.9674,33.1461,-20.8071,-86
-34.8309,28.5908,24.1067,43.0159,-64.7316,-1.76509,1.37517,18.1862,-10.5283,-1.13394,-19.1944,-13.2384,-4.55358,-7
447.784,14.3723,1.56209,50.0931,37.3157,14.0923,-43.9723,17.8674,-18.8414,-17.7223,-36.481,-22.2081,16.4482,-0
66.4585,34.9511,20.1381,29.6914,-15.5133,-20.4516,-44.681,37.8584,-53.7715,-27.1363,-45.902,-11.0269,13.2259,31
377.6,48.7686,-10.7125,164.152,-104.136,-8.61063,-108.447,-36.9357,-39.2693,29.203,-47.4491,-32.5945,47.2249,-44
138.636,-27.5854,-100.741,27.0862,-202.686,-90.9774,-34.0224,-37.1017,137.71,67.1475,-77.747,54.0256,130.166,-85
-165.028,-0.99258,75.2627,16.9798,15.1115,-37.1169,17.2952,95.7319,108.311,22.2582,-42.4436,-58.76,11.7434,37
169.551,-29.183,-13.7573,-25.8969,355.15,8.03465,4.43584,-24.3292,11.2307,16.4782,-3.47547,-16.2174,58.1676,29
169.642,13.1904,-1.1105,-18.7976,259.857,-20.1956,-18.1244,-6.80207,-13.9533,0.136739,15.6047,-16.1572,-10.3969,12
243.653,-1.17375,-26.8585,8.52198,308.5,-44.0783,-1.49538,1.66529,-39.7951,-32.3225,-28.2037,-48.6566,54.5243,20
26.7633,-14.5327,-6.13494,3.2803,87.5182,-8.83853,-10.5163,-12.2662,3.4307,-4.94453,-1.98436,-4.29826,1.25065,12
382.491,-82.4975,-39.4372,-38.0653,210.225,5.61503,-49.5772,-9.50521,-61.8866,-44.1006,-17.174,-8.12748,50.1709,51
247.736,-49.1612,54.2996,106.644,128.985,-79.3134,-58.4182,71.1365,123.348,104.932,-44.8504,-24.1373,39.2449,10
-20.0632,84.7098,57.1053,159.019,50.0549,-47.5225,14.8827,93.4078,8.73662,138.522,8.79161,-44.1739,-72.9742,-8
-52.6023,-15.1967,12.6612,23.0898,190.725,-12.8554,43.9035,-44.2066,61.9869,-16.4579,25.1623,-2.95963,49.6655,22
147.491,-29.3832,-6.96896,0.207575,200.83,-11.5358,12.7977,-0.673205,-3.73464,-5.09702,-3.54183,0.731993,16.8939,19
377.267,-95.0497,-42.1143,29.0021,378.477,10.2916,-63.8052,-66.5975,-47.1118,-15.9569,9.00127,20.2001,40.0237,-21
403.989,-35.3395,-29.0258,9.79603,204.788,-119.934,-4.37845,83.7302,-21.5217,9.33149,-43.9717,-42.2031,83.0175,-61
286.53,123.769,-31.2129,-34.2966,-292.647,-69.3591,-71.2173,-0.39964,-75.0901,39.7703,21.8702,32.3928,0.792548,43
284.867,-23.1126,-42.6619,-28.6895,262.875,22.201,-4.42273,-21.5109,-5.89914,-8.57444,-23.3513,-23.3833,24.7256,43
157.739,-178.355,-120.106,-115.983,12.1175,33.669,-132.95,-106.127,-41.476,-69.9913,-14.5635,-29.8023,97.6511,-45
216.445,18.6868,31.7578,46.728,251.77,-33.9581,9.3039,51.6997,54.9949,12.1893,-16.5528,-48.8226,15.4633,28
140.649,-10.3737,1.39127,0.303764,108.017,-11.444,-5.47296,2.81488,-9.44001,-6.51516,-6.40621,-2.0515,9.26464,5
85.9102,9.96989,18.6468,-10.9354,155.775,-13.4754,4.06926,4.1926,11.5625,17.0618,10.4318,-1.17659,4.25961,10
61.3778,-10.2877,-2.16744,12.0606,203.295,-58.3718,4.68986,15.5143,25.3809,4.9524,-25.1245,-25.2854,0.356286,29
-49.1278,159.502,130.207,-1.638,-355.302,-102.67,-38.3698,71.3689,58.1951,68.111,28.4774,-42.4481,18.4358,-69
-79.304,134.766,57.6591,62.3174,-245.199,13.8079,-109.937,42.6626,-175.1,65.6306,-138.963,-10.7526,53.8084,-12
165.991,-92.8552,-54.4623,62.5672,212.58,0.52613,1.15458,-7.22114,-53.132,16.7964,-68.9202,-34.7007,42.0758,50
236.619,-54.6044,-13.4301,-0.857483,462.808,-67.7734,-40.5305,20.8387,48.4032,-18.3519,-2.43872,-18.8582,17.9372,20
34.3079,81.1363,11.8108,87.2436,171.531,-39.8211,-56.7624,-42.9934,21.1834,33.2784,91.4202,33.6798,-38.7529,-20
322.363,-23.4475,-2.76429,39.2382,556.013,35.1618,-27.7126,-20.3279,9.16783,-21.55,38.3573,-24.6986,8.49342,-6
123.872,16.6232,-157.902,-101.961,40.7846,-26.3118,-48.6756,-62.3267,-143.463,35.5135,13.9132,-156.314,64.2841,82
99.5889,-4.03049,-7.77681,172.474,47.8636,-20.7263,-63.2772,-56.9227,-35.4091,-8.4212,-15.3584,-32.2256,64.5378,38
102.831,58.2318,-74.7322,-18.4938,-113.168,-23.9211,-43.0558,-42.9672,-9.53562,14.1612,30.6257,32.3208,-0.147914,-56
42.7846,159.335,29.634,63.5393,-79.9179,-23.1513,-88.7807,-11.5312,9.86386,19.3493,1.78831,0.0126079,-20.8656,-16
-26.101,149.108,0.838766,124.712,-364.82,-33.5364,-99.393,49.8537,-167.393,9.18775,-6.99724,-4.77592,-60.8848,-40
346.932,-55.3975,-11.7945,76.9789,314.98,-90.699,-5.34057,82.6697,-124.933,-45.9798,-1.5342,-65.0085,18.1635,96
259.306,167.937,8.31246,41.7104,271.999,-68.5587,-24.6924,-4.39325,-10.6694,30.918,49.7323,40.843,-14.3697,-26
381.968,30.0309,-24.9691,85.7393,220.461,-31.9154,-66.6771,44.3537,-91.7717,-28.2806,-3.12406,-8.17936,35.7158,6
-215.752,7.33503,10.0437,-3.02544,195.45,-6.96323,12.1235,9.08867,62.7327,-24.9162,-20.0219,31.9205,32.2424,-6
584.716,-37.8935,2.56222,74.0303,-117.345,-122.741,8.71821,67.2249,-161.791,-34.7381,-116.71,-50.3289,134.318,137
19.0799,-88.3394,-39.8844,-32.0235,26.7319,-24.3258,4.97097,-22.25,76.9603,-9.74691,-17.9583,-5.16476,21.2845,-4
18.2571,38.9213,-4.85608,-5.26781,-119.43,0.815387,-15.3906,4.57367,-48.8782,6.96033,8.10362,9.8383,-21.8059,28
355.093,-184.083,-23.4955,107.382,802.553,-39.3283,-124.657,-51.0709,-45.894,-112.575,-39.7276,-82.4473,-2.12927,156
693.216,-66.2809,-21.5427,68.4943,531.305,-91.7822,-78.1572,29.6934,57.8788,70.0787,71.0215,-42.1335,21.406,-1
169.664,-55.8177,-21.1852,-68.614,165.005,20.9908,9.01366,-48.6476,-3.49981,10.9157,20.0354,-27.1782,19.4033,44
-18.0185,132.384,79.6314,166.402,65.8191,-78.7017,-92.203,5.4888,-32.5771,18.722,-4.38249,20.0012,-23.0447,20
578.648,-65.6171,50.97,-71.2659,470.719,-76.249,32.0921,113.178,143.479,113.968,22.2323,-127.254,84.6026,7
-188.108,49.2092,182.163,124.228,-1.69965,17.7326,-16.6194,255.978,103.651,72.7507,-105.126,-133.917,27.3679,11
71.3313,-6.89546,41.719,38.9496,-55.2329,-47.1679,12.9109,69.61,20.5393,28.2353,-55.7302,-39.5341,0.588901,28
-123.472,135.344,19.9874,48.3123,-414.371,-77.1418,-31.5525,34.4771,-16.8734,61.9117,63.9035,7.05455,-69.7802,-107
64.0858,-9.16594,28.5701,33.9312,174.738,-50.4563,-93.9777,46.037,-85.5188,55.4378,0.997885,25.5059,40.8811,-88
80.52,3.7941,-17.8314,-29.0715,532.865,36.1898,17.0513,-21.0922,-44.4763,46.6245,21.7691,-52.1252,1.82262,19
113.072,-50.1189,20.8216,32.7022,252.164,-1.05712,10.1724,-3.16519,-57.2015,-39.602,-9.8059,6.81846,7.96795,47
-213.908,36.273,36.4973,69.0844,56.9488,-68.9817,103.76,70.4977,185.831,56.9829,-82.683,-31.8088,46.8595,-57
193.35,46.866,-20.2639,30.0228,-6.09725,-9.88697,-52.1408,-13.8566,11.2182,3.83416,5.1949,-8.59468,-10.2927,-8
191.609,37.317,13.0291,-37.9545,-140.173,-9.57041,-32.1977,1.81358,-71.3313,12.3362,18.8016,10.0545,-22.3438,44
-35.1688,-10.1576,19.8339,-31.4322,151.548,-23.1561,-16.0156,0.901721,84.7547,18.4457,21.8463,15.1365,8.73386,0
-144.26,-16.0312,-10.6225,-10.6451,116.72,-19.0388,15.7449,8.54794,48.566,-8.38917,-2.8775,-6.91697,16.6479,-19
108.138,-20.6232,0.528779,75.9228,429.74,-14.9041,-16.3402,-0.823064,-57.0625,-8.69459,-49.7228,-42.6994,13.7464,69
97.6369,77.9648,37.6218,120.923,-266.148,11.3612,14.2875,42.5773,-94.2663,15.7134,-71.6765,15.9172,31.3598,43
-0.717802,68.014,76.8762,76.7675,-433.073,-23.4234,-12.1045,142.84,-17.4878,9.65331,-76.5695,-35.5584,22.1918,0
101.55,50.8654,13.6851,94.4974,58.139,-35.2886,-20.8554,18.1956,111.249,59.8342,-8.80459,-16.9352,26.3335,-23
313.933,12.452,5.75467,27.8293,551.566,-56.2365,0.585337,2.69837,9.23257,28.4568,16.2593,-7.04023,37.7026,21
83.0562,1.08931,20.2863,-13.5653,-52.668,-30.5337,10.3985,37.8686,58.1647,-21.1451,-17.0095,-12.0694,19.7759,-9
20.0465,165.84,6.90499,170.962,-215.023,-28.0452,-88.2194,46.2938,22.4351,58.6877,65.4541,20.921,23.7556,-109
119.524,-183.352,-32.9685,37.9595,113.318,-0.00710797,39.9186,-104.574,156.06,20.4934,-65.8763,-47.6187,39.996,41
135.142,-68.3654,-46.2426,-97.7509,14.2638,-14.755,2.0963,-52.5796,55.3367,-6.86096,2.88196,-9.55358,55.2241,44
52.2043,-101.226,-22.8288,28.3972,283.064,-61.6729,32.7778,-70.466,-87.8142,-35.6044,-31.7815,-22.0542,76.4198,151
-24.856,107.637,-13.9372,-29.8846,-441.609,-15.3767,-37.925,16.1344,-79.5122,38.1592,24.4505,-4.47913,1.80618,-28
193.377,-12.9002,-1.70924,-2.37888,226.877,-6.85229,57.5324,27.164,75.3227,5.04802,-48.6972,-70.9201,51.68,-22
-154.262,125.528,-3.33175,108.376,297.914,4.7456,-121.936,101.053,-51.7637,14.3171,-6.61622,-80.2574,-64.3412,76
130.149,-12.1464,10.7247,-7.79312,66.7308,-10.3861,12.0141,17.9188,30.4954,26.3247,22.5474,-15.1765,22.5718,1
-58.2641,57.6548,64.5696,31.6717,-23.4638,-12.7352,-31.0833,49.7321,52.8056,-31.7594,-106.215,-15.281,96.562,-89
177.856,-36.8806,-21.3236,-2.66472,339.989,-39.8373,-10.1803,-14.5082,-10.488,-44.395,13.3034,4.4196,-3.15002,34
150.339,-29.0638,32.457,-55.0335,-293.881,43.7925,67.5527,38.4806,8.41979,61.5499,-8.27498,-61.9267,-4.32589,42
-241.054,170.653,-9.32658,-129.831,-45.0384,0.204999,-75.2323,100.994,-9.74897,25.6965,14.4551,44.9155,113.218,-141
120.292,13.1989,73.6676,29.5265,327.868,-46.0465,28.0284,31.5468,63.4711,52.4184,-11.7346,-15.6855,28.5978,-5
163.807,-176.718,-18.2391,145.539,175.774,-97.9552,-35.3322,-73.8914,148.754,20.0666,2.38555,35.7031,70.0827,-62
-259.616,-23.3137,-7.61107,-183.262,-471.892,39.6811,46.7224,-66.7974,6.34519,69.8029,-38.0577,-90.2565,145.88,-73
254.674,75.6566,14.4126,63.7933,101.557,-157.572,-57.8491,-3.02409,82.4245,42.8583,-35.208,-2.43483,152.989,-95
267.532,-20.962,-13.8788,-22.9483,469.946,-17.241,-21.8726,-0.0329434,-6.47547,-35.4087,5.17926,-8.33901,37.857,50
404.97,60.4152,30.0028,86.1833,230.93,-84.8052,-162.392,-10.6768,-22.9959,-6.39867,-74.285,-10.9793,-9.76657,94
28.6375,32.6185,4.43778,4.19292,-71.9864,-11.959,-3.54056,2.28304,-21.6342,-9.71163,-27.0575,-1.45017,51.4136,-42
586.239,30.7081,-15.1025,35.0446,333.682,-23.2171,-52.5484,5.56029,-24.5927,-34.2948,-19.7222,-20.1949,-37.8823,35
-179.444,-20.1034,34.4689,38.6197,-0.484121,-36.1909,18.1163,96.323,98.993,-21.8622,-95.4726,-30.406,34.1228,-20
97.1889,-35.8754,51.2092,-48.2311,111.514,-74.7915,5.70482,-3.44593,138.066,-13.4444,29.9967,22.9186,32.5087,5
-0.696381,-28.291,14.5498,21.16,340.093,-42.2116,22.4566,16.5306,25.8696,-7.31919,-17.9009,-21.4051,8.60173,29
351.838,-14.7097,9.44149,95.7782,48.6219,5.84464,-17.1827,-19.595,-42.5885,13.4618,-45.0792,-31.7437,33.7534,78
151.538,10.5226,-37.4562,-27.4623,-128.14,11.3046,36.1138,-3.70303,-30.973,48.0871,-21.8491,-33.9134,23.1799,46
-83.5059,5.011,105.023,67.2429,-31.9958,-2.0513,-99.4599,141.725,-71.4153,-23.8729,-159.609,-49.9239,100.913,13
266.096,21.1363,1.69042,131.536,457.211,-96.5356,-63.6932,125.656,104.129,-26.0684,-150.524,-131.248,-32.0656,77
124.808,-6.28827,-3.98817,-88.8689,-140.73,8.45027,80.1786,-12.5139,80.0137,67.1257,50.4718,-31.5204,33.0571,18
368.264,-73.3611,1.50519,10.6956,36.9205,-56.671,-44.2278,-26.9308,-137.633,20.0452,-18.0915,-1.85783,97.1905,2
130.049,118.091,3.61722,74.9482,174.153,-77.4449,-83.9143,-29.8714,-53.7447,26.6508,-16.0653,26.8519,40.5107,-27
87.0927,20.3446,32.3957,3.37136,12.0561,-22.2074,8.57415,28.3245,47.7747,15.0434,0.292752,-17.1854,1.09813,13
103.891,6.89188,1.97039,48.7061,235.094,-3.93262,12.9217,-4.83199,16.5779,47.6541,2.89478,-0.456608,37.4776,-17
179.015,85.2818,-12.4511,105.853,218.791,-21.3539,-19.7059,-21.6842,93.2732,89.4293,-28.9299,5.6057,58.7932,-32
-27.832,34.1749,-1.16153,42.7383,-315.75,-8.44557,-14.4607,11.8705,-13.1942,17.0054,-24.3057,3.24196,-7.54233,-29
250.8,-18.2363,42.3384,85.7138,270.05,12.7743,-0.010131,70.8149,20.0287,77.0379,-84.4816,-31.1465,65.3167,-3
102.928,40.7004,-50.6073,-13.5703,-161.158,2.45896,16.4714,27.8842,50.6629,20.5875,-54.2484,-42.6925,13.2247,45
-58.0198,129.761,13.521,55.8786,98.5804,-14.924,-41.0414,2.25753,31.7376,9.1687,-11.6868,22.7062,-45.5907,5
-16.5236,-26.1951,15.8489,16.5942,270.513,-5.6329,-11.9321,-23.88,-3.4002,5.69368,10.8937,-2.36707,3.25502,16
-95.8491,125.776,41.27,170.336,146.166,-28.5127,18.9651,21.6978,22.3034,4.20936,-76.0706,5.79939,58.9776,-53
201.504,31.9343,-46.4698,-10.0877,-161.399,-29.8185,-19.618,-65.811,5.92818,48.0372,-1.70159,-13.7993,53.7195,18
-76.5106,22.0984,85.0225,308.147,-250.038,-63.4039,10.947,156.083,57.5097,100.291,-149.95,47.9428,177.247,-85
281.897,28.8099,21.6367,65.9785,-90.1793,-17.949,-72.0102,28.1203,-50.5717,26.2874,-31.9028,-5.61003,14.2999,9
91.7535,-31.5821,-60.2165,-31.0649,327.202,-80.3494,-36.4854,4.63316,45.5529,-32.1682,44.4235,-9.70347,77.386,16
177.836,94.9552,-27.5152,-126.22,42.9222,-26.555,-106.122,-35.1786,-112.747,38.1767,125.703,30.8742,18.5286,3
257.643,-50.7804,1.48446,-120.528,-105.34,30.8652,54.1874,36.6148,52.8171,107.065,27.6921,-42.4649,116.566,-69
31.7917,176.047,101.588,172.435,213.365,-149.456,-38.2692,78.4516,197.5,108.161,84.5099,-55.2551,-100.38,-16
-94.63,39.6142,4.57597,29.148,-83.1892,1.93435,-12.5681,24.201,-16.2026,11.1074,-10.1075,-11.1609,-7.71179,-21
13.4644,-97.8604,-16.4229,-47.3819,-13.4596,13.8899,20.5555,-38.0293,52.5063,-19.3132,3.7717,-51.3564,31.6805,-31
224.013,-7.73699,-6.65954,10.4293,320.947,-8.01834,-10.4318,-3.1079,-9.21349,-28.5747,-11.4859,3.26057,3.0161,27
249.236,-9.90987,16.0487,117.48,-23.9489,3.80478,-52.8479,26.1471,-90.3318,5.20037,-83.4038,-43.7989,12.5074,-26
187.926,237.632,-47.2299,-25.4611,-167.845,50.7532,-29.8854,-6.95426,-9.30427,48.2114,-22.2086,-23.097,32.404,10
261.205,53.8752,53.9173,87.7145,25.5323,-70.4677,-51.4191,71.4419,-104.776,42.9817,-43.8103,28.4028,26.4849,45
368,-25.4891,4.5696,259.597,255.424,-148.093,-55.6936,-49.2891,-40.0789,-10.1591,-42.1141,9.79026,-40.1602,70
219,23.6013,-34.2103,99.4195,163.195,-44.2642,-64.6794,1.21034,-38.9143,-23.1199,-46.6131,-17.3031,-7.07503,-5
88.4051,-29.8026,-12.6716,37.1959,-74.0343,42.5228,-53.2781,21.5263,-0.339193,31.1907,-40.6617,-86.8374,-27.8756,-18
38.7126,-53.4336,-30.1382,40.3267,153.66,-86.2646,-87.2642,43.062,21.5943,-98.113,-50.5532,-32.1852,-43.5998,35
-94.1141,-28.933,-12.3417,36.9034,25.0962,-37.0695,1.19633,68.9905,71.938,-8.69154,-67.069,-29.2534,-1.46193,2
271.199,-21.9471,-49.2275,-4.83968,-148.563,9.92685,-64.7751,-39.5073,-103.01,-17.4233,-15.0444,43.297,56.833,41
50.7624,-17.98,-20.058,25.4447,113.461,43.2426,36.5406,11.7707,54.9154,7.49552,-128.419,-31.9149,89.9708,8
171.38,4.5775,39.2776,-45.5055,136.476,-43.3784,-44.5475,11.3501,-110.064,21.9684,59.7623,20.3803,20.989,24
50.5579,-79.659,-12.2517,233.084,124.62,-31.2989,-162.704,29.687,-126.87,-80.3572,-71.5268,-89.2915,50.8048,-4
210.042,97.5454,-1.66544,62.7484,-11.5316,9.4455,-18.2838,6.94743,24.2222,-29.7741,-44.4703,-14.1454,-8.57201,47
248.893,42.363,-26.8057,6.76002,-99.4822,-20.2247,-65.3571,-5.38026,-36.702,20.2237,14.0631,-13.6879,9.58413,-7
220.143,-71.2253,45.5717,9.89529,365.593,-4.79846,-1.41881,18.6465,30.8897,-81.1255,13.3393,-47.3974,41.0569,41
424.181,124.705,-59.7323,15.7911,365.859,-49.9246,-57.9489,-12.8194,53.3266,21.1744,38.215,-5.22428,36.5459,12
348.404,-53.5004,-57.3046,-2.1881,410.534,45.9366,-36.745,-92.6501,-54.4963,12.6387,16.08,-26.0629,64.6788,3
277.185,-6.02274,11.0176,141.147,115.822,-3.02907,-75.493,46.4196,33.5532,153.876,-69.8822,-56.8301,16.0484,-53
169.7,-15.8645,-40.6247,-65.7593,91.8256,-38.3369,-31.5703,29.5141,-29.5097,21.6821,15.3448,-16.6157,15.5913,-15
-152.861,111.248,40.4125,74.8664,94.7938,-46.9032,-4.24202,35.3306,133.221,30.0936,10.2622,5.55843,-23.3049,-19
504.94,-103.891,-43.7537,3.23243,509.738,-82.0722,-28.3544,-28.0689,-47.4208,-41.9304,-3.76758,27.4147,14.4774,58
152.516,-35.2126,10.9671,81.2478,460.563,-15.1351,-52.1203,24.1138,-40.5406,-4.83654,-50.834,-24.0084,32.9933,40
151.634,4.96521,13.5493,-39.0252,499.096,-7.42255,46.7645,-1.20138,44.7491,4.73751,12.2945,-24.4316,36.7801,4
124.959,30.1877,-36.7807,-9.79457,411.877,-35.1375,-74.0797,68.7526,30.8834,-105.41,-2.15171,-27.0937,4.64126,29
138.659,7.02963,51.0059,100.752,401.542,-17.4823,10.7066,8.48265,34.0564,26.8784,-49.8107,-29.5588,26.9252,12
369.16,200.792,20.5089,66.5566,-15.3626,-37.6076,-54.8678,79.3517,17.5685,10.1183,0.552819,-42.2892,38.8257,-22
-127.887,-3.44748,-60.5572,-56.211,-6.03368,-7.02368,-22.5672,-43.4982,40.476,-2.14888,39.2949,61.8607,58.9305,-56
145.028,-63.3032,-108.635,39.7927,21.172,-62.6798,-95.3643,-52.0696,101.783,-9.50913,-60.6358,47.3512,81.6107,-282
353.282,30.2104,18.6624,-100.833,101.017,45.8205,0.431418,35.3372,-28.8913,52.0943,-41.9213,-41.7718,42.3875,56
-338.772,75.183,5.72751,37.4631,-39.9009,-47.6977,-50.3987,-2.09087,84.7626,105.349,125.529,4.58026,-123.993,-31
197.936,-23.5424,-50.7162,41.9601,195.132,40.9312,-22.3788,-10.8537,31.7642,-16.4356,-44.0259,-50.0291,50.6793,12
240.805,12.3403,6.49608,16.2494,336.307,43.2082,34.7301,14.3684,10.2891,31.2392,-2.95522,-46.7126,12.2536,1
32.3383,-225.853,-51.4061,73.5584,87.2738,-63.9376,-46.1679,-77.9661,-92.4969,-93.7877,-84.25,-68.1737,19.2645,88
-278.597,-119.432,119.557,-55.7637,321.896,-47.5584,-28.9165,131.811,66.3705,59.5634,-87.9583,-96.1995,60.4844,-11
-226.878,28.093,9.76107,-62.4056,-48.9306,-1.94862,16.5837,-1.10713,5.91616,25.0467,9.11985,-22.9111,44.6472,-40
156.445,-9.01868,-6.52519,-20.5642,-12.4156,-27.908,-10.6192,-19.8588,16.3528,11.3795,30.0452,-2.29327,-55.9844,23
349.118,90.8075,-50.6432,-140.686,375.194,54.9366,-30.2451,26.9743,99.17,-13.4289,92.9029,-73.2373,-12.1887,88
182.126,3.06809,-22.0637,-37.8107,-121.284,-68.6032,-20.8949,36.3211,90.2071,-73.4525,-22.5391,23.9857,-61.7764,66
158.427,-2.59658,-7.46702,80.0333,231.5,26.761,-14.4613,-20.2139,-86.5742,-7.39483,-49.8129,-39.0024,87.4821,33
204.201,46.2965,56.026,135.045,182.986,-37.5718,-155.484,102.806,-116.78,54.1823,-60.9339,-45.6438,58.9179,-111
-82.1611,-8.28533,35.9004,84.1107,12.2487,-15.5171,-40.4001,7.11573,-32.6133,-7.41075,-12.0684,5.0551,-36.0385,-24
95.7428,28.1322,2.12218,13.7134,115.724,4.96855,-29.2052,-11.5906,-21.5964,0.712827,15.3939,-5.82933,-7.57738,-3
130.459,62.8849,-42.8337,100.453,-44.621,-48.5326,-111.337,1.55922,-73.6078,-43.864,-17.9579,-21.8781,-12.0504,-15
12.4154,8.62356,6.76072,-19.5663,155.101,-4.01043,4.77816,-1.34027,46.5327,11.1444,-1.42259,-1.96235,24.529,-8
199.313,-54.6294,-3.82847,22.2427,175.548,11.5003,26.5061,-34.6867,-26.688,22.4882,-9.45088,-44.6637,54.5683,75
255.865,-23.1357,-9.08127,20.4193,106.15,-1.85129,8.34632,1.32632,88.6251,-29.7658,-31.0612,-50.4418,-2.9807,14
-126.464,50.232,-24.2723,63.0451,-245.627,4.16097,-45.619,7.70836,-48.5797,34.543,22.1707,17.7325,-29.6829,-58
-266.599,96.7302,67.6435,113.607,168.988,-70.6941,1.98341,134.61,32.6151,-39.0196,-107.57,-119.909,25.5452,-48
-46.2683,158.681,5.09874,18.6408,-327.249,-18.5358,-51.0226,93.2803,-132.088,5.59564,-51.3213,27.3348,-49.0362,28
302.395,164.753,-62.2653,126.674,340.495,-21.1441,-85.994,-36.1724,83.0387,-4.43918,-26.1338,15.7419,-24.3546,-13
62.9503,2.42812,-7.7462,79.6471,-106.03,14.5613,-12.7496,18.4365,-10.3294,3.50781,-68.8942,-45.5485,-3.72408,1
80.8101,8.17914,-13.8795,129.524,-148.784,2.12116,-30.3636,-0.00408131,29.3127,-2.47768,-39.7641,-15.8125,0.220019,-15
238.72,96.6381,-43.1723,197.169,-150.736,-152.93,-66.5608,-76.5282,-25.836,-55.5445,-33.3513,-12.0724,-6.73036,-40
200.56,7.70629,13.9952,8.52759,192.953,-26.3589,-25.4638,11.0973,-22.6576,-5.51095,32.4632,19.4177,-7.37843,26
-352.137,19.797,21.1778,-52.2054,-116.594,-41.8283,21.4701,8.41033,85.1877,52.1802,39.2295,26.3751,-2.58971,-42
141.566,49.6963,35.7268,-11.634,364.622,9.03534,-36.6367,60.9372,-31.2954,57.4525,-31.5695,-47.2157,26.4979,-53
371.159,111.794,25.9619,41.9571,21.4346,-36.796,-39.1272,18.3692,45.4489,26.1349,-12.3999,-28.2257,20.3004,-32
191.232,-44.7988,-40.5823,33.9567,245.54,-30.3166,-3.89447,54.0653,106.223,0.0305408,-89.1032,-58.7355,9.66501,5
368.158,93.7408,-12.8679,-17.1974,186.615,-90.332,-119.894,175.625,19.7004,-171.71,-97.7464,44.377,7.61617,87
72.0644,50.0118,41.2741,57.7763,-302.253,-18.4017,-29.6677,67.0627,-132.61,37.2553,-47.9241,-20.0789,-16.6951,-28
149.277,-19.9706,-26.3403,-29.6972,310.497,-9.06058,-23.1821,-5.25464,-0.668089,-35.2022,10.5773,-17.436,-8.7993,23
47.2784,10.2902,-19.3952,10.3705,-37.461,-6.22576,-21.6008,-23.392,-14.2268,-1.73517,14.2309,23.1153,2.27395,-5
115.396,34.7355,-36.793,0.601373,-308.841,-23.4607,13.0694,9.0219,-55.8253,-6.1108,-91.3512,-36.1157,53.0765,-28
307.364,-25.6606,116.658,75.2666,-30.9219,-82.1002,134.18,206.907,118.143,138.262,-76.9608,-25.5217,-10.3127,53
61.2351,41.013,5.28127,65.4487,144.893,-53.7204,-55.7527,49.124,-39.1977,-29.9192,-42.6988,12.3215,9.72242,-13
269.425,-4.10139,47.7611,74.0253,255.608,-47.8582,62.7093,38.3805,64.7199,15.6848,-38.4945,4.31117,47.9538,14
335.681,-55.3625,-26.8409,1.07169,367.491,-24.3331,-32.1754,-23.4189,29.761,-23.9724,1.73674,-7.3906,-1.56634,0
414.863,-10.4439,-11.1765,145.535,311.691,-92.1037,-6.52991,99.4394,-63.8597,35.9328,-67.9617,-46.2614,28.5343,75
-208.805,93.6785,64.6652,177.202,-254.698,-26.9624,-15.8586,57.7735,-27.2629,59.1558,-102.185,25.2992,46.8429,-69
81.7045,73.231,2.83021,-1.41406,-181.418,-8.21425,-3.91463,18.5751,-54.7804,47.8361,-12.4016,-25.2766,6.46295,-8
-3.89849,160.308,67.4389,10.1994,-177.092,-15.764,-156.157,-59.4653,-60.4623,84.3527,170.004,-6.73269,-58.7502,-17
28.5527,-7.52229,26.104,127.056,105.355,-97.634,44.1638,2.90525,104.338,33.2835,-39.7024,-8.21847,16.7777,54
67.3173,-41.8367,-34.2355,-130.204,-150.81,35.0798,40.4993,-37.5311,11.142,-2.37186,-21.8037,17.4504,57.994,-7
145.971,-13.0816,16.8479,30.8168,334.826,-23.5925,23.7099,13.1065,36.7188,-3.31919,-27.6432,-17.3125,12.843,42
155.446,41.6101,-28.3735,75.5982,-50.5104,-21.3513,19.0076,1.68336,101.213,53.1674,-27.1595,2.36282,61.4054,53
4.26333,18.2605,1.86993,18.6265,-97.7103,0.86522,-4.63653,2.62501,16.8924,19.8265,10.4972,-12.2989,-13.2768,-6
-152.121,-111.171,-53.0358,-109.863,72.8512,-29.7499,125.28,-7.80945,192.97,3.22503,-23.6238,-51.6055,102.272,-93
-47.6213,96.6298,38.8879,3.29369,-141.281,-28.0265,-37.7878,26.4828,4.31363,17.9074,25.574,-40.9938,-54.3612,21
251.723,-112.943,-70.5676,42.2381,359.402,16.9018,-8.37284,-26.2874,-47.5701,-112.561,-89.6551,-61.5226,-20.187,83
67.6221,-4.58893,-10.1089,21.5947,187.725,-0.892324,-8.79241,-10.6724,-9.35747,-1.35559,5.80584,9.05273,-9.34048,6
289.467,50.2256,31.7186,187.227,-115.062,-48.6948,-131.547,50.1767,-186.748,-10.272,-95.9614,-45.8065,-6.54097,-28
60.3109,17.7656,-3.44198,27.9026,-0.613368,-21.4471,13.7875,-5.54711,43.5698,-19.0295,-15.2125,3.93973,0.525804,4
157.115,76.337,-21.095,94.9919,-151.141,-60.1895,-97.4152,14.5138,-109.649,-3.83199,1.90499,-2.04899,14.1359,-67
-158.542,160.172,42.3759,101.927,-341.558,-24.5118,-20.7435,73.4136,-12.5924,10.5014,23.1008,18.7463,17.0402,-84
500.219,-94.6623,-104.914,59.973,245.906,-18.6879,-109.186,32.3778,168.654,-22.6741,-21.9294,-65.5956,37.9203,60
27.3857,87.8089,22.166,82.4662,44.5136,-18.079,-63.3664,-31.4399,22.7492,37.1384,47.3687,19.0369,-70.6296,-39
531.238,-95.286,-68.2649,13.0327,454.188,-56.2757,-111.923,38.8121,-37.2231,-57.4674,-126.068,-105.801,99.658,49
-144.593,-4.5855,-13.859,92.8733,185.241,-64.6594,-42.3244,-17.9998,-13.2873,4.33023,-13.9334,-11.3664,23.6208,-13
230.519,58.4291,-55.9963,89.7607,139.04,-128.197,-194.784,-34.1511,-83.9239,52.4125,19.3973,25.2633,61.8591,-93
329.552,-77.2836,-75.6217,-89.6965,317.221,-41.9515,42.6877,-12.074,-32.0813,-18.8894,-49.5956,-95.0274,65.4143,21
64.5527,-90.0458,22.9474,-116.407,309.614,-31.2071,50.5661,15.1673,66.8485,-19.6667,31.2407,-33.9735,18.7247,89
297.602,-6.9642,-78.232,-78.3864,198.187,-16.7652,-45.694,28.6083,-57.5955,26.8913,-60.1558,-69.8151,86.5006,-41
184.24,162.668,23.4339,75.5163,-200.281,35.1826,76.7415,62.5687,-58.1129,21.7968,-145.191,-89.0404,132.224,79
80.2876,20.7308,-34.1233,-14.0699,-96.6831,32.9558,-48.9857,-46.9781,41.9157,76.4054,44.7693,9.66733,95.3417,-37
453.726,32.0097,-45.1282,43.0102,-257.262,-68.1195,-54.8639,68.1192,-270.758,30.1601,-59.2201,-66.2094,-40.2022,-27
89.6121,35.9461,66.9938,120.09,1.30178,-53.8308,-37.1092,6.18615,3.44221,-15.1453,-28.6996,-35.5862,-29.9005,13
-1.55843,74.0298,26.596,115.235,244.117,-0.722164,-21.5953,19.6692,37.0288,27.1323,-29.9624,-10.5374,1.06637,-0
167.693,19.134,56.4862,15.4231,373.305,-74.0936,-35.1171,23.283,-13.6784,15.4534,51.4739,0.211199,19.4616,33
309.315,15.8862,6.6411,-9.76501,129.899,-32.0195,-19.0088,43.148,-80.1103,4.15953,-31.8354,-4.06011,42.9907,17
391.402,-16.867,-57.1584,87.6984,408.095,23.0323,-87.5405,-2.19,-165.426,-12.4805,-180.62,-117.248,148.761,1
454.055,-75.1187,-10.0321,-70.1903,211.861,14.7846,-11.7629,-10.5848,-5.14728,-41.0795,-8.93688,-38.7929,67.0425,-5
88.3414,-4.30526,-23.9437,63.4877,96.5015,-6.51155,-34.2657,-39.6782,-21.5237,25.4206,2.89374,28.2287,-3.99306,3
165.417,26.1317,-19.3763,26.3565,78.3983,-27.6373,-26.8684,3.17519,39.0028,10.2727,15.6428,-22.9374,-18.5877,6
37.9541,-15.6789,-6.09251,-64.9384,391.28,-13.7583,25.2374,59.7924,60.2128,-33.456,2.47783,-22.2817,9.67199,46
281.584,181.477,-38.7979,168.709,-55.2967,-115.595,-214.346,94.5079,-98.8612,25.3512,-75.0357,-22.7879,124.509,-91
309.486,-3.59429,-17.7556,-4.50993,289.794,-33.7845,-44.939,26.6097,-5.67979,-13.8744,-4.31927,6.03524,17.3684,-12
283.138,-147.988,-67.636,83.5741,288.972,-100.444,-119.818,171.97,-79.74,51.3436,-12.0189,-32.3483,51.4121,-194
66.472,-126.094,-16.8027,66.923,-13.8487,28.9827,18.1397,-19.6088,-49.5748,-60.6834,-48.6584,-19.1434,-28.4709,36
-24.4525,69.8266,3.3738,-154.363,-329.542,28.4574,24.5733,113.384,149.137,-79.8594,-140.893,-22.8318,62.9023,-18
-70.4644,180.259,38.2861,147.687,-218.202,-53.6369,-72.5429,72.7875,-86.3987,45.7838,-32.0221,-15.4089,-39.1926,-103
117.138,215.782,59.5404,350.802,-138.718,-16.2839,-189.89,67.9968,-169.585,-16.2692,-102.791,-32.8783,-21.6687,-76
70.2547,1.62609,-35.1925,22.3068,-160.525,-44.8138,-27.312,70.0695,-131.977,28.9587,-39.0995,-52.0991,-40.2943,-73
204.197,-3.3865,-10.3819,-1.35242,242.758,-23.6613,3.98467,8.27733,-40.7862,-5.30803,-12.3247,19.8452,7.04669,38
-153.671,20.517,35.2864,73.666,40.4746,-38.0719,13.7372,15.5066,22.4257,28.4223,-5.4834,36.0582,-6.75932,-46
-131.003,145.136,-47.6253,45.0161,-389.994,-32.452,-91.5685,-45.2433,-5.05485,19.0677,36.7499,84.045,0.456951,-71
-81.38,18.4847,-14.4052,-8.10351,-125.454,16.0666,30.2441,-11.0392,48.1054,-10.5344,-20.9418,-2.86807,37.4764,-31
129.798,70.2655,-25.8931,-73.7396,66.0545,-72.5456,-53.7176,25.3147,-0.378879,63.474,111.69,-17.1763,20.8105,-62
529.837,15.9257,24.6425,15.4634,86.6434,-43.0352,27.7391,36.3066,-8.23059,-12.5869,13.3467,21.145,75.7622,37
270.412,86.7997,-58.7804,50.0395,-270.395,20.7503,-56.0224,-83.45,-19.1135,21.6544,-31.5488,-62.1716,32.9408,7
-151.631,-15.9285,-7.62875,18.6788,120.292,-21.3236,33.928,-23.9971,29.517,13.9601,-33.5377,-11.4732,24.5642,-5
-377.743,-21.0285,57.0833,205.051,30.3209,-128.541,49.2558,5.98797,31.2027,-122.725,-31.6611,-40.8373,30.3002,109
102.814,37.161,-46.3678,96.6099,194.515,-9.73887,-101.569,-36.8215,-18.7473,65.2829,38.438,13.5804,20.6759,-69
107.044,12.0596,18.3742,8.84645,-84.6456,-25.4407,-6.83609,43.3829,23.3522,-1.00619,-45.0101,-14.2189,21.1371,-16
142.188,-50.4252,-29.8543,-30.7703,367.205,10.0809,-3.81042,-20.6211,40.1788,0.200621,2.0712,-17.4692,10.8762,15
281.617,1.40904,-39.4271,35.9297,93.2758,10.4995,-60.9868,-43.0575,-89.6979,1.28402,14.885,-8.42234,-6.78754,15
175.11,10.9823,-43.3902,-111.337,218.921,6.72882,14.6791,-28.6187,-29.9193,13.9789,47.6097,-8.75651,70.7658,41
124.486,-4.32075,-2.27569,9.44566,480.982,-21.013,-20.6703,-31.8321,-34.4556,4.87196,10.3205,15.7109,22.7758,8
275.76,65.7501,-133.173,5.03921,-2.85046,-98.3727,-54.2259,41.4498,-47.6699,112.807,-50.5728,-59.7314,34.101,-37
191.287,147.966,7.0332,123.286,-256.951,-147.425,-101.673,141.403,-87.1122,11.2246,8.40795,-18.1031,-23.8575,-162
335.641,-142.989,-46.8743,31.5828,-333.473,60.3238,-25.5227,7.20826,140.841,44.6677,17.45,-55.6247,41.4495,-77
-145.836,31.2295,-4.14011,33.3224,-293.409,-108.183,-34.9523,8.07424,-1.59906,24.3279,8.94464,93.4622,-29.013,-75
340.869,100.199,69.3987,0.856577,-142.886,-80.159,0.925384,103.738,-48.9742,31.4983,47.8271,-26.1247,41.5886,43
116.876,85.1533,-38.1615,60.2519,-173.02,-49.0449,-108.506,-10.9982,-141.055,21.4249,22.0218,14.8868,-83.5832,-29
197.731,-3.13684,-14.6095,-23.8409,204.867,-3.33214,4.81087,-11.044,8.16393,10.3575,6.8552,-1.2887,43.4788,7
172.325,34.8076,-1.71429,29.4629,131.191,26.3041,-50.8971,29.5445,-40.9636,-28.6739,-112.301,-28.9222,50.7708,8
152.339,-106.321,-36.414,-80.5693,324.847,12.4581,25.6762,-4.18273,105.23,-65.2613,-1.81672,-9.81242,-4.04308,62
93.6434,63.7847,-24.2743,-46.618,221.633,10.0868,-2.31778,-6.66735,10.3802,18.3703,-30.464,-4.48215,45.9012,-9
-52.9519,-14.8716,22.8933,4.86146,55.6536,41.0666,92.3551,-58.3264,13.6398,54.6546,-39.3456,-42.7087,142.201,-76
236.716,-40.2331,-9.3906,13.0192,438.232,-17.1554,-12.4948,-29.0367,-30.3982,-17.823,14.0106,-9.43376,21.06,30
141.289,58.5899,41.7618,97.9558,261.139,-3.00466,-21.9986,-10.0566,10.1542,27.6296,5.20505,-48.8142,-7.35705,-19
159.029,-153.99,-14.2689,-92.7619,235.377,27.9877,-45.5259,-37.0375,-44.3217,-109.866,-17.1886,97.6434,27.1455,-45
430.818,-16.5166,14.9481,-7.73692,155.882,-69.9268,-44.6612,14.0141,-70.7319,-14.5665,-27.3193,-1.49481,47.4289,60
155.161,9.09118,10.5645,78.8274,129.085,-9.53926,1.40923,13.5824,26.7014,34.3208,-34.4932,-19.1392,42.1509,-18
112.649,7.95594,5.99266,-23.1028,101.419,-3.58094,-6.4496,-6.82663,12.5237,17.4269,30.3569,-2.3654,6.32574,-9
-177.539,141.947,-4.42671,182.783,387.165,-129.47,-104.855,-2.50005,129.303,22.3252,51.6775,46.6342,-26.1543,-126
135.08,-38.3082,26.9001,17.9909,308.785,-230.633,-105.768,166.032,35.4877,-74.1661,-7.24396,34.746,51.489,51
78.5574,61.2375,3.55059,75.2299,-5.33723,-84.0359,-26.8251,65.5303,77.8857,-10.3037,-67.8628,-41.2035,23.4802,12
303.102,-62.5362,-68.0715,-133.955,146.975,-16.8279,-128.272,-117.166,-131.315,-68.8014,-56.5624,58.1857,25.8111,87
192.583,65.6911,37.9855,59.0991,347.532,3.14252,-82.0622,24.0706,-52.4064,28.6999,3.28543,-30.2926,12.7576,-14
222.094,21.287,-34.1438,-9.30368,163.482,-130.432,-50.8129,82.8234,-61.0101,19.2102,-34.3415,7.01331,15.1197,-63
69.9389,39.8121,25.7249,88.3398,-320.54,13.2196,-77.9156,7.54615,-131.635,-0.907035,-71.1311,-39.7344,79.4023,-73
327.697,104.183,17.7021,21.8131,114.286,-9.26185,-154.666,84.2612,-50.8454,-5.09923,-53.4643,-99.6139,73.0245,-82
-92.3085,217.893,44.6882,189.687,-444.717,-56.5891,-149.258,23.9732,-107.403,84.4153,27.8424,9.45524,-61.1001,-104
19.8596,44.4405,45.4978,110.211,309.281,-74.3605,-16.2947,24.2775,-72.4823,-13.3262,-3.49406,-3.28453,20.3214,8
299.987,-38.3158,-83.4865,12.3265,-59.0699,-118.542,-25.7968,87.1766,137.644,-30.3407,-69.2561,-26.1226,160.946,-55
273.173,27.8762,-80.7395,-32.0318,-171.091,-69.559,2.96801,28.5629,20.2664,115.875,-17.7623,-68.9118,112.083,-110
28.745,57.5314,-16.0062,11.5384,-164.109,-28.3334,-34.1529,-32.993,23.6676,21.5163,42.4207,18.5152,-31.527,-5
142.237,140.929,57.2656,124.546,142.992,-37.842,-177.789,-6.36869,-143.174,9.23711,60.8363,5.51178,-59.7729,-12
497.03,44.2424,39.4507,175.911,250.487,-59.623,-264.296,60.5763,-227.234,-19.4614,-44.0823,-17.8891,-102.218,-71
441.213,81.8767,-4.78607,114.711,264.002,-24.2179,-82.3174,-3.47482,-21.3222,4.44501,-32.7902,2.42891,19.4589,-13
248.295,-60.3753,-29.4409,44.5407,323.41,1.4072,-34.122,-29.7451,45.0782,23.4276,8.48311,-10.6696,-0.674465,-0
117.034,-36.8884,-10.3485,36.8026,6.34376,-40.5031,-35.2165,43.4791,29.1492,-16.1068,-51.6602,-37.5309,-30.2589,22
226.039,-111.743,-101.873,35.9271,45.6603,-91.6255,13.0423,217.317,30.1582,38.1088,-207.605,-58.0437,-23.6184,152
-117.27,61.5681,22.9497,94.1032,-73.88,-41.7874,-29.5229,13.1973,77.2944,49.036,-4.77567,54.072,26.4176,-55
267.573,9.53648,-10.2563,29.1718,280.912,-42.1959,-16.443,0.00844114,15.532,1.30371,3.40636,22.1389,-1.09295,11
38.0574,-18.6606,16.0254,42.6389,40.4383,-27.0393,31.8092,35.6563,38.7518,7.68704,-28.2638,-12.6632,-9.09078,42
196.777,11.4845,0.477775,-37.9093,487.736,-37.6963,5.57511,-17.8067,49.1046,47.7012,23.2099,-22.1849,32.3611,-11
539.156,-97.6683,-2.67315,-66.5766,149.398,-30.8508,41.1843,-67.2414,6.30491,-8.16553,0.439158,43.8846,51.3899,52
309.212,-3.25382,-2.48472,0.324431,559.217,-11.8682,-2.63132,-37.5332,40.1882,9.59261,8.79591,-6.78368,0.970898,23
-0.830365,20.1511,10.0124,19.017,39.3393,-6.57323,2.87963,4.70656,1.53654,4.59383,-3.09417,-2.43283,0.409504,-4
450.246,-93.1281,-47.9503,-168.803,91.2683,76.8416,-147.039,-9.77477,-140.068,-13.4701,-60.9877,10.8064,53.1512,21
299.23,-40.6549,-29.45,85.42,143.079,-49.4925,-31.6586,27.4887,-17.9672,-35.9282,-29.1995,-29.9765,12.2048,15
148.223,-24.8724,-49.5913,-95.9064,337.75,-0.778363,-10.1295,-42.9357,47.7447,16.4909,28.9122,0.584434,30.4445,-24
160.302,-52.216,36.7402,-11.1811,420.343,-31.3919,11.1019,-10.1388,53.4122,-1.93077,19.6884,-13.8727,28.6388,35
220.853,22.7898,-43.4334,-12.412,33.3659,-41.4777,-55.6534,3.9431,0.841984,-2.52547,12.8332,-26.0463,-19.3302,-23
328.606,86.2906,29.2437,-134.598,-132.463,-55.3256,-54.2826,67.696,122.624,85.8135,9.82501,-4.72939,184.612,-154
294.482,-2.21788,-29.1707,-13.2322,-42.1923,-26.0302,-50.3434,43.8243,-8.3678,-30.6845,-52.3914,-13.3273,1.06099,-13
205.774,-26.3402,-67.2289,-24.9389,-189.646,-14.9824,-41.4314,-25.6126,-37.8037,22.9227,-35.9541,4.85182,11.0811,-34
-277.433,-48.261,-5.92584,19.9335,267.704,-32.7682,-25.3319,8.48255,-58.2653,1.29597,-1.42215,-36.3358,-13.3476,37
105.423,41.9746,-12.7485,87.2165,94.9838,-37.7353,-33.8462,-15.7424,-4.5703,-15.6136,-15.163,-16.0793,-7.38819,5
147.868,13.5041,82.3683,35.7031,-230.741,-3.14092,-76.0611,91.9961,-36.2908,55.1169,-71.7699,-28.2221,-10.434,-31
-70.0251,-11.9467,5.88462,-12.5444,136.307,-10.821,1.58137,-1.43692,18.4486,-0.422317,3.05526,-23.6713,29.24,-12
61.042,2.06966,-5.8562,-7.08124,-209.391,24.7696,-6.40461,4.08776,-93.8956,8.61913,-16.483,-33.6886,12.1147,26
121.17,-20.7804,16.9291,-20.9826,339.004,0.997563,27.51,33.414,28.0831,-0.544222,-12.2866,-39.7682,26.3473,18
213.05,9.16671,43.7039,61.2482,10.9808,24.7216,-7.99232,30.3014,-110.908,-11.2938,-95.4436,-14.4534,83.4637,37
423.004,111.183,-166.224,-90.0737,245.853,-133.364,-104.335,-14.0611,73.7889,-45.5577,-8.12602,-26.5897,28.8989,-35
99.6534,-2.98603,200.374,-18.1199,85.8258,-97.6266,-70.5177,99.2399,152.815,100.86,83.8756,-26.7806,168.804,-41
256.945,-58.9113,8.20024,64.5536,-53.6276,-46.3321,-9.96728,-7.47536,-24.3124,11.3701,-33.6648,6.0511,72.155,7
244.592,-59.4482,-30.7096,-55.5754,31.6074,19.8025,1.02775,-66.5202,-10.1844,5.93876,-3.38566,-1.8179,53.9898,-15
129.627,-11.2908,-26.6381,10.58,150.299,-11.9892,-12.9671,11.3149,-3.6342,0.904887,-8.90068,-1.34295,29.9171,8
-192.192,76.1768,-4.44123,228.994,-399.04,-76.9114,-98.9211,37.4075,-166.248,-63.0885,-108.285,-0.18628,98.0439,0
-115.323,-36.6827,20.3737,-29.5128,28.0336,-35.2926,27.9969,-19.8414,79.1937,-4.50275,19.6305,-21.8635,27.6057,0
70.438,79.8548,-7.2088,73.939,158.718,-13.8612,-41.1956,63.8574,-138.692,6.55949,-45.5571,-20.1215,32.2532,-11
349.671,-12.6424,-30.8578,74.1951,154.185,-23.1557,-57.145,-72.0291,-31.5245,4.07833,-10.3386,0.367799,14.3508,39
191.459,18.5552,-7.86817,-19.2696,74.8694,-48.9313,35.7751,52.5044,37.989,24.6278,-62.5312,0.688656,37.2135,17
251.39,8.99666,-1.84451,11.3813,367.483,-2.2162,-15.9128,-4.1772,-23.7809,12.1668,13.9322,-24.898,-11.8723,7
11.8449,-88.1257,-26.4579,47.2076,-75.1397,12.9097,0.0242748,8.41602,-90.1283,-5.29206,-47.6115,10.5224,58.5438,58
166.666,-13.2047,-15.5575,2.2851,-70.4395,4.22005,-30.0194,-31.0441,-25.9246,-32.7604,9.57678,-17.4148,-22.1856,7
322.007,-55.9672,-69.0696,-58.8262,-313.216,19.9576,-45.5408,99.3192,5.39483,-112.649,-92.9298,41.3999,-41.2014,-39
225.914,68.3026,15.2627,123.146,250.042,-31.9855,-129.685,81.6276,-44.9654,-59.7397,-88.326,-88.1284,33.2815,63
122.744,-21.2714,-28.1825,-18.3594,401.232,-0.241464,-40.0534,1.28661,3.24875,-21.1406,1.43752,-9.76983,32.3119,7
107.584,83.9842,1.86099,7.29842,-31.3145,-16.79,-113.095,1.07679,-158.957,57.728,39.1396,39.133,-42.5531,-46
567.553,-26.6329,23.6585,-69.7408,424.223,-169.436,-98.0552,86.3428,-141.657,5.72852,20.2701,-67.5365,11.0362,23
103.943,-32.8782,-56.7104,-77.9557,-42.0554,-78.7102,3.13594,-7.79344,11.2782,-25.2396,5.5409,46.4188,37.3225,-39
284.303,175.548,10.0861,77.8181,131.106,-141.282,26.7369,76.5216,-40.9614,139.923,-55.8073,-31.5866,38.2239,-80
172.859,44.0463,47.2631,31.0825,53.7491,-94.1777,32.7957,193.133,-118.402,154.568,-114.658,-58.7374,219.224,-125
110.838,62.6984,-24.6766,70.165,-167.689,1.20706,-20.7672,-16.9692,9.77278,38.6004,-13.2483,-12.444,5.93551,-16
212.158,116.162,30.2613,78.2484,83.8422,-39.9417,-70.6463,-15.1349,-101.501,-15.1439,-23.8916,40.5889,10.1497,19
-33.3521,-52.8304,-31.9904,-6.15881,216.288,-0.856256,-48.2677,18.7167,106.706,-54.5526,37.6385,-27.1316,-15.1561,48
145.394,-2.55303,-14.0984,54.2815,267.847,-39.2717,-26.0837,-3.51221,14.173,-8.85021,5.59166,12.2474,-2.20194,5
302.448,-45.7751,-12.6338,-9.7406,621.37,12.8196,6.44863,-34.2898,23.3966,-31.7562,0.711017,21.884,39.2725,2
343.111,36.0948,-44.8375,-29.2031,-82.9223,-42.964,29.4843,30.7633,-8.89394,109.044,49.5501,-99.7531,33.0547,-86
-30.1424,120.606,-33.3102,36.1982,-335.293,12.851,-28.2161,-25.5688,-33.3721,-14.897,-17.6309,7.3378,52.2207,-18
86.6729,-32.9102,-9.52507,15.8457,273.183,7.84526,17.748,-16.842,15.1579,-19.7617,-13.1283,-15.9784,13.118,19
266.091,150.124,50.7397,25.6103,-239.332,51.0353,-135.396,0.638963,-129.375,89.5703,-72.7896,-41.2335,46.7527,-33
36.7772,125.798,36.9933,46.2884,-96.8601,-87.6057,-3.29091,30.9976,36.859,51.8907,35.5201,32.2308,-38.4232,-26
45.7058,50.3109,-29.0193,21.6923,-29.8479,-40.0131,-32.4754,7.81633,-59.6298,11.4948,28.5745,15.9903,-6.87643,-38
-108.699,60.7647,25.4771,128.936,-108.69,-28.5377,-18.2636,-8.20411,-72.844,28.6071,-33.2867,34.1112,44.7194,-38
209.407,35.9462,12.8461,-32.8122,-50.9773,55.2817,158.929,53.3527,47.4411,36.6521,10.6716,-74.4716,87.306,55
268.753,-53.513,-54.6147,-20.5615,261.143,66.6142,8.27986,-46.6605,42.5653,26.9246,-110.275,28.4543,148.329,-15
-28.0893,44.9205,38.3537,1.5736,-367.22,-43.1127,-60.5999,32.8125,-26.8443,24.8854,7.72886,14.2132,-13.7815,-43
265.868,-46.117,-61.39,-203.705,-52.8637,88.1656,-133.22,-61.1192,-56.3655,-43.0422,-17.6558,97.8703,59.0246,15
100.14,13.3512,15.2632,33.306,-7.63139,0.648732,-22.4547,17.1325,9.35771,33.1679,-23.6557,-11.0366,24.5596,-22
261.7,-51.5481,-2.44597,-17.5573,134.866,-8.92626,28.2739,36.7866,11.0303,54.5388,-9.67491,-34.2184,55.9412,12
75.2207,11.0549,-6.37791,-30.9609,-25.6321,-0.0384449,-18.153,-15.4618,-34.4049,21.2932,17.6121,4.04954,13.5432,6
-116.388,-49.786,13.5129,69.1005,-160.562,-57.5794,31.344,-2.64132,38.4449,-26.8975,-41.0886,57.5508,19.0519,-33
365.53,1.42975,-16.3617,-69.7784,132.662,-13.8168,-7.56891,-12.2966,-25.0422,35.0469,-21.0312,-0.248875,87.3947,-7
-242.804,31.7261,60.9997,127.553,341.655,-0.795048,58.6129,-1.62997,80.0742,-21.6553,-21.0567,-12.1785,53.4586,24
-103.422,-80.2198,27.4772,16.0005,20.3528,14.2057,12.4977,3.94415,-6.32097,26.7669,-28.3466,12.7016,28.2298,-35
-6.05091,1.66029,1.63674,2.80916,25.2486,-0.405144,0.534137,0.671313,-9.15195,1.94663,0.89865,-0.0901202,9.6605,-3
410.355,-40.393,-69.5233,36.9181,126.512,-65.4275,22.1395,-52.7007,-66.2821,-40.4202,-42.9484,17.3671,10.0202,101
197.614,93.0791,-210.189,-164.836,194.675,0.55682,-147.977,-23.6729,25.598,-82.8902,-88.8124,28.7736,-2.53877,65
277.016,-20.9861,-43.4985,145.473,94.5423,13.9542,-148.015,14.7416,-87.5756,26.837,-76.7539,-58.1245,67.1878,-30
81.2193,-52.2046,35.3227,65.6306,314.909,-125.622,-13.342,37.8684,10.9081,-13.832,-28.301,21.7513,26.3864,56
340.426,-4.99751,-21.314,-33.6407,-147.385,31.8997,-3.57421,36.307,50.4537,41.5505,-39.0042,-20.54,72.7861,29
315.904,-18.2101,-116.06,-7.63708,-284.054,-31.2805,-116.034,22.5073,-78.0287,7.40703,-86.2676,-41.5455,-54.6338,-83
215.852,17.4555,-5.78552,73.2166,377.898,-89.2671,-80.5507,23.8319,-55.7117,-50.2158,-17.3617,4.09046,-30.9893,50
268.328,148.578,1.97269,64.3851,130.965,-19.0731,-101.814,59.7208,-67.3721,42.3504,-67.7853,-63.0028,-60.8336,0
486.395,3.31805,-84.2018,-5.47517,66.8971,7.94405,-120.52,-85.2861,-78.9123,-4.92025,30.7926,2.13501,-21.0055,-8
71.5307,38.9711,-18.2172,-1.17238,-127.087,-11.4777,-22.4101,-0.127045,-23.6334,-2.81221,-6.80635,-20.3693,5.19427,-13
287.886,8.82783,10.8429,96.3487,-26.7827,-17.3273,-61.8292,33.963,-16.1907,26.7921,-76.5009,-13.733,-2.30967,-34
-67.8018,-15.3267,3.73616,10.7179,175.741,-14.394,11.7874,-18.8519,4.73522,12.6765,4.83228,9.20436,13.3349,3
305.663,-16.0883,-6.14966,29.1169,335.909,-39.0451,-12.3411,-32.2814,-50.4274,7.18051,13.3162,-6.21539,29.8968,51
-102.261,9.47449,30.6578,25.5027,-37.8024,-11.2473,-3.57881,43.3313,-24.5887,-5.08368,-22.5056,-22.3632,7.43076,0
193.142,-119.56,39.3295,-26.9182,-6.43356,69.6717,-1.44612,-57.3193,-100.848,-49.4899,17.6201,-33.6896,20.3142,122
137.602,-2.0115,22.6401,8.54458,82.3903,-62.3518,-6.5814,26.5447,5.85292,-7.08384,7.08405,-0.38017,-9.12173,5
189.343,-48.4752,-18.1334,-91.2357,68.4671,1.77948,21.3239,-7.27122,118.237,2.17716,-35.392,-1.16068,28.9688,-10
-36.1026,56.0686,27.3733,43.9578,-228.267,-0.541965,37.0781,60.834,-73.1826,2.15963,-39.3079,-36.8997,37.1642,-5
80.5869,-133.989,-102.819,13.3062,-1.51309,-34.6601,4.17337,-98.3649,79.4763,-5.64126,20.1864,19.2277,52.9558,-58
204.719,3.11967,2.32382,19.4057,-24.45,-56.9783,-129.098,18.6586,-146.984,-34.6918,-63.3984,1.42628,24.5093,70
136.831,-22.3622,-5.45637,77.9567,362.905,10.9689,97.0282,100.867,54.805,26.7055,-80.9393,-90.76,-6.40553,98
391.09,122.828,-89.1792,60.741,56.1758,-114.819,-16.1481,31.7371,38.1826,81.6158,-109.328,-8.17502,92.3726,-43
272.619,17.897,-41.9205,48.306,74.1872,-52.8954,-117.144,33.5971,-145.146,11.6996,-157.285,-59.1322,7.48772,21
-34.2772,142.219,-14.3654,70.1238,-286.54,-11.6743,-78.6367,-5.46495,-13.929,9.64974,-13.9598,-55.9823,-83.4905,-5
121.076,-25.0956,-16.9115,-60.1815,216.886,-28.2814,13.9778,-0.426371,30.2167,-9.95015,10.7885,2.3116,12.8213,-9
76.1481,-9.95446,12.4104,18.3261,-57.145,-43.2047,-22.0242,-2.31723,52.0376,33.4282,8.30273,5.68261,-6.80191,7
122.34,-17.765,-74.1466,136.57,-247.77,-47.3376,-100.682,-41.751,-79.2076,-40.9813,-22.8058,-12.6045,-33.1478,-16
117.727,7.48688,-3.05748,19.7563,9.17897,-33.6135,-39.2569,-12.9529,-53.7349,-9.42157,-5.04873,11.7727,3.33833,9
321.767,-32.0714,-40.1519,138.627,60.1587,66.4947,-46.1815,-9.97966,-29.4695,10.4312,-89.7914,-68.3965,18.3327,16
502.59,53.0254,-51.4408,34.3945,169.34,-63.8071,-114.749,27.0775,-104.662,-50.8178,-51.9192,-31.98,8.35408,-6
148.209,-40.3289,-30.0626,-55.8692,220.379,7.25623,-25.8242,-50.1217,-67.8301,4.2826,7.4947,-23.944,21.421,39
287.343,0.674437,-22.7348,77.8795,93.8602,28.4138,6.05057,-5.70559,-18.285,30.6153,-21.0874,-30.4312,76.8458,21
309.318,13.7376,-23.3105,22.8696,123.659,-43.6582,-69.7711,14.0985,-145.744,16.857,-17.4454,-82.9825,11.8936,12
-26.8719,23.9413,8.29855,63.9806,-7.74393,-1.98077,-40.77,44.7061,-43.1922,1.17448,-27.5438,6.54581,19.4733,-35
301.528,76.9947,22.0892,29.9916,52.9779,-22.8466,-40.0348,3.86676,34.1478,24.6842,17.3217,-16.342,5.74315,11
276.006,39.9205,-5.18643,57.8862,481.11,-16.2964,-39.1839,23.8728,6.77546,-5.78011,-17.4589,-21.274,37.1383,-1
170.269,94.2485,23.5589,45.4344,-239.488,-49.9908,20.0075,82.002,94.4362,19.3976,-22.1837,-14.5177,-53.974,6
217.519,18.9284,-16.0292,77.5125,241.61,24.6958,-34.8151,38.5228,-53.7057,-31.9847,-44.8211,-29.6746,-63.2876,33
236.478,23.0768,-4.9895,28.6147,266.975,-38.435,-34.7505,22.8524,49.8856,-10.8532,-48.1309,-11.8751,0.38513,22
219.956,-37.1686,-25.9601,45.4857,414.562,-26.7445,-32.5911,-11.313,-47.2658,-78.7221,22.1901,-13.5074,7.65468,24
272.955,200.081,-3.19409,246.898,-291.619,-116.089,-192.642,47.9531,-134.811,-16.8758,-9.27997,21.6142,-57.4043,-81
38.804,45.7094,35.9141,207.709,367.165,-48.5745,-70.491,-2.44213,56.7838,37.8798,-62.2317,-15.5853,24.6866,-31
272.712,-22.1723,2.51518,59.2427,377.089,-26.9423,-25.4318,-2.68666,-33.753,-30.8914,-40.7612,8.7008,30.4792,76
-37.3141,50.64,4.83478,198.717,-132.471,-52.8385,-48.9588,-6.7724,-20.0427,-13.2135,-50.7273,-19.6962,-34.7866,37
77.446,-60.1274,-35.6554,-46.7197,151.326,-27.0321,-16.9293,45.3811,65.3068,-60.417,-77.0781,-10.9853,-25.6089,28
26.5532,-16.9515,51.2932,31.8978,47.9922,-51.1978,-26.9437,21.1877,29.5127,38.84,5.9205,24.3284,-12.7257,-18
394.42,98.7445,7.6616,-39.8897,-91.1867,-18.3503,-69.7244,141.631,31.2915,19.426,-134.611,-104.054,96.1311,-13
312.359,-3.825,44.0782,25.0904,399.855,-52.3012,102.2,103.082,133.895,94.01,-1.93257,-40.0524,10.5139,16
171.545,-43.6629,-14.9654,16.3813,367.297,-5.23796,5.12576,-24.2313,-14.0016,-20.0001,-19.878,25.1707,64.1608,38
324.016,-37.9678,-55.3341,-10.7856,304.264,16.5541,-34.4139,-29.9101,9.2631,32.3275,18.6667,-15.787,24.551,-26
306.975,19.6531,86.0529,-31.4642,166.103,29.8574,-39.935,-13.9575,-22.4836,3.14934,48.6536,-81.5345,83.6114,37
210.632,-4.7749,60.928,82.0562,140.819,-14.9121,-29.4943,58.2906,-49.4749,19.4643,-43.451,-23.4065,-16.3363,18
134.125,-29.1467,-29.9746,-17.7544,262.801,-17.3412,-42.7806,6.05709,48.2046,-15.0777,10.8956,-35.5245,41.6704,-55
-94.76,31.2475,14.1831,29.5426,-13.6485,-35.086,-24.1059,-7.07061,0.66409,-10.3404,2.56676,37.9053,-3.03063,-17
-241.461,150.964,21.2982,80.5806,-260.442,-20.7037,-14.3725,57.7042,-114.134,24.7255,-66.5383,-43.857,95.1816,-76
56.4489,-14.5891,12.6516,50.2832,111.021,-23.1887,12.2952,13.8961,24.7212,27.9402,-13.0893,-4.47991,9.32651,-7
338.012,-48.3865,-6.03417,-30.2158,302.422,-55.662,9.62754,-18.6742,2.79708,0.930462,-2.32531,-1.56769,43.4252,70
347.837,57.7934,-12.4794,-5.18603,48.4931,-6.40225,-25.2446,17.0191,28.5722,16.0351,30.5174,-35.7055,5.52903,-31
398.792,72.1211,-45.8018,91.9351,145.227,-36.3849,-88.0749,-2.84527,-48.5764,-63.6853,-77.1429,-83.2881,79.7178,-37
262.357,27.3916,18.4796,45.8095,459.006,-28.1615,-14.4744,7.95474,61.1466,32.1092,-3.91456,-7.20768,26.0982,14
136.705,-42.8597,-44.7931,-6.32141,42.2636,33.3025,66.7656,-14.1454,-119.264,17.5645,3.41675,-15.1369,66.5342,56
601.336,-13.8217,-112.497,-109.611,-19.4131,-26.0954,-92.4218,-46.4957,-82.588,-14.4858,-0.584849,-61.0707,84.6662,38
293.607,23.2341,0.211718,26.9454,52.6482,7.27839,-47.1833,-67.4381,-62.0732,15.9919,65.2728,-3.66403,-32.6369,36
370.497,63.7597,-60.5059,-206.385,44.0395,-6.36389,-50.8945,31.849,-17.4545,-33.5288,59.1551,-18.4148,38.6633,-17
147.521,6.68677,16.5511,12.1563,179.258,17.5937,4.09593,50.5925,-27.5477,18.0173,-40.5496,-23.7514,61.6777,47
514.152,25.2199,17.1981,-8.03115,-51.9522,-73.3467,-231.834,215.758,-32.2579,-11.1212,-82.5974,-140.354,65.0399,-91
252.124,93.3734,52.9177,108.231,59.1371,-41.894,-44.7626,33.577,2.46692,57.5466,-36.1549,-1.91302,1.39617,-31
475.847,64.4271,-145.144,-165.773,-176.62,-32.6947,-67.582,-118.452,-33.9181,71.5515,14.8183,47.55,40.5287,62
-48.9907,42.5296,23.3515,5.01045,-76.3204,-13.119,9.58206,19.2489,14.2342,8.58981,-11.8808,-21.9636,14.7112,-11
229.463,38.1702,1.15597,33.6186,-121.132,36.5926,-115.118,-14.1111,-69.2558,-9.21282,-27.0957,-13.293,-3.34737,5
-26.7031,73.7564,17.0442,122.045,-501.971,9.10149,-68.8214,42.8509,-110.822,19.8879,-49.7615,-23.9677,-65.4348,-35
517.942,-64.0459,23.7633,85.4613,2.62237,-28.7792,-91.4356,98.5196,-154.27,55.3757,-18.8643,-58.933,-55.4322,12
-27.379,76.7978,26.0066,108.038,129.952,-15.1531,-9.46786,34.4833,25.7238,-8.12144,-58.7212,17.4668,44.279,-14
309.942,-57.185,-146.757,121.101,585.247,-179.921,-103.549,57.2385,-115.169,-120.269,-105.708,-54.8743,-78.3387,88
5.88213,50.8269,-39.3191,90.5418,-186.757,-17.2481,-50.9734,-22.088,-15.6114,-5.10154,-11.3862,9.645,26.1753,-36
221.368,5.82683,-14.6309,13.6142,481.479,-35.1204,-17.6515,1.69621,-39.6628,-12.5996,23.896,21.6302,5.29991,13
229.905,149.727,47.7253,162.472,83.8989,-54.1223,-187.939,47.3518,-263.404,-48.5614,-85.0847,-43.135,-19.9537,26
43.4508,-16.6911,-96.5366,20.3795,-10.3064,-94.0227,-77.0723,-36.2349,-15.4086,-44.0506,-16.8606,-10.0741,69.028,-87
257.449,149.965,54.6317,182.463,-37.6987,65.0967,148.074,119.838,138.989,157.306,-151.662,-289.091,256.695,-148
355.365,27.075,-26.0344,117.161,127.352,-52.3951,-73.3842,57.0845,-127.047,-25.2062,-84.1262,-27.7273,-23.57,69
59.9001,-23.2018,-26.8912,-11.132,-51.3407,-33.0041,-34.283,14.9832,66.6284,-37.044,-17.3126,-48.8753,-25.8583,22
116.344,-13.5113,-2.10106,31.3239,-55.6689,-12.4821,24.5716,18.3769,55.464,53.2982,19.6601,-3.97064,24.8058,6
226.747,5.23171,65.0371,134.244,153.406,-28.7045,49.9826,101.623,-44.785,82.0916,-87.4503,24.8346,74.8133,11
118.829,14.8052,10.4615,116.971,30.6723,16.942,-12.5075,-0.259511,86.3117,85.9648,-8.15363,-29.6869,-12.9459,-7
94.4016,196.748,-47.4622,121.79,-295.179,-54.3343,-74.2295,-1.35429,-125.092,5.02736,-114.835,27.9238,105.047,-73
-23.1153,170.402,102.869,141.259,-151.768,-16.3702,-128.064,27.1671,-94.7748,79.4898,-66.5256,-33.1318,14.3427,-89
52.9607,-314.618,-197.27,-209.997,-390.443,-7.43544,128.838,-38.5174,7.09366,-40.6356,-157.097,-27.9954,52.2257,4
5.79964,216.567,-65.4266,48.4203,-448.581,-21.8176,-184.428,-36.7289,-198.704,53.4037,33.0328,55.451,-90.2908,-20
257.449,64.5558,26.6759,65.9899,149.791,-41.0753,-54.5828,61.808,-32.7854,52.6799,24.4459,-33.5175,-32.2296,-38
278.455,15.0587,-44.9319,40.799,482.516,-57.5036,-78.6222,1.5565,-67.9865,-6.38537,-44.6133,-60.1764,10.4218,12
424.283,-12.9377,-93.4472,-114.898,389.005,-36.7708,-5.73665,-2.6897,-66.6696,-28.774,-4.94138,-31.5266,85.6243,-6
119.59,63.5746,-47.6538,111.918,29.3062,8.26894,-32.8727,-16.449,-130.516,17.6758,-48.8198,-31.1401,59.7753,-4
802.049,-43.7512,-9.37613,30.5701,322.471,-31.5838,2.36592,-15.7949,106.98,30.0307,-17.4655,19.7498,-47.8502,61
-123.171,-80.1607,93.2907,77.9013,6.18029,16.0642,-29.8573,117.587,98.896,91.3578,-1.98327,-132.181,-16.4846,29
321.298,-160.945,-58.9558,72.1307,209.166,-24.9525,-48.6245,57.3089,28.2685,17.6186,-62.9235,-57.7561,0.485559,-60
188.18,24.6209,32.7497,70.2032,179.969,17.7574,28.2153,49.3935,-25.7206,22.269,-37.9042,-64.4342,31.6685,58
189.922,29.6508,-5.66331,39.052,334.824,-85.7521,25.6095,-1.48675,66.3184,43.7896,-14.4358,23.7145,64.5645,-30
-20.4621,-29.7085,-45.6755,-84.5971,-25.1661,-21.7645,-49.5526,15.6052,51.3617,-37.4828,31.1575,4.87028,0.858335,-20
281.887,38.3651,-17.2436,-76.6612,249.896,-35.1022,-87.0835,5.05823,-104.929,33.9246,-54.6173,4.11917,97.2012,-43
-188.501,59.1253,-10.7213,100.057,-140.603,-4.2755,-68.743,56.4024,16.2366,-42.1083,-59.7488,-16.5074,1.90297,26
499.752,-40.6389,-43.7213,-113.101,133.145,40.0059,-110.579,45.9712,13.354,-101.607,-79.1872,53.0435,111.47,40
246.421,-71.304,-18.7951,36.4001,288.212,-5.72829,15.4726,-6.36578,28.3416,11.8951,-50.5995,-35.7079,74.5481,8
304.928,70.703,-39.5883,27.7311,99.3563,-21.4079,1.42347,39.0953,-18.5217,27.4275,-30.4691,-7.91421,70.3706,-41
489.845,-108.002,-53.2932,40.091,63.8484,-100.692,-117.659,-16.9574,-204.461,-101.179,-134.316,-34.89,6.54518,91
-13.4749,136.414,42.8919,22.0037,69.932,-12.36,-9.78546,-0.930806,-21.3873,60.2477,-146.38,-3.27476,237.219,-159
103.578,50.2515,17.1445,19.8395,-118.882,-37.5791,-22.2488,29.6703,-20.6637,9.73605,-36.7133,5.29984,18.0049,-11
-143.896,66.0451,109.611,92.4517,-216.416,-21.2095,-80.6803,60.7317,20.2573,45.3297,-33.0675,0.983133,14.9143,-103
193.323,-49.8378,-24.5138,-23.4636,457.753,-18.3664,-9.26417,-16.0988,20.6052,-0.842502,32.5389,27.8249,28.0577,3
-40.548,267.125,7.64498,22.2161,-404.314,-26.4946,-14.7395,117.534,-61.3651,101.06,7.15062,-40.759,-53.2041,-49
289.912,187.492,-37.8348,165.644,0.941254,-66.8185,-169.344,-54.5463,-56.1307,-8.90855,10.784,57.1671,-63.6707,-27
224.617,0.176983,11.6281,46.587,-246.633,8.91983,-13.6967,90.9912,70.0839,5.45754,-17.8942,-111.698,-102.142,127
217.162,-89.8956,-73.9555,85.5691,255.471,8.02896,-106.19,-98.4207,14.3011,-53.0957,-61.9989,-6.81994,57.845,48
372.875,91.1271,-85.4708,195.674,-32.7857,-73.4695,-95.5202,-37.3418,-12.6397,-61.9413,-33.5649,-10.7559,-50.1571,-12
-144.288,-39.6077,-6.80207,-15.9132,75.9227,1.74351,47.3433,-50.6903,8.98645,8.077,19.6654,6.64096,68.5893,-19
-144.717,12.524,-18.1044,-102.229,161.797,-9.05073,-2.48386,-6.14484,96.2558,19.9774,76.8723,-6.41926,47.8658,-44
157.164,-26.1764,-24.8769,-30.775,-80.3209,9.58956,-4.24563,-10.6541,22.4208,7.83658,-0.635675,2.70682,17.0193,-4
379.815,111.528,-34.4511,106.774,-123.045,-66.7894,-129.538,53.9348,-165.523,-8.60322,-14.9899,-93.4435,12.4368,-98
175.61,0.435378,18.1805,-0.572668,-199.075,38.0888,46.1884,75.1493,-56.3794,-21.2088,-52.1473,-40.3979,59.3236,68
-50.5707,47.9609,31.2073,107.67,238.651,-51.5896,-8.85246,6.1235,79.7358,8.68708,-31.9376,-8.97557,31.3843,-29
53.0911,12.9816,-15.789,-32.0786,239.987,-7.95724,-3.11837,-2.91866,7.02393,23.1889,14.4165,-6.88012,24.7371,-13
167.294,11.077,43.1307,-52.4471,-161.686,-61.2391,67.6097,11.0518,190.41,158.274,5.16617,11.3357,157.375,-67
323.524,5.83432,-11.2025,46.7664,244.195,-19.5093,-76.0746,-2.37837,-82.8808,-31.5862,-18.4623,27.5352,-39.6141,32
353.354,-24.4418,-31.5155,65.3672,393.593,15.6807,-20.0208,-7.42208,10.1649,-42.9555,-40.7539,-68.6552,34.0132,26
329.119,92.2022,9.10514,87.9195,56.7658,-13.3563,-55.3516,32.5339,41.3291,1.03331,-46.2186,-26.0651,1.16137,-43
61.8834,38.2614,20.2907,6.01818,43.6006,-10.7417,-2.81421,2.15201,69.0763,68.2978,25.7611,-13.9377,44.0397,-67
36.731,-22.7707,-10.1735,26.595,157.212,-38.8469,-30.5944,12.7327,23.1422,-32.0811,-34.1383,5.17048,-16.7116,41
148.167,49.9989,-9.87014,-25.4663,-0.267518,-12.7889,-19.3898,14.415,-75.6454,48.9586,23.5788,-29.2063,11.1885,14
-181.481,-17.051,-6.37996,-0.628507,386.87,-7.97237,19.3775,9.35876,-4.97905,-0.933061,14.9153,-1.84638,-5.34929,-12
120.893,109.298,103.55,-34.0122,-171.467,-227.931,112.582,105.576,72.5371,255.207,33.9873,6.50048,-42.2142,-43
68.7921,144.488,25.9214,47.9532,-166.034,-12.6484,-92.7512,6.74105,28.1745,47.6588,5.94933,-45.2592,-74.0754,5
94.9335,42.7421,-5.38323,-8.64519,-28.0476,-31.4483,6.42588,6.73372,15.9899,40.1715,3.50628,-13.2977,8.31749,2
2.8913,-11.5897,23.0553,115.525,87.6384,46.7243,58.1102,34.6355,-24.6714,32.6908,-36.3601,-65.9449,3.82533,60
135.162,-26.6728,-37.757,147.972,164.748,-7.88588,-55.9676,-15.0425,22.2599,-27.6109,-65.8656,6.23482,79.5508,26
30.1067,-36.9281,-38.615,-79.2847,490.085,19.4883,4.74981,-12.2801,105.033,-3.9466,-14.8521,12.0554,52.9526,-39
266.932,1.64481,13.8298,-47.0382,309.78,-1.20132,17.2697,9.2482,32.8259,12.007,36.6807,-31.0705,45.471,4
499.81,-43.7441,-50.3204,41.6595,-30.9427,-12.8293,-76.5464,25.21,-50.9542,128.405,-23.4014,4.52258,144.989,85
307.252,12.5543,-27.6242,41.9931,113.173,-45.6125,-53.0139,1.07154,1.64627,-68.6578,-37.1912,2.91021,-3.52643,31
418.015,-60.8125,-29.2974,62.8427,440.924,-99.5544,21.2072,31.5075,73.7319,-25.4004,-36.9753,-46.392,64.6815,71
400.436,-43.3074,-8.54055,-4.09099,217.979,41.2912,-44.2724,40.1157,-47.7574,44.202,-86.4171,9.05321,155.742,14
357.676,-12.6482,-41.3732,125.451,36.1487,-32.2484,-35.1411,-23.9249,-78.9769,4.30655,-69.0215,17.0446,55.6055,25
6.38791,-93.1369,4.46853,109.841,-8.80075,254.724,-177.692,137.28,-395.976,31.3917,-171.435,-145.106,96.4222,38
161.246,-86.7709,-3.09978,72.2793,-112.165,-27.5471,-89.4515,35.3927,-86.6505,38.0999,-55.3354,-22.4363,18.2228,-115
226.421,-6.35523,-11.9487,-0.909998,444.488,-8.0868,-26.9555,8.12581,41.4282,-41.7505,28.8796,7.58759,-43.8794,26
-38.4325,-60.3435,59.9018,37.8955,15.1644,-3.82097,97.0064,143.006,47.8393,-2.25352,-132.506,-94.0058,52.1016,61
-37.9958,7.06864,-3.60302,99.5029,135.639,-8.48578,-16.2808,36.4755,-31.2204,37.5904,-45.4496,15.2922,100.164,-60
161.632,56.7948,-4.72333,71.7092,283.501,-7.62714,-1.2805,46.7031,-57.9585,7.41644,-11.8338,-69.0932,27.4174,24
208.858,44.7275,-37.6787,35.2621,-67.5999,4.14429,-4.87293,-34.444,29.1853,17.2669,-12.3888,-14.249,-7.25509,7
123.768,81.9782,-10.6983,89.8088,40.5678,-102.855,-104.124,-23.9332,-102.212,-7.62351,-40.6752,-44.0058,-61.0472,34
93.1634,19.9771,10.856,109.296,153.809,-112.989,-38.1968,-109.024,-17.6895,-52.3035,-0.0835919,78.621,-11.4935,52
-93.9244,-50.5967,7.38109,-18.9268,126.669,-26.9005,63.5834,5.80243,82.5148,5.11224,6.58855,2.11955,-3.01371,21
329.469,26.2109,-72.1142,266.191,213.534,-27.965,-27.2757,-58.1139,49.7012,-37.4811,-101.72,-5.34167,30.4294,1
-66.0619,16.1721,-13.6496,-59.7463,-135.761,7.27472,-24.1973,-0.159945,4.03942,4.16858,10.9597,17.8896,2.82431,-34
63.163,105.382,-9.69498,88.8736,-477.078,32.5637,-24.3459,71.4563,-113.621,-83.0943,-38.95,5.2865,32.3694,82
371.021,391.618,17.0793,77.8925,-90.4286,-39.9295,-286.367,144.516,-151.616,50.0321,-25.8966,-31.1602,-131.385,14
202.873,-8.40735,-32.705,-12.5766,279.279,22.6749,29.7491,-9.39382,38.9655,32.3553,-2.60641,-28.8464,31.8436,15
-14.4434,6.7576,41.5499,24.9161,340.789,-36.4719,0.237759,22.7627,10.2319,34.9795,13.2139,-3.0558,17.0188,5
171.967,-54.4267,-40.3606,100.453,85.2914,-50.0482,-86.7919,-58.1573,-68.4999,-42.1969,0.9648,32.1535,-25.7282,-17
41.1326,37.6365,10.5721,31.5008,27.9278,-3.10289,-31.4905,0.0677356,-31.9914,20.4891,11.9246,-3.83119,-10.7113,-10
-54.5572,213.339,6.00185,155.78,1.28618,-206.339,-147.597,175.266,-126.681,-59.8425,-129.711,-101.458,94.2988,-165
191.31,7.18311,-3.30278,32.4292,494.629,-16.5659,-40.5486,-18.9865,27.163,19.0428,33.9856,0.59392,15.2821,2
-143.207,99.0165,-3.92545,70.9517,-536.775,-37.8782,20.0916,29.1354,11.6257,6.65572,-35.5174,44.3792,45.9411,-168
-12.066,15.9756,-61.1997,-44.1819,-240.075,-32.8028,-8.33049,-11.3383,-70.5037,11.7698,11.8624,-7.96044,-67.5333,7
-76.1845,111.461,41.0754,103.462,-288.238,-23.439,-16.8955,42.135,-28.1967,42.1979,-25.5102,-14.1564,10.9878,-52
121.007,25.0338,-8.6349,-36.7236,-82.6818,-1.68626,-6.94823,-14.2749,1.52649,23.8556,28.3078,-1.71011,-3.47441,11
330.325,-41.6749,-46.6433,-43.6704,446.132,30.3939,38.235,-30.3045,111.414,-29.0761,-15.6293,-39.8617,-22.993,12
20.4799,170.259,5.60587,141.714,-69.6949,-27.3553,-43.2763,-4.60018,22.3371,50.5818,19.2115,10.3568,-47.0917,-37
89.2841,-25.8354,13.676,8.698,192.581,2.38946,16.8131,-4.61506,20.6282,21.3721,38.0047,17.2972,19.7523,-42
153.154,3.45911,11.7222,-3.3739,220.809,2.59696,23.9689,20.7562,22.7389,15.4465,-5.4561,-11.3218,28.2962,-2
274.078,-3.10556,35.7525,-14.0309,-34.1872,8.35903,70.9387,70.5056,128.985,64.1985,-31.8569,-19.143,70.8796,-19
231.127,-50.87,-29.9221,-67.0087,-293.971,-9.05956,46.5452,-19.1572,-63.2464,-29.9996,-49.2733,-20.3093,60.5325,42
399.08,14.1091,-51.4573,112.797,176.603,-29.038,-52.102,-83.3085,8.48962,22.5292,-3.10792,19.8315,4.76462,48
200.779,29.3995,36.5145,53.1024,-423.173,-117.836,-18.1135,117.744,-104.602,50.7721,-66.1611,16.2182,78.9003,-54
-36.2259,0.0637832,50.393,107.575,392.21,-110.651,15.2099,16.0513,-63.4131,23.51,-47.5505,22.3201,57.9074,-36
-0.532872,85.2966,-41.6541,-87.9932,8.37338,50.3317,-1.94288,-37.9914,112.262,48.35,204.388,-50.6124,-188.041,142
225.271,24.3642,1.26662,17.94,-83.3371,-21.5502,24.5626,59.6305,35.1417,38.819,-64.6233,2.18682,83.9396,-14
78.4372,23.6931,41.0358,2.26798,33.558,-53.135,13.6924,4.83288,37.778,69.002,68.8376,34.149,-36.379,-35
308.902,-74.3064,23.7566,-6.42849,-31.9918,-8.99568,49.4523,28.8686,-12.228,8.17418,-42.8994,-21.8945,60.5332,80
58.8582,77.2572,55.8593,57.9493,-87.8783,-22.6188,72.9296,59.0936,120.715,111.415,41.3281,-17.1017,28.3964,28
178.636,-5.88333,39.4644,10.5199,216.489,-49.7314,39.7356,35.0763,39.7534,29.7244,-13.8566,8.7965,22.112,39
369.017,83.1159,20.8425,141.914,355.822,-82.3076,-90.8233,18.7368,-239.26,-86.5711,-61.7629,22.9505,70.2776,153
401.922,-27.1485,-130.734,-7.30405,-43.8871,-69.8522,-128.646,-29.3198,-135.64,-43.2285,-25.8898,51.3952,46.4421,-103
114.006,-11.9014,1.99076,87.7242,-209.804,75.5371,-21.2285,19.0776,-35.955,28.2678,-83.1669,-47.0314,87.5098,-19
63.3517,6.4003,-22.442,-85.2792,-48.6081,-12.398,-15.3086,-7.03918,17.6595,19.4905,55.8345,-16.8742,-7.49122,21
-51.5503,-29.4265,13.9172,-22.3071,38.7253,-48.1635,20.6407,26.5871,106.21,-17.1049,24.6246,-26.5561,-8.29343,43
165.436,-57.6124,-92.3823,55.2283,379.791,-143.105,-209.836,56.3576,-114.859,-93.6863,-100.367,-28.8047,-14.7146,20
373.042,74.2245,11.4839,18.0585,132.398,1.75201,-79.3253,82.3287,-49.0576,76.4302,-58.3547,-200.063,-16.2373,123
-153.721,91.5476,-51.3566,78.8415,43.1973,-76.1228,-64.5283,-21.7768,-17.5293,21.7383,41.4491,63.7493,-21.3963,-56
119.397,-12.7019,-44.8148,-21.7676,151.999,-3.35065,-11.2271,-31.3584,11.4723,22.4098,-5.67576,10.4836,50.044,-27
18.6518,253.667,18.8637,85.4407,-748.139,-98.5188,-109.237,63.1103,-56.4728,-19.2906,100.078,90.2992,0.661925,-184
213.226,205.267,-76.6168,31.8201,87.1062,-34.5021,-20.6843,53.8941,50.2241,21.2418,-21.3563,-97.2077,-79.1649,1
176.285,114.032,5.15317,14.3484,-170.228,-27.7583,-27.7032,70.6905,-52.1471,80.3028,-78.4834,0.996468,135.575,-127
197.948,-35.2308,4.58433,100.545,637.376,-51.6219,40.1456,11.2731,-74.072,0.65607,-40.7404,-2.03127,-5.17341,22
166.245,-17.9464,3.19848,-29.8446,-142.841,-19.3323,-18.6808,19.1315,54.0019,20.1428,8.48253,-14.4012,-12.588,-12
115.924,130.992,45.0523,137.262,56.823,80.0211,-95.4563,95.3878,-56.1414,130.27,-45.8422,-74.5164,59.5574,-98
15.9438,-8.00042,16.9603,-87.6302,102.187,3.14731,17.7786,18.0426,64.4569,23.4953,47.3769,-15.9989,45.8452,-5
361.036,105.262,-25.6674,34.2577,-134.164,36.8651,-68.1487,-44.2041,47.5263,-2.6839,-86.0965,-57.5153,-10.307,-8
57.3594,-19.9092,-51.6513,-135.209,-95.9916,4.19743,-0.779871,-10.0977,100.823,-37.5483,9.56993,-27.7031,-12.8774,-2
209.734,44.1954,-75.7575,205.419,-561.066,-24.4096,79.2654,63.1596,248.148,32.6959,-109.389,-172.737,22.6127,177
261.421,-76.4669,-44.9167,-0.105286,416.449,16.1766,22.9152,-7.97992,-62.9066,-16.0267,-18.2061,-43.0669,26.2572,39
30.5545,61.2698,28.2209,0.183665,-97.0672,-23.9644,-28.0242,20.1937,-9.75593,20.6604,-5.4612,10.3554,14.806,8
256.806,5.86966,25.5491,-79.0903,-126.691,4.87609,49.704,28.6605,-16.5419,57.8007,23.9827,11.8105,-11.0689,75
210.709,-29.2888,-25.1451,56.0904,-0.236874,19.2192,-26.474,-51.6397,22.5613,9.45135,8.8282,-15.4332,-0.884679,0
-213.388,-83.3554,-44.9531,-93.9789,-475.628,3.93445,37.7182,-102.515,88.4294,1.46733,118.991,77.8655,-26.6761,-127
144.573,97.9048,-70.1622,-42.0952,-98.7246,-41.2695,-69.2975,-12.6979,-17.634,1.48296,12.7018,7.25536,17.8801,-52
281.708,-37.8829,-20.5134,8.17077,484.725,-10.6435,-32.8495,-12.7912,-30.3948,-60.406,-25.539,-49.9355,10.8419,83
286.795,65.2648,-9.06382,-32.4589,-25.3139,-7.07627,-26.6202,30.2885,-1.87861,16.3836,-61.8139,-48.3229,54.1409,-27
252.346,-25.3016,-15.9144,-18.1096,297.101,-6.41312,3.37651,7.50597,24.1719,9.2722,5.41503,-26.8603,3.5494,4
69.668,1.0354,9.25096,38.4504,8.56571,-40.018,11.7699,42.6969,-4.17583,36.9219,-23.4391,-2.48352,6.63211,-21
152.342,102.904,64.543,25.4807,-75.5478,0.00365342,42.6483,60.7837,-30.9957,31.6255,-48.8385,-38.8594,121.498,9
85.9024,-29.9544,0.343579,-58.831,-244.747,-1.66835,1.80844,3.16511,53.7636,-23.8075,0.114835,-58.5482,1.88669,-7
503.672,127.57,8.00815,18.1016,31.2139,-69.2638,-84.1483,55.597,-161.938,113.811,22.3275,-28.5151,97.2648,-35
81.0408,56.7385,-41.999,-44.6791,-95.2872,-53.4396,-61.236,35.2634,2.25556,-51.0747,29.7775,33.041,-41.7198,-7
-10.771,67.8203,88.3517,81.1008,-141.868,31.3244,110.788,34.1771,166.375,25.9816,10.2478,-114.589,-10.7641,75
157.457,-43.3367,-5.30998,5.14532,151.718,-0.407416,14.4798,3.01996,3.14157,-5.3063,-7.78919,2.21726,-10.0505,25
239.918,104.228,-5.90837,-54.5941,-167.1,-31.6852,-71.4325,34.8319,-50.3279,-60.6296,-57.2265,-24.9385,68.7782,25
-242.288,-110.203,27.844,41.8615,488.665,-95.9163,-3.72009,15.9294,-13.0153,-36.5018,-34.61,47.4669,14.0084,-51
139.005,-18.8318,19.5595,-25.8492,144.683,15.2357,8.58579,-0.938407,25.4476,21.8589,19.8686,-12.4552,36.1979,-4
357.709,-162.231,-60.6501,-44.6367,-10.3334,-26.9178,-32.3277,113.335,13.1301,-86.6608,-123.053,-40.8309,-37.5593,112
123.084,47.5272,6.2435,62.9237,-89.8658,-8.20483,-57.2353,15.0144,-1.27607,23.7778,-52.9458,-5.04545,32.0153,-32
149.645,4.26701,17.9573,-1.72834,137.196,-84.8042,-32.4738,80.8055,59.5738,-14.4468,-30.8964,25.1546,38.6702,-3
243.355,-16.0875,-51.0332,-25.407,237.418,-8.5278,-2.46465,-32.2646,8.75871,-13.9065,3.50526,-8.72088,17.2981,29
-36.9316,-21.3822,23.1711,1.34852,107.655,-35.822,17.0475,29.8625,14.6143,5.97291,-10.7464,5.76165,31.0028,-15
-64.0734,79.7332,-13.1147,89.9341,-156.201,-4.71674,-94.1311,-48.671,-62.9457,42.375,-0.556851,-3.71923,-84.4724,36
354.947,-1.04661,-42.474,-30.1546,351.526,-31.5996,-7.34042,-9.71912,12.3196,-23.6527,3.30443,24.784,-20.7787,29
-34.1814,-15.4286,41.1662,80.5451,194.106,-2.65563,27.2613,8.85213,-81.4632,-2.79064,6.02707,-8.41421,15.9953,92
104.3,53.1966,26.0154,14.6153,-113.128,-4.1001,-23.9113,21.6897,-30.9556,11.4399,-34.1141,-6.36243,23.8687,-38
74.1782,-14.1787,21.5278,-23.3761,-33.3748,-58.5304,-49.5779,10.1831,-78.4933,-5.3264,12.1959,-35.7699,32.0352,33
514.647,1.68098,-60.8884,15.5097,393.733,-82.2311,-68.2014,12.9614,-77.0223,11.8062,-11.9163,-27.2006,17.0798,-11
266.122,-53.3702,-29.8108,68.0526,240.72,2.47731,10.9545,-16.4928,-9.39882,-19.8673,-17.4482,-35.635,7.28915,-2
223.2,-17.2374,-17.5769,13.4559,345.114,-28.9151,-8.38952,27.4013,11.0688,0.735371,-10.3815,-9.25096,19.1875,-10
137.156,26.1068,45.5557,18.8762,193.973,-26.6024,5.04609,45.5058,63.8862,74.5537,4.00064,-5.75992,14.1605,-27
188.412,-49.0931,-20.7448,36.9114,259.212,9.46492,50.2505,50.9821,26.6558,11.8766,-29.2955,-28.7944,33.3861,50
361.515,-21.2217,8.15043,-51.1362,249.645,-71.5058,44.655,50.2131,25.8553,20.6709,23.7273,-64.6711,5.74807,77
158.971,58.4025,108.07,127.812,120.695,25.6868,-67.2834,131.432,-115.629,93.4787,-26.3691,-95.8778,-44.6392,-24
142.137,-22.1746,-15.876,8.21466,153.184,-24.4161,-7.29668,0.31174,15.388,-21.0924,-25.7261,-8.62178,4.35172,8
-83.5378,62.6673,38.9217,68.3699,-147.298,-21.0868,8.53867,37.6578,24.3625,-57.0709,-22.9359,-49.6459,50.286,-5
-76.6203,241.694,59.5262,233.372,2.22932,-55.4851,-132.939,-12.0857,-139.868,59.0598,9.78883,60.3077,-51.6021,-138
-0.198921,178.133,-38.8937,25.2128,-126.935,-78.2884,-121.537,79.2067,22.443,-77.6096,-1.31038,6.65683,-2.74852,-34
154.766,102.912,-87.6541,-276.649,-557.979,-64.1441,-97.2395,-54.3679,-91.9502,36.0106,46.5671,135.805,169.933,-190
64.3037,-14.0369,9.32324,46.5781,-278.24,-42.0713,-46.637,22.7913,-124.724,-10.3132,-24.0862,0.168841,-19.1285,65
348.043,52.8128,-52.9565,99.0028,123.785,-34.2252,-88.0578,-22.47,-101.824,17.6647,-53.5298,-83.0844,-24.0944,23
154.129,-25.7072,5.83106,7.13197,225.101,-14.7645,1.34494,12.9018,-20.8385,-8.18422,-13.8957,2.95016,19.1869,17
-159.134,-1.92993,83.9612,19.5736,-313.165,-11.5645,-48.7205,125.834,11.439,-2.70025,-118.918,-137.638,48.3084,-13
220.95,-84.5503,-64.2592,-28.3032,-135.432,-18.7428,-45.8211,-61.7486,40.2718,-3.65408,62.8718,-32.911,61.1161,-77
356.573,-99.4853,-22.0128,-28.5881,264.11,-62.0452,-11.7054,-13.7594,90.7742,15.9428,-3.1173,17.3829,0.791059,6
-5.47589,88.6245,37.136,96.049,-238.105,-84.2198,-89.1007,-29.9929,-61.1934,-17.5912,11.898,12.1737,10.8054,23
208.46,-22.6172,43.8022,-11.6202,393.532,-44.7347,26.8461,73.5701,37.1124,41.7872,-29.2049,-35.462,19.4347,14
39.5676,-62.3234,-36.999,-72.2385,132.664,-9.84227,-18.2971,-21.2836,-0.653017,-51.9292,-9.60127,30.2481,21.2143,29
424.451,5.66292,-41.4632,-63.257,169.214,70.2504,48.0524,-16.3477,27.5598,35.4896,-25.383,-48.0703,72.0456,55
-54.0356,9.58804,27.4058,94.0783,56.5844,-60.4552,-64.5309,44.7589,45.4701,21.8129,-91.5655,16.475,30.3791,-32
-124.235,121.156,26.6214,-17.5075,-71.0378,19.2619,-32.3562,99.1492,-56.22,34.0657,-77.0354,11.7272,39.6003,5
19.1924,-1.80995,6.32943,1.463,194.191,-12.7076,13.0585,9.47057,3.8257,-3.04975,-4.32668,1.49284,8.91538,7
288.455,-85.876,-12.186,-45.9328,292.514,-28.153,-19.2609,-42.4555,-66.6144,-31.4079,-29.6255,31.6045,32.7428,51
277.678,-62.0981,-47.2182,193.936,468.486,44.1685,41.0022,117.47,-42.6008,1.72485,-215.224,-119.817,87.9267,104
-61.9928,37.8342,18.7605,61.7118,-122.158,-19.7318,27.9843,34.9918,27.2969,8.74726,-32.73,-10.6559,-4.6033,14
-38.1941,7.47123,5.09624,19.4817,-14.3189,-7.44064,6.35108,10.3123,-24.0051,-2.21273,-4.5505,3.15093,-4.3912,-1
150.662,29.1385,67.3316,70.6472,132.343,-37.8244,41.2101,56.0258,30.3405,80.6297,-30.807,-16.7603,20.7398,-19
537.579,-29.0335,-44.2087,-65.2286,-192.743,13.0177,-81.7841,-71.5026,-198.344,-36.3005,-28.2705,4.48005,-26.6096,3
324.694,-100.37,-6.24829,-56.3055,136.061,17.9497,18.5023,-28.8131,-11.6722,-6.87356,-18.5845,1.10804,23.9446,30
200.503,21.4116,34.9895,133.008,423.52,-31.6775,-33.013,9.69083,37.2097,-4.99741,-4.13514,-35.3602,-28.6409,8
44.6053,27.574,-113.903,184.522,-151.324,-5.08584,-102.154,-102.377,14.8031,57.3474,14.1553,22.2468,15.7043,-82
47.5104,25.6851,16.2977,85.3582,7.91889,19.2335,-27.9366,-3.25655,36.717,5.15766,5.11644,-24.4631,-37.901,-12
87.3998,89.0941,56.8096,80.2514,-174.265,-48.5233,-64.6456,79.335,25.313,52.5129,-63.012,-39.5385,75.6133,-116
116.277,-35.0894,-14.2144,32.0275,441.48,-23.4082,-6.84225,-26.6598,20.3196,-5.59961,3.24865,-0.255178,15.4442,18
-25.7162,-11.1875,-48.5504,-9.0511,-129.755,-15.8756,-65.4491,-47.6597,-115.431,18.7135,-5.04095,-49.4245,5.2731,-9
-12.2797,-33.2058,-4.06963,30.0312,249.294,16.6686,21.4755,69.7507,-20.736,26.394,-109.14,-68.0821,-15.0529,115
48.5965,-85.6032,-37.7145,-28.1514,188.341,-80.708,-23.8687,24.3927,81.9516,-1.17708,17.8968,25.5671,10.1141,-18
-98.5381,31.6991,67.5697,204.951,-27.7435,9.32623,-13.842,87.8016,-148.401,28.4136,-97.1144,-35.4419,10.1184,53
61.6303,51.8875,6.21504,16.5376,-4.81828,-22.8504,-18.2623,7.15244,14.1873,1.84392,-1.16152,-7.75499,27.0716,-5
392.84,63.1995,-51.6263,-31.4715,-110.704,1.24505,-94.6233,-54.0435,5.58882,-14.675,32.3384,-67.449,-31.4216,7
473.424,15.466,-74.0517,1.33381,102.103,-55.298,-145.693,39.0215,-66.9912,-1.0775,-70.9388,-5.71937,192.978,-103
310.894,-103.584,-3.79382,9.19028,496.929,-25.0149,-98.4374,63.7423,-128.184,-104.252,-143.336,39.1355,124.188,84
567.997,-83.7372,-75.8115,46.5625,50.1696,-86.9633,-60.5587,71.1336,-91.2694,50.6237,-85.8071,47.0916,78.6862,-85
204.492,37.5392,3.57226,-23.558,192.161,-53.1143,10.8967,27.4642,84.8718,35.0949,37.1972,-33.4459,-40.8106,4
-107.6,50.1374,40.3573,109.149,53.276,-22.3287,52.1067,22.468,104.562,52.309,-23.4677,-25.1549,56.5724,-37
264.765,63.3255,29.0533,57.8121,295.285,-116.365,-58.7815,47.9962,-98.9929,1.66316,-48.3506,36.8349,27.1521,-8
88.4738,-66.324,36.3589,-145.326,-222.833,-110.978,80.1507,-9.0286,113.6,55.4501,68.7811,1.49559,0.50409,141
276.519,-12.8984,-27.8153,30.0352,132.755,-25.7263,-20.502,2.83109,-58.2867,52.6157,-13.8018,-58.017,-7.82921,-28
200.31,211.189,-6.37143,138.91,-161.342,-111.616,-192.722,38.8587,36.005,87.1292,98.6879,17.9834,-50.534,-122
245.765,36.3138,-49.7714,-4.25311,36.2471,11.697,-55.2146,-56.8134,-32.8807,19.6699,-14.4847,-1.58952,21.7218,-5
-30.8505,9.51288,-3.74285,37.1192,-97.0042,-3.61657,19.5972,10.1303,6.83561,11.4125,-19.3468,-7.95298,-10.0166,10
197.288,10.4525,54.01,261.369,294.593,-36.6074,-54.8843,73.8782,-115.876,5.13033,-132.586,-30.9794,32.5055,14
142.14,14.2607,-12.8474,-17.6316,257.631,-4.73026,-19.9832,-11.1889,-7.80337,0.0349468,21.1852,0.121924,-3.14018,2
82.9341,47.5799,107.474,46.9074,-341.688,-26.26,6.21514,121.031,-49.5019,56.1468,-43.0359,-55.786,31.3171,90
35.568,29.5866,30.1205,-60.4839,90.9377,-2.4772,-31.6939,109.381,-12.0705,23.5773,-63.6125,-28.0278,39.9897,-63
46.611,-167.788,-142.66,-101.005,379.557,-0.253324,-89.2545,-37.1398,53.2524,-89.6247,-26.6257,-115.292,-55.4701,51
19.2854,-1.27696,50.9042,-87.7111,-266.023,-6.7996,15.4826,106.075,56.7429,-24.7638,-6.42106,-26.9723,23.3407,75
113.96,130.006,51.548,9.79191,-210.298,-29.2813,-80.4557,27.9241,-25.7668,57.2012,16.1007,41.4663,-0.36964,11
-266.621,4.00588,63.7836,10.6617,89.3335,-1.3114,32.1761,31.4198,55.5045,37.9434,11.781,-39.7325,54.0292,-33
-112.962,35.9238,55.9757,-110.972,-87.1982,-44.2372,-36.5035,46.7301,45.979,64.8843,36.0696,33.4756,64.3783,-45
172.489,-88.7863,-32.5862,-1.21455,343.475,15.6623,-11.3126,11.6431,3.3585,-67.2057,-41.9767,-45.3252,-9.24975,61
133.886,39.3728,1.22789,-46.1651,48.7063,-10.5752,-20.5251,8.68985,-9.94335,29.9772,36.6085,-45.8759,27.5893,-0
273.738,75.1604,5.30532,46.5766,-24.2459,9.0792,-69.3304,-17.6105,-79.991,-5.43692,-32.7892,8.93784,-19.9586,-9
210.889,-99.2904,-48.9434,-90.8104,133.706,-58.6675,-4.69722,59.7822,143.019,-75.4687,-13.3982,-147.41,94.4787,-49
-400.391,-119.399,13.9634,-3.78048,182.815,-69.0403,13.3135,68.1692,199.974,-61.7586,-66.414,-68.1665,-8.25971,3
-243.485,89.1863,75.942,109.713,-383.489,-45.9895,42.0537,60.8412,16.1835,9.98247,-22.9391,10.9042,35.2704,-44
111.888,147.07,4.17269,56.3804,-349.318,-45.2625,-40.6893,118.921,47.8359,-31.8446,-123.731,-37.8724,10.9543,8
186.624,60.6693,-61.1797,-64.8586,-307.339,-109.607,-32.0507,118.001,-105.605,-105.42,-37.6759,93.7108,-89.0992,88
230.952,-19.642,-64.9148,70.4966,-1.66238,-53.9929,-4.33104,15.2652,31.3028,-46.4421,-30.0476,-51.266,-21.414,37
284.817,3.21248,-32.4581,-115.208,-302.108,-1.40417,47.0199,-8.8839,-22.144,23.0084,-42.0142,-30.52,58.1648,25
479.764,26.058,23.3197,-114.227,-81.0578,-83.4503,-108.327,118.708,-37.4314,-61.0783,-40.6578,-9.70219,22.8135,-59
449.313,6.30217,-0.395943,90.4934,-120.129,-74.9554,-25.4818,51.0516,30.5377,4.5908,-72.7047,-5.97642,-12.8228,69
372.818,-208.171,-118.569,-207.66,302.434,106.69,32.115,-88.1879,196.731,-123.62,59.274,-44.4262,43.9737,61
432.32,-58.9407,-63.0381,71.8471,341.451,-9.69646,-170.794,-18.8852,11.696,-7.71773,-61.6095,-57.9389,-42.6282,-35
20.2485,89.0269,6.30494,1.76758,-106.712,8.7671,-70.8261,29.0067,51.6425,7.48543,-29.4191,-16.0821,37.4998,-123
172.339,15.6162,19.0584,21.7019,277.907,-24.5274,27.7357,86.7917,234.854,-0.277442,-42.6193,-99.0694,7.54268,9
-95.346,-201.733,-75.0815,-70.3543,-189.339,-38.1818,-140.872,84.776,-38.1059,15.0568,-223.763,-172.333,-149.856,197
170.985,230.993,19.3033,69.6178,-236.8,7.80098,-44.5736,3.34425,-79.3678,20.3113,-2.64763,21.7145,-79.265,2
-416.266,-45.3632,123.944,155.507,309.333,3.07764,17.7886,216.375,99.3668,42.7574,-211.542,-51.3581,34.7393,15
254.579,171.331,62.902,-63.5817,11.824,-6.28859,-31.0509,56.0049,111.607,69.6912,-70.3497,-73.6702,49.1489,-25
131.857,-6.72443,-8.97307,-31.6917,222.927,-26.9949,3.39465,17.8043,57.6177,6.72863,7.11183,-15.1261,18.7905,24
13.7545,-1.3539,-3.86672,-0.940024,20.7749,-12.3002,3.13794,11.2396,23.6096,2.03469,-29.5415,-8.96791,33.5235,-36
349.386,-18.0475,30.7677,-2.22381,229.38,-21.3195,-23.5959,-3.34275,-20.8902,-21.4119,29.6885,-15.6757,37.5163,47
280.531,-67.0211,-20.7824,-4.28983,21.8875,39.1796,-35.5826,-46.5708,-49.3836,8.14673,38.2321,-37.8305,46.9518,49
180.262,26.6425,-20.4838,59.0886,775.666,-96.8513,-64.3229,31.1833,145.133,-13.4695,-21.5456,-5.25794,34.0536,-5
182.346,-11.8157,13.8468,-3.11543,294.063,-52.2511,-32.4244,109.66,45.6567,-14.4181,-52.1913,-58.8946,-18.6825,18
351.904,64.0441,-28.1204,72.3922,124.582,-9.41467,-39.374,-11.5334,36.5155,39.6308,9.46786,-50.5959,5.4977,-30
77.1933,28.626,-3.3532,6.96104,-50.6046,8.27689,20.2301,9.71506,-24.2998,25.8398,-12.0371,-11.5733,7.26582,11
388.183,-78.196,-31.1518,-36.3013,154.036,45.0989,5.19332,-37.8406,19.6931,-14.5966,-16.5934,-28.606,60.5635,8
-184.074,-3.28183,16.0579,13.6922,103.44,-29.0039,-20.5619,35.7149,12.7813,-18.8269,2.64078,-0.913949,-8.55534,-3
430.591,37.1243,-13.0549,-23.2416,236.047,-24.5403,-18.1659,-21.9722,-27.6557,9.40155,47.7678,21.6511,-17.621,-11
181.524,-56.2424,4.86343,-33.5485,257.257,-26.887,-67.6268,55.6853,64.8989,1.74834,28.2649,-63.7322,-1.58077,-28
-201.269,-21.7045,27.4672,-21.086,375.237,-45.3884,-12.615,-1.46656,28.969,4.49889,27.6274,52.0039,-8.64048,-23
394.847,-10.8194,-52.9062,0.920053,161.285,-36.9519,-2.91287,132.207,163.59,-6.23129,-153.7,-109.064,-42.3086,6
359.649,65.4583,22.8696,-120.762,-164.899,-112.476,-41.9969,99.8349,-10.6214,10.1316,71.0673,22.3378,-9.47236,-28
123.228,178.183,6.88197,96.065,-91.0219,51.6592,-164.736,-38.9693,41.139,155.043,79.8321,-71.36,-15.7119,52
398.915,-60.8829,-3.51734,-2.58928,333.554,-26.1562,26.7182,94.7282,64.7081,70.3976,-120.824,37.7834,121.093,-71
-7.50855,51.7156,-56.3835,-57.5567,-234.63,-18.6567,-12.0331,-118.108,51.4809,87.1998,-10.7864,33.4123,100.999,-88
17.4271,25.8875,-11.5924,-10.2432,91.1091,-16.7537,-28.7984,-40.6424,51.5553,36.8025,58.4476,31.6443,-14.6308,-29
129.628,-8.88376,-22.8957,50.9788,-31.304,-4.42485,-6.30195,3.20662,13.7721,2.26494,-29.2815,-14.2589,-7.22228,28
235.787,-36.1747,-13.2346,133.87,19.1966,87.2714,52.3556,26.1395,-173.019,49.4668,-123.657,-33.2487,69.489,135
112.7,92.4325,-12.0638,90.5422,-21.7176,-25.3178,-73.3734,5.15002,11.07,-10.3411,-1.76553,-29.8508,-7.88083,-23
249.947,-54.8268,0.397052,-47.4756,-100.706,-5.55114,43.5413,27.5971,-21.4153,21.41,-17.1101,-18.659,19.5774,43
166.244,-16.1378,6.87788,-27.3204,248.119,-31.0753,17.0834,28.0063,24.2878,2.84549,-3.62515,-22.6887,30.1036,1
259.629,47.6288,14.3179,23.2756,403.365,-77.9889,26.9856,71.5132,46.0484,29.8068,5.87115,-65.4963,92.637,-25
-178.028,9.45603,-42.7332,-114.292,136.93,-59.7939,-71.5549,56.024,167.778,-85.2718,25.3006,7.14486,3.14358,28
366.463,27.7894,26.3864,61.0084,130.15,39.7816,-63.6591,30.3489,-67.7097,53.4751,-55.9756,1.81172,41.4218,6
-71.8155,-37.5778,25.0324,-27.4393,114.945,-37.1708,-27.8776,21.4831,132.373,-8.78375,-10.8122,-46.8336,-1.18062,53
262.781,-93.8886,61.5724,233.108,-40.341,22.4195,36.669,-24.2683,104.299,-16.4267,-77.2207,-92.126,34.7398,74
-33.8153,192.901,-129.382,59.8544,-345.089,25.3897,-198.549,-13.2118,-80.0774,-53.8795,-96.5415,57.063,137.337,-156
149.932,275.674,147.069,92.9608,58.2943,-126.914,-235.345,-15.234,102.324,108.862,55.6992,-38.5802,-65.4014,49
204.91,-118.121,-10.9891,162.925,234.244,69.0251,-23.4607,-19.7307,-44.3062,-98.6762,-99.5197,-142.109,-55.2681,84
177.749,-78.0783,8.89678,-32.5658,431.011,-42.4172,29.9318,-14.6741,-0.558412,6.64157,2.00451,-14.9008,14.0045,17
-8.47544,-60.4595,-22.0153,-94.5463,-177.994,11.6365,-30.9701,18.1675,-24.4916,-6.02559,-45.077,22.7428,21.6606,-67
127.085,30.2651,67.5772,202.033,-483.025,-121.308,-49.1457,57.921,8.5653,107.606,-77.4198,-14.8138,42.5887,-93
18.8622,-0.838872,-0.872514,4.11736,67.0484,-1.67889,-1.29682,-0.7687,6.36867,2.57344,1.40907,0.00142823,5.6161,-5
-148.141,-30.1166,-1.66854,66.2724,387.79,-60.0404,-3.36453,69.7838,71.0943,-48.7054,-46.7586,18.5704,-48.5917,82
132.726,2.11898,9.87041,39.8649,192.375,-33.478,-10.0063,33.8996,0.706077,11.3393,-35.558,-10.9484,16.1854,14
73.9768,-34.7086,51.0811,88.9348,-54.7528,-29.805,97.5428,199.856,58.2368,98.3362,-108.634,-25.8813,84.7765,-15
72.7561,90.3887,-1.45803,127.421,-440.325,3.22811,-15.8885,69.0686,-44.5637,58.995,-35.0721,-4.25132,41.1829,-119
178.825,-33.2248,10.1548,-99.881,156.074,10.2683,11.8979,-23.9329,48.2608,24.6398,48.9144,-3.32028,35.4686,5
164.682,-27.0868,-1.84773,127.474,95.8995,-22.084,-68.5039,-1.5218,-87.0969,-59.3985,-80.7675,17.8694,10.7537,48
83.6644,2.9574,-29.1008,30.703,-74.3977,3.7097,-47.0196,0.904201,-118.609,-10.9521,-47.5429,-2.07377,-12.6393,53
150.435,43.8124,47.7808,-39.2089,-44.7126,-26.4935,-67.6998,58.7901,35.8599,66.0567,-17.5248,-29.1827,89.1676,-108
116.63,-87.7694,27.7322,-37.2218,496.425,-54.4747,43.2801,9.8308,56.1379,-22.5314,0.289436,8.28902,8.26102,62
829.317,253.697,-30.0164,90.215,121.384,-158.704,-243.713,-34.5513,-247.684,-13.2281,33.3864,30.4632,4.34901,-93
-33.7243,-21.3167,23.6185,8.81192,287.938,-26.7142,4.11786,12.7504,63.9585,-3.61358,-6.09681,-15.8304,4.10439,22
338.875,40.2683,-0.631203,72.2242,131.254,-18.0021,14.3846,19.3198,76.3426,56.286,-7.33205,-63.5095,18.4958,29
113.945,-52.7477,-39.4671,-51.5123,142.639,25.0387,36.8662,-34.3503,3.42142,-22.4349,-7.06732,-24.1707,52.4386,24
68.4081,82.0598,-21.9248,76.2923,30.2733,-12.6277,-69.1193,-14.0356,24.5721,4.32495,-16.5861,4.18519,1.5505,-43
136.471,5.47079,26.9777,84.1628,256.425,-71.7947,-8.60166,-2.49062,-1.61221,-34.0601,-16.0894,-8.85503,44.9218,39
358.882,-46.5233,-34.5046,13.3333,601.259,2.5171,-19.4251,8.95271,40.2141,-82.8345,-37.0462,4.65081,9.68047,4
320.743,20.2044,-23.0307,141.924,447.391,-57.2329,-64.6929,37.966,-126.312,-53.447,23.9384,-10.6649,-36.6469,11
-21.3153,35.8817,56.6303,52.6301,-224.67,-94.1799,46.8415,137.001,236.153,33.9066,-45.2837,4.11557,4.47658,-32
224.452,143.446,-46.1135,8.64198,-295.549,-55.6315,-115.385,69.7498,-52.6855,-50.5783,-6.79014,-5.00816,-154.066,25
-26.248,23.1351,-58.6715,-87.2765,-341.743,-20.2153,-12.5997,2.71911,-9.27027,-11.8836,-1.99274,-30.523,-71.0405,-9
-7.51566,18.9908,-10.6659,-82.856,-176.381,-17.489,15.8312,20.2949,-12.4926,19.2114,-2.54812,-24.1236,6.44585,12
-141.929,-57.559,25.8185,71.9533,395.413,-36.869,-10.7788,-76.3184,116.462,29.0322,48.9162,52.5102,30.0731,-56
282.5,-10.725,-16.4333,23.4361,311.5,-37.3709,-8.34024,-10.1835,-17.2328,-43.9105,6.05463,16.1213,34.4023,35
189.897,6.02407,16.136,7.25107,134.515,-9.03948,-14.0222,11.3562,9.59701,4.08142,-5.58843,-5.09915,21.1706,8
-75.7607,50.3469,29.2902,147.993,-83.8572,-54.1536,8.09423,52.04,-6.93848,22.4203,-63.2981,-6.38021,38.2135,-32
348.936,75.611,7.89001,-57.6065,347.484,-13.2085,-73.671,0.497437,-7.35259,19.9924,14.3914,-29.6324,1.6198,5
154.887,5.40546,40.4101,-57.0322,-142.568,-12.9161,43.0718,-7.67002,-11.9339,56.7801,22.2672,-64.7846,70.8772,8
95.8647,1.83994,10.2718,99.0035,362.901,-42.7525,-40.5806,-25.2824,-38.624,-23.2589,1.93458,-3.14439,-5.33335,18
293.485,-33.4212,4.99347,346.993,315.115,-29.926,-134.556,-25.8998,-189.748,-61.8999,-113.154,-43.9707,13.1796,-21
147.44,8.30064,-21.771,58.3439,174.949,-31.6761,-67.507,-7.81521,-51.0308,17.5411,-13.1954,-1.47951,14.0741,-36
252.78,36.4162,-81.2505,94.3443,44.2917,-24.2495,-148.907,-11.0723,-156.163,-22.815,-6.343,-14.434,31.7471,-61
86.2792,-226.925,102.979,-91.8043,113.304,-43.7857,-73.7893,-49.952,18.7634,-52.6088,-55.7516,36.5357,130.624,-66
73.0747,-2.59912,4.477,52.1319,324.673,-18.9301,19.377,15.1216,6.60943,6.761,-7.03299,-2.41305,49.3803,8
107.12,-39.9237,-17.2271,-22.8918,123.661,7.12553,29.3854,-18.9981,-0.809349,-23.0295,13.7284,-31.804,37.311,16
195.836,20.8941,-14.684,147.755,-262.165,-19.405,-85.6761,-7.66252,-6.62203,-28.7371,-64.0604,-46.4345,40.095,-101
318.377,-22.8711,-38.5151,102.544,-62.1128,3.11524,-86.8573,-62.9677,15.3172,35.9996,-19.9289,-42.3526,-18.3443,14
245.745,-1.37115,43.3599,58.3307,-79.9851,36.4207,-127.402,15.2614,-94.4473,-14.8003,-90.4087,-26.7145,-28.8686,-4
399.046,20.8532,-23.5532,36.1148,-165.032,-13.0975,-82.7477,-47.7169,-21.7087,16.8811,-7.87425,-11.2758,52.7784,36
159.782,21.3801,4.67278,11.7558,173.311,-0.0354727,-0.692089,1.1104,31.2659,1.56465,-3.70602,-22.5563,2.20541,5
-465.978,28.7722,29.4456,14.9577,-261.291,-51.8333,-56.5294,-3.66963,124.896,26.47,39.4164,11.0248,-61.3972,96
150.363,58.636,-4.69092,40.5884,-107.299,-28.1428,5.67569,6.42114,43.6122,20.2108,-40.078,-27.6613,-3.43029,-4
15.3184,73.5461,-65.9257,8.49549,-126.313,-21.2018,-62.886,-44.7628,67.1313,42.4699,81.5267,32.7683,36.9749,-86
-66.1023,-13.4657,-8.40848,42.7943,-72.3983,-50.2239,-11.7397,22.7633,-7.93206,-25.342,-57.8657,-14.299,4.78344,5
332.623,-15.7678,5.51661,108.023,371.554,-4.68464,26.3281,73.2754,13.6918,9.27786,-129.632,-0.563167,42.4274,106
91.856,38.1109,59.0969,15.466,4.46038,-88.1131,-54.9281,55.3733,59.257,28.4937,25.5325,-32.6296,12.5284,35
310.69,97.6108,-31.7159,93.4127,233.264,-53.7165,-125.72,-31.8423,-66.4532,-16.5839,54.8623,4.60383,-48.0932,-2
-63.7025,-99.1005,-56.4058,-68.3496,342.449,-10.5094,76.4514,-77.3848,46.2995,-11.8939,-41.5157,1.23679,68.4161,-50
406.025,-22.8461,-81.9773,54.9496,228.418,-47.9368,-88.4864,20.7115,25.1957,19.9098,62.2771,-64.837,20.5886,-32
72.9408,32.3773,-5.53238,-34.1377,28.8503,-9.46226,-19.6565,-16.5637,-18.2657,13.9692,30.8022,16.2612,0.622368,11
176.78,24.9613,-11.6525,-13.2525,23.9739,-97.4971,-93.7252,79.9066,-108.053,24.5875,-22.1009,-49.2728,3.23042,4
143.761,88.6837,-10.8088,-40.8583,20.6358,-59.3287,-26.8317,17.9404,145.101,48.1188,59.0583,3.27004,-119.108,45
67.5624,-4.57762,-23.2294,25.2462,-243.447,12.3327,-56.6861,-15.7989,1.82,20.5813,-24.8426,-17.0652,18.5892,-50
-196.026,77.5882,-32.6895,76.5713,-143.463,-83.7237,-63.3463,44.3904,-108.8,-48.1207,-14.0647,1.31603,26.9381,-55
169.251,-46.2027,-3.0794,28.2713,309.003,-17.1784,1.83629,-8.37733,-33.3256,-19.4266,-2.24581,7.39276,-18.7333,16
194.809,108.555,-55.3644,-142.64,-261.989,-105.885,-137.901,-5.9162,-203.578,24.5477,-10.6877,33.3623,166.603,-150
-15.3221,47.6866,19.4096,105.821,-48.2501,-36.6278,-66.9645,28.8395,-90.6167,-42.6892,-69.8912,6.14313,-21.5735,18
-28.2501,92.2289,17.603,23.3018,-347.159,-46.6873,-61.043,34.9352,-89.5143,59.1434,-50.36,-15.7438,10.5314,-52
-222.792,-2.52716,27.5714,42.1117,137.109,-10.8753,26.1637,5.95191,60.5804,24.1063,9.36896,16.9693,22.0312,-39
83.6679,45.79,-43.8451,-63.156,-164.72,-13.2304,16.8939,-7.75884,20.8734,-0.4477,14.5071,6.24183,-17.2084,2
62.3334,-134.071,3.56647,69.8304,6.62722,23.1283,27.6108,17.136,23.1276,29.8775,16.877,28.5269,72.4924,-83
64.0567,-21.9485,3.99011,14.5018,254.982,-3.41627,-6.09001,5.73287,15.5672,9.733,-2.62171,-17.7801,9.76698,3
242.584,221.005,37.5278,60.0239,-171.207,10.9479,-83.0034,42.1067,-81.9169,50.7407,-39.9337,-26.4079,-34.6319,-9
130.91,32.7561,20.2755,-19.2155,283.296,-5.53548,-5.33166,33.3786,18.2977,38.448,-1.53404,-8.83333,21.8017,-36
-139.616,12.3993,31.8162,12.2019,-11.5651,-2.54228,2.62105,22.7586,-20.5495,27.0222,-31.6162,-36.5921,11.2336,15
63.434,-12.2935,-11.194,-1.30592,109.724,2.62433,14.6335,-13.6028,24.1251,19.4988,7.16645,-3.48993,24.6341,-8
278.007,-114.588,-58.1611,6.6156,199.407,63.6206,-72.4336,-89.2091,-9.40318,-19.6111,-29.2659,-14.3874,11.4689,-7
63.5892,-161.035,-184.342,-26.1595,165.273,-19.6145,4.47643,-139.076,116.179,-8.98398,36.0206,-104.269,43.0505,-45
266.525,75.3436,15.3054,-65.1532,-45.8706,-27.0132,-4.11091,36.2391,20.6165,56.7558,1.39727,-31.5255,129.555,-8
135.412,32.1729,-4.12898,64.1215,337.047,-39.0621,-45.9967,52.9467,29.213,-28.4803,-11.0068,-34.17,-25.3761,20
24.2437,65.3719,26.7861,5.41351,-121.264,-19.2658,-49.4283,30.888,-31.7583,22.5912,-2.51134,-10.4239,35.0891,-18
282.055,-6.29146,-83.8338,20.8922,264.41,-85.9924,-54.1124,-10.3024,45.7114,-101.206,-126.072,-65.7987,64.9769,-21
-53.8158,-5.13048,39.2002,11.863,-288.309,-10.3995,52.5007,49.6547,48.8916,63.2453,-3.18526,0.34686,19.7989,0
71.5182,60.8987,28.3764,49.4946,85.3757,-37.5098,-120.448,83.5263,52.6493,47.8739,-12.7631,-52.298,83.83,-82
137.102,-51.4611,-4.94177,-72.3368,-121.456,-21.3505,34.2198,23.8693,108.095,-18.1409,-8.17384,-35.4656,1.28057,28
209.025,-32.8545,-56.529,-140.359,-83.2772,42.5565,-6.57835,12.9137,39.8085,38.4268,-7.25784,-9.20842,75.1885,-46
83.6278,63.9517,2.79026,17.1057,63.9263,-20.6084,-34.0188,-2.85988,17.5992,16.011,8.59676,-32.1305,22.5781,-0
445.831,19.8107,14.9064,0.554059,193.011,-62.0257,-54.587,12.836,-5.91818,3.49468,-17.3378,-16.17,30.9157,59
58.8538,69.6034,-5.59028,104.326,-2.03637,5.74203,-80.5178,11.8887,-91.8931,-18.0727,-46.2195,-29.1793,-17.3109,24
-85.3283,15.5909,13.0792,155.944,-60.491,27.6607,-29.2319,12.8445,-0.542386,78.7038,-64.2,-4.12572,92.532,-60
232.716,-4.66244,-4.24077,141.511,290.611,-2.40473,-125.605,-29.3831,-36.92,-4.13298,-44.054,-10.7258,-1.25025,-17
346.062,167.565,-78.5689,160.512,-129.135,-162.196,-7.57333,78.1228,193.268,229.787,68.9538,-91.2462,-116.742,-121
128.597,6.75844,20.1335,53.3033,-233.221,66.3802,-88.6658,27.5789,-115.332,-9.9284,-78.9896,-22.4074,-18.1525,1
204.005,-6.52395,109.243,21.7512,-18.985,-71.8677,-46.9508,121.636,108.582,49.5544,-69.7406,95.5756,31.514,-67
289.871,124.88,2.50613,151.562,95.4553,8.29731,-100.573,-19.36,-115.206,31.0037,-5.00172,12.6823,49.2671,17
-417.088,-15.5383,51.2231,96.2579,283.691,-36.8777,-81.5255,41.1984,-20.3153,2.43896,19.8183,49.3914,21.641,-51
292.825,27.6539,-29.5916,1.63795,112.029,-22.1089,-88.1967,2.00244,-63.7157,-18.2007,-12.0587,-6.24197,-0.210265,15
-114.05,-23.2922,30.316,45.3329,-30.7982,-37.3975,11.2103,26.5328,1.02956,-22.0885,-17.9264,9.83466,10.3599,-6
-29.2501,80.3108,-69.7318,183.775,-404.052,6.93908,-96.0165,-86.6963,6.66488,55.1755,25.8836,34.1208,-7.74955,-56
352.833,104.758,20.448,-36.7982,122.649,-33.4074,-56.53,0.215651,95.3822,54.4367,102.61,-33.8133,-44.3074,1
-22.9456,63.5427,10.04,73.9839,-91.6576,-131.057,-94.4522,169.965,26.3615,-58.1861,-80.0605,-2.11664,-142.595,27
41.153,-12.3051,15.8935,24.52,501.165,-58.6221,3.46746,5.94639,49.706,-15.7922,16.6553,7.35466,34.551,15
161.728,131.873,27.446,95.6128,-197.198,-136.471,-26.1334,91.1096,-65.4474,-2.59566,-71.6565,10.7932,-14.074,-11
-114.562,61.8381,23.8372,28.4519,-247.89,-14.2329,-20.8793,23.859,-84.9774,31.276,-22.7603,-30.7612,-44.6712,23
54.0098,104.261,-33.3648,80.6841,-45.0881,-5.90576,-51.5676,11.6313,-106.009,-25.5901,-30.2731,9.30678,-19.9606,-14
157.125,2.86772,-55.4602,156.573,107.958,-34.9489,-90.0128,-45.3875,72.2493,-35.1632,-96.6655,13.366,33.404,35
-176.223,38.3953,0.434647,32.2916,-204.072,-2.02729,5.2274,15.6457,-4.82198,1.24115,16.7567,2.682,-39.6765,18
126.701,79.2425,-11.5161,16.0921,-356.062,-18.7746,-31.5916,0.902295,-49.6153,23.5922,6.32442,31.5438,-25.7059,-18
456.749,-8.14829,35.6984,45.5895,75.6824,-44.8864,-154.948,128.195,82.0286,-101.063,-91.0352,-100.032,-51.1049,209
185.469,31.7968,56.0599,51.7105,-340.83,-75.8257,-88.3239,51.5068,-178.93,4.91082,-94.6875,-38.9303,3.09628,-31
293.489,86.9658,6.1722,134.814,-350.957,-19.3092,19.9496,87.2083,-118.512,39.2373,-80.1715,11.7269,67.8611,-55
177.933,134.374,-61.8947,49.759,-112.593,-68.9451,-84.5914,26.2851,-140.248,54.6375,28.9627,13.9373,-59.5181,22
185.183,-101.807,-34.4891,106.198,525.268,-40.4969,-62.0766,-53.3043,-38.2453,-40.0886,-22.703,41.9644,-4.52335,-11
-18.0963,34.6369,11.3794,10.1294,-174.635,-3.43841,7.64029,11.4833,6.22056,17.2357,7.82553,-11.3921,-10.4164,-1
265.57,-22.4655,-14.6216,-44.714,444.199,-13.1652,13.6455,-56.8126,110.395,54.833,67.2874,3.62566,53.096,21
-157.898,138.349,118.745,78.5445,-216.439,-34.198,-0.782359,69.1615,-42.3606,84.5044,-73.4516,-88.6923,81.1889,-7
24.5575,-10.4615,-0.0644937,2.98042,122.691,-9.20823,-0.593115,-0.0764739,-15.1276,-3.31747,10.213,-7.66903,12.6978,6
22.0929,30.2526,3.31557,30.3881,205.111,-75.8301,-74.8654,-30.8842,39.3549,-6.04611,41.4481,25.8387,-16.2727,44
17.0136,7.6232,-26.24,18.4853,450.002,-40.5834,-17.5291,-87.7221,-2.22354,40.1164,52.4169,-20.7137,34.894,34
102.088,-5.37039,4.35526,8.79181,-81.3695,5.79878,-5.01842,2.9974,-17.3026,-9.64979,-2.74232,-5.63438,8.94368,-18
225.011,2.74709,5.00211,37.5897,421.685,-22.5419,-13.0425,-17.31,-8.7643,11.4992,6.37711,-63.1374,-42.3037,25
78.1999,31.4465,3.45716,20.8186,283.788,-4.20259,-2.34679,13.5238,-22.6188,9.48344,-5.41545,-2.78993,22.0266,-1
291.203,-4.67539,12.8782,-73.6956,400.152,-43.5978,10.9993,-3.91069,29.9395,31.9771,31.1856,11.599,13.3458,32
63.7547,-28.1156,-8.90204,-38.1084,22.9429,6.73078,-3.48593,-1.76211,37.2747,-4.61294,2.00536,-14.4892,38.9557,-30
520.538,130.618,-97.2215,-7.64409,-32.3835,-193.897,-179.052,123.57,-214.664,56.0261,-56.0016,-60.2362,-12.5278,-61
190.087,-32.4953,-26.3182,4.30263,-129.591,-21.0344,2.10221,-25.3237,18.2477,-8.63347,1.66153,-16.6244,35.0823,14
93.843,148.994,-11.8381,14.6464,181.47,-3.99192,-115.858,-36.2841,10.1558,18.2369,118.024,24.9889,-70.1565,10
274.781,6.70709,-16.243,2.51807,244.779,-0.234282,-24.2973,-2.8496,-9.49662,4.76151,22.8167,-8.42686,26.0881,-7
132.909,70.9704,-47.0892,14.4976,-42.7438,-19.6398,-53.2517,-38.4385,-36.7926,-6.69386,-10.1574,14.8326,-39.8065,22
43.4955,44.5386,16.1821,81.276,413.292,-25.7365,-41.1748,-19.6595,38.077,1.95565,-6.82685,1.37544,-32.1191,12
159.243,2.4332,1.29922,-65.4385,-276.684,-9.34346,5.96485,-1.51882,33.0993,38.7447,24.7294,-24.201,4.37031,63
261.09,-213.136,46.3423,-152.865,226.318,19.482,12.0359,-77.084,79.4142,31.2261,63.8469,-18.674,75.0959,-25
108.956,43.2136,4.2692,53.3279,-25.3038,37.8161,-132.861,29.5665,-65.7426,4.48447,-38.7949,-20.2437,62.0792,-27
17.7432,70.6443,10.2282,-0.737231,-158.752,1.18977,-14.0306,5.33498,-48.8834,11.9758,43.9865,-1.57967,4.92546,-11
-61.607,174.917,-24.2734,55.6016,-243.353,11.145,-20.3553,-8.81853,-68.9755,70.2444,147.471,28.6331,-104.006,-25
69.4612,-28.2294,-4.58211,13.6337,55.3128,-2.9048,2.09254,3.22065,41.0869,16.4692,1.87694,-5.76613,1.59132,-4
383.751,52.4359,26.8495,92.5823,112.121,-18.7577,-47.5815,35.1842,1.04946,65.1541,-7.71793,-37.5659,-0.432237,-8
225.983,115.811,36.7242,133.607,-392.123,66.3092,-90.292,154.636,-143.208,67.9352,-114.791,-64.0663,24.9719,-72
180.061,-78.183,-40.7396,59.2164,342.145,11.4356,19.4112,-44.9592,43.4668,33.3927,-65.6167,-16.4956,112.31,33
27.5618,41.2142,55.8461,-23.2927,209.116,-59.2424,-12.436,21.6661,61.0727,44.0133,48.7862,5.11512,10.2663,-10
-163.609,100.862,34.0886,3.28428,-18.7934,-14.4874,-185.269,31.1843,-108.704,-25.7324,57.6382,6.86204,14.7159,-24
236.366,-23.9446,-37.7189,28.5027,125.005,-31.0127,-32.5776,6.10451,113.894,-9.75598,-26.3987,-22.6849,1.02055,-12
805.867,-144.422,-158.261,-166.734,605.235,-89.8806,-210.134,-39.6963,65.8752,42.285,17.0737,-151.47,58.9922,-208
603.4,-29.5621,-57.8922,70.4006,131.415,-66.2661,-119.82,-55.0991,-131.232,-102.211,-37.2246,-19.3998,80.2995,128
129.391,93.0163,-21.5947,-46.76,-123.801,-3.64873,13.7131,27.2971,-113.736,-4.47266,14.6977,2.34426,34.1763,34
98.9615,-65.0104,16.3156,-58.4343,267.71,5.63372,56.6269,25.1578,84.7627,4.83851,0.325539,-13.8142,26.0221,-6
102.032,-0.479128,-16.4409,21.1326,300.194,-38.7537,-53.1342,6.69511,-5.12106,-34.1187,-17.2107,-4.43872,-1.28467,24
201.653,-0.752931,-24.4775,-52.6088,411.337,-4.58671,-11.5996,-10.9925,45.1892,-38.5231,16.0432,-2.6691,19.2483,5
611.437,46.7463,-59.8375,112.489,45.4706,-28.5115,-87.6224,71.1656,-63.5119,72.3576,-67.9378,-85.5597,-8.04908,-84
-90.9877,111.516,-37.0736,21.6927,-353.648,-51.2202,-39.791,-6.48639,-31.5553,13.6969,14.572,17.2929,-12.8308,-64
-13.6793,-12.0434,-2.23278,5.78235,223.314,-34.1848,-42.3395,10.5497,14.4258,-11.8216,-7.90742,14.1903,-3.12042,10
374.006,129.681,-35.6469,157.722,174.185,-10.7943,-117.817,-34.7543,-59.7075,-24.9553,-38.278,-22.497,15.505,20
34.6344,-4.16786,25.2426,39.232,258.953,12.7446,-8.35832,26.799,-75.5919,-12.3734,3.97325,-7.17707,19.2679,31
145.824,-2.1206,-12.7985,-6.11041,149.549,-15.1903,7.4818,-3.67198,11.4364,1.75323,-5.83007,-10.2556,-2.74264,11
-5.18019,12.4855,-27.5317,37.9364,408.649,-51.9887,-72.0041,-41.673,-18.49,-11.1656,14.6994,-8.41664,23.5797,7
-37.8098,42.2493,34.2893,36.8454,-368.581,-60.2848,-43.6046,67.8064,-99.7115,24.3716,-53.0829,-26.637,-0.168327,-75
461.341,-48.8198,-56.9456,-12.7778,766.807,-51.614,-31.6606,-27.6402,13.036,-37.2035,42.1466,49.2078,0.227714,17
177.442,8.50963,-15.6598,-9.15704,-369.291,-37.6513,7.29596,34.4651,-33.8633,18.584,1.61482,6.28677,-48.4213,19
267.446,50.0677,19.4471,112.072,200.71,-14.9833,-7.12569,46.8582,121.19,54.9273,-5.24899,13.4573,16.7932,5
374.687,-43.2818,36.5563,76.7374,334.834,-32.156,9.75276,47.1531,-14.9547,-17.0165,-50.3505,-48.5714,28.3496,88
399.487,-22.1056,-28.5732,111.06,291.692,-59.5039,-22.8866,42.3703,-51.5439,-13.3183,-79.2662,-29.6906,21.4948,56
209.621,-28.0171,14.1666,94.4706,177.994,34.4617,-8.6588,26.3419,111.069,-10.953,-81.8055,-84.6353,15.4428,19
228.493,-48.6095,12.9053,39.5151,-94.551,-11.9274,-4.07259,-23.0217,-26.0193,-37.0465,-24.2297,-26.4182,19.3805,35
76.2797,-185.284,-56.477,76.0912,427.798,-27.4536,-78.5862,-106.168,-56.6953,-91.7212,48.4183,-38.4514,-17.9252,22
12.1631,-23.4825,17.1425,20.7783,36.2147,-43.254,19.6152,23.5353,24.4168,23.8952,-5.24577,2.62426,-4.42832,-5
255.713,96.5562,14.2731,61.6642,-60.5265,-34.4232,-55.4252,72.6114,29.146,-5.13923,-78.3095,-55.4395,18.5795,17
221.033,-13.8632,-14.56,62.9278,271.392,-18.1982,-65.8619,-14.0649,-16.562,-38.0648,22.9013,-45.8648,13.4835,5
-170.958,-19.7161,26.1994,70.4746,607.028,-91.7471,-38.3481,33.3655,-14.9238,-59.4184,-58.6032,7.94487,-19.3722,32
178.382,-63.5416,23.4683,3.03665,-71.9841,-23.7592,-38.7834,84.7917,58.8926,-2.05212,-38.4657,-21.4763,22.4635,-42
-110.179,11.8832,58.0732,28.1235,151.717,-44.888,-25.3267,85.2068,98.8665,3.40254,-8.39933,-60.2955,33.2189,-30
-80.2349,29.1695,4.15433,0.707899,-347.658,-75.9795,-23.0696,69.7028,-40.1855,-57.1293,-49.3375,-40.4698,14.4252,-85
-166.245,52.1214,6.99672,90.4043,-149.276,-47.0436,-20.4878,55.1292,49.9028,28.8083,-3.2327,46.0422,11.9407,-91
122.747,-36.368,17.693,29.1964,291.431,-62.2285,-92.2802,44.9362,-38.1278,-26.1843,-6.50679,-15.7994,29.5192,-16
516.85,35.0137,-34.7878,48.0367,376.865,-4.73293,-96.1105,-47.0962,27.0142,-43.3229,-48.7612,22.4496,-34.5887,81
267.592,-53.6982,-33.6727,25.0616,51.6451,-1.76637,-18.2106,-49.9151,-16.5539,20.0775,15.632,-21.182,-27.4052,38
223.224,-17.6218,-24.8874,-37.3988,366.879,27.718,7.6809,4.90167,51.4137,-37.1109,11.9502,-31.8622,6.87527,27
147.193,158.048,21.0034,201.203,-10.9578,23.2265,-92.7526,21.1425,-60.5552,-16.4463,8.69189,-70.5359,-80.6827,-51
144.383,-16.4795,4.77813,15.6499,24.7615,-41.9125,28.6284,38.0047,26.3151,6.1351,-5.02767,4.28901,0.877314,26
58.896,-51.7278,-2.28975,-29.5599,399.43,7.81728,-28.6233,28.3627,-18.1397,-46.3865,-31.2343,-81.7638,11.566,122
-22.1906,14.1026,46.1233,-74.4804,-115.331,-15.7704,31.6374,36.2212,156.808,63.0187,19.0687,-43.0557,80.0406,-32
192.227,-52.0686,-3.25463,52.6197,19.5981,-7.66723,1.31385,-23.7177,-63.124,-26.5981,-37.584,-7.8196,18.0394,32
138.066,109.167,22.7288,113.49,-64.0425,-30.0997,-47.1176,27.865,4.78417,14.3416,-31.3219,-12.8146,26.0127,-11
249.435,8.18683,20.1507,-140.975,294.813,-82.7089,19.8127,48.9936,86.7782,9.53918,56.6158,-61.1713,73.1503,44
69.0905,-1.54917,5.64397,18.1176,135.297,-2.63382,-1.60411,-12.5452,-2.17446,1.29771,9.36039,-1.08707,15.3175,4
155.792,43.1716,-10.727,15.379,-86.2531,-2.8785,-50.1505,-15.447,-24.1981,23.4387,1.9072,-7.34258,33.044,-2
291.523,43.1232,36.4635,-63.2751,-108.412,-35.2246,-7.39488,82.9933,-72.201,15.3245,-21.0617,-57.2662,72.5043,-57
-150.984,99.8237,8.88124,-60.3914,-347.405,-41.7021,-32.8338,48.5624,201.575,5.31906,106.982,-87.1618,-56.259,32
230.619,46.8663,-37.556,16.1243,17.7966,-106.828,-151.421,84.7565,58.7859,-55.9722,-23.9527,12.4746,-8.21641,-31
114.778,-6.77767,2.22868,67.0379,234.333,-7.10475,-3.75625,-6.60028,-25.6907,23.3163,-12.8275,0.603334,24.0083,28
215.513,-95.4153,-62.5095,-16.8709,238.197,11.8951,-34.2821,-36.1094,-9.09225,-26.2875,2.37449,-33.9434,13.5824,-3
88.1274,85.3169,42.3044,107.103,205.998,-19.1336,-183.093,21.4688,-135.135,-12.0572,-0.541896,30.9332,-51.4327,-59
228.598,-17.9827,-34.8365,62.9387,100.811,-16.7375,-112.857,-17.8292,64.8151,-96.1412,67.7571,-10.8538,54.309,4
-147.99,-40.486,-25.9536,58.7795,-206.094,-12.0046,-9.35102,59.5405,101.79,27.852,-42.5908,-24.6832,-56.6958,28
-1.9402,19.1181,-0.185786,55.6557,159.795,-17.2036,-10.9448,27.7279,-53.2852,-7.67195,-13.9209,-15.4061,7.79315,1
134.092,-63.44,61.2051,-17.4271,297.53,-71.435,37.0778,47.2446,133.053,72.9464,-22.2939,-74.2917,56.5138,35
4.70411,-155.211,1.05978,39.6986,198.689,-27.2037,15.7977,-19.7823,-13.4556,-43.4128,-52.3751,-85.8021,31.5185,-36
149.625,-12.7926,-11.8588,-7.19733,394.882,-13.0792,-5.00931,-18.5309,-31.2173,2.54009,7.94621,10.4676,22.6691,13
160.932,170.184,3.00974,102.633,-333.47,-38.245,-53.8142,24.3134,-115.841,8.88001,-30.0899,-13.4216,-22.5527,-36
104.661,123.185,7.3791,3.79014,-91.8726,-6.38064,-98.6918,-53.2524,-56.5512,23.4401,26.7863,32.7721,-86.4865,18
-16.9861,-85.509,2.9013,229.067,28.0024,77.5945,-50.5395,12.2442,-110.529,24.8153,-118.037,-75.6087,-18.6521,69
361.682,81.6666,20.0399,49.1958,95.8578,-37.8348,-27.7206,47.7538,-62.1301,48.6536,-23.4942,40.637,61.3109,-5
284.82,15.9247,-49.7802,-46.9195,-89.9852,-12.7479,-24.796,-21.7322,10.0729,14.6292,20.0759,-60.4307,19.1901,14
-224.455,0.715135,24.344,-72.7737,-39.4421,70.2477,96.6375,104.017,133.017,16.8279,-138.141,-94.0965,61.5108,95
289.274,48.9652,-113.381,-88.9158,187.787,15.8634,-152.412,-42.5636,-33.8832,18.3943,-20.4276,-3.27009,60.024,24
89.4055,112.37,52.5127,13.4754,-174.593,-170.904,8.083,139.359,14.9483,25.6744,-62.8126,0.0240806,-3.60567,65
-33.1093,86.7521,4.83123,-10.1641,-261.264,-28.5386,-42.4269,81.118,-48.2491,-16.0887,7.99305,6.22915,-15.9697,-56
0.355799,25.0903,25.7388,74.7804,71.1014,16.052,77.9661,23.8936,15.2123,9.31786,-141.252,-41.2196,205.149,-53
262.485,156.527,-74.1488,44.5491,-86.2136,-47.2056,-66.5239,-14.5398,31.9481,71.1107,22.0441,6.95263,-32.5444,-66
175.633,68.8286,10.014,92.7422,-146.867,-34.9175,-31.0471,118.022,-157.274,10.0423,-80.9759,-65.5747,-33.3785,-4
130.23,15.3825,-28.6381,100.156,130.377,-17.1656,-74.4548,-18.9321,-89.3943,-48.7059,-51.287,11.6569,0.124037,7
-140.106,-165.132,82.9601,-113.639,177.903,11.3644,51.4969,-74.5758,107.814,-14.6233,112.365,-119.586,95.3677,52
384.571,-1.15481,30.1347,58.0946,352.96,5.17285,-3.63432,-36.9094,60.5807,11.2465,40.1968,-42.5349,-30.6759,71
129.91,13.2011,19.7836,-1.49911,164.062,-77.2413,-67.4793,69.6485,15.4617,-10.3273,-58.2987,-8.47747,35.6678,3
263.362,25.2218,20.3783,55.5049,146.837,12.2298,-18.1385,37.4009,74.1138,22.1106,-43.4326,-67.9623,5.50153,-14
276.708,-2.86435,-16.5277,-12.5695,143.826,0.747516,-28.8177,-10.3134,-35.7577,32.9191,-24.0868,9.06273,55.2107,5
-230.102,22.7989,-10.4865,33.0445,58.6336,-20.8792,27.1135,13.4341,46.486,-11.5698,16.1133,14.3351,14.0244,-63
-84.9229,6.52482,6.5179,22.5112,23.2477,-13.9559,-2.34867,2.42155,17.1212,8.217,2.90895,-4.43232,12.8435,-13
175.395,-11.5504,-24.4533,21.2008,161.079,-8.31502,-20.3301,-16.338,7.88443,-0.875791,-11.2555,-1.02273,30.0265,9
9.85193,98.033,-16.7951,27.9876,-407.05,4.6467,36.3832,21.4279,-45.5531,-26.2835,-95.8979,-10.7677,42.0766,-2
-160.93,-8.68735,-34.013,85.0649,-152.654,15.0262,-63.8999,-49.4973,73.4753,71.363,-3.87431,75.6914,-0.647944,-116
-212.782,30.6048,-33.8387,17.7063,266.42,-8.5937,-18.8508,62.1286,89.1911,-33.4777,23.1517,1.47888,-10.2079,35
294.776,-64.3133,45.6565,-91.8697,127.248,-148.108,22.2329,23.683,262.14,90.3014,84.336,36.3157,-53.7047,25
3.64165,45.8755,9.45105,7.13073,-101.345,9.05374,-14.9642,18.2213,-20.9401,27.1404,-18.0394,-14.2218,14.256,-6
49.9272,-5.11992,28.6493,-69.69,-193.204,-36.0083,-39.6168,22.6591,-12.5834,4.83103,37.3657,39.0101,-33.6036,-12
181.013,43.48,-28.0264,16.9675,-133.208,16.4153,-68.6485,-30.2568,-69.6608,9.80666,-39.5649,-2.63939,16.1353,-7
318.656,-8.86107,-43.7203,-125.031,312.586,-23.11,-136.96,-28.979,40.0628,-66.5988,64.5911,66.7622,-2.10361,-19
-76.4714,-2.30279,7.32798,7.42954,174.108,-9.77785,-3.52448,-3.22939,48.8078,10.9316,14.1408,0.960998,6.10492,-10
-25.7826,68.1703,32.1429,172.37,134.568,-14.6935,-151.304,-9.34764,-263.433,-85.3888,-17.2937,58.0706,19.5324,20
293.529,0.216615,-102.447,29.922,99.4724,-15.7132,-57.814,-60.188,98.0283,6.29704,-6.24822,9.28668,62.6717,-19
145.694,-33.4866,-28.9891,30.0758,89.4939,-14.486,-7.83056,-20.2206,-15.9412,0.622745,1.06977,11.3531,20.5489,-2
456.091,97.2486,22.1065,128.48,60.8695,3.58017,-27.5356,105.943,14.1423,147.335,-118.765,-26.1032,58.7484,-46
134.194,-13.3193,12.376,-24.6812,230.363,16.3883,22.3072,0.250293,15.4825,32.4853,-7.86937,-10.3078,34.6063,-9
128.154,-86.1776,-108.794,-120.276,-167.112,-14.5763,-107.743,-27.9209,-108.937,-75.2899,-84.1422,-69.1279,39.2646,12
322.932,160.876,28.1768,50.8655,-146.313,-13.0051,34.0791,81.0851,6.66334,51.5389,-38.0137,-102.957,68.5002,2
-0.184065,55.7264,-5.15471,-8.13688,-76.9985,-38.7314,46.0992,-16.1477,65.1665,37.4785,11.1285,31.1092,26.5234,-17
196.701,-279.8,-115.55,167.207,418.753,-153.028,-117.808,-12.768,-226.563,-163.488,-143.452,-97.6572,88.7172,24
167.395,-2.99384,-22.2981,80.7318,52.9519,55.8589,-18.2461,-67.8532,-122.352,50.27,-71.0177,-35.169,68.4507,28
142.397,-90.3348,-44.3666,-116.349,-356.277,62.8457,41.766,-68.7581,186.334,6.71338,-150.099,-44.9313,101.102,-114
114.656,128.877,8.79277,62.3126,-333.683,-25.2336,-79.7286,8.49972,-56.3052,28.7774,-31.1287,-26.8488,10.9913,-2
-93.3002,-79.9791,-61.4905,-112.413,-309.928,84.4664,67.0902,27.7999,9.27235,-61.967,-178.059,-27.1893,147.123,-70
-73.9713,19.9315,-38.8821,-12.4751,-32.4376,4.01694,-98.9136,-20.3319,-27.4862,36.7571,36.1793,64.2973,-16.7731,-74
196.425,11.1003,0.684049,2.77203,187.355,-18.9487,-15.5608,21.0188,-8.2491,9.20092,-23.2187,-26.8247,41.7334,-18
-72.2791,114.02,32.1224,76.8933,200.582,27.7625,22.4176,10.4462,-25.1691,42.2283,-49.4101,-15.6357,80.8586,-29
41.4849,28.327,31.348,22.3059,-86.0894,-31.1066,-16.6446,63.5145,22.512,-56.6021,-55.1324,-45.0043,47.6109,13
402.238,-47.5337,-19.6181,-17.5092,115.69,24.3797,-22.4437,-13.7205,-29.2165,-32.2236,-16.4441,-63.799,-9.33352,-13
-390.062,120.262,16.1591,-153.225,-617.786,-57.0888,-36.0239,-50.4591,70.9713,63.3863,88.2297,20.1962,-20.6516,-3
71.0849,-3.93159,-5.96281,58.3686,177.468,-50.0459,-0.0768671,-14.2105,108.235,36.2509,39.5892,-14.6576,0.23362,-13
187.027,-32.9559,-41.109,119.488,-105.65,-41.0006,-32.672,30.8392,66.3041,10.3696,-55.8269,-11.6487,49.3272,-12
496.823,10.7597,-53.1345,-8.43858,872.052,-24.2172,-17.5363,4.11913,1.73513,-48.5419,-20.7797,-2.68256,3.48227,60
293.663,71.1286,-118.195,-0.522113,-55.411,-47.2293,-43.7698,38.2744,-119.835,-5.62318,-34.0212,-56.1632,-50.811,-28
214.045,121.262,-55.8486,164.992,27.6815,-78.787,-201.351,-13.6664,-192.425,7.30787,-4.11378,38.0252,-22.4202,-121
-246.824,18.0776,5.68941,-2.87628,166.129,-38.0073,-26.6526,12.0694,21.5568,-23.3596,11.9108,20.9368,-10.2869,1
41.2089,85.0523,62.4403,177.55,181.203,-55.3627,1.95104,125.718,87.91,-21.3133,-110.446,15.2087,15.7296,29
289.364,225.682,44.5236,174.844,635.018,-55.4058,-83.7819,4.19923,59.9907,60.39,-40.3308,50.4644,71.0394,-68
207.064,12.9842,11.5675,47.0501,-123.819,-71.8491,-37.3112,-52.4981,21.7364,29.899,28.4593,49.747,-9.86791,16
446.215,64.5629,-0.555459,84.0876,177.727,-73.644,-48.4835,90.4934,-104.934,61.582,-13.8504,-66.4091,44.5722,7
44.5415,121.957,-14.7294,72.0021,-204.35,-35.5851,-53.1669,-38.6067,9.05603,16.4667,41.7209,99.1723,-48.9448,-65
388.622,-15.5396,39.6468,14.695,463.93,-4.16732,108.345,118.791,100.056,23.2871,-100.91,-115.999,79.8291,59
-8.39104,35.7489,-10.1977,-98.1856,6.08835,-33.9238,-66.8677,207.051,164.954,-89.1257,-80.9062,-42.8484,38.4398,39
144.205,-29.7039,-21.6901,30.5687,253.815,-14.0758,-11.6777,2.25457,33.4055,-8.93201,-27.8825,-9.05488,23.4315,-3
137.708,-36.5015,-40.5866,12.267,81.8417,-17.7083,-28.9287,-17.3897,-30.3818,-28.6172,-16.4018,-3.4167,2.10275,29
-61.4921,-81.7395,19.0272,10.2434,441.848,-78.0036,-12.5787,48.3864,82.8108,-35.2749,-31.1339,5.45122,3.33441,8
114.911,-43.768,-7.15708,-37.3692,288.6,-7.34418,3.45613,-0.00603479,-15.4142,4.95391,4.96301,-26.3066,-2.40927,11
159.729,-33.3485,-8.13889,-53.7885,180.632,1.1685,-8.81798,29.07,58.4265,-29.1657,-28.5875,-6.89404,25.2505,-5
5.69871,3.58086,11.3468,-113.478,87.5268,27.5574,25.3452,60.6593,74.5581,27.7138,22.637,-77.9112,72.0151,8
171.367,-20.8704,14.2785,158.348,295.354,-32.9929,15.9106,-43.8181,49.8957,17.6411,-59.2506,29.3232,108.962,31
-277.928,144.939,-8.81206,68.5343,-134.047,-106.593,-141.749,178.554,252.503,-56.7405,-84.7648,-75.4291,-112.963,32
152.312,125.754,25.6048,218.608,-670.113,1.86447,-112.174,9.25225,-20.7551,-12.3787,-144.17,-44.8321,87.8912,-106
281.663,-21.124,-60.0736,129.82,201.915,-48.596,-22.1019,-20.017,-26.4163,-34.0749,-49.2258,7.36894,111.096,27
42.2002,-8.24369,-110.599,119.082,341.54,-47.6482,-15.6424,-74.7485,77.1571,-117.402,-153.45,19.4514,52.9651,-19
228.234,-17.8715,29.1605,-24.7976,115.149,-41.8706,35.3967,41.0396,-17.8715,14.5891,-9.17624,-12.5127,16.7931,34
489.689,17.6267,-46.3525,98.7617,-15.2681,-75.2614,-134.975,-4.60627,-96.9041,-60.5688,-19.8768,16.1754,21.3012,-11
416.044,24.5238,-50.972,207.327,16.0855,-15.5296,-138.291,54.2201,-135.299,-32.773,-260.795,-99.9926,34.5076,98
-122.74,96.2281,36.6221,18.4557,-193.779,1.61752,-24.6148,19.4914,-28.6121,33.2126,24.6536,-20.3309,9.30379,-41
273.71,14.0796,-36.1144,-16.4181,18.7974,-7.65625,-7.9692,-37.6623,14.9298,13.1867,10.465,-25.3931,13.6157,30
376.67,-35.5006,2.23012,-101.508,336.727,49.2496,42.3411,-23.0369,76.6725,15.7637,51.9062,-49.1277,8.8991,31
-38.02,18.0755,6.00085,37.5393,-152.916,-31.0803,-8.80113,62.1018,8.78588,-23.9,-28.7309,-40.6681,-33.1469,40
76.2443,-56.4383,-40.9431,93.8227,112.145,-71.4897,-73.2729,92.4879,10.1124,53.3642,-55.5584,-5.36508,117.816,-121
194.255,112.644,93.5851,172.98,-321.182,18.2458,-147.982,27.0694,-0.460472,148.673,-6.39022,-8.83954,183.512,-148
249.373,21.2766,6.49567,53.8656,6.49415,6.16263,-48.2351,11.381,-52.6154,-2.68056,-42.9485,-25.0811,6.1977,-8
241.737,2.29732,-19.1325,98.2691,423.614,-16.5038,-96.4192,-36.9848,-100.359,-30.1685,-8.93613,32.9507,-59.4356,72
63.882,3.98343,-17.8691,0.627245,313.843,-15.4877,-40.2776,-14.7001,-0.603772,-4.67579,20.682,8.19011,5.77846,-3
211.839,2.69709,-37.018,-16.6218,416.357,-38.078,-33.8522,4.65257,80.5459,13.0351,47.7946,9.42947,14.2731,0
107.704,-28.2573,-13.1504,11.6225,407.85,5.95594,15.8461,-3.54116,12.285,20.425,6.29312,-18.4988,35.0661,-12
181.521,-81.7841,39.0088,76.0254,83.788,-155.32,-70.9513,102.93,180.608,-130.138,-80.115,-96.3576,-77.1664,135
99.8354,-60.7497,88.3586,113.826,525.161,-20.7461,-10.2107,106.019,76.0994,30.8104,-208.87,-82.5111,60.5635,-14
28.146,34.8154,-1.11997,-19.452,-181.647,2.7047,-20.5191,-13.5114,48.9111,15.2854,19.906,2.5177,42.7542,-31
-195.64,-18.1868,-49.2993,-92.219,-91.2891,-42.3604,-69.7185,24.5652,40.1228,-58.141,47.9734,30.9031,-45.8126,-9
263.082,28.2226,-13.6127,108.74,121.114,34.0846,-73.8445,-28.6454,13.8924,12.7408,-15.1216,-36.7687,7.93288,2
179.296,45.9255,-64.8958,176.422,40.9702,-71.9336,-174.818,-36.6861,-65.8758,-14.5292,8.79387,-9.99401,12.6862,-44
3.19941,-98.4871,-64.8857,-93.6811,247.453,-8.80302,77.6509,0.41826,-4.40186,43.3378,-27.9331,-84.1614,25.5618,70
368.18,97.4899,27.4339,51.2265,167.447,-10.1263,-54.7498,53.336,-52.4917,20.7251,-27.6668,-38.3169,36.1905,-8
308.141,57.8892,11.3956,109.098,131.305,-92.5097,-63.9192,28.7155,-12.1349,-7.07947,-52.5498,11.3646,26.5576,-13
303.58,29.2382,10.8759,-34.7645,-125.682,-40.5193,13.9786,58.638,77.2155,73.5842,2.75716,-41.7311,16.728,-26
86.8753,-218.631,-43.0017,80.6331,72.2947,113.13,-257.581,-143.805,-68.4875,-1.29738,-40.8772,-15.9681,115.738,-171
53.0314,141.329,-7.7184,19.6194,-347.292,-19.5254,-33.0858,68.5215,-131.634,13.3124,-67.7871,-38.3447,57.5322,-20
176.185,45.6391,-20.558,0.690414,-131.193,22.5339,-31.0252,15.4445,-86.9446,17.1872,-14.4601,-19.9161,-4.86931,24
-4.89346,163.021,89.4033,180.54,-119.365,-87.4581,-30.009,82.2262,38.9746,5.12744,-44.6013,-41.7694,42.6809,-41
267.482,-0.471967,38.5271,130.569,474.835,-23.1686,-76.8792,112.92,-128.279,-30.1927,-71.8845,-70.2235,8.70064,99
327.893,3.17497,-27.1896,20.3271,8.00222,-26.9722,-60.4597,20.6578,-73.3988,-18.6606,-14.6081,-9.81791,-15.3455,-4
91.321,174.096,-18.1062,49.6867,-429.252,-39.02,-8.3446,-0.135886,-44.1531,85.8129,72.9668,-7.97997,-96.628,-43
346.359,67.5208,16.41,99.636,633.338,-23.2061,-7.16205,7.19482,83.0728,34.2862,-12.1464,-4.37,11.3305,2
91.4735,-7.77667,-57.3432,-3.53902,-143.956,-22.0154,-58.7633,-35.9718,-77.535,-39.5646,-13.0009,33.9883,-33.2058,-58
-264.899,19.6027,-69.7485,38.9723,-190.301,-59.3524,-210.683,84.3664,-38.1534,-19.5023,-6.11284,-82.9523,-158.775,-31
-107.673,-7.61304,-16.9463,-94.3287,-249.843,-59.122,-35.8646,12.242,142.628,48.5986,43.2621,25.2153,11.9437,16
95.6232,172.709,-16.2871,60.3412,-182.838,-58.652,-71.4048,33.5423,-121.768,56.0889,-11.2939,-17.7588,-32.6594,-17
246.61,40.5145,-14.4013,8.5289,368.477,-62.6372,-9.78598,20.4097,24.3356,7.06724,4.29213,1.53405,-7.50001,5
264.407,84.892,-19.3086,39.0127,172.711,10.3518,-12.1306,34.3801,-16.9557,-25.281,-70.498,-53.3646,74.3186,4
118.207,-1.84268,10.3031,57.2257,146.747,0.814019,-0.767695,15.9731,12.6474,16.4483,-14.6142,-12.429,11.9096,-8
278.735,43.4848,49.2979,71.168,203.18,-5.54009,48.3477,60.0106,66.4864,26.1532,-76.7258,-50.1163,50.729,-24
-32.9612,-79.3249,1.1512,-22.039,355.803,10.5882,8.7806,9.61537,8.55778,-50.6601,-14.2588,-7.28305,4.67241,27
505.598,-7.55626,0.45744,86.9012,-97.1364,-45.3711,-122.894,101.892,-117.922,14.624,-97.2749,-41.2867,57.2591,-75
211.985,-5.28996,-5.59427,15.9597,-50.8572,-26.6638,-53.7322,30.2599,-68.7544,-19.1606,-72.0365,14.3004,-6.35549,33
109.45,5.82688,-103.374,34.6271,-213.457,-66.4748,-73.5118,-79.6657,-13.8487,28.3782,-4.42104,-9.98112,76.9973,-122
91.0233,170.461,9.72089,-7.56977,-194.113,-17.1904,-61.0134,60.4651,-69.3918,108.789,-42.6193,-86.3002,2.86244,-67
-19.8322,100.605,63.8069,178.206,-184.968,-126.852,-99.0971,161.384,62.3216,8.52708,-101.003,-61.0952,-56.4259,-61
106.334,-61.2816,-28.4565,70.9024,88.7464,-7.35789,-1.40505,-24.1729,99.7913,13.0631,-24.6129,6.04867,59.3357,-61
285.39,-64.3386,-0.7392,-13.9736,634.794,-37.4162,29.9453,0.713565,17.809,-48.8152,-9.59841,-11.1428,8.76894,67
239.268,61.9112,-30.6128,1.06427,-125.635,14.9323,-21.2877,-47.3291,26.4358,54.9142,98.2076,-18.7793,-65.5443,58
-153.892,-47.68,-1.37727,7.38859,-69.6982,-15.9767,48.1246,7.06357,20.7829,10.4341,-66.8799,-20.1259,23.9139,33
33.0148,14.9169,-4.43108,8.86218,152.656,4.89017,14.3739,-4.27374,35.1405,19.0986,-7.59024,-26.9589,34.2272,-4
-102.573,22.102,-14.7216,177.361,-77.2178,-48.5876,-33.9413,-30.3213,-44.8525,38.2997,39.9005,-2.48573,-12.6923,-43
579.108,35.5796,-26.6797,120.162,96.4609,51.5752,-3.41985,-60.3625,85.3212,100.299,-22.6607,-54.8466,36.6304,5
47.7667,38.808,9.11051,60.3816,-219.407,-35.403,-31.3717,43.8106,-17.5195,2.37239,-32.7665,-38.7949,24.7738,-52
-88.1128,62.7285,32.038,-8.89962,1.69566,-139.096,7.61278,82.0334,99.987,50.6355,-23.3437,-42.2964,58.9389,-108
302.746,-23.2797,-59.4057,-13.7845,297.098,-48.0686,-65.6135,78.7423,-2.76728,-50.818,4.28215,-13.5414,-19.2898,100
71.436,-8.41614,0.38718,-11.4809,263.351,-12.1256,-4.86044,-10.6048,16.9354,-0.310875,2.01373,-3.35338,2.67401,15
278.875,161.203,-21.8842,38.3826,-85.9956,-60.8299,-101.32,-26.1155,-134.293,-11.6318,-8.24812,41.4166,-6.29137,3
-4.05081,-33.7485,-4.90178,-26.2176,179.326,-33.2736,-25.4927,51.2965,42.7903,-46.6335,-5.5865,-19.1247,-29.1326,40
-1.93009,-28.0391,-29.1378,-63.1785,71.0505,6.58215,10.5792,-30.4862,36.8153,-2.01847,15.4821,4.0611,45.386,-18
275.741,-64.0346,-39.6221,62.3892,165.691,17.4414,-73.7762,-17.2713,-4.61547,-53.6041,-68.7511,3.60543,8.2685,2
368.271,-21.1212,-103.102,-12.9684,57.601,43.6789,-55.9186,-79.9416,-38.0144,0.120064,-6.42279,-8.00897,22.8687,34
-55.888,-12.1648,3.9774,9.29837,171.662,-2.0931,23.131,-16.6265,4.64643,11.3576,2.15945,-12.0203,24.4197,-1
119.172,-11.2843,-68.4254,-91.3734,-67.7385,-23.4106,-1.61825,6.22791,19.6109,36.8649,-28.8582,-19.9126,52.6431,-65
40.6776,15.4917,10.2943,9.3194,68.3254,-61.4686,9.31713,81.9293,61.627,-47.9916,-83.1879,-22.4811,30.3462,15
157.684,-29.3613,55.6491,26.457,203.84,-36.8454,12.627,66.8072,-33.3147,7.59996,-23.656,-21.2422,34.7564,-11
-6.49961,20.5619,-5.24629,36.4628,-90.238,-14.5929,-26.7028,9.81608,-48.4944,-1.40932,-4.95669,-7.64526,-12.9383,-14
171.844,21.0038,-23.6914,37.9844,122.597,-26.3438,-64.9715,41.3929,33.8112,2.72472,-75.9985,14.7106,73.5203,-49
242.787,28.3244,-6.97103,69.467,438.645,-5.30379,-44.1922,19.3656,-42.0063,13.3335,-36.2433,-15.7259,11.2708,9
-190.91,68.0247,-101.811,-151.797,-71.8347,-19.7804,-14.1988,-55.8728,215.096,58.1833,-107.97,44.4188,148.109,-249
100.129,-2.56518,-15.9945,-24.8528,-0.383324,5.91456,9.2072,-7.41789,2.09549,14.3016,-5.64157,-8.23866,7.67329,20
155.012,-6.63041,55.8258,22.2863,-75.5831,-26.7213,-37.656,115.687,4.61664,-11.2999,-119.744,-11.4669,38.8724,-72
81.1641,29.535,54.7766,-33.5255,-2.89081,-74.8119,-31.7083,-12.0592,-42.3191,31.5917,67.8949,41.7678,-29.7856,38
-62.1567,14.9764,14.922,15.1542,-82.2724,-32.5668,-7.64142,17.3338,27.025,14.334,15.0599,15.404,-4.3039,-19
-2.62757,95.5036,-66.4538,-5.60813,-247.899,-73.5173,-82.2568,9.01019,7.55549,-20.0502,5.79423,8.32357,-3.85817,-47
9.13961,-99.4389,-47.4856,161.584,252.977,-62.4142,-29.9335,-41.384,-103.337,-71.7234,-0.344003,-23.3312,-41.8419,33
-116.603,165.047,-35.2288,47.7275,75.6983,-25.0226,-61.1051,-1.86001,20.1801,116.794,-17.5345,16.4573,146.462,-120
-28.5408,50.6392,-20.3136,-64.8565,-78.3811,-13.533,-22.6059,1.93341,-6.46206,33.84,54.797,-7.81658,-42.8493,26
-107.22,40.242,27.2658,6.14942,-23.7631,1.28685,-51.4254,9.35495,-68.8633,25.5337,30.334,-12.6275,0.303765,-13
-164.442,113.925,87.437,277.32,-7.99642,43.0617,-129.996,67.1528,-40.5361,45.4227,-123.151,-107.207,-6.52959,7
147.105,-20.4194,-31.7685,-131.766,-294.123,35.5638,65.9266,-29.6993,-40.1722,12.147,6.08195,-26.035,5.97234,47
156.998,-36.9684,-3.44182,2.16077,479.752,10.0668,-10.6815,-28.1668,-64.2704,-30.8882,19.1258,12.2171,-5.39033,54
151.532,-14.556,-6.96703,-43.1892,237.183,-1.95302,-2.09876,-11.3411,8.19228,14.0382,33.8878,-16.1633,13.0272,12
193.993,17.1856,-25.0446,31.651,-66.7507,25.6697,-47.5741,-7.37996,16.859,11.9337,-30.4682,-51.3874,22.4,-49
297.43,-31.5366,8.20816,-4.85937,530.847,2.28649,13.6194,26.04,-25.5272,-15.3382,-0.232011,-30.9415,-1.88085,40
39.622,-30.4621,-194.73,-161.148,267.616,59.6314,-110.967,-51.5091,102.422,-97.5766,157.077,212.238,-67.0037,-178
209.034,5.49973,-9.36797,4.52855,136.279,-21.6158,-19.4175,-1.75464,-0.0564778,17.2832,5.54121,-20.8472,3.0661,20
216.837,-28.3377,-7.14311,12.4754,45.7474,14.1109,-21.807,-19.2305,21.002,-11.7485,-44.8045,-5.93957,29.8923,-12
-43.5931,32.518,18.2021,72.7053,144.196,-39.0637,-25.398,1.82319,20.7767,-21.6176,-15.0311,22.5233,0.742672,-6
381.661,28.669,18.4239,44.034,216.241,-11.367,-74.3875,26.807,19.1303,43.4288,27.0602,-46.5646,16.0957,-51
42.1887,-5.73628,-0.495931,2.8419,37.4244,-2.27398,-1.43755,-3.25866,4.92209,2.37572,1.5572,2.73565,2.25455,4
193.914,63.5429,22.031,53.9438,-270.122,-113.229,-33.3313,124.294,18.3486,-7.02075,-50.4915,-76.3792,31.2877,-72
78.8535,52.6437,6.64002,31.5949,-66.4941,-26.9983,-51.0246,15.8098,-37.1492,-9.00602,2.82992,11.1528,-13.4815,-10
240.097,94.4174,-127.744,39.9739,-27.5969,-42.6453,-210.987,99.9672,-3.94851,-61.1276,-131.763,38.4972,-55.773,-58
-192.368,139.117,58.8828,169.589,-182.618,-18.3972,-29.4369,72.4869,-79.9412,76.5629,-7.30388,-26.3518,-33.9817,-76
-58.3902,55.6471,4.7042,100.744,-75.5916,11.9264,-16.5392,26.9642,-36.9122,7.50753,-38.8345,-5.89099,26.415,-3
425.509,30.0244,-117.714,118.102,17.0192,-134.579,-208.928,-4.95496,-64.6899,112.319,30.5302,-74.6853,-45.8571,-129
271.826,21.47,23.8771,153.788,80.4612,-38.8353,-89.7918,4.16219,-93.2412,-60.541,-80.6056,-69.262,-1.94519,19
105.627,83.4878,-31.7084,111.02,66.8088,-35.4289,-58.9206,3.21942,-29.2647,-40.7833,9.54845,-21.2576,-14.6376,16
-33.9206,-26.7067,-20.0894,20.7277,-154.738,34.8688,75.8414,-1.56748,-36.9435,45.3453,-51.8979,-50.6252,39.2351,51
52.7104,-100.241,-19.0514,19.6292,501.927,10.5749,-5.72443,-4.98324,6.73118,-38.6361,-0.640789,-11.5946,-7.75756,58
91.3072,44.2466,-63.1929,7.35499,-105.434,-74.2784,-36.7495,10.1995,-115.681,-27.1624,19.4304,-27.4822,0.137659,-4
428.599,33.815,-79.8402,42.6496,70.3993,4.35163,-72.9347,-24.677,-40.2134,6.5372,-24.6625,-8.52604,-15.3893,54
163.267,-4.10019,-24.9168,-5.41483,284.494,-40.716,-39.3822,30.083,7.72243,-13.4988,6.31598,7.98974,38.4692,-49
533.875,32.6739,-60.8829,15.1575,178.414,-15.6731,-110.791,-40.2284,-137.172,48.6525,-90.7016,-35.6129,131.182,9
151.564,-25.5538,14.6304,7.93084,217.617,-34.0827,22.4447,14.4908,25.0698,3.39897,-2.19088,2.95652,21.1965,19
350.169,108.738,-13.7768,-87.1071,592.636,-13.3659,-115.518,-7.28883,-55.3617,23.9834,31.2271,12.1972,19.0158,28
372.654,88.8777,-116.564,49.1787,52.3912,-123.916,-126.645,51.5186,-138.073,-14.9298,-73.1247,-119.868,28.1065,-77
-174.573,54.4836,26.8778,-15.5048,171.2,-4.97155,51.3083,35.0523,69.3545,11.0162,-41.9615,-50.1223,142.184,-48
128.659,5.85598,-4.76245,2.60808,158.821,-6.95466,-4.1451,-3.61064,-4.19816,-0.993972,11.3931,-4.93617,5.67985,1
106.503,4.98751,34.4236,-85.9665,-33.6609,4.9155,25.0748,20.8704,-4.71037,27.637,30.0399,-19.9719,14.7318,27
45.2814,51.5349,1.65467,50.1924,-51.5149,-4.599,-31.6552,10.8287,-3.71113,-2.17582,-16.7918,-24.4678,-12.5703,-1
210.027,-17.9251,-9.03145,-1.21841,352.376,-4.80364,7.28706,4.65342,-10.5182,22.5498,4.0236,-8.41989,50.6587,15
204.176,38.3632,29.2891,93.2304,202.035,-10.8259,-65.0356,-6.3755,-146.191,0.131563,-12.0292,-12.036,26.155,32
231.421,44.975,29.0243,105.492,389.638,-38.6905,-87.0174,35.9791,7.83475,11.5497,-31.8325,-30.8628,21.3016,-93
307.614,1.34316,-42.3897,-102.8,-201.195,-22.8163,-34.5181,-19.7446,-68.6663,5.91334,13.6505,22.1389,26.0187,57
143.265,-75.7259,-7.16221,167.455,18.8729,-111.016,-216.138,152.279,-149.922,-113.49,-176.692,96.0492,95.3912,-140
-106.241,140.004,-57.3246,9.05067,-120.862,-89.6178,-153.625,123.686,-22.2014,-108.052,-33.1243,-30.8679,-68.0574,172
-149.441,-102.696,-46.9916,-100.795,113.417,64.9795,25.5373,-116.292,91.9149,0.372425,6.49628,54.9855,158.075,-64
70.7628,102.801,-2.27524,64.2557,5.75846,-43.9425,-73.4158,8.79611,-52.9429,75.7906,69.5498,12.2202,-21.2358,-62
-183.753,-86.7157,-8.95985,-71.6639,610.717,-27.0205,-56.9266,52.8026,78.1597,-83.5924,26.3667,-10.6252,60.0574,112
76.3806,13.0817,-10.8774,97.1435,69.3324,-49.0205,-63.537,25.512,-117.937,-29.4965,-7.27025,-45.3891,39.5654,-36
-17.9395,-0.311774,58.8165,-101.354,-730.693,-8.91117,17.3677,87.6585,-198.725,87.1263,-48.3409,-39.9985,46.7273,66
317.941,-7.62821,-98.2226,-72.7403,-70.4179,-22.4838,-75.9271,-14.2806,-14.7016,25.2842,-54.9662,-16.6379,34.265,57
-127.011,-9.0928,-94.4574,18.6969,-206.899,-101.092,-191.961,191.731,-119.213,-160.764,-93.7749,27.1192,-188,21
61.6865,58.4642,-40.5571,3.02587,-85.9065,-66.2624,-35.4428,-15.7986,27.2125,69.8251,47.6047,11.0804,-3.92661,-54
-38.1886,-23.7405,-13.7861,-23.7558,-224.82,42.8644,31.1762,1.4955,-37.5741,1.19931,-68.928,-51.0431,57.4158,20
299.377,-32.33,-69.7269,27.9592,-74.9226,50.928,-3.14299,-4.79208,-51.263,5.62128,-38.1208,-28.9385,91.3015,47
213.191,41.5604,-59.0889,74.4482,-105.291,-67.8907,-69.9659,27.0369,-151.065,-34.4137,5.81693,-11.7353,-130.774,42
28.2781,105.562,8.34422,43.2915,-244.849,-40.4889,-10.2306,27.5447,89.911,41.9602,41.5499,-23.718,-30.387,20
358.096,-1.71024,-27.0533,51.9984,-150.549,-63.3922,-24.1976,30.5407,-7.92273,-19.1568,-30.0397,-24.5061,1.60706,98
-174.061,28.1449,36.691,55.6882,35.2636,-28.5889,21.1535,-5.44066,35.573,4.65562,2.8535,-8.32172,22.8897,-16
-283.074,183.358,78.9362,81.9129,-449.595,-7.66087,-186.195,-45.5657,-3.97876,166.413,221.227,24.3398,-54.9865,-123
303.682,225.558,-44.7744,96.0916,-145.728,48.9433,-182.282,62.6078,-28.9452,1.18864,-24.6604,-108.844,-71.8894,-59
67.1802,31.9144,-11.1342,-6.7822,295.496,-41.3942,-42.7726,31.7475,-35.5949,31.0013,-1.76634,-46.1191,-19.4625,20
196.449,47.7403,-12.6963,-0.539486,-345.58,-5.48469,-35.7428,1.49156,-29.0492,28.1677,-18.6513,-0.713842,-69.704,-1
160.042,-33.6626,-6.66708,47.905,671.707,-29.5915,-20.207,7.64876,38.2293,-5.48386,9.27518,-1.43401,1.42095,12
142.51,61.0875,11.2294,23.9746,-245.684,-17.5254,-58.6664,-0.218312,-65.8291,21.1811,-56.9114,-38.2129,-23.1923,51
228.961,151.818,-136.354,150.24,-369.485,-101.405,-228.251,28.4003,-170.015,10.4707,-99.751,78.0364,154.962,-198
-196.213,91.6291,17.8843,115.646,-247.67,-53.1426,-102.834,29.9965,-157.368,32.0941,-1.6991,-25.8016,-41.8932,-74
235.66,134.368,70.4817,16.8434,-228.82,-62.2067,22.2062,59.2968,67.3833,113.988,24.1458,-1.30937,-11.3037,-73
238.797,-11.1179,-116.792,13.4588,422.367,-4.43444,-139.132,86.7955,18.8746,-128.459,-102.461,-52.6355,-137.348,77
306.297,3.01361,-49.0232,41.8131,186.014,30.0636,-67.3951,-48.0919,-110.374,1.88555,8.46192,-29.5938,4.81109,49
135.685,-1.69351,-18.5276,-25.5534,-219.105,-45.2592,7.42031,44.6914,37.3671,25.7622,-12.5629,-1.87763,48.4387,-41
260.567,-66.9848,-54.9035,-48.4167,17.5554,7.56922,-78.8817,-41.0623,-91.264,-35.014,-36.6325,-0.349987,15.0372,63
256.454,-42.8897,0.588234,52.9282,58.7735,11.277,-36.0769,-10.905,-20.1758,-96.668,-6.22611,-21.2477,-14.54,84
258.601,8.70111,-1.27139,-11.3922,467.382,-15.365,10.0208,-10.8588,-37.9448,4.69202,7.89238,25.2537,36.5897,11
211.561,-65.2296,-138.27,53.1635,303.429,-36.5107,-27.5097,-87.266,30.0262,-55.096,-65.8953,54.5717,170.638,-76
870.262,-52.4117,-69.0911,35.6551,362.741,1.0777,-145.322,-61.7902,0.450473,-42.0386,61.3536,110.115,99.7742,65
90.6956,41.1951,63.1363,44.9884,-230.382,-183.772,-51.4324,86.5806,-26.3433,17.1037,-26.6014,137.315,12.9185,-95
134.855,-66.5208,-19.2469,-201.016,88.6973,7.60451,-158.284,25.74,2.94223,36.7155,-222.816,-58.256,187.881,-69
-167.864,15.2964,4.15041,-43.1754,211.941,-18.1244,-6.30811,14.5351,36.4396,16.8802,25.4859,15.7503,16.2361,-7
174.297,14.2785,8.83748,-23.4142,-107.781,33.1419,53.0551,20.7934,26.1674,37.0694,-21.1743,-33.3944,42.5676,24
381.888,5.81029,-27.2014,-2.19448,177.719,-59.4375,-41.8594,32.2593,-50.7919,-11.7902,29.3438,-9.51922,6.81474,1
370.24,-69.2406,-42.7713,3.36243,361.079,-3.87081,-24.8193,-30.8346,-76.343,-53.8483,-12.5745,-9.35121,-0.365497,38
-280.324,-84.8316,136.028,83.8516,66.013,192.26,-48.9952,70.724,-145.344,96.3763,-111.983,-49.3014,156.845,-8
89.6746,84.9708,-13.1033,37.5576,-79.5767,-17.1185,-36.3815,0.16398,-77.7706,-7.17261,-12.4642,-19.5453,12.3849,-17
102.946,119.237,29.2858,-42.7877,-513.477,-59.6695,-24.6723,88.2956,52.0818,35.3983,-21.2602,-6.85842,20.5962,-3
126.238,27.4274,10.5701,15.5762,123.259,-6.06802,-39.4636,-8.98195,-8.54137,-5.69638,14.1679,1.02863,-12.963,5
-123.968,0.0491235,49.3651,51.1985,499.773,-111.118,-35.7339,10.4218,60.298,-20.722,12.3561,10.192,-7.34083,31
-76.7341,54.3452,-10.6862,39.773,457.797,-52.9792,-31.1629,0.709711,29.545,-16.5475,-16.3669,-8.78867,3.07717,4
14.631,-23.27,-13.7211,-39.0007,437.772,-13.3037,5.72101,-13.3935,55.4326,-9.456,0.42282,-14.5151,53.0376,-4
121.236,-15.8825,-2.46726,2.59547,161.468,2.58489,0.721483,-17.1915,11.808,1.73118,6.13738,-14.5593,5.06033,18
193.983,-81.2813,-23.8989,-7.19278,369.048,-11.5359,13.103,-36.8069,13.7152,6.32358,21.9524,-42.7313,43.9,16
507.294,-35.3912,-20.8254,160.144,493.93,-61.1233,-42.8579,11.0815,26.4765,28.3437,-76.0882,-54.427,23.4548,-86
199.375,-2.51155,59.3948,54.7549,553.896,-17.6628,-7.30658,48.8214,55.9143,56.1958,-42.2942,-63.5482,5.62847,6
414.774,-8.62546,-43.8116,-2.63983,250.803,-64.2373,-30.0608,-14.1543,-31.7435,4.93542,-6.67736,-2.98239,2.59965,33
271.952,-25.1819,27.3041,142.142,138.268,-2.43288,125.659,48.0516,67.8803,35.0913,-84.1171,-72.5676,60.2934,71
-69.6118,55.9522,0.52197,49.4329,-340.259,16.6732,-29.7377,30.7985,-65.3558,19.658,-37.1484,-14.5571,0.115913,10
291.812,20.5495,-2.79086,155.844,27.6584,-94.7941,-59.9314,80.2343,-96.93,-37.704,-127.276,-43.0989,-4.43751,29
87.3009,-6.69721,-1.02446,2.40167,57.8047,6.02141,-18.0818,-6.17142,-1.50152,4.06325,-1.77298,-8.97384,-7.60176,7
-95.2905,40.6244,7.96018,32.8477,-95.7523,-13.5013,16.3417,4.43875,-15.7494,12.3074,6.86078,11.6086,-8.94996,-12
138.324,-22.5708,-34.9534,-9.98015,631.469,6.39945,4.66962,-28.7442,12.2536,-2.63117,18.8744,4.54614,30.6798,19
76.3597,-29.2818,-6.02707,20.6574,146.492,-22.4481,-8.53049,22.9888,-15.0153,-1.75601,-15.0574,-7.32832,3.53875,4
-149.935,160.767,-6.56106,50.803,-17.1527,-145.256,-75.7093,132.461,286.19,-73.7481,-4.67473,-13.3285,-139.651,8
25.0797,31.1203,-42.1616,-96.9348,-243.635,-45.817,-19.8564,5.77407,-77.9207,33.6162,31.2302,-34.2205,26.4914,-18
449.001,6.60361,-33.3397,191.947,-100.428,7.37638,-66.2552,131.086,50.8428,134.371,-140.885,-17.7992,35.8478,-1
29.4011,-120.104,-20.2863,34.1845,-331.764,93.3774,17.5,-7.64084,-47.6282,39.2916,-61.7172,60.436,171.915,-84
155.185,99.9015,-12.4514,99.3697,-101.26,-223.729,-49.9957,191.055,-2.83634,86.5136,-13.5635,29.1817,-86.0185,-106
104.152,2.81303,1.01864,-7.22083,271.814,-5.18962,-0.670627,2.01612,19.8321,-11.6813,5.95035,-8.27086,18.4465,5
-86.8196,-92.8644,-145.005,-100.105,-208.583,-50.4388,-59.7435,113.846,-64.8432,-39.6911,-26.0243,-69.7523,-118.794,117
352.286,8.90982,-62.122,33.4118,308.134,-18.8798,-21.0819,-60.9184,-1.13185,55.2317,51.7717,-29.969,-15.4502,19
273.219,-53.1505,-35.9812,-0.490318,67.984,4.81809,-20.1264,-34.6739,-50.0602,-19.448,-19.8917,-7.53672,7.93118,53
-32.1266,25.5148,-4.87366,40.8381,-86.0968,-28.1661,-30.4042,23.1782,120.867,47.1959,32.8785,-4.8025,-31.8525,31
36.1769,-17.8264,-1.06973,-22.0781,171.959,-5.94363,7.8531,-3.2193,-1.71329,-6.43565,20.0027,1.40286,9.84566,6
351.148,-87.4458,-71.271,74.4709,440.094,3.27459,-37.7876,-103.835,207.194,-18.8026,-20.789,-111.421,24.1111,20
219.13,-64.904,-12.4799,-76.5751,63.5145,-20.1076,-51.9895,-45.1917,-10.4758,-39.3201,46.9834,7.3431,28.1294,37
202.467,113.576,123.739,116.088,52.8987,52.7744,-51.8696,77.3342,-121.829,112.788,-27.3346,-25.0961,6.48058,-64
-156.975,-113.183,-33.4364,-14.5636,39.1258,-77.6583,74.3673,-69.0115,-16.0586,-17.3652,-35.4267,-56.5946,57.5262,11
316.805,148.451,50.9543,26.4272,-236.577,-71.1267,-56.8488,115.865,-92.429,-26.8687,-65.3392,-74.6255,1.42685,76
48.1859,6.26374,7.64368,16.9854,-80.2719,-40.8315,23.4409,47.1255,107.715,-3.36778,-51.4661,-52.6823,-21.9464,21
165.251,124.385,54.8973,79.4453,-288.931,-16.8974,-124.425,0.15496,-122.98,73.4468,44.8737,-13.5479,-23.3581,-3
-23.0358,1.41545,4.62655,61.1773,266.55,-19.7072,11.397,-3.43676,9.9744,6.07593,-19.3456,-5.41279,41.1203,-19
125.807,-7.6039,-11.3458,10.4687,440.11,-1.21866,-12.4793,9.14882,41.6087,0.874938,5.67963,-19.1899,35.5633,-9
42.9475,214.016,178.805,191.83,38.0551,-53.2157,-18.1514,98.6898,16.6441,164.07,-12.1472,-135.691,46.1514,-124
-36.524,53.095,67.3784,35.3886,175.525,-43.576,-6.16765,92.791,31.6038,9.51905,-25.7909,11.3736,77.4845,-52
57.638,-37.3955,-69.3619,169.26,142.268,34.6897,-207.785,73.146,99.5484,-146.787,-379.737,-305.694,90.2678,-13
442.819,26.0611,-17.9779,49.0108,297.942,-1.20922,-69.3068,-25.6021,-63.0982,-31.59,-54.6972,-19.295,38.9626,50
-3.38709,104.192,115.101,34.7384,-331.828,-28.0246,-79.3432,29.7213,65.9655,93.4168,-11.8364,-57.0861,-5.16871,3
192.867,-11.9775,-29.4119,-22.2386,71.0977,2.05564,5.03256,-19.7805,-6.10634,-7.19925,-10.7849,-9.99219,11.8878,2
414.374,-90.7826,-47.7623,16.944,115.136,-48.6645,-77.4029,13.6523,-116.933,-67.2406,-40.1126,-51.5004,-11.7158,56
126.547,-54.0456,16.0305,69.8882,189.453,67.3615,-45.2218,-4.38085,43.4545,60.311,-81.6383,-39.3815,138.709,-63
13.6093,29.9267,-26.0177,155.36,-435.869,59.4371,-67.0425,-35.1309,47.0009,25.3728,-48.5966,51.3287,42.0552,-143
182.822,-78.1976,4.21222,70.0932,573.414,-196.475,21.9471,-8.01839,26.0599,-57.8848,-40.5253,86.7562,-30.6768,64
300.327,130.148,-27.8855,43.6875,21.5212,-77.3503,-122.256,35.3598,-164.107,38.0367,-37.5707,-11.9358,3.57287,11
477.325,91.237,-73.398,94.1824,-55.8449,-169.925,-206.28,7.33761,-12.2515,-25.8052,-8.13509,22.4469,-2.98469,65
165.889,-43.1349,-62.7061,-32.2774,557.826,-3.23255,-88.6629,69.9943,25.8831,-87.5857,-58.401,-18.3305,-31.2645,38
236.443,29.2198,-31.3236,-57.7867,87.5295,-2.55038,4.23459,9.76945,-46.8676,17.1002,17.9258,-11.3984,20.9932,9
370.209,58.116,7.11416,38.3294,41.8844,-45.732,44.6775,36.1734,90.5106,74.0877,48.5047,-45.7098,3.34495,-30
5.84015,-19.5842,34.2494,211.214,-58.9023,89.2227,-62.3477,22.8151,-29.0631,14.6833,-62.7252,-93.8616,13.3021,9
137.437,-22.9754,6.9011,24.2447,279.684,17.2218,44.5345,-9.08362,19.8542,-9.2753,1.32676,-21.6551,20.6803,34
34.2163,124.775,22.7991,-40.316,-307.627,-38.312,-47.7636,52.5557,-15.2063,81.1778,41.6131,-20.5854,-5.52037,-46
525.346,42.7054,25.0622,-61.115,80.1668,-124.553,-89.8035,57.5751,-202.857,34.0598,2.87471,111.755,6.35774,68
464.313,-39.3058,-36.4717,49.0812,406.487,-37.4109,-66.0485,2.98636,68.2136,30.5638,-49.8561,-20.0692,30.5643,68
112.041,1.01789,39.9558,70.8326,220.848,-43.2257,-12.0103,-18.2859,-0.75087,22.4941,2.64561,-22.7868,-47.5411,34
75.7707,-44.6978,-5.60369,14.4956,265.385,-39.7082,-44.3701,26.4367,-16.1591,-56.5282,-6.49643,-2.39196,-31.714,58
234.058,93.7636,-54.5891,-4.03666,-112.742,-53.3162,-109.706,-26.7621,-60.7935,104.613,11.0934,-18.1106,25.1735,-34
69.6648,12.8183,11.7313,46.5608,102.262,-17.8456,-20.5191,14.0738,-80.7408,-12.3669,-16.0994,5.31035,-3.65889,27
18.7434,46.7549,97.9709,104.661,157.327,-51.8298,-32.2898,103.632,-98.3824,37.4025,-47.159,-25.2895,38.8327,-11
-121.756,102.122,-7.64061,108.949,-206.68,-38.4462,-43.6753,30.186,-86.7782,-3.89702,29.5902,34.0559,-50.3577,-23
103.408,-3.15117,-22.4872,21.3738,451.861,-38.3341,-58.3907,16.9969,30.5798,-11.8793,-10.2022,18.8192,49.0341,-25
115.107,-34.1089,-24.2166,12.5338,-22.1775,21.6026,-12.0485,-16.06,18.1699,1.45168,-11.1765,-17.8224,9.38642,11
168.116,25.2411,-2.34256,45.7671,198.541,-0.0160464,-29.2388,-18.6769,-2.79475,-10.3491,6.06963,-2.00183,17.0781,-13
-15.9246,-7.0404,-2.65077,-13.7004,64.3425,-5.00858,-3.20505,6.27863,8.75188,-7.27361,7.9214,2.87127,-1.61377,7
-262.771,31.4946,28.9166,70.1859,-381.276,12.3876,-24.3411,-17.1674,14.5426,47.9835,10.0384,29.5499,18.5684,-54
159.291,27.2134,-8.9979,16.8072,-42.1847,7.0495,16.139,-0.35702,24.4167,24.884,6.95434,-9.89442,3.78235,9
-146.538,25.8584,-6.91253,85.5202,-418.551,-29.4894,-93.0392,-3.2433,28.3573,6.17503,-12.301,23.8134,57.3058,-147
100.027,6.40727,2.99595,-15.9328,152.511,-77.4974,-36.6086,88.918,-44.6204,44.9517,-0.471614,-61.9338,5.2594,-61
198.441,-42.2265,-127.743,-52.0597,409.698,21.2281,-35.3952,-88.6541,24.6266,-78.8276,2.0962,61.3268,32.3873,4
107.489,-2.65167,3.51267,52.6911,2.51576,-26.874,19.7787,24.4365,102.559,-10.5393,-59.439,-24.7731,0.158058,33
194.672,17.5218,-15.645,11.5461,61.2505,-5.15966,4.10732,19.4164,0.192824,-0.864975,-48.4784,-33.2073,38.3559,14
-47.0999,-4.89764,2.78036,-6.08888,277.492,-12.9174,0.115695,6.2184,43.1871,5.82284,33.4557,-21.5475,-1.54117,17
131.234,13.6811,19.7421,26.9865,276.178,6.51863,-22.4289,-3.89887,1.67923,-5.35625,-2.00654,-16.9986,-8.75043,12
451.967,150.763,-197.641,128.155,66.9159,-88.0507,-219.322,-83.9765,0.308768,-86.7378,-5.2771,17.7143,72.0964,-152
-47.7467,39.4588,14.7573,15.046,-162.89,0.549522,-16.244,-3.86477,-25.7002,-2.17512,15.0053,16.0798,-2.91469,-8
-43.5357,97.0406,8.15322,37.6949,-78.2663,7.74097,-38.015,15.9704,-41.5191,26.9764,-9.15278,4.73713,16.318,-32
190.194,115.17,3.39077,122.798,-103.759,7.36808,-69.4921,-4.67547,-53.4113,44.458,-34.3906,18.1876,-34.5963,-15
-99.6003,-26.5763,-0.774053,60.9477,233.25,-7.10937,57.5648,15.7135,65.1874,56.4043,-81.4481,-35.144,98.1681,-15
64.8981,12.6788,-2.55578,-13.2748,-107.564,7.03732,-3.14232,-10.4931,0.292564,-1.58398,-11.7195,-20.2221,5.82358,2
404.746,16.2033,-14.6789,51.6915,-16.8401,-34.3033,-55.8863,23.5118,-8.23847,-16.9181,-30.1434,-12.1783,75.1743,7
310.33,-35.8047,8.2619,48.7728,-1.05197,15.8927,152.661,22.5245,127.166,54.262,-134.542,-60.4075,115.239,97
204.572,1.52263,-8.68141,-28.8103,29.1549,-76.8041,-23.8936,-18.7519,202.751,3.47196,51.7739,37.8667,-24.6536,-11
200.205,40.8574,-25.8198,56.738,-131.75,-85.2344,-32.2203,-23.374,-60.5422,-21.2986,-4.44291,-48.2041,54.6662,-17
360.034,-10.651,-7.11636,18.7417,507.549,-10.8269,-16.5738,10.8016,12.9234,-9.60379,2.35153,-26.3205,10.3348,13
119.247,-18.2704,39.335,90.8335,156.501,-95.9518,36.0675,70.8164,39.9077,31.4724,-64.1697,4.65192,4.67998,14
-153.256,-53.447,90.4289,-47.3324,208.973,-16.4599,59.7355,39.5921,53.288,86.5083,-9.41747,-58.6397,17.8704,60
190.052,52.0735,32.5861,-61.8366,-177.228,-13.8397,38.1969,42.8804,21.1135,31.053,-13.8686,-5.14624,40.9696,13
243.124,158.057,89.2254,139.852,256.671,-72.1488,-134.878,51.3599,104.588,7.97026,-42.6439,-62.374,5.12652,-31
-123.305,95.5541,80.1832,241.852,-177.107,44.2252,-38.4864,54.8373,-157.887,49.2008,-94.3544,-3.29784,36.4759,8
98.0845,-55.5661,-27.1522,-67.0814,137.542,1.99462,28.0671,-16.0342,69.0625,-24.3121,7.55506,-39.1702,24.7478,-4
282.986,-11.9806,12.0827,65.1632,386.536,-1.22279,-30.8545,-14.3722,-29.1022,-29.6903,-4.08961,-21.2671,-9.93775,23
218.32,-1.35831,27.6908,83.4824,127.736,-71.26,35.5074,50.652,-71.4553,-34.184,-54.816,26.1665,-10.0207,90
336.823,87.8504,-8.34113,137.624,145.79,-57.1951,-97.0231,43.1596,13.5546,-40.7639,-33.6867,-38.4154,20.2314,-23
47.7238,21.9468,-31.5001,43.5783,139.605,-12.0255,-67.017,4.95958,-75.6161,-17.9212,23.0491,5.48411,-66.7891,-25
117.863,14.6763,19.7586,69.1123,144.382,31.7041,-21.8468,42.1017,-18.827,50.867,-66.5346,-37.9595,55.3318,1
2.9657,63.5508,22.6364,249.499,-30.3385,11.7083,-12.4533,70.6281,-16.1386,3.22583,-138.68,15.5544,64.5305,23
135.174,28.3207,-6.31943,79.5621,374.561,1.20486,6.53939,-3.73259,113.759,25.2124,4.52143,-16.3341,16.0637,-1
210.329,274.679,15.6327,60.5589,-83.5313,-38.4197,-161.25,113.221,6.08615,-19.1977,-214.296,24.0427,69.2487,-33
187.113,-94.1266,-41.3105,11.5807,134.663,1.31769,-1.72889,11.686,83.6949,-30.6571,-63.6265,-64.312,-64.3897,49
-139.288,53.7958,-0.340605,95.809,-172.413,-50.6404,-22.1514,10.4224,6.62087,69.592,38.7302,39.355,-27.8051,-93
-36.3968,48.3773,98.8336,161.228,-45.9409,-135.178,46.5977,208.203,-18.6946,101.283,-55.265,-44.3343,31.7574,-107
235.917,62.6315,-45.5302,96.9994,-72.6608,-158.854,-109.126,75.4643,10.5296,-57.2433,-21.2401,57.5233,-81.7199,-12
-115.116,11.319,37.5945,1.51766,-77.4695,-14.9146,-15.7392,0.969483,8.23538,23.734,25.3471,1.48377,1.8099,-6
227.165,30.3911,-57.62,-94.2172,-68.0192,17.1688,-29.699,-39.1426,57.0831,63.0654,59.7629,-53.3093,-0.952434,-14
219.159,-15.837,4.83996,86.6522,178.261,-70.9525,-80.624,-14.6445,35.975,29.327,-40.0288,-13.3651,25.9617,83
128.031,79.6617,-13.1782,-22.7804,-176.672,8.1342,-35.897,-7.69116,-29.7134,55.0433,54.2878,-10.0968,-25.2266,2
292.883,-49.962,-100.729,8.52742,465.725,-46.8205,-65.5733,-53.59,25.1523,3.87392,-4.36762,-15.807,31.4573,-12
44.1975,66.5483,23.9817,31.2018,-16.2997,-7.98408,-44.6736,6.94861,-4.56652,34.1605,18.0108,-20.6917,-10.6024,-7
163.168,-62.6378,-36.8684,-47.7144,240.361,-34.9828,-13.6778,-11.104,-22.7986,-45.7134,0.876599,6.55687,-25.9184,17
60.1863,8.32823,46.9623,51.9958,15.6436,-33.218,23.2698,10.1139,161.797,61.8304,30.1296,-62.9554,34.4491,-33
338.371,-20.7858,-38.7132,-74.1956,9.17408,-171.097,-109.955,-35.3316,-34.8407,2.50693,66.9312,-2.35742,-14.9973,32
87.1667,-64.134,-5.94408,-28.3813,69.8267,-10.7055,0.123066,46.6416,96.1572,-4.9529,-56.1804,-44.8852,18.6377,-2
31.4515,236.986,27.3936,301.998,-379.837,-29.481,-129.709,70.7943,-4.55501,35.595,-179.417,-39.6903,53.5534,-100
147.358,-57.6977,-17.0138,132.315,-24.575,-83.8248,60.564,35.4159,113.013,11.2862,-68.8251,10.3189,-6.36613,20
164.093,-20.9077,-17.0471,-10.3143,345.182,-23.0514,-1.96051,10.561,25.1462,-22.3489,-5.31401,-27.8273,11.9313,2
86.3385,16.8217,6.55048,63.2042,149.939,-33.091,-3.40719,3.82232,5.18746,4.74599,-36.1077,-22.903,26.7711,16
-65.8494,119.624,34.1252,-29.3338,-488.102,-80.161,-131.778,-34.773,70.1068,63.31,106.222,66.7678,-31.1228,-16
375.063,110.281,36.2772,36.2548,14.3017,-27.8374,-176.892,61.7757,-119.401,-4.05209,-24.1177,-33.2733,41.351,6
205.308,12.4985,87.47,41.1001,640.282,-29.1718,31.8476,4.54643,140.082,5.47074,-4.58854,-21.1475,16.2797,6
349.219,180.023,40.689,38.3644,135.896,23.4692,-50.2912,17.3212,56.5681,81.1032,-53.8053,7.38874,137.676,-87
68.3384,55.3818,47.4628,1.10069,-164.665,-81.4929,-57.7632,35.146,-46.404,2.949,21.2113,-0.447379,20.4076,-36
335.458,6.1461,-45.7266,-65.0276,353.684,-5.42589,-30.6283,-33.9496,-9.13661,1.67762,1.3379,-17.8423,78.1263,8
-32.3165,105.71,24.0823,176.94,-178.922,-38.1284,-43.2403,17.0804,-50.1909,38.2926,-37.56,-17.6244,-18.4193,-68
257.14,-18.4374,-29.3755,-31.5067,135.878,9.99701,-39.2558,-55.8035,-95.7031,-7.88314,14.1202,36.3433,29.1881,41
6.24865,44.2429,45.765,40.3912,-141.22,18.6446,-44.9241,1.89256,-101.267,20.295,-13.1154,16.7928,-14.9085,-7
456.286,-62.6885,-12.4224,143.76,-201.414,-133.585,59.4333,133.807,-33.9802,-78.9046,-261.38,-68.1507,57.5539,85
152.07,34.1536,-2.89814,-8.64586,180.326,-25.0853,-55.6042,52.9637,96.9723,-0.645285,-17.8162,-49.04,-18.7151,43
237.469,-35.5549,-44.224,-1.7524,248.305,-0.836318,1.35742,-11.9202,14.8417,36.4099,-59.3096,-76.78,13.9912,12
257.376,202.989,-71.3464,208.803,-391.167,-32.5055,-162.917,-17.5945,34.2273,105.7,29.6742,16.6233,7.24437,-99
120.609,7.88833,15.21,-31.4425,-77.0995,42.4304,73.9404,30.3145,-36.6832,53.4588,-57.0024,-46.9956,82.7848,1
35.2286,37.234,7.18469,40.2721,-357.648,-10.2693,3.25192,71.2785,-108.504,49.0567,-48.3531,-38.8104,13.6138,-31
69.5673,-88.0205,42.1565,37.9569,95.1668,-18.5569,87.8176,82.7935,-26.6244,37.3385,-71.9262,-42.7793,62.343,32
131.56,125.196,65.5667,156.051,115.712,-5.5561,-293.306,-73.8244,-168.684,-24.1744,-20.0574,-49.4575,41.3622,34
-280.341,-12.4687,18.398,-33.8419,19.8723,-6.02667,-9.76973,-2.92248,82.5453,-0.847044,-10.5292,-56.1606,63.4783,-5
203.315,64.9598,-44.705,176.415,-80.9255,29.8185,-12.9302,-14.8001,41.1807,74.1107,-15.4978,-23.8948,-21.5336,15
-211,253.817,87.9726,95.8411,-103.754,-100.136,-44.8998,32.4746,-15.8929,180.291,100.132,115.394,-127.807,-53
56.7079,-9.34459,-30.742,0.4121,167.795,-40.533,-49.031,-3.3197,-34.3452,-37.1081,-11.5963,-0.795173,1.08085,9
59.4662,9.67278,-6.65128,28.1525,-64.521,9.88195,9.55094,40.9328,8.32109,5.33187,-36.0108,-7.67915,10.5507,21
336.927,-4.3189,-8.02293,1.01435,223.197,6.68863,-29.922,-3.56984,-44.3005,-1.95016,-34.3244,-7.95122,26.0008,35
375.426,-26.544,-39.9233,63.5566,-51.9187,-27.245,-24.8941,49.8516,-138.137,-51.5983,-81.7281,-18.5347,11.8582,63
106.282,94.8688,-91.3328,57.8466,-462.602,-37.8712,-91.4319,-62.3822,20.7762,68.8897,49.2187,39.8719,57.1299,-102
329.565,-52.5727,-93.6814,-49.1592,-133.366,-16.9103,-55.9781,-41.8514,-74.0523,2.27056,-5.49796,35.2369,60.0387,-48
-179.811,12.7634,123.792,5.05966,67.5031,-61.8145,-38.2535,60.492,65.9049,72.9477,-35.073,-10.2232,7.15414,-18
83.8598,14.1677,-32.8699,-128.13,-31.9849,16.3791,52.2604,-10.7601,-23.1079,54.0574,1.41304,-28.1127,82.8467,-15
154.775,0.375051,-20.795,50.8722,203.764,6.17084,-54.7817,4.16589,-40.0255,-23.3165,-54.9939,-63.9105,15.8416,-2
52.9789,92.5272,-152.808,-89.1265,-452.047,21.7077,-107,-111.367,104.259,17.9759,13.5346,45.3897,-76.8296,16
369.135,74.9637,-25.9478,4.86115,227.809,-68.0538,-170.038,16.9248,-170.552,-8.01368,12.9398,9.86952,-32.0069,68
180.951,-31.2542,-6.84401,-58.8258,21.5389,-6.01173,15.5401,-18.6459,6.83262,-12.6008,12.8641,11.6568,24.2827,0
308.512,-5.99702,-3.68658,100.108,105.111,-14.4833,-122.75,-22.1386,-144.779,-12.6017,-31.5379,-49.7549,8.39051,-41
301.997,-54.6218,-39.0386,-30.9312,247.464,-28.0161,-66.6204,4.81664,-58.8892,-10.1185,37.8505,22.4674,-28.083,-69
129.191,46.4003,-40.4639,45.2973,-64.3601,14.5217,27.8876,-0.620981,156.779,6.40312,-70.0708,-30.8564,83.3919,-44
281.444,27.8103,36.3362,-107.427,-192.056,-14.1651,10.4953,35.1549,33.0085,-33.0313,-54.0569,-60.1569,162.281,-47
146.182,16.5523,-24.6587,77.3701,174.605,-22.4678,-10.2058,-29.2921,65.3996,15.9155,5.49925,-8.59098,16.4051,-10
168.497,50.8904,-50.3993,-25.6998,-116.248,-18.8663,-26.7711,-20.7358,22.7227,23.8468,-2.25963,7.22918,-10.7597,-32
419.069,149.246,-76.3616,-46.3305,51.5005,-5.22311,-70.2231,-37.982,-53.6235,22.9362,58.2708,-31.3313,-48.937,44
-66.0528,2.55523,9.40039,-56.8712,174.311,-46.0072,37.7957,84.6538,158.288,-10.7411,-45.2727,-28.3998,19.6295,28
192.973,61.1829,-44.376,4.98202,21.0705,-7.69301,-8.33183,38.8249,83.3386,-3.1641,-126.286,-86.7516,2.90211,24
-100.772,59.8622,12.2985,42.4993,-96.4256,-25.9819,-23.3427,18.4238,-25.8631,22.6193,-16.3786,-0.00904255,-0.975871,-27
401.588,102.111,-17.1187,147.254,-90.7281,-42.4785,-80.3074,13.1966,129.223,45.2557,-34.023,35.7221,59.6665,-29
-354.923,100.028,63.7377,128.222,84.5508,-178.622,-81.5472,144.623,16.1655,-28.3333,-25.3505,-16.6272,61.5895,-123
302.218,-28.9839,-1.60706,4.36621,387.503,12.4619,13.8224,-35.6901,-43.1915,6.98147,30.8206,-24.422,7.3048,20
63.8403,154.208,77.7073,217.228,489.7,-38.3728,-25.6808,18.9299,76.7112,20.2153,-17.9712,-48.3581,68.0602,-32
-116.814,2.06831,-3.28631,23.2709,-62.009,-19.4384,14.6702,-14.2354,21.7705,6.17415,9.31892,24.6853,0.0712592,-25
212.645,-26.4239,-64.9487,-2.94261,105.683,-35.7568,-46.019,-20.5522,13.0789,0.96704,14.0161,-29.4286,27.3537,-21
210.763,35.4093,-43.6794,1.54268,269.886,-49.3643,-52.6351,-27.1446,-55.2914,6.07097,53.2507,-35.269,-9.55941,-2
137.223,-35.9375,-94.7868,78.1891,126.591,-4.8971,-58.3054,-73.9773,-44.3794,-8.11606,-61.9999,-51.6291,38.7517,-7
77.8074,-147.054,14.4444,-64.446,361.851,-4.50471,-33.7682,16.707,33.4889,-8.84297,-3.21279,-58.1088,-5.75428,25
468.225,93.5773,23.8331,85.4864,-120.525,52.2792,-163.312,-67.0172,-20.299,-24.9268,114.777,3.68349,-119.443,-19
282.737,100.724,108.074,104.404,-249.207,-93.9181,-56.7902,140.382,-55.6888,77.3519,-113.389,-45.995,22.2431,-23
442.9,42.9328,7.19502,37.2855,630.635,-89.3367,-22.5691,22.6531,-34.9259,64.2587,-33.0851,-31.3632,45.3419,48
-26.2245,-104.4,26.9248,-67.5308,291.906,-2.62707,74.078,43.9752,134.7,36.0246,0.683323,-5.20846,24.0955,-14
484.529,229.187,-30.977,112.222,-475.246,-73.9244,-173.005,-7.51758,32.4335,108.984,-31.2418,-41.5978,-28.519,-72
-5.49937,-38.6074,10.7378,30.9784,582.873,-32.6951,-39.6739,-25.0194,114.548,33.9097,-13.6059,-9.38595,36.916,-6
10.0278,35.042,18.8703,64.346,40.7149,-5.09165,-13.0434,3.312,-41.8359,18.9177,-2.11502,-24.1425,-22.0377,13
462.18,41.2744,-18.4427,-10.1547,213.277,-33.2709,23.7738,-57.7861,-14.6404,39.0857,3.30744,-64.0844,11.779,126
107.371,-8.66751,-9.04263,-9.2603,137.269,6.40142,-3.44401,-10.3295,10.9858,-2.6743,8.26773,-7.52854,2.25964,1
100.063,59.4757,48.3104,52.8681,-144.709,-46.6557,-77.8088,98.2979,27.6283,43.4944,-105.958,-6.24553,56.9428,-149
-128.006,-131.405,43.442,27.3174,116.509,-45.3524,92.366,-71.9781,-25.024,-62.0249,-31.0803,-74.643,91.2387,41
345.038,38.6342,-147.772,-38.8512,193.527,-8.85753,-86.9342,26.4865,26.0952,-16.8155,56.7664,16.9239,234.231,-40
577.137,93.978,-45.236,123.219,195.549,-47.9742,7.25297,97.7683,9.51209,44.6564,-124.127,-2.00914,60.3751,45
243.552,83.4084,-2.1156,77.3173,21.7438,-16.4587,-34.8049,7.51014,8.77913,21.1928,-22.1178,-19.0506,16.1469,11
94.7671,-31.8448,-1.58848,3.54324,191.565,-46.4513,-21.4447,10.8645,-72.2074,-4.31431,1.36189,-11.0035,-0.860997,19
142.847,-6.95943,-13.4117,-32.0208,38.8032,-6.32042,-8.12949,-3.92845,-22.1964,-0.644203,18.3967,-5.58956,-9.79472,16
565.041,-59.6981,-41.1016,8.53717,219.537,-12.5214,-69.0532,-10.0328,-36.939,-46.1415,2.70114,-50.4158,-44.3399,29
165.134,-36.0872,-77.4325,189.581,80.2065,-52.8223,-29.4374,-8.75579,-12.3843,72.654,-85.7455,-3.69479,79.4705,-10
237.092,-4.01466,-27.5835,25.747,240.965,-45.912,-19.7079,-37.366,-0.428441,30.6139,67.5846,-0.103353,-21.207,5
-121.873,-17.8505,-10.4983,-64.1583,57.3093,7.48701,-9.85433,-88.2084,60.829,42.8484,45.3275,58.7292,82.304,-88
82.0581,-46.2837,-33.0044,110.623,-431.828,56.4262,-10.4315,-55.9276,-18.6172,-39.9441,51.1031,-27.2169,-69.145,13
-184.86,33.685,-5.91314,-31.8076,-98.2792,-73.7943,-119.628,19.2365,-65.6452,0.180292,62.9012,-12.4056,-38.0199,17
111.881,-18.9861,14.9201,52.9739,226.596,-7.52873,54.0522,22.0342,23.1866,23.3242,-26.4924,-32.9512,34.2634,9
6.84298,-92.3166,-10.9216,96.3727,21.386,-121.703,-115.287,24.5304,-44.341,-53.4286,-38.6629,-31.9216,-28.0805,-56
-115.782,155.555,11.7819,-18.3012,-302.594,-60.0636,14.744,17.0227,150.574,7.89446,-56.9867,40.8103,32.3071,-101
92.14,-54.224,15.3849,6.05359,-41.0222,-35.5547,43.9237,32.2508,99.8278,-9.88567,-20.1035,-6.03921,-12.3799,26
269.421,-30.9745,-29.0661,57.295,62.4248,25.3014,-59.6557,-20.5966,-32.2377,-14.2939,-62.0271,-18.5793,-2.79632,41
217.478,43.6641,-4.32221,23.3074,-27.7222,-28.9231,-23.6705,14.3924,-5.16663,15.4399,-45.1274,-0.760007,40.3006,-3
185.412,393.752,96.0342,271.359,-25.2331,-2.28886,-72.3108,94.1262,-53.1398,3.80962,-114.735,11.1025,50.0605,-67
252,-14.9365,-14.3179,14.5631,188.682,-23.9144,-36.2836,-0.184336,-43.0935,-20.0475,-14.4914,5.81388,1.74327,32
195.697,-11.147,7.73644,23.957,457.922,-8.55235,-23.9575,9.01912,42.8508,5.76958,-4.17117,-22.1883,17.9465,4
409.29,131.092,-13.4074,240.498,278.625,-21.7029,-81.4557,3.47965,82.6294,-13.3683,-46.0888,-83.5145,110.189,70
123,-55.7269,14.5307,54.2929,109.127,6.97867,42.1546,-2.6186,98.3711,67.065,-5.63285,-50.7315,12.1713,4
-218.024,46.4076,3.31572,122.595,-17.903,-70.2076,-71.896,-31.2351,2.67598,59.8665,58.9482,121.089,-75.2009,-89
71.0434,153.181,18.5739,92.7536,-84.713,-68.25,-49.3153,61.1539,-62.4417,31.421,-66.3916,-44.6688,14.2652,-56
262.254,-30.9293,-3.35929,42.0498,106.75,-63.8792,-36.1194,30.6658,-69.3378,-16.179,-38.5388,8.16392,0.305975,36
447.028,-72.0971,11.7329,21.9649,117.929,-30.9043,50.3817,32.759,98.5987,38.4822,-39.4035,5.40004,-65.7286,99
-29.5866,-23.1831,12.7385,78.1781,439.763,-43.8637,-10.5613,14.3581,18.9246,-48.7014,-31.9493,14.2148,5.61858,42
-61.5306,55.3139,39.4739,-7.40825,-101.615,-14.5223,-37.7687,17.1492,-49.5553,33.9463,13.908,-8.74509,16.5933,-11
-223.946,-13.7026,11.0004,75.9945,245.808,-27.2264,61.423,-22.9143,29.209,-0.0210969,-7.25036,3.1841,16.4814,-20
-95.0206,368.572,51.4805,176.692,-36.7172,-75.9565,-200.847,56.6466,-80.2652,55.0095,43.1211,-11.3632,-111.235,-75
-246.247,-0.0471411,57.7071,22.6173,27.1762,-5.42861,92.452,60.4124,36.5472,36.6375,-18.2139,-34.2748,48.7629,17
207.02,25.8939,6.54826,1.16182,540.597,-64.1254,-62.3793,21.4313,-89.4186,-21.2672,16.8051,-2.48115,38.4022,19
-9.28962,-42.1692,17.9236,32.1566,38.9107,18.3391,65.6231,35.01,-19.9108,35.3242,-31.9021,-27.3198,-0.669171,67
-283.906,0.523573,16.1523,45.082,149.583,-37.825,52.3972,21.4039,35.0475,-1.63531,-59.8641,9.08359,27.42,-14
18.41,-8.4605,3.21644,-6.64466,220.042,-24.0104,11.4713,-14.0092,43.9037,9.7456,23.5332,14.7968,7.11649,-9
45.1864,110.858,31.0562,196.982,122.847,-7.56247,-78.378,-28.2426,-22.4751,7.07618,-31.6519,-59.7023,-74.4808,31
79.5287,-34.1116,-54.5042,21.2658,-99.3029,32.4098,-10.8395,-22.3707,-43.3385,11.9719,-100.321,-19.9227,90.0759,-19
-134.769,80.7398,22.6808,108.118,-10.6452,-25.2928,-49.6828,-26.0484,-1.58936,64.7563,-9.61503,18.708,27.3128,-22
-217.412,94.613,-5.48272,-92.4775,-178.35,-70.8041,-33.6076,34.1318,54.2762,7.85237,34.1223,24.214,-9.48399,-51
103.636,38.0609,60.4146,-18.2837,419.078,-28.5695,-43.1114,23.6152,32.5409,4.08512,34.0874,-0.508124,33.6417,22
127.64,107.958,21.6991,98.903,-217.942,-49.5175,0.248416,76.9884,-8.03576,-1.22868,-75.4645,-52.6768,-1.89197,12
14.8168,23.0496,-63.2687,75.6404,-126.279,9.02197,-68.897,-44.892,79.1189,7.6897,-10.5045,6.19044,64.5527,-56
-207.681,-3.94298,-1.01338,43.6884,40.0179,9.48394,-5.24776,56.8618,45.6907,-4.50919,3.19998,35.2598,71.2676,-11
91.7875,-59.1621,13.547,59.0774,56.6088,12.3046,26.3141,92.3738,-6.26833,-22.3481,-109.603,-46.1649,68.9784,55
108.712,-12.2019,-7.94165,61.7814,240.602,-17.8343,-33.981,18.3115,-46.3113,-31.0944,-8.83961,-36.5947,20.7019,0
41.0662,-33.1595,21.7764,-39.2192,257.38,-26.078,43.0392,-20.2181,72.7531,-3.62212,37.3321,-16.7343,31.1197,6
190.155,-13.5452,44.5914,-74.8451,316.929,-64.8169,-47.6262,-10.8709,53.8449,28.0116,123.276,68.2656,-38.743,62
244.625,102.269,-21.7918,47.2058,225.37,-100.089,-103.104,67.5366,21.667,-30.9334,-69.8856,1.07507,77.785,22
170.793,-17.6402,3.62846,-2.221,226.913,-17.8804,8.25151,4.72265,23.4779,4.37524,26.1846,-21.7396,4.41259,16
-0.0599115,57.3716,111.139,40.9485,169.981,1.72736,-5.00009,145.357,60.8182,23.5265,26.8342,-93.4291,-41.6041,92
318.357,32.7837,-31.2812,48.5101,347.402,-5.96441,-25.4865,0.667804,-28.492,-2.35682,-3.53084,-27.7299,-9.66357,50
278.709,123.78,3.58022,6.08655,-80.4999,-42.5875,-100.641,16.134,-215.025,6.25451,-58.2576,-23.2308,97.6399,27
139.571,10.2808,-52.0913,34.2792,245.395,-4.49544,-99.7871,13.0493,-8.62746,-45.6772,-4.76199,-36.511,-60.5685,35
178.059,-73.747,35.7852,72.4862,128.371,-28.6487,12.7001,7.59588,175.749,47.4682,-56.9649,-37.1138,59.2135,6
185.611,39.0332,42.009,86.0165,183.218,-229.814,-131.773,264.78,-152.731,118.438,-259.928,75.1892,89.4673,-221
-122.156,59.0791,-26.6643,70.7548,-175.577,-61.117,-55.1555,26.3334,-68.2376,-22.6223,7.72716,-0.453884,-41.9155,-51
236.345,6.68408,-11.9736,23.4751,-57.0426,-30.0323,32.9187,23.1422,-18.5302,59.9875,-12.5788,-24.6852,-2.23953,43
322.356,-43.4964,8.69146,-58.5771,-70.7692,9.33134,66.428,31.8371,-26.9309,31.3717,18.0721,-36.8808,-12.5185,129
98.0375,40.5606,16.3041,73.3687,-11.9598,-49.9416,2.03507,60.3365,150.216,108.919,-1.72375,31.4271,63.1385,-57
412.52,-5.81935,-25.2615,-20.195,392.994,-19.878,-11.3245,-1.94342,-11.1623,62.8067,53.3297,-56.4252,-14.3166,-18
294.097,101.547,13.4895,41.0049,-206.25,38.297,-53.7597,-8.13338,-72.8543,26.119,17.4592,-70.1255,-52.0692,72
97.716,65.9817,-6.96776,27.4699,-244.561,23.7576,-18.0771,45.0109,-58.1595,55.2571,-60.6427,-45.4509,1.43242,22
126.245,98.7917,-4.00703,43.1786,-496.577,-93.8099,-42.7301,35.8804,-26.5601,75.6423,-9.72626,41.8878,-64.1054,-49
332.45,-13.2735,-46.4786,21.1009,233.772,6.5535,2.6518,-71.4777,29.8169,-7.11646,-16.6634,-22.6398,61.2163,6
198.209,41.2095,-36.5771,-4.1788,-8.43758,27.6954,-27.6464,-41.2814,-63.0696,11.9248,-18.0682,-32.804,118.883,52
-71.3389,225.695,36.4612,-17.8538,-336.357,-20.1939,-85.4744,53.1833,-87.0215,10.6461,-9.48043,-14.0091,31.0872,-52
-91.8348,-53.631,-34.3152,76.0831,-19.438,63.8624,26.206,-21.5884,47.4385,-46.4431,11.2599,-93.8696,-26.2723,76
327.03,-193.374,-80.7507,-55.395,-21.7829,-127.427,-122.494,9.70173,55.6757,-212.88,-118.603,151.874,-63.9905,-11
170.643,7.45438,-4.71061,30.9194,41.8086,-50.3937,29.7454,25.1761,76.7478,70.1146,23.7607,-28.7081,-44.2339,-5
303.823,-23.8956,190.306,-73.9032,779.718,-211.796,-207.291,-37.4883,44.3167,55.7398,136.712,-35.0999,1.55458,98
347.619,-51.5594,2.74728,-57.8295,-30.8077,-0.657892,14.3113,-1.73124,25.0317,-18.0577,16.1783,-16.41,34.0508,96
614.331,47.8184,29.9143,24.6637,370.666,-23.2829,-0.583878,-24.2824,32.8475,0.709016,-10.4613,-112.857,101.879,75
311.589,-51.1567,-26.0586,1.10869,260.277,1.44884,-25.8985,-48.9727,17.229,1.24829,-3.27508,-27.1935,30.5742,40
-50.6764,16.2832,15.7765,-15.0018,-104.655,-5.22556,25.6611,13.3225,31.4158,12.1789,-11.044,-7.79574,18.1949,-18
-30.7028,-27.6445,-14.7125,35.6985,182.529,-73.209,-32.2683,-104.994,30.5111,-38.8074,36.0991,105.864,-29.7467,8
-170.968,112.151,28.2459,-206.742,-261.245,-176.199,-15.2409,80.5974,381.001,179.096,89.7191,-24.9759,88.5058,-110
208.617,-27.2286,-19.4015,-43.6196,43.3617,39.6781,36.8635,-28.9574,-23.9463,33.7153,-37.9453,-37.323,53.0097,1
194.759,3.13964,-13.6788,-43.6794,-23.3302,18.7171,10.8973,3.84937,-2.73116,7.60526,-7.69807,-9.25593,10.9784,40
366.1,-8.59331,37.3783,57.1879,-103.503,-147.788,-20.3429,-9.09453,30.062,5.42834,11.8743,82.3892,27.3985,138
50.8521,44.6655,22.6007,50.2762,-169.376,5.19194,-31.2313,25.0411,-83.3951,21.7068,-55.5136,-13.0548,3.58592,-7
59.0857,2.24904,-5.87863,-38.241,225.661,-22.3543,-23.8609,0.197861,70.0156,-15.8597,20.0876,-8.85398,26.6077,8
-82.2458,93.768,-42.3802,112.275,-91.2546,-32.1009,-46.6337,70.6407,-31.4481,110.377,2.55765,-109.453,-17.6408,-108
154.127,58.3823,8.9668,50.5523,-12.8017,21.5982,14.5943,33.8732,-26.3597,16.2199,-51.5928,-16.3706,45.4056,21
239.459,-1.00895,-32.0245,33.7046,241.554,-68.2404,-62.7435,15.2809,-42.138,-35.3651,-58.4851,-43.9643,-2.22128,19
-138.025,14.5036,-3.2626,-18.391,-301.892,87.6339,35.312,-14.0478,-30.9721,3.61055,-110.572,-16.142,151.438,32
188.378,-50.2638,-34.1662,153.371,295.265,-88.6753,86.3221,35.2292,144.065,-19.7415,-168.582,-16.5423,87.4553,24
232.916,108.206,7.55441,178.291,-84.5243,0.820238,-157.732,39.7699,10.7383,-11.7331,-46.4237,-61.5463,2.09807,-48
387.899,-97.7286,-119.95,220.6,220.131,27.7599,-162.075,-76.48,-99.2141,6.4742,-141.14,-60.7305,-36.4663,-7
63.274,7.84907,60.9432,35.0137,345.982,-27.2595,-26.1898,4.88795,-32.215,44.9232,-0.0332043,-16.4852,28.8268,11
371.061,55.4504,-47.6173,69.7343,162.409,-93.6604,-78.7533,14.3574,-52.3059,-60.9863,-36.2639,10.6613,-28.355,31
437.44,-63.109,-87.6232,127.688,364.164,-93.5693,-25.4385,26.3372,11.8168,17.2261,-112.296,-27.5709,73.6626,17
298.16,-19.2026,-24.8482,-32.8048,219.701,-21.106,-6.21002,-3.05147,-62.1185,17.7642,-16.0189,-30.0979,74.2816,-1
398.508,-103.626,15.0032,-46.8795,145.883,-20.5913,1.95046,59.1616,144.183,100.036,-0.604366,-84.655,123.331,-101
526.328,-49.7976,13.9146,-33.0868,478.697,-58.7896,-137.105,27.865,36.1815,-97.1081,17.0575,-7.90582,-71.71,116
277.366,91.5139,-2.50466,-117.978,-312.863,-39.2051,-48.7261,68.5576,-57.8314,73.8224,24.2708,-0.602177,15.8552,-65
-39.9242,25.1976,19.5618,87.6049,-21.1867,-28.2471,-90.8011,47.3374,-178.845,-40.7365,1.62483,-1.76702,-12.8986,17
-164.824,-50.8084,15.7999,17.9045,371.602,-44.073,41.3824,27.4138,89.2242,9.79212,-35.4661,-4.50598,51.461,-45
227.922,95.0499,38.9788,110.451,40.818,31.6912,-118.811,21.3426,-51.9804,42.4589,-72.2194,-7.35574,60.5173,-46
347.795,-3.87564,-64.5543,24.3696,-19.091,-46.2308,-2.95136,-1.53337,-38.6541,72.2795,-11.9714,-97.2823,-79.4015,54
65.8914,17.2514,-22.3596,81.497,-287.346,-36.8287,-72.7903,-35.0766,-43.227,-3.83507,-8.23082,10.4202,18.6566,-77
180.841,114.419,32.0743,200.655,80.1493,-76.4356,-140.966,29.9499,-97.3649,45.5082,79.8164,-25.3827,-71.8346,-38
144.032,109.474,23.2517,10.5733,133.861,-3.40656,-22.2752,42.7938,22.4953,65.2034,-95.9748,10.2644,135.925,-107
264.791,-68.6784,-51.9742,-96.7379,20.6143,23.7337,92.193,-56.3406,148.112,37.392,-8.06504,-12.6945,77.8093,9
267.678,45.7927,24.1061,-12.7335,-168.465,-71.3293,-41.6229,50.0973,-175.895,-20.5753,25.1626,37.3008,-3.14109,22
12.7223,-56.9789,-2.37816,51.1597,162.06,-22.8341,-7.22293,-29.6593,28.6304,-0.818057,-4.07126,2.1082,-13.4642,19
265.93,-115.187,-49.6696,-99.0683,242.586,27.1132,23.3108,-4.61055,50.8833,-8.4057,-6.40026,-57.5985,99.8909,9
-57.1005,23.5857,9.59745,7.18135,112.424,-29.1696,-34.9946,34.5678,38.3019,-27.1033,4.88193,-4.95708,-30.242,19
219.81,-58.8473,-16.2732,46.845,237.876,25.1937,22.8204,-22.86,32.5405,36.0808,3.14069,-72.4194,37.7421,9
89.5797,-13.1215,3.75935,-44.2136,-43.5977,-1.69175,-4.47027,18.7273,-38.295,17.7186,-44.8178,0.679037,36.7672,11
151.75,-16.6949,-78.6465,29.6793,-61.5851,-45.3771,-51.2245,17.0018,34.7071,-0.136279,-98.207,-63.0086,12.0718,-109
5.19504,-109.092,13.5991,66.7677,1.37105,1.75883,72.779,2.53796,-100.829,-52.0467,-40.5601,-5.29296,14.5074,100
180.318,8.56827,-16.4118,39.4332,74.9071,-61.892,-27.9535,41.5607,72.846,40.6893,7.86794,-20.845,-49.5296,13
164.196,-30.6987,-9.24306,-15.2651,156.546,5.08556,21.9696,-23.1111,15.7001,-24.953,-6.32246,-5.63704,1.07088,30
127.371,-21.7037,-14.5677,-4.33787,102.991,-10.4728,-19.6872,4.98379,23.0273,18.0405,1.4908,-13.114,61.1641,-28
184.822,2.37031,-36.2317,19.0415,-19.3695,-45.7127,-16.8558,30.0359,14.6798,9.22924,-17.6964,-50.5563,-5.32224,-8
-13.1348,3.83287,-3.28059,12.3155,87.4232,-18.8211,0.785516,-9.94608,23.3719,15.862,8.37735,13.1298,16.1489,-13
384.627,47.4639,-37.8998,-5.19011,180.1,-40.9668,-103.954,11.3455,-137.887,-44.0404,-13.3336,31.8276,0.654748,6
-39.7616,3.25931,54.7324,52.7086,-90.7763,116.072,145.655,25.6189,-220.986,85.7029,0.508423,-41.5307,114.577,61
302.44,-19.2796,4.61623,48.0742,244.869,13.3325,-37.8632,-16.3447,0.0192856,-8.01779,-14.4962,-22.2267,10.8612,2
-90.1473,22.8631,36.0598,117.178,134.594,-59.6479,28.5108,71.2405,92.9103,-37.1449,-108.602,-6.46603,18.627,35
30.6156,85.165,-17.2486,196.816,243.839,-188.693,-122.622,-43.6419,122.913,-42.5262,-62.3648,-115.689,7.16053,-9
84.2735,48.0006,37.2475,95.7501,-17.6335,-13.575,-30.9621,27.1559,-24.383,60.5553,21.5587,-13.7438,-26.4253,-24
58.0252,-4.91455,-7.97503,-21.9836,85.5197,-2.17284,0.203899,-0.418184,6.93137,0.234512,8.69177,0.655506,5.02618,5
-21.4304,1.68231,-25.0412,-20.0167,198.236,-18.775,-25.6906,-31.968,7.59616,-12.0132,-25.0201,-16.0332,57.694,-8
156.973,54.8889,25.9893,48.3126,425.054,9.30777,31.3231,-14.617,28.4219,42.502,-37.8895,-10.942,68.8554,13
255.91,-4.71404,-11.4803,-45.2885,-33.3192,36.8014,57.5507,-23.3133,47.2992,7.84574,-27.1439,-21.803,45.6471,35
36.4999,-4.16073,-1.78141,-4.20417,209.05,-18.5107,1.63589,8.92869,68.3048,-3.3064,-4.3735,11.7052,18.872,-6
41.9494,-31.9249,20.9672,155.386,556.472,21.4641,33.8324,-3.10131,33.6061,-29.7407,-90.6659,-70.8977,54.5612,48
-78.8452,38.0103,9.45342,62.1464,302.698,-29.9967,-22.475,3.33182,5.17792,-8.64598,-42.5095,-14.7152,3.99043,20
-198.695,75.0832,115.693,160.242,-484.29,-3.01146,103.76,5.65345,-67.438,11.4725,-112.093,-74.229,155.559,-25
6.99491,11.08,10.3715,33.5211,20.2742,-25.9552,-46.5043,14.0922,-49.8062,-0.133778,-5.4227,6.57529,-5.49117,-25
-255.125,164.739,26.7481,-2.03738,-252.919,-126.952,13.5083,49.6019,170.621,24.7086,-21.042,-24.0161,11.7946,-63
245.995,8.01144,4.03529,59.3401,227.535,-21.7921,-1.43389,-9.58707,46.8382,4.49413,5.39493,0.258738,-21.3279,5
110.531,58.4063,-59.6201,-113.707,-6.04251,26.6069,7.85562,-56.1443,54.3678,31.4349,-52.2917,19.3516,95.4465,-79
-273.63,105.827,-11.5843,49.0513,27.6055,-88.4261,-56.6046,94.9753,83.8998,-25.2134,30.2314,9.91066,-13.1847,-30
262.722,247.435,-74.0018,3.79612,-118.655,-16.8079,-212.904,-89.7771,-77.1757,82.7377,145.502,29.998,-32.4921,-25
-105.889,119.981,-10.2263,5.48158,-137.257,-47.8669,-8.38702,-18.5362,-0.16841,56.9596,66.8416,29.9069,-20.6735,-42
76.273,-16.4588,6.05348,33.3479,244.375,-15.8171,-13.4508,-9.25619,-11.331,-14.9964,-5.62556,6.37925,-0.700667,20
-41.3783,138.518,5.17083,37.211,-455.443,12.7134,13.8629,53.0481,-92.6964,53.417,-53.9962,-24.9924,-43.8126,-15
506.227,31.2559,-28.6792,-25.1144,-331.897,-101.035,25.103,-17.5645,-79.2039,50.8063,-48.5672,-57.7443,55.1044,134
292.141,46.9829,-14.1686,112.852,374.282,-28.5766,-108.207,13.9882,-47.1846,-28.1658,-70.2206,7.73948,11.793,-21
253.038,-70.3068,-69.9638,83.1525,221.712,-38.3684,-73.6649,-65.8797,-122.069,-23.9557,-37.3114,2.59522,58.929,21
134.111,21.4182,-37.9194,-2.32616,-142.322,8.65359,-45.9112,13.0099,-105.455,10.4676,-21.3708,-11.6957,-8.37596,-7
135.966,-13.456,-29.6281,21.5786,62.8624,-25.3523,-46.8058,22.719,-125.247,-5.49295,-25.3447,-11.325,-20.003,-2
323.27,187.813,-10.0397,111.268,-82.1119,-100.639,-200.585,133.145,143.218,-115.259,-66.5949,-61.8279,-151.318,71
73.0941,-10.3181,19.9985,45.7471,-224.145,-14.6035,-1.16329,28.1471,50.7246,74.5364,-2.65871,36.0078,20.6582,8
-2.56601,-142.881,9.94658,44.1986,282.358,-28.6057,60.4212,48.3596,146.477,-105.595,-79.344,-130.981,98.7206,90
305.028,67.9183,21.0742,-32.8709,-315.119,-51.0706,-105.312,31.7701,-107.66,8.27877,4.24715,-34.7452,2.70245,45
185.773,-17.2221,-56.4255,0.035583,-100.165,-82.1989,-9.59475,30.523,-14.5758,11.6507,-23.0568,-32.8447,-0.619047,13
65.8065,-4.71568,-4.1306,24.1416,-73.0571,-36.9413,-27.1652,33.092,2.3696,25.6716,-14.3912,-36.5001,-29.0697,-3
-98.9471,-90.6143,19.5,-21.3857,-138.322,38.6025,49.2967,-27.5089,22.7857,-34.5239,32.146,30.5635,4.38229,-63
-106.838,-23.4585,1.65821,-33.1154,425.105,-20.1857,27.7394,-6.70112,38.6759,6.51446,-7.57447,-20.1274,48.7179,-33
228.413,38.6611,18.4564,65.3856,206.876,-59.0605,-57.6092,-1.82311,-51.9642,11.5188,-15.4821,-53.9171,-42.114,50
502.554,-41.5947,-49.5914,-21.9899,116.829,-4.24849,7.51192,-75.2135,63.5345,87.4541,11.6466,10.3317,170.407,-67
252.144,-13.7608,26.4152,10.9952,150.692,-68.293,-19.4267,59.7034,-0.88731,28.3109,-71.3894,-33.2484,35.7824,-0
325.929,-2.79544,-43.36,-63.054,313.277,-124.84,-200.575,128.803,-131.84,6.64792,101.363,-50.0534,-124.226,6
55.0804,59.0714,-7.74336,139.079,58.9951,-22.6571,-57.135,-1.69922,2.3653,-31.5109,-38.7184,-13.9331,0.641964,1
10.4704,-78.7056,-5.98289,153.415,8.29804,-47.6749,-85.3856,143.408,107.96,-22.8889,-88.1966,57.3277,-16.5426,23
78.5563,33.7403,-4.67922,30.8435,-45.0848,-14.721,-10.9324,23.9175,44.0989,-2.13618,-37.0719,-32.4469,31.1534,-35
338.385,-8.45711,-28.6554,9.25516,-15.3365,-81.1625,-71.0055,-12.6174,-212.605,-56.5823,-2.59815,8.69313,-16.7991,30
381.567,-52.2607,15.6754,-94.4098,67.3161,-31.6623,-9.9965,56.7195,57.8269,46.927,-19.0581,-68.1247,135.569,-47
-168.587,8.65565,12.688,6.12302,-103.609,-22.8552,-15.4925,28.2355,48.5896,-11.3692,-10.9006,-7.51374,-2.21721,-11
-6.73277,36.8663,-14.3693,24.6879,-398.126,-82.9366,-66.4731,-2.36981,37.4024,51.5461,-4.01652,61.5519,27.4802,-76
13.1769,122.904,-62.0744,104.288,-556.974,46.0236,17.0895,47.3206,44.1607,39.1753,-69.4494,-103.992,-85.0649,40
70.34,46.7777,-4.85112,31.9973,31.7684,-37.538,-29.6728,90.0258,59.3084,-8.76826,-124.344,-31.8079,49.5194,-6
43.3117,87.3255,17.2006,147.003,-63.4132,-95.076,-48.6491,-27.8253,12.5133,19.4703,48.8358,41.0652,-88.9902,-33
321.738,-18.301,2.25993,-0.549959,72.0964,-6.8041,54.431,15.6864,7.43682,5.22622,-74.7892,-57.8014,57.7579,33
232.939,-10.0736,13.3442,13.1006,114.295,-9.49212,36.5766,44.6513,74.3345,32.7069,-33.7817,-35.765,9.31515,12
68.2182,25.543,-8.23381,37.2595,158.354,-12.5481,-29.2396,-8.29853,-5.9974,8.04987,11.0644,-7.1852,-4.92168,-9
246.496,-54.764,38.4617,-45.3731,9.15702,-25.571,33.9936,21.9047,-24.3927,40.2186,32.247,-4.24488,31.0964,38
-83.537,-40.4326,4.64246,29.4166,383.043,-180.585,-142.477,69.7254,137.63,-38.9808,56.6217,50.0891,-74.5049,47
-78.3682,146.372,26.3319,120.052,-492.321,-32.9553,-126.987,75.8051,-92.4715,39.2864,-17.8414,-18.1028,16.2084,-123
181.36,30.9988,57.717,-26.4967,159.612,-15.0139,25.1957,82.0415,79.687,46.9253,-24.5647,-12.4579,85.3445,6
-14.0954,-5.89668,21.5752,2.16297,-45.7299,-18.8623,6.59165,25.2525,15.0516,6.08136,-7.84368,-0.479858,-9.34734,7
180.555,99.4737,5.782,119.022,-19.7208,-68.522,-82.7366,57.8572,-98.8519,3.74529,-7.81121,-26.7745,-65.4123,-15
149.798,-58.0889,-31.1367,-43.2288,543.149,-40.4091,-17.875,-101.612,-19.2805,1.19067,64.5206,8.90385,9.65594,25
385.431,-19.9222,-2.96761,30.5562,79.7225,36.6503,-61.3518,-42.177,-74.4822,25.8814,-26.973,-29.3369,60.5081,15
115.441,-17.4849,-21.0329,25.8718,88.7096,-5.01914,-4.95184,18.3127,45.7221,-15.0682,-33.3133,-15.5024,-1.58367,18
-106.648,177.605,-22.9281,289.433,213.941,-87.4699,-97.4662,11.2537,-62.6826,-120.323,-147.15,-94.6913,-64.4818,49
351.445,69.5072,-0.0641628,-0.290443,130.861,-55.9858,-81.6994,17.9891,-3.98641,1.29128,-10.1429,-38.2751,59.0162,-37
47.2782,3.88478,-24.9143,234.171,64.7575,-83.2217,-157.567,97.2439,-145.606,-46.9084,-59.4409,-31.4219,-25.9396,-74
410.016,-85.0268,66.2418,72.834,346.691,-273.041,14.3936,42.2143,74.1602,56.3011,76.0284,97.8308,-1.05394,102
389.56,-34.9471,-47.2812,52.8608,417.704,-111.214,-7.58294,-39.7445,-128.362,30.7479,23.4411,7.96455,-11.5184,73
109.439,-51.2884,-0.201259,-24.7568,228.507,0.711209,8.63344,23.4855,-5.6595,-5.906,-43.6636,-3.30313,2.72233,20
-99.9021,20.0374,44.6334,30.8985,180.188,-31.1438,39.9442,25.4135,25.6156,25.1859,4.88529,-6.22095,26.4889,-19
203.048,270.369,56.1344,31.5144,-52.4184,-9.06924,-138.366,12.1394,-13.3031,91.9544,-6.39944,-1.16114,62.7499,-43
84.028,-6.08841,-42.6466,-31.8835,493.211,-23.852,-30.1451,12.0206,77.462,-56.4089,-23.9459,-19.7946,-33.4797,59
301.54,135.786,17.7741,183.871,-265.014,56.3169,-129.12,-25.2235,11.5516,57.4608,28.2321,-61.7364,-17.2101,-63
247.541,22.8228,9.62994,42.969,136.273,-6.78201,-44.13,26.4097,14.1931,3.4608,-18.5122,-17.8489,22.9833,4
380.128,28.4799,-32.2673,-38.7643,383.962,12.1799,-18.4578,26.1226,-23.1645,-31.5181,31.4779,-36.1646,-40.9258,31
39.1347,0.624179,16.28,12.6821,2.38491,3.36803,39.5297,26.1573,21.1682,26.3682,-43.6912,-17.3184,53.18,14
94.5125,20.534,-14.8363,-58.0484,174.23,5.19968,4.56517,6.64693,44.0914,15.2944,10.6631,0.134907,41.3341,-8
190.697,10.9521,-11.6319,7.39321,352.517,-11.2985,-23.7526,18.206,16.6069,12.8118,-28.3492,-13.1198,95.2507,-28
6.60261,-70.9803,11.9059,-5.35996,451.303,-29.3219,-22.4394,-7.73534,79.8554,3.18516,8.43037,-28.2105,23.509,-5
121.671,-21.679,9.99502,35.1587,219.072,7.2232,16.1699,-13.2535,11.0994,4.90796,2.20257,-36.0063,8.10877,6
-4.20709,-50.5889,13.71,5.52274,468.985,-13.0327,-2.6792,13.9001,19.194,-10.8148,-31.2019,-36.1912,-8.24556,24
245.827,-94.8088,27.1035,26.6098,633.357,-62.1705,74.0121,-28.0903,102.452,9.63997,36.7296,-53.1715,119.549,49
-114.271,109.015,121.331,209.729,43.861,-29.0363,-198.913,77.1829,-263.216,101.368,-28.3997,-150.674,-183.38,-1
-169.011,41.3085,30.7522,62.5351,-2.63615,-54.8406,-26.9243,33.4139,50.7965,8.32634,-46.3779,-8.07399,-12.9081,8
311.13,88.7274,-39.5714,-21.2509,-103.853,-26.2907,-143.233,88.882,32.7228,6.5414,-55.2084,88.0269,38.8613,-61
266.308,6.67223,48.2354,-4.87544,-267.074,-34.8443,33.0875,196.985,194.958,-21.0123,-37.4419,-77.9067,2.03105,26
228.719,-80.9695,3.46644,26.4152,104.027,-48.3226,34.8314,18.741,63.2023,63.9858,-43.0463,-0.812024,86.4629,-19
198.291,53.3257,-73.6159,-6.90053,116.232,-59.3634,-64.29,-31.5921,-3.91714,0.573325,53.7248,17.2583,-36.5167,-11
189.409,21.6643,-6.37042,46.4417,127.452,6.87406,-163.476,34.249,-252.964,14.997,-86.5843,-9.50337,-33.0147,-16
409.197,-32.9764,-31.9301,-26.5185,104.021,-67.372,28.4585,85.8893,50.3459,19.4171,-52.3515,-36.6029,34.3193,2
258.525,-36.7624,-16.9293,-21.6444,-32.8127,-17.7722,-82.9568,7.6315,-77.2149,-50.3036,-59.4907,3.11645,17.1359,20
-178.298,165.395,79.4174,106.315,-295.758,3.58395,7.68772,64.2514,-54.2947,64.0196,-47.7523,-17.6003,58.9714,-23
318.039,-3.95185,-58.9843,40.0169,277.862,-18.2021,-37.8886,-31.5627,-46.7746,-24.0216,21.2672,-13.8661,-12.6739,36
271.493,179.923,79.1635,96.3899,-387.184,7.75311,-20.6746,69.7797,-30.843,129.88,33.8875,-123.106,-65.0017,18
186.324,-9.89742,-25.3776,13.0652,234.59,-72.5115,-57.3387,34.0966,-85.2477,-38.7084,-26.4491,-13.6473,-6.73068,73
282.304,55.4746,-12.8142,46.5468,460.203,-16.4507,-96.5975,-21.0749,-60.8295,-51.6693,18.9301,22.4615,-2.20371,43
284.938,75.1318,-41.1928,106.529,181.7,-22.9734,-94.9824,-72.2482,16.3475,-11.3759,67.9983,-23.2326,-31.7905,46
-8.94203,-99.1369,-0.644322,76.649,52.3005,5.3904,21.3702,-105.111,38.8672,-14.2627,-35.9989,-73.2922,83.7696,35
36.2256,28.6715,-2.34655,-24.2733,2.66752,-17.4804,-11.9745,-0.73293,-26.3789,31.4415,29.976,-11.153,-8.69258,2
247.217,-74.4169,-45.1083,115.158,343.461,-69.4778,-24.7845,-17.3021,58.4986,21.0906,-17.426,-69.3066,-13.9059,-6
-198.198,4.81295,-19.2385,-3.27033,-167.016,-6.18418,18.303,-10.8185,85.436,20.2273,15.4151,17.0883,30.1823,-51
252.307,-48.0124,-22.2011,-113.217,598.882,-47.0515,-23.7807,-48.8788,-11.4578,-8.92743,159.398,49.9129,10.6672,-20
-12.9612,167.594,9.02986,51.6242,-320.617,-42.1603,-48.885,34.2517,-73.8194,17.6658,47.4831,-3.03994,-5.95416,-5
28.1889,12.0196,-15.8686,-15.6248,97.1524,-7.72681,-14.6108,0.698013,67.8194,-20.8217,13.1891,0.623525,-44.3341,28
141.482,-28.8795,-7.59405,-45.5427,191.452,-16.3625,-79.4573,4.53519,-8.17087,-17.6849,0.757656,49.2428,-2.52903,-31
202.214,6.97839,-41.8063,-31.8992,57.1813,0.303891,-36.4448,-16.05,-40.2341,-2.88519,-15.0974,16.9507,62.0155,2
444.146,-52.7989,-62.8843,18.3637,438.299,-38.1629,-67.6933,-5.59772,-23.0404,-63.3622,18.6511,-22.3998,-11.6692,9
180.404,82.5809,7.14822,29.8991,-45.3243,-26.3827,-33.7292,6.25751,-66.224,32.4799,-8.38757,10.4934,-15.8672,11
316.931,18.2004,-47.6494,-10.3712,53.9898,-3.27577,-22.7082,13.6008,-60.8735,9.36664,-35.0845,-26.3057,69.8461,5
106.04,-48.0487,-24.784,-35.5574,315.511,-7.45607,29.2474,-34.0312,28.7781,6.52976,-29.7415,-42.3093,61.6351,-11
-129.557,-79.35,-109.378,-86.9789,-48.6775,24.4463,38.5215,-72.7918,150.675,55.6428,79.5218,20.887,76.1021,-74
220.133,-28.9361,-27.8734,-9.16339,328.02,-21.047,-42.4549,3.98482,0.670134,-20.9824,-0.592222,-26.8662,4.72658,-9
107.629,60.7713,-46.2185,132.943,164.046,-89.7315,-95.8839,-36.5213,5.57077,-16.8726,7.31602,55.92,0.546999,-15
595.64,-33.2104,-50.9519,19.4914,2.97774,108.762,24.4462,-74.4321,26.3168,-29.2258,-47.1658,-178.431,76.7531,115
155.69,-13.1909,-24.5031,14.7211,115.489,-56.7831,-11.4283,17.7844,24.9796,-58.8481,-55.6473,21.7008,-13.9874,9
71.0503,7.1226,-0.910767,20.3418,268.635,-24.129,-3.35,-2.12109,11.177,-4.93286,-1.13809,1.46162,5.16806,17
139.261,118.888,-54.8127,58.6362,-240.115,-143.068,-100.154,155.989,-159.263,89.73,-128.785,-67.1816,-26.8523,-179
218.427,-104.137,9.94103,-26.746,255.846,-5.90332,42.3761,10.9185,-15.443,-24.1299,-42.9287,-21.6733,53.5759,71
93.1441,-37.1288,-17.3937,9.26612,410.199,-10.3337,17.8021,-2.39704,-28.6411,-9.82074,5.19493,-13.6124,23.8496,9
97.2501,98.4284,29.9859,-7.16823,-122.636,-20.0996,-39.8369,12.8156,-21.0925,27.2544,2.46273,7.24053,21.1603,-11
207.338,-51.4765,-14.8206,131.256,607.634,-82.1462,-32.6524,-15.7307,-12.0697,-39.9619,-31.0283,62.4254,41.2493,21
79.9776,79.1615,-40.0655,-24.4647,-358.557,-20.3986,-42.4954,9.85271,-30.2843,-19.6839,2.05894,-1.34168,-43.115,-18
198.903,-157.212,-79.5495,-130.476,528.279,-25.1462,6.37557,106.824,169.783,9.11237,-30.2877,-83.3477,80.2333,11
326.703,167.931,34.5946,98.0776,-271.856,10.1865,-86.5589,20.1502,62.4079,152.15,35.5389,-44.1049,22.415,-24
107.418,40.7494,-8.39879,62.4662,-118.647,-8.22176,-43.0176,15.0656,25.9329,52.0651,1.30322,18.0346,3.01902,-15
81.79,55.6492,-77.3535,61.1217,-348.617,-66.2274,-84.3248,68.2334,8.93624,58.4754,-53.2373,-19.818,62.3414,-141
526.84,145.442,-35.2197,69.2329,-257.103,-83.6673,15.4059,-13.7028,39.2931,122.898,22.6029,-97.0616,-78.2004,47
273.166,-10.7895,1.77101,-7.26817,-43.5752,17.8629,-20.4549,-22.1797,17.4377,35.7762,4.42929,-18.8434,48.0846,-8
137.218,-4.49902,14.1657,60.9945,-92.7191,-57.9166,-106.313,52.7208,-139.192,-67.2621,-86.5195,-0.666827,-14.5111,12
25.1932,34.9105,20.5739,18.5006,-132.127,-14.1482,-15.9006,19.8385,-14.8017,8.38474,0.251462,-6.6613,3.67963,-20
243.525,6.9518,-52.2408,138.173,-140.828,-16.4845,-101.501,-33.6941,-31.2339,-34.5681,-0.0297586,48.5431,-3.22393,-50
198.471,16.2825,2.64297,-0.153452,-69.868,6.3981,29.8271,30.0953,47.3661,27.9213,-36.1509,-58.8023,44.3517,1
405.51,2.01579,-53.9054,-81.433,170.332,-62.7838,-51.0722,-20.9967,-87.5197,21.6602,44.9546,-0.893321,46.6327,8
-44.0112,22.8389,7.77852,46.0615,134.039,-32.434,-39.6681,-5.34357,59.7663,13.7955,-19.2837,17.8675,22.5156,-29
80.3303,-29.4007,26.3177,-74.5936,457.978,-5.95262,119.518,-9.73796,40.0073,29.9471,-32.3198,0.0199775,186.275,-18
617.648,27.4571,-76.353,-9.61855,-23.1407,-111.686,-154.462,21.5733,-86.7205,-77.0146,45.8363,-17.8446,-72.7647,56
13.5326,99.4697,55.3184,39.5567,-253.409,-47.1347,20.9242,23.133,65.247,147.946,48.9554,1.61317,-49.3022,10
331.42,-20.9254,-31.7265,-15.1347,-68.6534,-32.2933,17.8614,53.967,21.4994,39.0094,-50.5202,-31.636,-9.80221,58
124.743,-0.869478,16.1024,174.776,12.8607,-12.8009,-186.248,-82.0557,-86.8769,11.5933,22.6328,5.73793,-3.24747,-93
495.456,-125.295,-136.217,-81.7066,-2.89019,-68.9223,33.77,-17.2018,-4.68948,8.9677,-70.4327,-73.8245,-86.7442,169
55.6406,-34.8077,22.9466,-106.554,3.41595,-80.9527,-32.263,87.7569,160.269,-65.8132,40.9013,23.6708,-53.5847,32
312.365,59.2812,116.488,114.556,378.52,-88.8964,14.7558,79.381,41.6361,75.5886,-76.3815,-51.6972,106.796,-51
169.764,140.822,-9.11236,11.9024,-30.9154,1.00125,-25.2099,81.116,-19.9552,58.9763,-17.9552,-77.8689,-25.8563,55
352.383,51.8797,9.9627,153.213,79.9594,-31.8002,-115.615,-3.29759,-19.4416,45.879,-2.94553,-7.78026,-14.0043,-28
104.297,19.7907,-35.8105,-16.2954,-134.949,-17.6484,-52.8125,-35.9038,24.7852,10.4302,80.9132,82.9846,7.05094,-27
376.834,-69.4749,-16.5157,-56.4841,225.143,35.3548,-3.47801,-27.5604,8.9011,-19.3367,-19.2083,-1.78521,13.6415,9
371.722,42.4487,-45.0428,68.3971,105.686,22.6198,-105.621,-25.9486,-26.6413,-22.3061,-69.9465,-18.347,32.1719,-43
273.224,-10.9092,-11.8709,-2.19861,433.498,7.04932,1.36553,-0.631454,25.8691,-5.43327,1.87602,-37.4648,36.0102,10
78.3503,244.86,-97.4499,251.737,308.695,14.7013,-193.083,-150.191,35.5612,213.7,-107.212,-62.557,179.22,-116
142.352,-24.6728,-4.99884,22.3918,303.96,-22.5776,-17.697,-6.23362,-12.0319,-11.6156,-3.0368,10.7527,1.00914,32
270.036,62.8858,22.9135,114.832,3.0362,-39.2088,-45.9699,39.3731,-7.33152,-8.54904,-31.2915,-8.31163,28.1761,-7
207.838,106.306,-72.8555,-100.284,-324.949,-43.3544,-58.8766,-14.9129,-130.307,25.9515,-48.5116,-11.5297,2.9733,-22
291.802,-12.2603,4.29044,90.309,3.97482,18.2573,-25.7752,4.81652,31.7377,-8.53517,-32.0729,2.21433,-17.6541,-4
235.392,17.4538,52.4669,81.1122,435.537,-15.8657,115.659,31.2177,128.113,80.0791,-37.4369,-33.6676,42.9688,22
273.174,73.936,3.26133,76.6925,45.502,-13.6594,-89.4516,59.8393,-105.405,118.476,-28.8751,-88.0998,-57.1893,-12
117.434,51.059,-24.8236,52.5628,28.2456,-45.7952,-70.5349,8.88746,-44.2418,0.0435528,21.2879,-28.2229,13.5229,-49
302.794,77.3855,13.9154,86.646,167.116,8.46527,-32.1639,20.551,-83.9414,-30.6065,-54.0366,-30.3894,42.4823,38
107.54,2.2287,67.7086,127.259,196.333,-46.3665,5.08297,56.4786,7.13684,-36.3744,-72.4277,-28.1024,22.5531,39
8.21345,46.5476,16.4568,89.9206,-10.5999,12.759,5.91404,7.50186,-26.2179,22.7483,-33.4981,-0.475902,29.597,11
-26.465,-33.9462,4.4815,-47.081,-43.2336,-2.4439,38.7533,-1.38534,14.68,13.0428,12.957,-17.9215,19.9147,-5
245.548,31.9111,-0.975132,185.052,101,-64.6327,-129.098,46.4871,-196.447,-74.5273,-80.873,13.3318,-25.8233,-31
172.215,14.6562,-9.58939,16.985,341.661,-21.6915,-33.5023,-7.72733,-54.2491,-5.32331,23.868,7.15995,10.1269,-6
254.763,30.8592,-9.3407,-58.0749,20.5998,-55.3509,-104.085,-105.245,-35.1894,15.0982,70.386,32.5549,48.8137,39
200.442,-54.8855,-53.1128,7.9638,546.089,-40.0764,-26.3387,-28.5061,-64.949,-47.6344,-6.89359,25.1478,6.92162,52
-42.2915,143.501,-102.235,-6.72379,-310.041,16.5048,49.5147,-253.812,-126.64,26.1904,138.367,68.4557,-77.943,54
13.8835,74.3403,-31.5648,-19.3072,2.15857,-41.3972,-45.6754,-34.9132,-9.86783,16.5237,6.71966,-6.14132,81.9353,-87
17.0719,-26.7001,22.038,106.707,14.4143,-101.266,5.46601,11.5847,93.9697,4.18723,-28.2244,15.6476,1.15117,7
222.525,-8.01889,-26.2579,43.6082,233.753,-36.7203,-59.2695,20.3467,-42.1319,-53.0558,-41.8677,-25.6589,53.7534,6
-6.05104,55.8152,36.374,68.5344,139.946,-31.3333,-2.82508,64.2102,-33.631,20.1069,-36.7984,-17.7092,73.5167,-36
218.122,23.1886,-35.0614,7.26335,-68.0556,-0.844953,-11.2497,-15.6519,-26.0117,-15.8171,-11.0152,11.8139,27.5248,-1
337.418,47.9883,28.5993,160.746,-56.2544,-34.9545,-100.018,35.1566,-23.7446,1.69087,-49.8341,-71.2321,14.4854,11
195.972,64.0157,56.7835,66.2376,418.401,-30.3914,-55.1664,-45.769,-13.0632,12.3951,39.4053,-10.7221,48.5421,26
47.6126,-2.89912,13.6888,12.7875,-67.667,-12.5701,-74.4742,-46.935,-132.051,-3.09413,-15.7903,4.48257,-2.43391,49
112.676,42.604,-14.2804,-17.906,27.1185,-9.14545,-106.99,-4.05544,-79.8524,9.58734,26.3843,-0.8165,2.51191,-19
131.75,20.6094,16.9813,39.6284,190.296,14.4137,40.0555,64.7685,-80.7742,24.6521,-14.6412,-14.974,48.1982,67
17.0484,98.6177,41.0778,133.188,347.332,12.8402,-34.1972,43.338,-80.045,10.2595,-52.0703,-15.304,59.7494,-9
271.19,-36.9385,-24.3051,-81.7298,-16.8253,10.7457,-20.8686,-60.9416,-27.1219,-27.6089,51.4619,50.0598,-39.3233,22
349.986,18.8887,-35.1716,12.0673,225.955,18.4234,24.7836,21.8218,118.158,-16.4287,-15.7438,-64.1793,27.2871,-4
95.1246,58.6663,29.5591,49.4418,299.325,-12.9775,16.3,2.18487,56.2973,31.3381,0.155254,-70.7891,56.9799,-32
-284.297,51.4191,21.7235,125.083,-291.457,-17.7175,-18.2593,-66.5546,200.84,65.1479,95.3981,59.6075,-127.278,-36
425.037,-130.121,47.2335,98.9408,244.106,-80.6112,25.3182,14.2622,-4.00178,8.65099,-83.6137,-98.8059,21.8305,135
307.546,14.5239,-51.4579,-63.448,371.922,-68.0435,-101.867,75.2292,-9.5613,-76.754,17.4117,-3.53912,4.76206,1
61.7365,29.2955,-2.61458,11.5974,-33.6523,-37.3536,-16.7442,24.1122,-6.48808,20.3309,2.77433,5.3095,1.71011,-21
244.628,-44.5371,-7.98194,2.26553,311.165,30.3753,-51.0271,42.4773,69.7998,-0.487839,-54.9684,-83.2327,71.5816,25
129.568,-73.6196,-5.60324,12.7557,76.3456,-36.7273,-30.1401,-8.3724,9.00257,-35.3818,-3.34131,-2.07343,-19.344,30
-108.68,10.4103,21.692,5.08306,11.0329,-25.9025,-12.5272,32.5912,56.1065,-8.90979,-31.763,-13.1178,13.385,3
-40.3165,38.0498,46.5555,32.4606,-151.236,-27.666,69.1759,73.4246,139.429,22.6746,-75.7088,-13.2931,9.83907,-22
313.749,-72.1332,2.37954,-2.88564,722.74,-35.6177,-42.1801,5.80004,-105.363,-67.346,-9.16547,-11.328,77.0189,51
-117.109,30.5588,41.8163,49.4228,93.0194,-105.873,-8.87462,32.8267,44.461,-13.8261,-0.542382,30.1362,-2.24605,14
384.428,-32.0721,-16.0313,-29.492,231.813,-22.6664,28.764,31.9511,13.3081,-39.4479,-38.8205,-6.2886,31.4055,12
-83.7996,-9.91216,97.5895,50.4864,-169.415,-54.231,-59.0606,107.499,-49.2103,-6.10013,-1.65538,32.022,69.6171,-89
109.82,46.84,18.2822,65.0072,86.7633,4.11731,-66.5959,-16.0942,20.5596,63.8408,77.8563,-20.3825,-6.7894,-47
92.3019,9.4911,-19.4843,-0.656367,189.517,-18.2143,-31.4952,-5.92312,12.1805,-13.6753,18.3881,-0.220696,5.30605,6
67.0251,2.99451,1.52502,-0.462098,-39.7004,4.73117,8.15329,4.29505,10.7418,18.3269,-2.80763,-9.84164,18.9419,-5
-33.2429,108.958,40.41,71.924,-411.342,9.11061,38.7128,73.3278,-171.551,58.1096,-10.9106,9.94497,-27.4775,-56
-19.9939,98.8391,23.4526,-48.1252,39.2541,-45.2243,-89.7316,-64.6095,112.977,20.8808,179.383,-0.757603,-134.196,36
198.507,43.9606,-109.047,-202.363,93.9205,-123.787,-140.361,-25.2152,-79.7358,-1.65866,24.0949,-15.4987,8.88765,-7
-150.141,12.755,36.4527,-1.65618,27.7554,23.3758,-39.5185,-16.2428,-88.8343,29.1581,-11.8131,6.85549,75.9676,5
-109.618,383.204,133.959,14.1034,-50.3044,14.1772,-174.896,51.0795,-234.995,149.67,-4.74967,18.668,64.4342,-15
2.80133,-14.4845,-3.66503,-29.6428,59.7242,-8.50612,10.4625,2.74503,25.4347,0.479697,3.66223,-10.3575,11.2814,-3
128.388,-45.3116,-16.9681,-2.42241,230.609,-6.12346,14.5555,-15.2543,43.8357,2.85541,-9.11482,-6.43208,17.6541,8
-97.5656,-15.8121,19.1394,19.0328,-28.0088,16.2606,66.4746,31.9598,-81.9933,17.1191,-28.9967,-19.2163,42.7032,74
34.9979,-59.3867,8.05697,-18.4077,204.879,-65.5063,23.4947,14.9653,99.7751,-36.4745,-5.9629,47.7245,-57.7218,51
135.741,171.449,-48.9165,151.349,80.4203,-48.0487,-168.853,29.9895,-79.949,47.1433,-39.6547,-41.6261,-2.87154,-88
158.041,-45.3056,-1.15587,-9.96001,19.356,-40.843,10.6309,-10.1451,-4.76567,-4.38344,-20.8173,2.29805,39.8338,34
384.021,-84.3379,-48.6519,-67.1867,-235.087,-30.8072,52.5835,-44.9382,82.6554,153.167,-79.4242,-25.6088,135.459,20
111.432,60.6532,14.0053,140.057,477.789,-6.47299,-6.45824,-1.1662,-143.549,26.3807,-32.0868,-14.5759,20.7064,13
73.3149,147.927,7.014,78.4507,-134.357,-33.2802,-136.689,18.4375,-159.694,24.0683,15.2541,-4.81352,-11.7034,-58
211.101,105.671,-1.27548,16.1577,-139.059,9.84089,-83.6667,5.93447,-3.5072,60.0146,13.4123,-52.9537,-5.50523,-11
523.384,-197.731,-202.842,-83.6053,358.856,15.2795,-46.7992,-206.682,-12.7048,-5.94327,-128.688,-30.7352,104.633,-17
37.2288,6.43924,8.27712,-7.41354,-25.0008,0.455019,4.52358,12.1648,7.1659,16.0061,0.472434,-7.12818,7.12641,7
54.0861,-21.288,-43.9572,70.9506,-38.8666,-115.787,-72.0627,23.9325,-42.7639,32.3602,22.0017,16.7788,-36.822,-66
356.482,22.5896,-19.935,-36.0615,282.1,-33.3909,-41.78,0.805329,4.8681,15.7857,-41.1258,4.64391,72.2809,-13
178.302,-52.6067,-35.4951,-73.1851,68.032,5.09859,-104.766,19.6241,-109.469,-51.8995,-34.2734,-18.5612,-68.5789,85
-178.012,58.3725,88.8873,124.501,-217.74,-6.33735,-17.0402,46.5163,-39.4292,63.3951,-56.9294,-17.0084,12.5962,-8
157.428,42.4016,-29.7865,13.7768,283.977,-40.0373,-75.6306,43.8557,66.7052,-12.6233,-10.196,-52.8858,39.2308,18
80.6058,-41.1199,-18.9294,-27.5305,279.876,7.40541,53.0179,-5.90956,17.7204,15.0734,12.1071,-28.4451,21.1584,17
-325.026,256.65,133.934,-10.846,-15.717,-102.123,13.0384,103.909,185.103,117.314,84.5647,-58.5365,-1.89312,-40
81.4796,20.431,40.6399,116.124,-44.6006,6.81403,57.4504,73.3123,-66.807,30.9693,-48.3286,-35.8375,47.1631,17
543.631,108.378,6.18655,84.0116,-122.547,-1.20847,-114.65,71.6041,-124.803,81.3532,-105.356,-83.7076,38.1492,-36
-26.4109,223.203,68.6854,97.8322,84.2125,-47.0554,-107.74,49.5333,28.0179,23.221,8.67917,-39.1069,15.5034,-28
274.815,60.0559,30.304,99.2246,-80.9933,0.145506,7.80421,15.8228,-33.1337,15.7237,-57.8309,-17.4771,13.2138,45
78.9029,20.408,14.4466,79.3147,-172.99,-8.98418,-182.518,-15.0808,-35.8713,8.52005,-26.864,-22.5691,13.9007,-108
529.474,-48.4331,-73.7362,35.1138,250.318,11.8253,-73.1539,-37.5611,9.24247,-45.2643,-33.6957,-32.7604,30.1124,10
235.12,-14.3524,8.13382,113.513,567.702,-30.9883,31.9989,55.3989,152.627,32.6525,-91.4733,-73.8033,63.985,33
189.765,-58.7396,-18.6918,-5.1043,102.887,24.198,15.7717,-16.8185,7.77223,-11.5566,-35.1272,-32.8358,34.7503,19
-95.7391,40.6974,-22.0019,25.5757,-372.314,-16.1348,-49.0703,-27.9708,-26.0439,46.7556,39.4985,83.2658,-24.7759,-94
135.884,-18.8427,-22.9657,63.2871,-122.064,-8.88501,-47.3159,20.6921,37.3168,-41.6296,-48.6042,-39.2489,28.4253,-42
231.876,190.38,-25.4774,115.298,-595.799,-71.6722,-61.3499,82.9263,-174.341,25.2017,-56.9831,-6.19543,28.0285,-127
168.07,155.081,-7.5732,36.614,-262.966,11.9324,-17.6139,40.4444,-10.8816,83.7196,-26.9491,-44.5972,-5.17908,-48
109.227,76.2928,47.3509,-22.0701,-179.374,-67.1333,-29.7892,25.7885,-39.4521,54.4362,82.5428,32.0053,-77.0778,37
-124.865,50.2482,27.6106,52.0535,-23.7677,-31.153,-8.80094,33.5542,-28.3869,16.6479,-19.6273,-19.9656,3.69215,-33
410.501,2.80577,-21.8375,1.15884,-2.55649,9.29453,43.2212,99.7582,64.7225,114.423,-118.985,-15.2142,139.938,-42
-118.711,58.6951,84.8641,57.8246,-379.289,-8.90633,2.41938,169.072,-110.848,76.5502,-220.856,-75.3465,79.8107,25
406.298,-7.08422,41.7484,86.8474,443.002,-56.2092,36.3035,70.2237,73.3132,54.9383,-110.377,-88.0833,83.5438,-24
-34.5649,52.9579,1.83432,28.1845,-131.567,-16.6531,-25.0986,1.422,22.1797,-6.57436,12.8978,-5.6457,-2.4014,-27
87.7754,59.5762,-14.3154,29.8843,-57.6765,-21.8935,-22.7434,-12.9826,-18.056,9.03749,-15.8466,6.85841,-1.66154,-7
77.3482,6.58577,-24.9367,54.3779,138.611,-58.3698,-34.1703,4.36502,116.83,17.6266,10.8052,-56.9042,-50.96,31
160.655,126.185,126.105,-21.9446,44.2939,-36.6585,49.8409,114.695,139.006,110.847,-11.205,-37.1872,93.6766,-106
67.9346,-101.605,-161.221,-99.9849,578.436,24.3576,-1.46008,-12.2077,166.746,-122.354,-63.5317,-63.1694,38.7195,128
-322.408,-223.128,-61.3183,-66.6634,-270.346,-23.5157,-14.8254,-98.6127,147.609,-14.0426,136.12,30.8132,74.1341,-171
-79.6025,23.8668,29.0742,21.6949,-94.8106,-29.193,15.7749,16.26,37.999,15.3992,-14.3669,-3.03594,5.45697,-15
244.113,18.5568,-30.7589,-0.305444,171.027,4.07842,-56.7582,-30.4265,-48.8926,-10.0758,31.6725,-27.0045,-35.9461,21
172.508,25.3416,-20.8176,31.0595,-241.127,-19.9283,-8.95427,-13.8144,-70.0453,11.868,-33.6826,-19.3704,-41.0649,19
155.5,42.5211,9.91409,56.9004,140.389,-17.3256,-42.2899,8.76233,-53.5918,7.14019,-6.47854,-14.9959,5.22346,-8
291.714,-65.3154,-30.6744,-10.1685,701.524,-35.4858,7.35139,-22.1085,-8.8509,-44.443,-15.7614,-22.1233,21.2877,27
-203.106,262.211,105.598,180.791,-249.277,-28.432,-48.3163,-15.5914,-49.3157,122.714,13.2435,33.5215,-9.19211,-110
-140.167,45.3296,34.4392,97.377,-183.606,-129.756,-1.81372,45.0288,132.813,51.2626,-19.5755,45.6874,17.912,-12
323.094,34.5964,-8.50963,-79.9889,64.3453,-35.7184,8.41677,-12.8726,-60.8651,55.276,57.0178,10.9177,25.8253,-2
138.858,56.1343,58.8312,175.509,-55.8232,-34.3052,-24.4526,19.3592,-81.5785,8.51547,-82.8421,11.8482,19.6565,-11
123.829,98.4072,-140.271,287.716,-187.702,60.3764,-185.066,6.49963,-77.423,86.0143,9.59592,16.0003,55.1459,-98
-114.38,138.491,71.0887,105.746,-76.2851,-8.89767,-3.83806,85.2807,50.0443,69.7122,-4.87218,-43.2087,45.3066,-70
71.2147,27.1505,-20.4387,-119.944,-82.8616,6.83129,25.4515,2.18137,39.7539,16.7842,41.6469,-12.121,38.146,-21
-184.965,189.436,36.2705,104.142,39.9832,-84.3021,-90.1538,71.6296,90.2711,-19.3942,21.5798,5.0521,-23.9845,-58
72.2993,-178.591,-37.4507,-48.1336,-362.414,-40.217,-183.772,27.4771,-210.222,-63.9477,-136.718,-63.9063,52.2268,46
128.277,240.528,88.574,95.0326,-199.682,-32.7337,-14.0912,156.27,169.614,91.0082,-88.2911,-158.991,139.429,-30
-51.9901,14.3186,0.669526,48.9297,-93.422,-20.0018,-45.7185,19.7104,-49.192,-9.78582,11.1145,-2.87333,-9.91748,-46
369.26,-98.1593,-52.4217,-0.658041,640.425,-124.192,-72.9539,-119.468,-39.9513,-42.4925,10.771,56.4497,64.6265,-27
221.892,109.665,-15.6024,97.5536,-72.9812,-83.3049,-131.406,2.4172,-124.969,-16.1522,-32.4901,19.8012,-36.5007,-41
292.732,-5.66753,-41.0642,-88.454,195.988,17.0718,-22.2596,-2.54679,-72.6867,30.798,58.7701,-32.7849,3.25239,77
277.232,-6.23454,-30.1618,-13.5624,312.079,-48.3169,-55.0425,51.0466,1.77379,-7.16172,22.1227,-68.2885,65.3152,-40
-19.5675,25.6002,26.8456,-124.48,30.2882,-39.631,-68.1059,41.5302,152.707,-35.7532,63.4883,0.248498,-13.2107,-5
258.758,80.6239,-53.0569,77.186,-148.739,-70.0937,-79.1242,-9.6245,-73.7217,-30.1095,-37.861,-33.3664,-39.5542,-7
345.12,-88.7993,-109.825,-184.492,412.772,28.1416,-100.535,-21.2741,13.4649,-13.402,-65.9729,-27.1941,111.728,-99
52.1984,140.301,68.8346,68.5777,-135.186,-18.2038,-40.9925,50.8588,-78.0003,6.94316,-17.1372,-17.5915,76.1026,-74
238.951,92.1024,3.60817,-41.3406,-104.786,5.59378,-109.904,26.1909,-111.009,57.9904,-34.1826,15.2343,40.3465,-91
336.762,-37.0022,-72.3179,-88.9915,-2.05219,-16.896,-115.583,-105.621,-124.034,76.8505,-16.1714,20.9052,142.449,-10
128.213,-25.3351,-7.00091,2.33577,468.946,-16.2931,6.15007,-3.71445,17.7011,-28.6118,-24.523,-24.7585,24.4262,82
176.581,88.0316,-3.26883,28.9602,-129.664,-42.6573,-73.9129,-13.9343,-34.5713,0.270944,-5.74772,11.9758,-48.8444,14
26.1095,-24.3252,24.743,8.49979,213.606,-13.5325,-63.5289,52.2264,-20.5637,-34.7894,-74.4279,-43.9531,-3.65436,56
330.196,-53.203,-50.7824,96.5497,135.38,-4.05548,20.7299,-59.4035,149.823,-27.3424,-62.7632,-68.8702,1.6669,55
87.4788,-7.9217,1.4348,-17.1455,120.158,-18.3629,7.31914,16.9205,35.7702,9.78091,17.3711,-3.40033,29.0598,-18
56.0062,-121.912,-51.7703,-29.1344,1.14234,-26.9732,48.2878,-27.7062,162.361,-40.8953,-12.1531,54.8388,3.11451,-38
237.382,38.0531,-38.1794,23.2964,-39.0675,-67.306,-33.1187,2.40223,17.6065,15.962,-4.33373,-18.4403,-69.3058,24
33.1925,114.845,3.03848,61.7287,-152.364,-5.96338,-40.552,-8.38403,35.7144,11.9392,-54.1672,-35.794,55.789,-52
-214.203,-4.50992,24.356,32.3989,-93.8523,-63.8154,-21.7453,71.3772,-4.98291,-2.30293,-44.075,-14.1678,-32.4579,28
38.5135,-86.0508,-8.7417,-47.1839,211.792,-4.31985,-18.9248,13.4843,51.4944,-43.6086,94.7776,79.4436,-32.9464,-41
40.451,-48.4213,-39.9294,-32.1977,228.094,-5.44092,24.1094,-41.2126,43.9452,7.14124,5.29014,29.1829,27.2685,-27
111.651,-11.5514,6.67536,-39.7756,233.655,-20.0867,54.6738,14.7431,74.4838,24.4484,-13.3501,-13.9038,23.7685,15
212.664,64.0961,-7.62648,153.282,-35.4351,-29.1956,-25.1377,-9.54368,55.2295,19.6603,-39.5619,13.4595,62.1277,-46
263.986,-36.6836,-18.9205,111.007,348.643,3.57329,-36.7417,2.1931,-41.0835,-53.1951,-81.4626,-7.09034,-1.91289,71
129.728,-6.33016,61.9689,68.9211,204.421,-22.3285,21.8182,107.133,115.352,58.1754,-131.706,-82.6262,158.671,-61
173.051,95.2422,-26.8037,-95.3445,29.9649,-82.7783,-130.728,102.027,-222.003,29.2035,18.3525,12.2951,-134.891,94
163.092,-30.2099,-5.84774,-3.54729,360.911,-0.263813,-3.41355,-7.84915,-18.2568,-29.6879,7.13371,-15.9699,-34.7357,24
503.697,43.7784,35.2519,15.7875,123.191,-62.6292,36.529,102.628,-51.6064,65.1304,-30.5404,-49.5541,51.6286,23
111.44,-94.7127,-8.58973,33.9401,122.4,5.99105,-5.17634,44.7212,34.4479,-39.3074,-87.7982,-98.9326,20.1036,35
81.6659,-25.4733,41.6953,26.3042,-53.8934,-2.70199,-7.17321,50.0507,35.0769,42.4375,-45.0294,-45.4699,30.5438,20
142.904,-24.7601,-135.851,-84.9597,-322.032,-3.89192,-45.1508,-61.2658,13.8275,44.2526,26.2315,6.94225,16.3373,-30
-88.1874,172.485,39.255,63.7593,-443.387,-41.7393,34.7535,9.28598,-19.7533,151.554,-64.8169,-30.1206,27.9901,-92
315.304,56.1322,29.4946,47.9621,141.83,17.6481,7.9248,8.03679,6.78251,86.6282,39.417,-39.9874,-7.80482,10
326.936,-57.1937,16.6585,71.8576,171.441,12.0205,-4.54822,-0.252993,32.8905,27.1238,-4.37971,-43.1533,-30.0575,31
-2.79052,5.89366,-9.43571,37.7678,11.0594,-16.9409,-11.7025,-3.01292,-23.307,5.27613,-2.75686,8.75726,10.3477,-15
-8.97514,-43.6476,13.6017,-33.8067,250.994,-8.88474,1.64497,14.6723,26.1985,-19.9226,17.6657,4.16422,-23.1506,21
-23.0725,-65.8793,1.27598,-28.3216,248.547,-50.2961,-9.18791,20.4138,41.3435,-49.4253,-12.4956,-10.7639,-26.27,17
67.1276,-6.54957,-5.97707,15.9609,112.329,-5.16636,0.706205,-1.37979,2.6345,-1.17662,-3.55365,-3.17273,12.5978,5
300.009,33.5973,-22.141,-7.94819,84.6306,-52.1903,-25.9761,-39.0109,33.1973,13.2728,5.61178,-23.4057,13.1684,36
299.772,169.964,51.617,16.9091,-359.947,-71.5309,-80.9967,87.8343,-54.8659,52.6872,-23.4741,-6.57776,-1.59326,-12
37.7038,-26.0157,63.7595,120.949,279.826,34.9001,26.8563,-3.83022,118.798,-2.02576,5.85799,-67.3723,11.9186,21
213.04,96.5263,21.1926,-46.2487,76.977,-21.2055,-80.2489,182.192,164.217,-47.3848,-133.158,-47.0983,6.56977,51
344.882,-6.53901,22.7434,2.9637,-237.922,-16.9912,-111.866,83.7186,-192.446,59.6346,-126.657,-30.4682,-8.86689,10
111.318,-43.2972,9.91878,-87.1373,49.9241,-28.4558,43.4985,19.8358,55.129,32.4191,21.8437,4.99615,33.3175,-4
219.215,208.546,-5.67608,80.1695,-58.1645,24.3917,-35.8088,60.5701,-76.8546,-21.7278,-76.0143,-22.1015,12.0735,17
56.6329,-16.9413,34.1414,6.18625,290.847,-45.7534,30.7364,9.85643,62.6631,23.2297,17.7701,0.121586,3.86243,30
33.9929,70.4612,4.01532,60.7879,-96.2122,-76.2478,-37.1312,8.15532,31.4477,11.0239,12.0688,11.9585,-7.25419,-42
78.0164,120.952,39.703,68.18,2.93592,31.1936,-57.2534,36.5137,-70.7277,38.0309,-32.5829,-40.7293,41.964,-17
112.872,-25.2013,-37.8685,0.711001,-246.924,-4.3994,-11.0191,-74.9808,-9.27963,-34.9646,-17.7646,-5.06102,36.1977,30
238.227,0.069338,-23.8095,-12.4532,82.3868,15.1282,-20.0557,-10.7729,11.2166,48.9693,22.7137,-39.4673,3.06874,6
403.317,26.5969,24.0181,24.8901,134.196,22.2894,6.94711,30.0465,-3.73251,26.867,-29.7364,-59.9274,20.7091,2
-29.3291,64.5013,-41.7916,32.4796,103.546,-225.212,-108.411,87.7679,-12.9908,-85.2966,-91.7574,51.6049,58.3339,20
267.767,-30.4135,17.2415,-7.16266,26.0963,-20.0098,7.97035,35.4505,71.0607,61.3881,0.352224,13.8509,41.6558,-34
398.208,134.05,73.362,199.389,166.645,35.6446,-40.4007,163.485,-188.502,-13.8163,-282.441,1.14887,213.605,-35
122.349,26.2223,12.6426,70.4328,119.751,47.4969,-0.341506,28.6501,44.2362,50.2727,-52.8801,-37.9754,63.9759,-31
-134.665,41.1875,54.5098,46.4612,93.6271,-112.509,-40.2835,96.7143,239.935,44.6995,40.7933,-9.4109,-51.4545,27
349.11,7.64244,-48.0862,75.2747,327.902,-5.96595,2.18368,-15.4099,102.301,-1.9574,-51.5066,-38.7934,-10.9115,12
-0.878231,-39.8468,7.62459,-11.5323,319.351,-1.48426,11.9629,-2.65077,34.3679,-0.580549,-9.21222,-6.42514,7.39041,3
86.5032,42.2832,1.32919,-10.4204,61.2685,-19.6325,-22.72,-33.886,1.00127,15.745,28.9265,10.8851,1.87715,14
205.086,53.5422,-35.0636,-22.1008,-78.9676,51.5777,22.9029,-20.0297,-99.9705,4.6264,-59.5721,6.60447,46.4126,119
1.95216,55.2552,-5.83295,104.331,37.5989,-20.4585,-49.7833,18.9502,-57.3247,-28.875,13.9048,18.5725,-54.1192,-12
291.987,107.339,68.6593,79.7514,687.092,-25.3016,-34.27,38.9995,26.7973,49.3138,26.1463,-16.1614,59.4779,-16
35.0062,101.751,-23.1951,74.6482,-251.343,-46.0053,-63.9988,8.71394,-19.4913,-21.6916,5.27056,23.0286,-49.6328,-29
304.837,53.6423,29.4583,143.678,187.999,-46.1818,-6.04168,122.894,30.5318,102.222,-73.2016,-32.17,167.563,-94
30.8665,-24.8006,-12.9194,16.4151,100.73,-3.16998,24.6344,-33.4201,22.9987,-1.40542,-26.0453,-3.492,45.8925,-25
220.417,-106.966,-25.2208,-133.493,113.572,8.85447,30.442,-57.2341,-20.1872,-51.0553,-9.05076,12.5791,70.1175,41
160.093,-0.0373321,17.2387,16.0049,3.97178,-12.1704,58.1484,20.6865,62.7009,52.3401,-56.7142,15.8408,104.963,4
28.3472,-42.0806,-41.7538,-48.942,-155.302,-56.9217,-21.3,33.1487,16.9266,-25.8477,-30.2248,-50.3915,7.08434,-22
-3.3005,-69.1757,-52.5582,-23.8988,5.0347,32.501,83.1583,-48.8414,-42.7422,34.2396,-72.3809,-39.7066,103.057,14
82.854,0.40096,41.5805,122.458,339.835,37.831,74.384,-18.2067,-115.392,-15.109,2.76445,-17.5063,88.0015,68
78.1975,77.1164,63.1048,38.9346,-276.432,15.5805,-10.3684,81.2517,21.1721,33.6967,-60.7181,4.6046,94.7444,-85
320.387,-6.95133,-1.15345,204.987,275.683,-72.213,-34.3434,47.586,22.3597,26.9504,-91.3701,-17.7844,92.3769,29
-69.9756,3.53033,-56.5867,75.4467,33.1922,-33.5056,-110.228,2.02057,-15.0404,-0.856789,64.0946,71.7596,-85.1982,-82
166.465,79.4224,-16.9781,157.219,281.933,48.2888,-17.8766,18.3378,9.96235,84.5849,-77.2423,6.20505,167.615,-70
177.063,141.15,-4.36621,40.466,-155.944,-62.0095,-53.455,78.1048,-136.665,-5.54829,-19.3826,-7.40995,1.94816,-14
234.037,20.8135,106.342,145.212,152.782,-109.125,62.0598,95.6272,-51.1121,-6.22582,-103.899,-12.7492,44.3983,103
126.039,54.2975,18.2057,-100.518,50.2029,-15.9667,-29.315,-21.2707,-70.2541,69.5534,68.2221,-35.3635,0.10183,64
167.345,-32.6941,7.83794,17.2636,314.828,-8.47814,4.61904,18.6772,-18.1764,29.4506,-0.812126,-48.2634,23.7463,-19
151.037,43.4423,-27.0669,203.195,241.386,95.2615,-54.183,26.8771,-94.9664,-6.88208,-96.2603,-49.2655,123.574,17
553.444,95.3028,-64.1969,133.189,-67.4331,-16.6537,-130.126,-42.7054,-112.826,-84.4001,-88.1854,-8.34347,87.2382,68
349.556,43.4937,18.9806,-3.00021,594.064,-42.4682,1.47518,15.4492,-4.01977,3.76051,27.8385,15.3137,9.96628,-1
187.819,-0.503318,8.31943,18.3899,207.67,-14.9176,16.466,25.6784,55.8626,20.4017,-13.1814,-4.48538,18.7981,9
108.243,28.0203,-5.33935,4.71315,456.72,-21.7236,-31.4979,-6.74919,1.24162,-23.9117,5.40939,3.41985,5.0279,-4
176.825,29.4462,-21.6096,-70.8624,463.014,-66.3216,-67.1848,81.4329,59.2328,-13.3442,39.3366,-74.7602,107.885,-86
162.326,-62.0178,-23.5742,15.1795,76.3446,13.7908,-21.4469,-20.4607,-10.1867,-26.9323,-34.7449,-31.0427,11.794,28
155.656,64.3803,-8.89225,97.3321,103.857,2.41475,-64.9574,-2.84512,-65.5494,-21.8209,-44.0416,-35.9624,11.0764,17
159.228,20.6185,-20.8898,93.7708,-156.597,-40.4985,-9.79365,-22.7007,20.8836,26.7306,-12.546,-3.95833,-19.3974,-16
51.884,-0.578937,1.90965,31.9946,79.4729,-8.70054,-18.0575,-3.92279,-27.88,1.77393,-0.699835,-14.0601,-16.4661,8
31.7219,18.0576,-46.0776,87.207,-3.70951,-51.1128,-66.2174,-26.3044,-0.131357,-26.9808,-20.2954,3.11969,24.792,-27
463.811,39.7349,34.883,155.689,382.263,-55.9901,-36.6685,-20.1538,-179.214,-41.642,27.014,-65.9702,25.2678,111
319.968,82.828,-60.8659,74.9221,-33.2137,-79.3014,-84.1921,22.1084,-26.8607,66.1304,-8.78283,14.7257,26.7022,-83
170.748,35.9418,-16.8885,47.3186,349.857,-17.2361,-57.4604,2.64637,-16.1117,-11.9615,-8.8298,-4.99215,-2.31376,-11
-288.097,196.822,110.714,114.238,-193.534,-14.5768,1.03762,-30.8226,152.912,80.3516,37.2428,-30.2883,29.3122,-56
102.255,-17.2001,-36.6266,53.8589,-24.9345,-4.1721,6.78027,8.308,-4.44232,15.4846,-30.5301,0.927249,8.47117,54
77.2588,84.9896,-7.5425,9.67497,-309.403,-35.8145,25.0462,14.0444,12.2836,66.3433,-9.56547,-6.89213,30.3227,-52
-53.7693,81.4042,51.3857,42.152,347.243,-38.9139,-62.6392,18.3533,-25.4388,41.1699,71.3144,10.0431,-39.381,-27
563.035,12.7266,-57.8809,55.3354,132.526,-14.049,-123.823,45.961,50.6821,37.446,-52.2922,-25.1188,75.8228,-105
442.918,-63.3931,-93.2214,-177.686,-22.6368,5.20548,46.5301,-32.4562,111.337,74.2935,-49.14,-11.2074,104.418,-121
75.2642,128.184,-4.85102,154.427,97.0496,-27.021,23.3584,28.0965,-25.6976,-32.887,-81.9,-22.136,58.6982,4
154.829,-0.569785,26.1077,-13.8166,-16.2862,-66.3183,-54.1179,45.9413,17.1965,45.5047,-26.9824,-9.74723,51.4174,-77
238.122,-67.5711,-2.52425,150.811,369.393,8.04656,-55.9018,-12.2184,-60.9425,-85.2433,-8.34262,-57.5067,32.8823,88
-101.309,69.879,-6.61542,38.2509,20.0481,-0.646649,-48.1308,-4.04628,-35.2625,50.3918,32.4775,15.4229,0.721702,-42
83.1467,66.2568,-25.5773,2.78088,117.766,1.85851,-34.1212,7.6876,15.799,21.3643,-36.3654,-3.11068,42.2799,-42
191.175,17.5059,-19.624,10.4943,124.296,-1.99693,48.9432,7.54616,12.7078,23.9701,-31.5651,-54.463,58.9876,11
284.926,51.9703,25.6644,-10.9171,-181.887,-103.473,-40.1736,63.2708,35.6331,118.469,-15.3415,-56.3149,125.85,-164
458.759,-8.62167,2.07623,-150.802,266.154,17.9877,46.2404,-22.3435,-7.01184,68.4159,50.0235,-24.7365,113.994,84
97.932,-7.6115,18.1151,22.5639,123.139,-16.2621,24.8778,19.0154,75.0643,55.6818,1.31758,-1.89144,12.0958,-24
211.579,23.2389,-41.105,-43.8558,194.668,13.2362,34.2612,42.9306,106.174,-21.3095,-35.5809,-53.1192,6.65303,41
76.2105,13.1475,-5.08895,-65.5056,91.7585,-7.23195,2.02866,-14.4359,2.95743,42.4759,39.1841,-15.0402,31.0296,2
54.1108,33.5182,4.24539,61.3138,-1.88993,12.6426,-22.2424,15.4219,-57.2329,-1.64697,-22.563,-10.7786,-1.52021,16
308.352,18.3428,16.0089,-34.7982,271.69,1.6629,50.8429,23.4543,3.85785,59.1154,-34.7498,-36.1484,64.5734,14
212.017,-10.1985,-19.7674,41.963,-34.3197,-7.93114,-43.5864,-33.1771,-50.3478,-59.2044,-47.2791,-8.3079,7.88955,61
-157.321,-18.8596,-3.90768,20.791,171.415,-16.696,21.9086,1.55988,42.8918,5.8206,6.96838,-0.506548,16.386,-10
257.466,50.0585,-21.2817,-58.5592,-47.2969,-25.568,-49.25,-22.9718,-67.9516,26.7079,28.5473,34.1442,-15.9657,-4
195.741,-3.92813,-25.9774,-53.2344,-85.9301,-3.56152,-35.7946,-23.0009,-50.2681,-5.91909,-11.9265,16.2974,16.1603,23
184.689,-36.7748,26.089,19.995,252.77,-7.02595,24.2984,14.1703,15.4926,-6.33647,-5.66747,-7.86489,39.1478,26
-48.7278,25.154,53.0639,94.0557,250.964,-60.4205,-29.7118,-11.9543,71.5197,24.5509,-30.2894,-9.63459,34.5114,-33
178.768,96.9416,-65.5367,-95.4481,192.467,15.9801,-109.742,19.4504,-61.7044,-65.4498,-64.665,0.417052,59.9889,21
43.0097,25.8378,0.0354124,-0.141386,-204.652,-27.9421,-55.2914,-12.2098,-53.6866,-10.3525,21.8697,21.8986,-47.3826,24
141.963,107.288,-16.6305,35.8709,-20.138,5.8938,-111.737,21.4714,-152.522,27.5503,-50.6014,-42.5381,-2.13077,-3
254.853,52.877,-15.6945,89.3579,453.883,-65.1684,-6.95764,13.5742,45.3389,52.7459,4.12843,-39.1879,39.507,-38
-257.744,27.3523,-23.484,5.32975,262.733,-61.9285,-101.01,85.3289,75.4404,-75.69,-25.7065,23.0947,-71.1468,63
436.223,18.1539,44.3737,54.6934,-361.742,-9.41144,-7.04667,206.812,-116.82,166.826,-87.4317,-143.35,4.44477,-94
79.5941,33.2685,8.1385,27.3887,118.062,-9.22733,-5.91009,-7.84499,87.5032,33.2935,3.64253,-12.591,32.5746,-29
135.491,-28.5007,-13.2377,57.3974,-291.999,-42.7754,-57.364,-99.3405,-96.1098,0.930895,67.3737,65.2129,22.5184,11
118.608,77.0261,6.03809,-1.70419,-211.973,-6.10299,-45.3609,-16.1264,-26.5848,20.0042,-11.2932,-41.4358,1.08845,-7
190.894,-16.1602,-35.0564,-3.22081,530.781,-62.2448,7.1914,-11.7949,-19.5481,-10.657,15.9309,0.102693,3.17992,5
209.771,38.4465,64.3158,51.6775,254.762,-107.408,52.1516,22.0179,80.1884,113.225,19.9963,7.57108,-17.2952,37
104.057,20.1033,5.26717,72.5335,201.095,-40.1656,-33.5015,-24.5838,-45.6624,-29.7586,-7.7852,13.9891,19.7495,-3
-73.4162,-4.93328,24.2532,46.4595,270.196,-17.9825,48.0817,-26.45,55.5659,29.6968,1.52581,-36.6447,58.7737,2
208.994,14.6976,40.0496,-13.7243,473.875,-58.6358,82.4174,82.1538,102.952,43.4852,-11.433,-50.1576,69.4117,62
337.096,44.0715,-19.0805,-53.714,223.004,-75.5566,-52.3492,63.6562,45.5642,-69.1936,-29.4183,30.8049,13.2787,11
208.337,27.1805,-6.87614,54.3823,-19.2762,11.7785,-78.6799,11.6908,88.4066,53.746,8.80587,10.6719,5.06009,-57
88.1413,38.5064,17.1408,-12.5123,173.42,-14.8299,37.8334,28.7255,81.546,58.0784,20.2793,-17.0831,41.2856,-16
48.8462,14.6148,19.8088,20.9527,-3.68648,-21.3023,-12.5324,34.02,-30.4445,12.5156,-27.1295,-38.6201,15.901,-0
405.717,211.645,0.26768,225.388,-301.628,-87.7457,-168.874,113.461,81.7605,-153.703,-69.9657,-49.6852,11.7593,15
242.803,199.275,27.471,-18.865,-90.51,-18.3846,-81.3928,41.1424,110.676,59.7083,52.4533,-36.3183,48.618,-104
59.5883,-90.2401,-21.5448,32.1513,100.732,-53.148,-91.5136,-28.5783,46.2355,-66.5956,29.0392,-24.5592,-62.8156,25
406.22,-2.01658,-1.26168,85.3041,-127.807,-163.039,-177.096,13.8018,-162.299,-99.9814,-31.7225,112.1,-6.65361,98
139.867,-36.937,-37.3511,14.1745,279.277,3.87467,-9.38499,-40.3733,10.4742,-29.9969,-18.1966,-17.2143,-7.61415,4
282.596,175.192,-29.9939,-6.02616,-139.656,-15.8282,-79.0987,27.6586,-27.6303,24.7993,16.735,-57.6633,2.68584,-36
646.376,-2.82538,-61.1266,36.4482,135.485,-50.8309,-43.0363,59.8361,-66.3333,35.0541,-124.114,-53.2641,84.5431,16
315.859,84.6919,-73.8253,27.08,72.5632,-97.6517,-140.234,71.8774,-26.0959,-78.7326,-36.5176,-45.8876,-110.344,7
155.754,26.3032,-46.9881,88.9771,54.1435,-7.7414,-77.7585,-25.0894,-29.7601,-49.8789,-53.6184,-10.0843,-16.3987,33
528.507,-35.8278,-12.7523,-38.1557,212.142,-43.4179,-64.3494,81.2043,-40.7143,-54.0863,-68.4398,-34.0086,-39.5431,50
451.335,-10.1258,-30.4747,18.3168,472.821,-64.0753,-25.2982,34.9295,64.8414,35.9952,-22.6685,-39.9781,14.2728,-41
201.54,-82.0579,-9.63978,-37.4698,347.844,24.6594,28.6199,-34.9766,11.0711,-26.3123,9.43586,-7.13035,23.9395,16
307.282,5.39391,-45.4635,-55.5093,359.478,10.3205,-50.259,9.70363,37.283,20.4637,-16.4096,12.5548,57.4983,-36
228.959,-21.0046,-34.0609,-36.0405,-8.40116,-4.0149,-38.4504,6.46836,-32.8923,-24.1424,-14.5545,-16.3102,-2.7307,63
282.746,62.7105,-51.1383,39.741,305.452,-1.6689,-19.0151,-35.025,-50.0863,-6.97568,50.3872,2.95847,-89.0797,41
465.567,-41.7878,-47.8487,29.8833,195.27,-33.3698,-147.007,2.56893,-93.5703,-22.1861,-87.5845,-111.425,-22.7154,11
510.486,225.307,-87.3435,153.913,23.225,39.7669,-137.284,-105.304,-22.5092,-8.58916,12.492,-32.4394,12.2573,90
28.3877,35.9047,-81.9472,-22.2754,143.933,-82.0267,-63.2788,84.4123,18.5558,-78.9331,-7.30392,37.2138,-74.4957,30
426.068,-74.367,-20.5439,33.3657,189.594,24.3411,36.3297,-19.8344,-9.64905,-38.2923,-31.6263,-19.6951,20.5046,73
-226.053,-30.8094,-10.47,62.2106,151.267,-44.6418,13.9296,-28.7584,59.6639,31.0901,34.0801,43.8334,1.01269,-64
187.108,-54.0337,-13.9021,-8.3361,275.904,8.40462,16.5565,-27.5494,27.1749,25.3322,-12.5573,-9.08529,64.2484,-4
8.92185,-118.193,-41.1828,95.362,590.818,-43.2107,9.36003,30.7231,101.498,-159.285,-141.202,-42.9011,11.6857,108
-221.722,-72.6127,-29.1589,34.9864,3.84925,8.4997,11.9009,6.62713,-138.298,-14.9973,-41.1381,-4.67142,-14.3641,35
-197.931,52.8766,37.1997,203.959,-101.564,-75.9273,-0.0169804,7.37271,99.5375,62.6402,-17.452,32.8953,-26.5293,-34
159.457,112.856,-69.1409,-94.2104,20.9802,-37.4808,-75.5908,61.6362,-171.202,82.7719,-17.0799,-25.0749,85.6316,-104
197.215,-75.3509,20.4575,53.3442,421.576,-92.9418,77.7706,4.72421,93.877,27.7528,-26.2029,3.06383,52.7087,56
-180.818,39.1134,19.5064,44.6684,244.041,-14.239,-9.48698,26.988,68.7126,0.929964,2.74868,2.72789,10.7861,-14
-180.741,48.0511,59.9761,102.248,-105.873,-38.0059,63.5693,44.7891,120.822,91.4911,-54.5918,3.6158,103.378,-70
31.9258,-26.7633,7.24297,-50.767,248.597,1.02596,32.7193,21.5402,42.5476,4.93194,-11.0666,-40.0464,47.6897,-5
238.467,-24.148,-16.7294,-19.6913,378.85,-46.4572,4.80798,22.2296,53.5674,-27.0723,-16.8439,-12.7293,2.0913,-14
301.25,0.245512,-67.6749,39.1202,414.207,-40.3796,-46.3883,34.0196,62.7785,-21.1866,24.539,-62.8288,34.1713,23
333.144,-39.433,19.5162,-20.5614,338.049,49.4305,71.2484,74.399,202.187,-35.005,-21.4478,-148.132,16.5943,-7
282.06,33.3012,-8.98799,68.7003,-398.19,-8.86637,-49.6035,39.1091,-57.0972,14.5691,-114.369,-115.416,-33.1084,14
-62.0023,-66.5727,58.3532,95.374,-339.047,25.1995,-29.223,110.687,-76.4494,-26.6556,-108.37,-36.7619,86.687,-38
785.851,89.7494,-86.9837,115.154,214.928,-33.1826,-145.969,-54.1071,39.2589,-15.4896,-146.361,-78.8992,-41.0707,97
331.21,16.4321,-34.7382,-32.7133,172.162,-7.23725,-82.7884,-40.6976,-43.0188,0.44666,6.84881,-1.2151,30.8039,-3
383.707,-24.9304,-136.589,-32.0212,-310.375,-68.8716,-8.83166,-9.90051,163.037,53.6827,-129.997,-65.7227,101.705,-82
225.201,9.7427,-21.5008,124.455,530.675,-44.6091,-43.2026,-19.837,2.44504,-24.5951,18.9942,-28.2253,-8.02862,21
316.213,-119.683,-66.5387,37.9683,614.188,-78.714,10.5887,-4.39708,19.5375,-28.4288,-42.9599,-4.70746,20.6258,27
217.075,-70.5685,-47.7058,-10.0212,112.368,-8.40064,-11.2988,-23.7333,-13.165,-23.2721,-16.3696,-32.8855,-23.4814,20
67.7301,-37.019,18.7331,36.7881,354.816,-10.7285,8.77672,-5.58972,34.9975,17.0412,-8.45561,-8.37972,1.97957,3
131.304,147.944,55.331,-50.2019,-127.408,-89.7224,-40.4824,-104.073,256.376,88.6363,142.77,120.035,64.9798,-10
204.573,13.9807,4.33363,-57.088,141.909,-27.8794,35.8678,65.7452,56.2554,35.6726,-34.5604,-60.7832,77.3746,-89
559.386,76.3465,35.488,-100.802,8.83897,98.0179,-234.164,54.4348,33.8702,148.221,-41.6646,22.1929,212.948,-78
748.264,-79.1461,37.0454,-266.062,-113.272,-106.118,-48.604,24.1453,43.9741,17.3908,45.3197,47.6428,-110.148,73
58.8134,82.1559,18.5258,75.4672,257.161,-31.2272,-95.0852,9.22688,17.6124,-17.3316,-2.42764,-33.0252,-6.22316,32
110.853,-11.3131,11.5798,-18.4823,185.598,-14.9136,-3.56858,7.71481,6.79192,5.65227,3.03009,4.66158,3.74516,5
-16.7501,57.8556,-42.9629,106.225,-175.677,-120.645,-128.833,131.636,-111.115,-30.3574,-87.2145,44.7823,-82.3263,-10
-105.144,-55.6,-89.8357,-147.76,-239.137,-25.1893,-59.6067,-145.445,4.45887,6.71894,163.119,56.1703,-54.2324,-139
-98.5394,1.01982,9.28811,24.78,176.622,-29.0975,-3.99851,-18.698,42.0443,36.4952,31.9673,2.32244,11.9035,-29
-2.58072,-24.3197,14.0176,-74.0578,-157.141,8.44229,22.231,26.1555,39.8454,9.60558,-22.5429,-29.4031,87.4581,-65
216.062,-28.2223,36.9777,252.031,177.142,-51.9139,-23.4173,92.9752,92.6562,-27.1601,-125.282,-166.604,-78.7234,141
225.159,109.072,19.9281,88.8511,-6.27254,-8.59912,-56.8885,87.8894,80.7482,8.12018,-52.0026,-118.292,-45.3582,-17
-519.165,86.1519,96.7268,5.1884,-65.9662,-25.4432,-4.91864,28.3113,29.6998,83.819,-25.296,-6.6234,154.525,-64
195.259,33.6954,-10.469,74.5121,-308.134,-24.1872,-23.8789,10.0237,7.61819,42.9915,-58.0229,-20.1148,20.8548,-49
-24.4079,-12.2212,20.6916,-0.00832531,177.601,-36.3248,20.1445,99.6249,133.205,-30.926,-27.0023,-48.4305,31.6425,40
42.2582,-64.5704,8.91532,-38.3298,-3.15687,1.44917,24.9004,-13.0948,43.6092,8.86256,7.28654,-2.86785,49.8255,-8
-152.044,6.68187,10.2788,38.3363,-86.9123,0.544836,36.504,2.64717,-10.6109,-9.10709,-10.4888,10.8769,9.29938,-23
132.936,-69.4494,-12.796,78.5308,162.394,18.2833,-22.1081,-4.64261,38.7775,-10.8736,-37.9676,-43.2598,-11.1856,10
-31.6942,-2.66217,18.7611,-21.7203,-98.9349,-16.2323,30.8277,16.0943,33.2173,24.9552,0.00432467,-1.38458,28.8105,-12
142.152,-98.4367,-83.8039,32.0937,204.381,-29.6791,-75.0143,-78.172,30.4926,-19.7021,36.8352,-19.9715,-21.9936,-11
361.144,2.02739,51.8178,160.903,152.606,-29.9831,20.6105,-16.2261,39.5364,45.1894,9.96138,-24.6825,75.4071,62
163.999,13.9165,-7.43905,34.9873,8.38601,-55.0787,-83.9616,30.3078,-112,-6.78416,-13.0875,-17.3756,4.07021,-23
205.79,25.2457,-48.6707,20.7382,-164.26,50.8586,-72.4346,-69.995,-40.5395,100.575,31.9275,-48.453,-37.461,-5
189.883,-128.874,-48.3307,-25.5174,107.427,10.3417,28.1742,-50.5417,-19.5914,-45.0083,-44.6315,-43.8473,63.2679,3
53.6807,-27.3061,-9.57183,8.66067,13.934,-4.8571,-13.3202,27.7621,46.6055,51.7884,-19.9918,23.2428,51.6786,-24
219.764,-61.6555,-11.0879,5.75834,244.924,-14.5578,-6.07913,-48.5942,-35.2109,-12.1149,17.3408,6.70203,22.3224,22
173.669,76.6165,42.731,-16.3027,-279.094,-23.7532,44.3176,68.9194,-22.2215,83.1791,21.8704,-13.2204,48.6076,6
250.453,-19.4319,-7.94366,31.512,311.067,-12.6735,-11.7233,46.2008,11.9607,-4.21747,-46.6184,-33.5578,-21.6397,26
121.423,37.2268,-9.04363,30.3546,-214.834,-66.3909,-175.903,18.1384,-215.35,-75.437,-30.2047,54.2866,-21.7349,7
217.474,-36.3064,-38.5236,8.55886,457.568,32.6451,-42.0761,-20.68,-7.07866,-32.5228,-14.8721,-48.4239,-22.7868,53
372.118,-8.23995,32.9769,82.0732,385.872,5.67691,59.2295,74.6932,-9.16621,49.3904,-34.8031,-26.7936,79.2901,43
168.637,5.08895,-53.7727,-17.0496,-335.687,23.4331,-48.9894,-38.6305,-28.8657,21.1276,47.4648,-22.5681,24.0859,-15
105.508,12.5679,1.56195,-40.469,417.586,-21.0448,-42.918,-12.9658,6.24173,10.4054,47.6579,18.7002,6.90502,20
110.745,-39.052,8.89395,-8.32811,154.818,-7.91808,5.81906,31.1184,26.6107,3.85576,-28.0741,-36.932,54.1542,-2
-15.9189,104.325,128.6,14.3494,-369.657,-105.088,-8.78326,144.831,57.5966,123.875,-8.8733,-40.4553,-30.9522,0
354.782,-46.7624,-46.4369,28.809,386.958,-11.2374,-46.2179,-17.3199,-22.9425,5.22084,-2.97884,9.9157,37.8699,18
569.406,106.37,-97.437,146.809,362.675,-75.7628,-147.806,-84.0368,21.1369,-10.8724,9.29799,-32.1992,-72.6672,-31
68.4805,98.1103,37.1627,-23.8305,-301.364,-61.4887,32.5718,22.1261,217.611,24.2348,-26.205,-51.6107,36.7876,3
422.668,-34.1569,-8.99426,20.1726,-173.649,-5.65978,-71.7242,60.0664,-84.0012,-3.25634,-67.9776,-76.3474,-15.5198,-74
327.708,77.2665,-113.499,107.601,-179.659,14.1427,-67.2278,-83.9033,95.0434,67.6328,-92.2792,-21.6746,127.112,-46
230.99,142.886,34.1773,149.275,38.1389,-67.9743,-83.7223,14.6092,-171.873,74.2703,4.29926,-5.42773,-104.971,25
236.273,45.518,23.886,-6.29235,56.1252,-28.7457,-51.5155,53.7338,-55.0787,31.9544,-20.4852,19.0276,75.0138,-43
-28.5255,-10.2002,150.278,-182.301,281.326,-67.5982,-192.049,18.478,28.9199,55.5416,144.868,94.5914,8.8922,76
225.682,-11.1532,-37.8344,0.690658,132.202,-38.926,-32.1826,0.812006,-33.1673,-23.2211,-16.9638,21.5897,8.30289,42
331.128,174.448,-18.0463,79.7659,154.578,-25.9276,-116.491,53.5738,-113.796,30.6236,-18.7817,-48.5112,-6.36904,-2
71.1016,-29.0633,-42.5605,112.762,254.833,-52.2487,-29.5676,9.26381,96.2641,-9.38307,-18.8352,17.6646,-5.24463,6
47.7715,26.7036,51.5749,-58.8133,163.316,-101.033,-13.0103,94.3415,179.353,68.9299,-35.2268,-14.3415,61.6533,-14
60.3109,-0.0602935,-24.2456,-5.38244,204.183,-19.7445,-22.8042,0.115501,-1.54247,-10.3322,-3.84433,-2.56864,-2.5518,8
-14.3616,-32.8557,-64.6112,-83.0655,155.17,-38.4297,-32.686,22.2042,144.188,-58.3032,15.773,51.64,9.10531,-3
320.938,35.8001,9.78483,102.365,7.91269,7.64307,-77.1043,101.78,-63.1907,3.36782,-80.5358,32.7163,68.8232,-67
315.903,-31.75,-32.1743,-10.3529,143.503,-108.048,6.35344,82.5996,0.286357,-23.234,-75.1047,-2.84014,117.158,-66
-215.944,50.4329,52.3399,-44.1932,-380.082,-62.2324,25.8056,-3.04656,17.9761,44.3028,47.4547,10.9475,17.4602,-18
199.129,89.8298,-43.2713,-19.5503,-172.547,9.5019,-60.4998,-30.2853,-100.594,41.4129,27.0719,-45.1902,-36.1813,21
480.368,-146.21,-83.7089,-54.1892,254.322,-75.5596,-20.4821,136.964,35.1073,-94.5878,-87.7863,-128.64,-58.6301,-13
296.131,44.9748,30.5958,-12.1893,226.881,-3.63739,-22.8775,12.4503,23.6486,36.7021,4.39069,-17.872,28.3757,6
176.413,-119.023,-25.1328,27.6649,145.562,-86.933,-39.306,-37.8917,61.1471,-99.331,-8.65844,53.3232,-19.3886,38
66.778,-95.6681,41.4364,-266.047,498.128,-44.1944,-158.336,18.4931,94.9356,-79.8967,150.916,35.6801,-49.4671,66
-188.573,136.362,24.4817,-24.0084,-376.89,-76.6793,-46.1587,36.2441,-43.9547,46.5737,4.576,-8.57078,-22.9677,-71
323.098,151.45,-16.6462,22.4129,31.3534,5.59614,-83.5405,2.23919,-116.827,39.6165,-6.13104,-16.018,-6.28563,7
555.888,-43.7484,-36.6952,77.8418,384.558,-66.554,-64.5109,4.68628,-48.5624,-12.3483,-19.1261,15.4151,31.807,-28
127.44,83.8464,-27.3003,-2.74628,-230.116,49.8912,-9.30782,54.4124,-137.718,84.1536,-15.2173,-24.4978,-59.6399,20
294.101,24.4366,3.55651,52.2021,198.872,-69.4035,-62.6392,-66.4967,41.6999,76.6197,28.2466,66.3245,104.326,-86
181.762,-84.5992,5.00659,-37.3008,469.849,-8.77637,9.10592,-22.2208,-2.01096,-54.5403,-15.3214,22.412,47.9033,19
387.557,15.1437,-17.5217,-17.7368,119.243,20.8949,-4.90094,32.9768,24.7142,16.0045,-42.3185,-104.491,51.9369,33
257.329,-29.5062,-5.2559,11.3285,577.231,14.805,4.77788,25.3053,35.3825,-24.8552,5.758,-37.4016,45.503,39
208.555,-26.7178,-1.81867,36.2759,4.2325,5.53504,-33.6244,-19.9239,-26.8281,-22.7918,4.39173,-14.3702,-0.638216,-12
-153.667,90.8145,24.0123,134.45,-246.092,-78.5965,-109.181,135.317,-41.5825,5.64288,-22.5194,29.9832,-20.5703,-75
-51.9055,-3.71323,28.4068,59.0035,-200.167,-14.2961,5.09539,48.9247,93.4479,-8.65602,-42.926,-59.6041,12.4065,40
-112.346,-19.4727,17.3059,62.7863,222.878,-47.1672,-13.9859,11.9675,19.6283,-7.16135,-19.3987,0.0762942,-11.549,25
-118.927,-64.8395,-25.0265,-54.191,260.001,-23.5818,-24.8528,-29.9004,5.36259,6.98572,26.5216,23.1356,18.9369,-48
37.9215,105.244,38.1182,19.8978,-0.705221,3.66526,-62.0922,28.4616,6.76756,36.8723,-44.7356,-24.4132,36.9962,-36
291.863,110.231,-53.8789,-23.8223,-357.558,-197.095,-53.1501,21.4128,94.5843,80.1175,0.561426,-37.9738,2.18988,-128
26.6582,75.7048,10.253,48.9301,-231.956,-8.30438,-41.7186,-9.57872,-41.3152,20.366,33.9839,-5.59319,-52.8045,-18
225.62,-23.7465,-26.7077,-119.558,414.809,-6.73343,-11.2057,-3.9387,52.8957,-48.5895,-3.59086,22.0711,32.8447,36
550.854,-38.3339,5.57719,-128.661,-63.6155,105.657,46.8737,24.748,17.1647,-46.5727,-65.4981,-75.8643,59.1263,46
-32.0827,40.4635,66.9565,86.0505,214.61,-109.705,-37.4372,10.1004,123.917,116.594,44.5888,7.22227,22.6472,-41
20.0639,198.881,33.4374,93.5386,-390.449,-19.5449,-4.57167,85.1499,8.46445,194.321,17.6075,-109.808,-109.896,98
285.679,81.4392,-68.0016,0.68766,-242.309,-30.3711,-99.118,-23.3346,-201.684,31.9645,-23.2492,-5.64456,55.4448,14
74.1292,-5.66246,20.6203,11.1572,65.4198,-35.8256,15.2021,10.2148,20.2436,25.8002,-17.8223,0.174782,11.541,-8
444.356,-83.9177,-4.02097,6.39084,-78.4355,-115.37,-41.7514,61.4849,6.53859,-67.8371,-46.8177,-26.8937,-14.4572,130
107.717,-20.4812,-65.1365,-108.463,-40.1783,25.6931,34.8135,-25.3611,103.501,-21.4235,-33.2269,-8.09113,48.0233,-21
-86.4521,34.9517,87.5643,182.552,20.7356,31.763,-117.654,9.81627,-44.458,49.5977,81.6484,51.2877,-203.54,-65
342.719,-46.0557,29.8858,-13.0014,-17.003,-122.662,0.203278,31.5387,7.46391,-10.5672,-31.5087,20.0337,-0.138982,80
105.917,25.4284,27.6386,-84.137,-176.077,-12.6235,0.0523634,8.0829,-38.8152,54.8639,26.7386,-19.072,47.6475,11
-163.973,-19.8535,-59.4201,33.1974,-280.383,-36.9815,-58.4689,-46.3546,-2.90188,-38.4826,-16.3423,78.8322,-6.80802,-81
121.185,182.469,47.1398,224.254,225.382,-50.229,-88.1721,29.0001,25.9742,-15.4112,23.3489,29.1626,-44.0188,-68
384.457,-32.7005,-19.3663,67.0224,127.893,-0.689627,-155.525,-32.977,-138.864,-26.6205,14.5469,1.54472,-50.1152,-2
85.5032,57.0004,118.647,84.1791,-62.8564,22.7538,-28.4434,71.4009,29.1072,-3.79466,-98.5668,-79.632,127.122,-124
383.305,-101.142,54.0057,-55.7178,261.976,-75.5564,155.562,108.156,22.1487,38.7005,-39.7944,-38.2117,40.0092,111
-119.485,34.2042,14.6487,-43.301,-630.248,-27.9345,38.9203,76.3035,-11.4593,50.4715,23.1871,-20.081,-93.393,-3
-239.603,-50.7103,79.6715,36.0829,-78.5813,30.4904,174.565,112.326,160.992,88.703,-108.964,-131.041,83.1672,46
137.911,-53.9591,22.9756,113.765,39.5362,2.52189,-144.258,31.0872,-23.7901,-14.4532,-82.8804,-105.731,-92.9951,-40
220.078,37.5483,-9.83454,34.9833,215.908,-17.58,-13.3003,13.4259,52.6603,16.9644,3.29833,-39.8969,8.94207,-26
259.698,85.6274,15.8804,53.9085,244.413,-31.732,-79.299,8.91211,-42.3516,-31.4489,8.85698,-16.5393,1.93334,35
208.347,41.5366,14.8988,22.8544,-146.531,-93.281,-51.1024,52.9389,-86.9425,19.5597,-12.2352,12.7276,33.8478,-25
-320.097,106.566,21.1027,108.97,-117.2,-15.9924,19.5631,95.5563,0.753757,34.2213,-46.7661,-12.1746,-19.453,18
237,-11.2865,-28.4498,-93.0145,103.523,14.6647,6.75445,-45.3119,18.0313,-7.24179,20.6488,1.81054,40.2533,-1
305.98,97.327,-34.7283,72.5876,205.547,22.9679,-92.0823,-30.8396,-30.776,64.2573,70.1916,-40.645,22.2794,-25
-79.257,-58.1603,105.37,142.318,-270.332,-146.904,-88.7684,115.401,-70.4008,64.5284,-132.005,-17.2573,-50.189,-60
306.695,-21.4027,-58.2571,-84.6788,14.2149,-2.75388,-52.5603,-16.5696,7.72056,-51.2434,-3.39168,25.9415,-20.7351,-28
175.007,91.8356,-6.90447,22.5445,-102.551,-41.7403,5.95386,-11.3222,34.5972,27.1131,38.0811,-15.0501,35.1781,-40
478.595,-79.761,-83.4269,45.9768,64.8978,-15.2929,-73.8171,32.6763,145.461,-2.09155,-62.664,-65.769,29.9859,-82
57.4187,-50.957,-39.5181,17.9022,287.363,-17.7351,-23.5281,-55.1713,-2.51188,-17.7436,-14.5347,-34.6117,12.7536,17
161.414,-49.9183,-68.6578,-138.132,-106.494,-15.1855,-11.1672,-76.0595,63.6171,4.26475,22.2032,-41.823,-3.45595,22
-165.764,45.6202,33.7019,90.815,-510.537,11.6404,38.4029,66.6339,-23.4224,71.4898,-73.9246,-17.6186,7.40725,-32
140.101,71.7765,-11.139,-4.39022,-175.784,8.49937,-4.20976,-0.753642,33.7186,71.3308,24.5252,-19.3554,-71.3744,49
183.269,23.6731,-3.9781,22.6131,-10.9383,8.47716,-19.3081,-1.9427,-58.8254,-6.58833,-27.7047,-3.72406,22.5583,33
-49.1095,71.9061,-9.93134,27.5638,-415.313,-46.5409,-48.1849,-13.4757,-54.8225,-16.9626,-0.847841,9.82055,1.18502,-20
144.455,60.6182,96.5278,9.86471,-230.687,-17.2468,-2.02381,74.4011,-36.227,56.7555,-55.732,1.6072,38.366,-4
76.5357,-22.6517,23.9248,46.1445,92.4739,-33.223,35.0989,89.8113,18.7204,6.33469,-61.7211,-13.9037,29.7608,3
-186.202,-36.9145,13.1007,-59.3566,5.38376,-23.1672,48.2455,-7.63683,139.052,26.0885,13.3351,-4.51946,45.871,-55
216.691,-95.5919,-81.3071,-38.8698,86.7946,-15.2961,-46.2774,1.65437,-30.4023,-62.0118,-50.9406,28.8433,28.1681,-14
129.776,56.4957,-18.6461,12.0091,-2.36444,-1.79431,-34.2984,20.2749,-33.7919,6.70364,-1.26848,-26.2657,-12.9414,6
489.815,11.1875,-8.18341,-89.3706,35.2509,-149.355,4.77846,111.534,67.4632,-5.76066,-48.914,-89.2045,108.548,-95
215.363,-18.044,-9.15394,54.3348,262.541,-8.99609,-32.2331,19.3176,-64.4618,4.06912,-16.7389,-47.6024,34.1176,43
70.8985,-13.5673,-10.8774,-1.24162,-28.1532,10.6194,-13.9757,-11.2946,-0.67715,9.05053,-15.1499,4.24304,27.5557,-5
-176.701,-51.86,13.457,10.5951,99.2515,-21.0051,36.0796,0.692228,34.4709,-2.48284,-10.504,-4.99924,30.4365,-3
492.573,-61.1911,-59.9672,103.884,245.12,-151.45,-61.7458,-0.588426,-98.4759,6.36655,7.59087,45.4723,57.7783,33
126.448,-11.6431,-44.9939,-31.7151,356.366,-28.603,-1.83477,-9.34953,84.0346,-10.0385,6.29373,-0.57816,15.6823,0
199.373,212.421,79.3569,8.32381,-305.181,3.71221,44.466,115.157,187.68,99.0199,-148.971,-65.557,62.8232,-63
160.523,-79.7684,-44.6756,-72.9728,280.574,-1.92067,-50.5129,-47.3905,18.503,-33.531,-31.2621,-7.54526,15.3177,-26
246.199,45.2938,8.19759,43.5618,62.4741,44.0728,20.0785,48.886,71.8228,76.7031,-79.5829,-67.6838,75.524,-41
171.168,-23.32,-14.8764,48.1773,161.854,-14.7345,-29.0536,15.0336,11.1012,-23.3205,-39.7477,-30.2902,18.3079,9
17.4523,19.8239,8.10955,13.1138,123.242,2.96829,11.0067,9.21598,32.902,-11.074,-19.9269,-12.8083,31.111,-2
29.961,-6.15164,-0.346308,82.2543,346.341,-52.7871,-32.3881,-32.6218,-26.2773,-19.7142,1.0199,9.95314,10.634,-7
-65.5641,106.546,-18.3663,-7.34389,-248.033,-20.2072,-1.20907,-2.08524,-17.9439,25.967,76.3892,5.15362,-83.4082,-11
262.31,6.67406,133.704,-84.63,-30.9759,-111.489,-77.9552,167.957,-53.8902,124.822,15.1431,-54.7465,-63.1218,78
224.753,-116.996,-76.703,60.0735,492.971,-11.1965,-57.1851,-38.4258,3.87265,-36.1298,-41.1653,-63.135,19.6748,-47
16.2835,47.3651,28.7923,-19.7717,-211.537,-73.7901,2.52017,44.7097,36.3382,37.3845,-5.50091,9.44528,42.2603,-44
445.188,44.6064,-0.325152,-58.2516,-25.7579,-45.2877,-5.29072,-4.26347,41.1716,22.2969,-20.7878,5.48871,82.7186,7
86.6184,-101.625,28.3398,140.194,240.898,-94.1361,-10.1334,4.71158,116.065,-37.9474,-129.82,-67.3279,55.4268,-32
185.03,47.1147,-31.6024,43.2104,-272.112,-4.15754,23.5189,12.5998,15.4038,9.06485,-73.5487,-61.9727,4.67815,12
321.412,-10.9053,-68.37,83.8142,172.047,18.9715,-66.3098,16.1218,69.5933,57.0375,-101.796,-11.3073,120.33,-60
-14.7358,91.2551,2.99031,-15.4163,-61.8519,-32.0137,-89.6184,35.7348,-55.7451,-6.43534,-39.5151,4.13688,-5.23944,-27
34.43,-44.0517,4.31688,-24.474,306.119,6.63914,98.7238,-71.5475,84.0345,-4.69564,-29.4783,-40.3662,91.0739,-4
36.3192,24.4258,-23.5594,51.5354,69.2183,-16.6174,-28.7519,-21.7382,18.6702,-0.515832,-19.6813,-5.30271,7.7231,-5
-66.6841,9.70694,-22.9608,109.594,-21.225,-32.9935,-26.1749,-11.2659,3.3207,11.8867,15.9406,-30.9222,-60.7551,2
163.409,27.5604,-18.299,-46.4483,-166.792,5.43318,-9.63944,21.7458,-117.319,-6.15373,-25.182,-15.0567,36.7091,36
201.421,147.879,-106.062,119.061,-137.936,5.37899,-118.951,-48.1431,-120.653,-5.16058,24.5344,44.7483,-19.7933,-6
120.092,-4.61152,-73.1251,-26.9355,-210.479,-85.5927,-23.7251,37.9865,23.6504,41.7344,-89.1296,-46.5386,-0.63679,-26
18.5281,-21.7429,27.8153,-47.7843,441.662,7.86489,41.4023,-21.938,106.458,17.3205,-17.8514,-45.1592,66.8139,-2
-35.8744,19.8732,52.4988,85.2447,0.886442,24.6281,-89.4238,41.4534,-131.271,9.85173,-24.6553,-29.7462,-22.2402,7
8.98864,9.73101,24.0307,49.4364,281.215,22.5464,12.0776,21.4573,-16.3526,7.79636,4.37481,-39.6496,-18.0778,23
-50.231,37.8482,25.9251,49.3851,-12.4288,-55.3433,-34.1299,-0.588447,-20.0711,33.0093,107.064,96.0818,-80.7907,-69
-188.112,-0.762499,20.6907,54.6102,-117.364,-11.7259,-46.1393,16.8353,-74.5577,-47.6119,-22.8642,2.76742,-23.9272,34
-4.6965,9.95367,6.72737,114.441,435.402,-85.8991,-48.3045,-58.3601,-77.5714,-31.1651,38.1123,9.87092,-3.63624,25
-15.8408,31.0705,-7.04842,-23.6897,22.8666,-9.59312,-1.33419,-5.79546,22.6654,-13.7806,-8.94242,-3.11448,57.2675,-25
357.509,8.80765,-53.6646,-19.8873,182.827,-38.8163,-10.795,-13.9997,14.4244,12.0026,-32.5975,-45.3632,92.0326,-5
202.8,-4.85926,5.16503,-63.353,358.489,-37.0764,41.7876,-84.4257,142.079,62.9827,79.2119,14.7407,-1.58014,16
-39.5699,-49.7201,97.8334,59.8875,198.944,-137.989,51.1894,1.74901,95.5427,110.677,20.1813,11.5526,20.1714,48
191.36,-47.4651,-8.80019,37.4579,318.328,-9.58842,-33.0688,-67.2541,-7.01218,81.2884,41.1121,10.6211,70.7723,-46
94.2736,58.0985,29.2972,9.33521,70.5954,-25.8891,-39.2198,7.43345,-55.1117,55.7073,51.0434,-3.14329,-8.36963,21
329.961,68.5372,7.72795,53.1561,-43.0875,-21.4177,-82.1115,70.1789,-95.6312,68.8423,-72.37,-47.0378,3.12226,-50
371.697,26.3455,-52.802,-16.62,74.3405,-28.2456,2.10473,13.9848,-75.9443,-0.606485,-52.1552,-49.835,35.0572,54
11.482,52.067,-55.1467,9.5789,-279.729,-20.843,0.739521,-13.8121,44.4568,47.2587,15.5443,-20.8547,-32.6532,-11
360.638,-23.6594,-93.0767,60.254,393.286,38.6017,-20.179,-74.6094,60.6121,79.4859,-93.9463,-90.6299,152.621,10
204.311,-31.2946,-8.06956,68.8693,-154.248,18.7197,-12.076,-19.5535,-70.9914,-11.991,-35.9979,-32.1397,-52.0544,73
126.931,-11.3281,21.7021,-27.9767,317.205,-31.7457,-25.5342,27.5134,-4.73757,-45.5515,31.9145,-48.088,49.7632,29
22.7224,84.7629,-49.4324,178.614,76.5788,19.6844,-39.748,-77.6543,-136.492,90.4481,-58.7584,-87.5386,18.4654,35
160.135,-27.4494,-21.2117,43.9032,450.165,-23.6518,-32.0898,-18.3096,-11.1104,-66.2159,-57.1099,-10.3291,27.1757,48
34.0313,107.381,-24.5479,-5.67562,-249.327,-31.0563,-34.0227,35.8997,-107.036,30.1967,22.8064,9.43071,-46.4182,36
169.797,-135.439,-49.5913,-95.8175,34.0686,-24.9655,-74.4752,18.6834,-28.8756,-105.192,-36.9971,-19.4524,-63.8948,98
95.0228,-15.3052,-66.2974,11.4163,74.8454,-52.8871,-24.2197,-2.12934,121.039,19.9685,11.5195,15.4172,10.086,-65
366.711,138.414,-45.0027,-17.6037,-306.655,-66.7021,-27.5067,-27.8414,112.509,30.885,-71.8712,5.14821,63.4575,-56
-200.485,69.8222,37.487,99.6086,-54.9455,-14.0807,-42.242,43.7556,-65.4936,-2.78576,37.604,12.4028,-24.1389,-18
99.6215,44.3227,-16.7831,91.1603,217.435,-37.3104,-65.8774,-31.9838,5.0157,-25.7956,-7.62322,-1.36132,-13.9707,8
326.106,11.8,-72.7769,50.2005,353.209,-108.546,-87.1859,-5.79644,-21.61,-50.641,38.4036,-29.3566,7.84757,18
89.6346,100.059,17.2221,66.7962,102.81,-0.462873,24.9956,2.56542,43.114,27.5106,-25.5695,-30.0336,45.6674,-18
69.9954,-154.291,-125.604,-8.59144,414.19,-153.922,-2.54251,121.408,477.351,0.169591,-163.967,-83.1786,5.47536,-58
40.5248,-13.0916,-37.1589,-19.1323,-143.163,-18.4443,-16.732,-48.5178,41.9281,7.15576,27.7963,29.7696,-11.924,-67
-15.6115,-7.33448,-0.24622,39.2524,-136.136,-14.2729,-6.07019,9.0726,8.39131,10.0734,-23.2357,4.68514,12.661,-64
441.003,85.2913,66.6269,-127.237,232.705,-90.9976,-65.6187,41.6228,-106.819,41.6669,92.4934,33.2559,34.9501,71
-47.2529,-19.9602,-15.5232,94.2611,97.2129,-59.9948,-56.2788,-113.431,85.4995,28.2718,33.1926,76.319,56.0802,-20
319.022,-26.0542,15.8999,43.6196,127.948,-42.9234,-66.9686,85.2098,-98.459,9.85646,-79.5204,61.3616,48.22,-56
438.761,29.1633,-113.456,145.152,273.225,-54.7296,-78.0836,-41.9924,-127.353,59.1083,-63.1797,-26.2336,12.2427,77
172.725,24.2459,-4.02282,17.6383,452.465,-14.4921,-38.3736,5.74707,-0.629295,-11.9957,56.0891,-8.14934,3.46181,-4
140.561,80.2233,26.8769,143.242,341.292,-43.1712,-72.1684,-3.759,-44.8582,31.7392,49.9718,-5.67619,-24.9438,-42
222.352,-17.9058,-45.4296,-6.82109,650.449,-9.63333,6.44655,-44.6321,21.8693,10.0184,11.4211,-16.4174,54.1959,-16
36.3921,102.9,-58.8811,-134.877,-337.319,-62.3294,-42.281,63.5858,-18.6736,-20.9554,-1.06511,-15.3131,10.5972,-31
-43.3091,149.229,8.05195,-78.8249,-690.532,-32.541,4.16879,49.8869,45.1859,78.304,-8.69888,30.1022,20.1062,-66
207.916,69.3848,-23.4756,81.2671,-166.492,5.44202,-32.1884,24.2624,-129.921,44.3264,-36.6153,-34.1258,-30.1809,51
41.0224,51.2122,1.42716,81.3631,8.14362,-12.5154,-44.8749,10.2782,-2.74015,-20.5707,-13.9867,-6.54441,-34.9929,3
-119.295,17.926,21.3513,-31.8744,118.152,-5.59149,1.21035,-20.3334,39.3505,39.6128,19.7267,10.9046,40.2997,-27
110.043,31.7118,-48.1692,5.45832,-297.295,-41.2114,-18.8416,36.2457,-15.1312,22.8375,4.82655,-28.2818,-86.1749,2
316.47,-50.1077,-43.6864,81.6667,272.694,-60.2789,-54.4922,14.1353,-42.5563,42.452,-22.1414,-44.4748,-16.3008,-19
172.468,-77.5916,20.2064,-76.6414,92.4193,30.041,73.2462,-18.6669,41.7882,-20.2611,74.6532,-46.86,92.4805,24
-62.1785,19.4511,-15.8829,3.18626,-188.187,-26.2956,1.9354,-15.8648,7.8496,-12.3242,-22.8549,15.8721,-12.0501,4
-228.544,-26.6354,14.7301,27.2403,-113.77,-166.741,61.7197,225.168,272.075,-70.0429,-93.6255,-112.518,-103.283,179
180.941,31.9564,10.5213,-4.29632,18.681,-4.19973,-25.0207,2.33698,-1.7477,-5.23156,7.619,-26.1002,38.0274,13
391.822,51.8411,-69.8589,-0.744704,235.449,-74.2344,-55.0961,6.25319,-51.4677,-54.47,-31.6067,29.5007,16.7405,46
227.084,0.600855,8.26894,8.64711,317.871,-28.9633,26.6404,34.3598,-8.91403,26.5452,-6.95011,-13.8856,51.797,-7
264.658,-34.1646,-21.0673,28.1021,381.243,-15.6297,-13.8934,-7.64304,13.8161,-34.0525,-32.1347,-4.06388,-21.2168,39
89.9782,-4.51281,-0.169982,11.2954,42.6895,6.64475,2.52748,-7.94053,-3.69654,-7.03629,-2.90709,-12.9603,1.43404,7
-49.3243,-0.584366,8.88092,-57.4159,452.023,-43.3666,-69.7914,39.5841,137.58,-44.7174,17.6391,-54.1182,18.5328,66
256.309,-16.5698,-16.9824,-14.8048,-11.1937,-55.3047,3.11894,1.54972,-107.699,-8.10535,-5.82818,14.4704,11.9528,71
408.117,-21.6451,-58.0126,72.1183,598.274,47.8028,-155.672,-35.9372,-153.114,-38.8492,-53.4651,-19.6086,1.74816,69
-177.218,172.101,9.02071,135.415,-511.701,-94.4772,-6.67063,13.7969,-33.3524,56.2971,57.9058,48.2702,-25.5845,-115
202.31,34.7854,-23.4163,16.2447,120.814,-9.29017,-54.9593,5.55953,-43.6733,-13.8311,-1.34742,-18.6885,-37.3109,8
450.368,30.9707,-14.8071,-7.29306,-164.383,-27.0058,-57.5647,-26.9996,-83.5034,-6.06253,-74.3177,-49.546,112.525,59
-2.35255,26.5666,8.01628,-57.251,120.762,-81.0175,-32.0764,132.403,151.185,-73.0174,-22.6646,-75.5704,0.338684,46
497.664,3.05849,-54.1084,-172.231,528.903,-42.3868,83.9478,-50.7018,4.73638,26.2563,-127.181,-61.0603,202.401,-49
200.813,97.1897,33.111,286.9,-122.36,-32.4341,-132.456,30.5536,-63.5953,-54.1905,-153.754,42.8834,71.2048,-42
254.57,7.72363,8.41026,1.21938,171.007,-43.5478,-70.6374,18.605,-88.3765,-21.955,-32.2841,14.9484,9.50095,34
61.1995,12.8402,-3.31473,-33.0356,-80.4432,3.57303,-8.08807,3.50222,-22.5143,13.1359,-2.54827,-7.26435,-0.655943,10
125.755,20.6035,-10.4649,40.6573,279.518,-46.2335,-49.8866,-15.6787,-7.09158,-31.6941,5.80107,31.9611,-12.544,20
307.758,46.7816,-42.9783,48.1409,-22.8218,-2.81734,-158.01,-19.8167,-87.1447,-27.4374,76.1048,-77.9667,-90.4282,-43
155.88,5.90167,-24.4973,-135.792,-296.719,-5.82798,-14.8627,-18.0635,64.745,-1.70838,3.04313,73.8937,100.902,-27
37.5099,-29.0645,-1.75607,-9.73491,136.71,8.713,3.45621,-5.53976,0.958582,-12.7336,-2.36133,-2.33948,5.4994,6
-230.26,74.3501,17.942,-15.8805,-232.128,-25.476,-55.165,60.4575,-11.506,-23.4688,15.3834,22.2796,35.0134,-95
-39.7218,36.6591,20.0397,170.946,-390.074,-86.0718,-2.01902,12.0992,92.25,12.2442,-46.7084,7.98581,-16.9572,-49
249.958,-19.099,95.8179,2.55701,445.376,-15.4787,97.4542,54.8157,94.3528,91.9629,-65.7928,-57.0527,49.9437,20
50.1122,44.1426,1.10901,-13.5368,45.9939,-19.446,-11.8619,28.3214,-8.64173,19.4841,-0.826547,-11.1377,27.8517,-15
239.668,-65.7716,-8.20514,-27.8708,72.4974,-1.23775,-21.681,-23.8757,1.35717,41.3416,28.0745,3.12511,51.1083,18
394.707,61.1243,-21.9353,20.7845,-133.854,-3.72322,-61.8024,-4.44118,-52.8668,19.2646,-69.9424,-22.4068,66.1944,-4
239.069,-36.1395,-53.742,1.08501,242.392,-28.6298,-5.09578,-44.4172,21.493,19.7543,21.6591,0.391858,18.7682,-13
239.072,-29.8595,-23.921,-50.8226,-119.625,11.0931,4.17964,-14.8848,38.9015,2.30222,49.1122,-33.1566,-21.1765,30
-58.7517,-43.5729,-44.1646,84.0686,-134.051,31.5968,59.3836,-27.7251,158.673,16.9528,-25.108,-112.816,61.8314,7
94.3565,-19.0538,22.228,-72.4654,221.695,-5.91005,8.22952,20.0325,80.5952,47.5044,32.7819,-39.7997,-17.927,11
-80.6629,69.2662,-13.8629,5.60579,-79.8083,-22.9943,-50.972,-30.888,8.10877,46.4597,11.3075,17.5985,13.0655,-36
153.797,45.7699,18.2666,73.1085,204.042,4.60765,-56.2827,3.64395,-38.7795,-11.0639,-6.50628,-19.1116,1.51685,11
325.141,-12.0529,-32.5177,118.816,565.151,-104.322,-0.185679,-41.0214,-109.639,-2.84609,-20.6041,41.2149,1.61394,19
508.219,73.3901,-16.9584,-97.0787,-296.455,-89.0749,-40.4203,142.48,277.946,56.6136,-55.2288,-111.956,33.3093,-31
64.0598,-132.117,-0.108315,6.26539,449.764,-40.7121,42.3629,33.0541,75.5762,-85.1433,-54.3235,5.27728,42.1351,114
363.239,74.231,24.3993,39.644,244.778,-102.529,-63.876,48.4555,-54.5868,-15.2393,-42.7704,39.0244,-6.83445,30
196.924,65.9509,-22.9171,45.4978,-75.733,-65.4572,-55.9333,25.7594,57.3874,20.3904,-11.7696,-60.7245,-14.6058,-19
-28.6049,-85.4396,38.4305,168.52,86.6331,4.69264,64.2518,40.9134,-59.5872,21.921,-108.791,-61.5465,130.463,55
84.424,31.7843,105.384,214.168,-142.651,-43.6225,-233.845,83.6669,-286.858,1.98812,-118.032,-42.3159,-49.9883,-23
92.8725,-17.1207,33.6345,2.34808,56.1595,0.601997,20.8077,12.9535,17.8491,17.2857,0.60085,-31.1579,29.0596,1
119.246,20.0761,-5.69414,11.5264,166.308,-5.42185,-25.2881,17.7625,-39.6985,-6.61832,-14.9153,-16.6877,11.1567,13
56.3871,-1.81504,-14.4341,19.0221,31.3443,-8.51501,-0.419708,-7.32613,15.8266,14.371,-10.7815,1.27405,9.07756,-8
-68.0526,-9.87073,0.620073,60.6682,-60.2642,-101.586,-1.12942,17.4464,117.152,13.4286,-3.07967,13.1202,-33.7696,17
254.982,-33.7182,-33.5647,3.54336,-53.8308,8.03091,-2.03257,-29.7458,16.6945,-10.7874,-2.77803,-19.3853,-7.58755,24
446.533,-36.8855,77.6624,221.502,315.356,-256.143,-202.386,132.606,-40.092,-37.882,-185.35,-24.5494,-58.5609,84
172.579,74.5088,-6.79196,-20.3494,-142.448,11.69,-98.7545,40.6852,-96.6217,24.7782,0.937677,-55.1942,-10.2645,39
469.931,49.5635,-37.2347,-8.95007,-68.7188,-125.659,-80.4802,65.2532,181.223,-16.0557,-31.2554,-47.4083,-53.4007,42
319.961,128.178,2.9449,97.1926,-132.97,34.8023,-131.58,22.4177,-65.3271,-0.56587,-45.0256,-11.5009,40.5925,-102
-80.9055,96.1531,-4.04261,-78.7196,-244.271,-21.4809,22.8097,14.447,-25.2038,55.6424,39.0413,8.773,18.1134,-14
450.893,57.4787,-35.0949,137.888,202.117,15.2834,-95.7365,-26.4303,-91.1337,16.3343,-1.90172,-39.4273,25.1237,25
266.943,-53.1614,8.88464,3.30932,498.537,-10.2084,5.85446,27.0548,25.5522,8.70151,-44.6227,-20.349,64.3281,15
192.693,-4.82675,24.646,26.0896,394.155,-3.21408,-3.0612,-46.1026,28.4626,25.2078,31.7386,-25.8513,-16.4741,16
471.305,169.183,-53.5635,49.1517,-132.598,-9.62881,-93.2642,20.063,-85.5471,72.6737,-35.021,-87.3898,5.54346,73
299.246,51.3486,-5.46333,-67.098,-145.09,-111.165,-108.036,-18.752,-6.39585,81.7462,60.4579,96.7264,5.4318,-0
114.601,-106.189,-76.2007,78.657,28.4918,-48.5168,-103.532,-17.6649,-41.4758,-77.3352,-54.1487,-58.4259,8.05211,-34
172.841,-27.7321,-3.74053,9.3871,140.131,-11.2023,-10.1778,16.6106,-20.5981,-3.81581,-19.9939,-11.5626,23.4528,-10
220.674,44.4731,-38.9864,69.6124,118.616,-42.0915,-140.182,-27.8598,-168.315,-5.28426,-32.8759,24.7616,-54.0336,-4
514.452,-99.7266,-17.7332,27.8888,838.971,-34.6946,1.16395,-9.49197,-113.419,-72.3919,-12.725,-91.5458,24.6724,16
-79.1921,-16.2872,16.3701,37.2382,5.60221,-3.79057,7.92869,-28.4193,71.6781,23.7417,-1.8446,-38.9034,28.0332,6
-324.082,156.428,-83.4255,147.845,-218.276,-87.6127,-78.8653,-68.2529,56.5046,85.9285,82.7121,1.54781,-29.8533,-78
46.0215,107.698,63.9652,129.635,7.4673,-2.1993,-39.5896,41.186,-60.1858,50.7817,4.45346,-24.9967,1.59093,-25
83.3604,15.3892,-2.59899,13.6953,-164.826,-1.05791,-20.7011,28.5259,-32.6702,3.58799,-19.7525,-9.08922,23.4031,-12
49.9326,67.0424,-39.7342,35.0458,-176.382,-43.8243,-35.6313,-0.409806,-15.9471,3.70277,-10.8189,1.25413,-6.20325,-46
311.073,-97.6289,-80.6667,27.8213,308.893,-14.545,-53.5686,-37.3921,-20.8129,-28.7812,-31.3419,-31.2393,6.09881,5
71.2518,24.1061,11.8153,-80.0843,-59.6511,-60.9086,-29.1676,80.5928,40.5558,-9.00746,47.7418,10.5151,-9.65934,31
-2.85191,-106.117,-31.3297,10.0531,160.093,-29.4191,11.5614,-33.5302,90.5116,13.9064,-54.4688,6.2696,56.0826,-29
253.914,-26.5181,-20.6311,-43.4214,352.614,-35.2466,-88.4249,49.0646,55.1092,-84.6786,9.48469,-0.61613,-57.2827,52
158.716,132.35,-46.2819,117.317,-409.554,19.6558,-45.1792,-12.0577,-233.77,-48.2228,-78.6457,25.7233,-10.8575,34
-24.2335,113.153,-10.514,48.2409,-242.961,-65.7848,-40.7496,17.378,58.5623,33.8774,60.4785,5.20841,-85.3712,-21
366.998,55.5216,-5.32014,27.9159,27.2501,-29.0806,-52.4751,6.1517,34.1202,44.5295,2.89964,-45.7939,28.587,-45
-116.468,14.9496,-6.09978,-5.12579,-95.5471,-27.834,8.48953,-6.39144,45.8918,13.2758,2.07019,14.2607,21.3491,-40
174.916,-11.1427,-8.4612,9.67973,297.425,-11.0263,-1.02901,-12.846,-4.16,-8.51573,19.7812,8.64895,4.1369,19
-297.576,158.959,72.0638,192.049,189.372,9.15274,19.223,42.192,-10.8729,27.8915,-44.6898,-47.034,26.8343,-31
146.113,-16.4457,0.476088,43.5368,400.587,-8.27351,34.0165,7.60456,18.1624,11.3357,-14.8004,-4.60072,47.2286,-1
463.492,49.0226,-49.3531,98.7376,-28.272,-52.6327,-120.633,-18.0955,-49.6277,10.7045,-59.4699,-7.22801,32.2398,-35
428.135,163.178,13.6995,-10.9057,-212.986,-4.79778,2.03519,-2.97159,-42.6306,75.5848,-30.7872,-54.6572,58.5928,-13
-115.864,92.661,-22.645,-27.136,-362.51,-20.2952,5.41266,24.294,-101.666,17.9476,13.7376,-19.4992,13.3414,-29
33.9545,113.013,46.2983,56.5146,-124.025,-22.8143,-87.3736,29.094,-85.3576,54.8269,-21.6323,-1.75968,-33.1879,-54
-217.459,75.9005,59.886,252.861,378.436,-30.3776,-25.9651,72.1094,-57.2513,-74.1538,-85.974,-17.2372,33.1994,19
-30.2183,80.9687,14.6882,77.5743,47.7666,-18.2923,-60.5676,-9.13152,23.1518,41.1806,26.3815,22.4579,-1.97458,-40
110.499,0.157935,-1.83284,18.839,131.691,16.1033,-6.96856,10.0257,-8.72452,4.76214,-7.13341,-12.4052,8.65552,-8
281.131,-96.1243,-53.1335,-152.05,71.506,-4.63729,25.6341,-14.5542,24.1513,49.8682,-18.7221,-67.5232,79.7307,-11
328.973,8.30316,-37.7001,56.9609,511.49,-98.7392,-23.72,29.9042,83.4991,-52.2948,-15.5194,25.2119,-16.5404,-21
163.233,-60.3708,10.9266,13.6375,141.728,-56.6582,-21.2576,42.9451,15.114,13.0007,-66.4418,-86.8177,-18.3326,34
-2.71255,174.959,40.1087,122.01,-547.742,-11.6459,-34.1831,81.2219,-150.997,31.468,-41.1295,-4.31538,36.5158,-115
468.194,31.1852,39.0212,57.4667,92.9069,-143.451,-35.1675,148.313,139.674,19.3336,-104.662,8.00874,70.3366,-10
-45.3899,-107.265,18.3293,202.175,43.2879,41.588,102.432,74.5877,-155.19,-56.8939,-137.275,-57.896,97.875,165
116.045,221.742,-90.4477,365.675,-188.533,-118.725,-172.962,-39.6008,84.3025,109.851,-18.7775,56.2709,5.06647,-102
198.014,28.8169,20.1557,131.623,347.057,-31.444,-137.615,40.2471,-45.9758,60.7315,-44.3688,-94.5127,-38.3451,-14
174.812,21.7247,32.9848,2.06086,267.686,-57.8264,28.846,62.2656,28.5994,31.663,7.54487,-18.285,11.8966,17
341.312,60.3886,-35.9948,37.6918,495.209,-32.2021,-15.2841,-79.711,36.4457,2.97899,24.1445,5.74546,68.9617,37
356.569,-59.5723,-41.4359,-7.89511,253.061,-26.0775,-9.98167,15.6204,-5.89662,-14.9115,-27.4858,1.46958,22.5576,89
434.533,38.6253,-105.295,83.7735,324.627,-40.2228,-104.727,-16.1943,22.8334,-18.1222,-101.929,-13.476,51.6969,1
282.247,-76.2752,-50.4971,-40.5587,269.506,23.9902,7.70784,-58.5099,26.2386,-44.0605,-7.22479,-7.9851,74.4865,-14
-319.768,62.6952,12.5784,130.324,-471.19,-56.7962,-7.9361,-43.0862,-139.391,18.578,74.3764,8.2027,-16.7857,-72
67.4323,34.3132,72.4031,54.5501,325.803,-30.3797,47.421,48.3941,131.001,80.8944,-24.4217,-38.7837,52.4958,-52
15.3916,21.0077,-3.87111,60.5678,222.232,-17.7375,-8.29236,-12.4304,21.1353,-17.0522,-4.30483,7.93717,-2.30397,15
60.2968,-4.46627,-37.908,-47.6052,-3.87029,-49.7498,-36.5896,-5.37612,-41.5355,14.5208,-48.9574,3.67248,48.1971,-56
554.834,-3.76628,-72.5557,25.7167,-137.474,-37.4373,28.0289,-51.1614,26.6203,-19.1317,-11.2649,-31.4501,-22.1336,91
263.667,85.5514,8.0834,162.372,131.579,73.866,70.8546,42.5377,-107.319,105.669,-129.1,-100.043,64.4729,74
-206.965,176.066,19.2867,58.4179,-299.035,26.0355,6.52582,49.5228,-2.05725,-9.93666,-64.535,-55.9786,78.9389,-43
-124.156,-28.5167,-4.77028,89.0362,10.2793,-53.7959,-26.8942,13.5861,11.7645,-64.9185,-29.5231,42.6147,8.15751,-12
110.905,-11.4025,7.78157,16.2965,232.06,-88.9682,20.8159,-13.0218,30.1287,-20.9089,-52.6044,-5.16502,66.4155,54
377.904,38.5149,-40.7047,101.262,407.374,-92.1871,-110.944,-36.3992,-163.548,-35.1077,-24.3689,8.5768,9.75109,22
426.2,58.2148,50.8769,11.1846,-122.281,-15.7304,-19.7016,69.4761,-14.4301,103.08,33.7234,5.99811,86.1198,-68
136.686,49.3371,-10.1254,58.5977,-8.165,-55.7677,-47.1026,22.6585,29.0009,-39.5202,-61.3826,-39.9577,-31.3302,13
78.6764,61.6064,30.9967,157.423,-3.24201,-40.0528,-46.7659,19.3472,-89.1118,-21.8004,-37.8671,-12.5024,-35.2376,35
185.772,-53.2304,-23.0215,58.9549,144.075,-41.5566,-59.2608,-13.3334,-40.1191,-20.2414,-53.5838,-11.965,3.97691,35
87.8324,21.5447,-13.5471,-17.6091,302.551,-19.8374,-0.21359,10.9213,47.2561,-7.99452,16.1649,-27.6184,8.49669,16
-96.725,-60.4434,125.433,89.1294,373.129,-99.5911,116.4,50.9856,83.2837,-4.17954,-123.203,-61.0818,163.652,52
85.5583,54.7967,0.829923,-89.9679,38.735,-44.8146,13.6586,17.5022,103.203,75.0122,77.8623,-27.3003,3.40921,9
-65.2886,154.373,19.2742,52.5756,-179.148,-65.5225,-140.532,114.471,-114.354,3.66982,-31.8537,-56.381,-46.753,36
-1.16969,-43.2713,34.5818,40.7133,565.628,-26.415,-45.5096,-6.07671,6.26402,-54.6949,-2.07412,-21.363,-3.34922,42
449.175,80.8975,-44.2112,-72.8093,-124.774,37.6145,-11.441,12.6958,38.1056,65.6405,19.3776,-97.4358,56.2988,-21
96.6156,98.0864,23.5644,100.885,64.0306,55.3138,-44.6939,42.9928,-32.7861,105,-65.1575,-32.6577,29.3539,-27
184.671,-38.6898,-19.4569,18.17,193.91,-25.8427,11.8547,5.99318,16.1954,-9.78778,-9.34336,20.27,17.1852,20
227.323,85.1644,-41.9619,9.77351,30.8817,-17.5478,-37.9005,-10.3631,-70.0783,6.19718,-16.635,-20.2782,-8.5086,-24
464.065,58.8451,3.5934,63.5244,8.01146,-119.493,-165.398,114.897,-48.838,163.276,-52.6517,36.8663,178.808,-90
106.941,165.75,119.482,98.6507,-186.159,-115.257,-101.952,136.551,-25.6023,3.65047,-114.518,-66.9804,65.4604,-69
431.874,-63.9685,8.01907,76.6084,431.918,-50.9801,-38.5385,17.1428,-60.8608,-27.8517,-21.2469,-6.46493,9.34877,63
-71.1751,128.069,-25.829,69.6893,-128.541,-12.9833,-32.0441,-46.0849,-72.8033,62.6209,22.3061,46.2625,-20.8956,-30
193.894,54.6437,17.9836,21.4427,39.7852,8.83883,-79.6326,-5.38879,-43.4434,16.5776,18.4466,-42.9974,-13.262,2
83.2234,-18.9271,27.8919,14.2628,409.821,-29.6451,-17.1743,39.4413,12.1535,12.3032,24.1668,-74.7124,1.97076,61
511.17,-79.9738,-39.3482,-158.029,359.851,92.4719,59.8029,-12.408,-145.046,-36.9344,8.76194,-109.377,148.364,139
221.053,129.932,-2.84371,19.8177,-139.895,12.0956,3.27343,-5.09599,69.2997,24.5828,-93.7416,-39.9523,76.0788,-49
69.0397,2.1245,3.64178,13.5453,130.608,-3.61632,-7.87124,0.11099,-4.62852,9.59828,2.80376,-6.75806,2.095,-9
280.261,150.303,13.4113,88.8341,-141.114,-33.0429,-114.229,7.73799,-75.2768,49.6141,8.04987,-57.8864,-22.9378,-71
14.6407,134.698,23.9842,49.905,-247.388,-12.1361,-58.5242,2.76459,-25.3756,9.99123,-39.8444,-8.5611,15.27,-18
81.981,-7.52066,-8.91953,7.74011,236.163,-7.97937,-6.9359,-4.66759,1.49244,-11.7935,4.98372,-2.94788,2.27086,-5
197.963,5.17216,-31.9044,6.5114,530.415,-97.1518,-80.7734,-26.2104,30.3551,8.90917,65.6071,20.3042,-40.0821,23
150.718,8.3439,-19.7565,-11.8538,238.325,-20.3275,-29.2451,-14.3342,6.41987,40.8272,31.402,-1.68733,31.4949,-25
123.816,-36.208,0.741672,0.317934,390.817,-3.80478,-4.6725,-44.5593,4.4569,9.15277,7.268,-41.6116,30.7819,1
81.9499,47.1161,-20.691,8.34559,-208.87,-74.7559,-11.1201,12.556,-16.1958,-19.0374,-42.9211,-3.98598,3.59307,-40
-19.4612,-17.7143,-29.8367,103.509,201.657,-40.0327,-19.9368,-47.4442,84.2139,-0.685294,15.1589,49.0271,23.223,-17
116.677,-3.35643,29.9256,-12.2945,316.967,4.44728,28.9318,3.61366,31.3137,31.2373,5.50555,-43.1263,33.4943,-4
74.5447,61.284,-57.6749,-8.87787,-260.993,-122.474,-62.116,-39.8528,27.2658,71.2364,100.708,-39.2515,18.7509,-97
-125.536,-13.708,-3.56062,-149.622,60.7195,-41.2037,-15.3464,14.1161,-30.7352,75.5603,62.7933,-52.6044,23.9657,-46
-3.34977,105.333,20.1733,212.245,-388.249,17.8293,-119.502,-1.37359,-129.834,0.277609,-33.3862,11.06,-43.4456,-83
67.5359,17.7203,20.1413,21.8276,106.88,-7.01092,0.212459,27.3038,49.4819,42.4293,-15.7221,-30.6125,59.9929,-57
157.411,169.407,3.78798,131.065,-201.482,-42.863,-110.128,71.1776,-57.5819,-12.9117,-84.9033,-4.98668,-25.7428,8
174.391,31.3785,-25.2031,7.51606,230.302,-11.0028,-45.746,-33.2716,-14.9294,-6.95134,25.4688,-26.43,-22.6056,31
90.6043,-15.2273,-15.6212,-22.22,-88.779,5.45943,-9.28831,3.25433,-13.545,-5.75914,-18.3626,5.25804,27.2225,10
339.884,104.399,-13.8948,2.41934,-220.628,-55.1707,-89.2924,-17.3561,-82.3404,-23.903,4.46287,16.3298,51.7281,19
-14.7633,81.308,-46.9067,-21.7466,-151.724,-56.8441,-68.1287,52.6195,48.2767,-52.5137,-3.97516,-26.4498,-39.2716,-28
57.8685,-29.1135,4.61182,33.6605,191.793,-23.2343,99.1349,-17.7548,45.1729,-23.2342,-89.5408,-23.7534,95.2876,39
216.366,30.4084,-28.7575,94.5845,-305.318,38.9907,-6.71314,20.7242,-7.49651,-24.7511,-68.6841,-56.1498,-28.9089,28
452.988,10.3979,-11.9996,-76.5841,121.907,-105.825,-70.4738,137.002,-87.2981,-80.0363,-58.394,5.31051,42.0622,22
-23.2018,-56.2192,-18.961,-1.51942,201.106,17.0655,41.428,-64.9658,140.568,7.80392,-47.3583,-71.4141,160.322,-71
42.3716,-17.7728,5.9565,45.5314,-262.198,68.1519,-32.5325,-0.0953184,-9.62728,37.3876,-78.5783,-4.74138,99.0294,-53
346.518,10.9711,-15.0887,-62.3208,549.937,-53.034,-6.37348,9.05327,21.1196,30.0017,-32.1206,-16.1889,92.0789,-0
368.63,-6.2427,-3.61028,-48.1071,643.838,-16.5317,-33.7877,-8.90751,6.40606,-41.789,38.0972,-6.60064,4.89357,20
405.306,59.1476,2.34131,30.8288,-14.8698,-16.2869,-78.5779,0.286848,0.393817,41.7284,9.61515,-53.5126,1.39237,-17
309.809,-42.5036,-7.00979,102.796,153.59,57.9601,62.0136,53.9528,116.613,68.4577,-49.255,-104.163,-79.1203,110
163.774,22.2474,11.9827,105.817,-145.895,-14.2046,-6.37667,29.006,59.0458,20.4398,-39.9143,-15.8911,28.7183,-16
350.605,4.58279,-39.7569,3.61427,138.491,-80.622,-116.18,5.01747,-219.56,-35.7815,-33.3651,-19.1686,41.3181,13
169.082,37.3887,11.4445,60.2923,202.61,-11.7663,-70.9486,-4.07978,-32.3263,10.7376,-8.23023,-9.24979,-2.11111,-20
357.368,-19.302,7.51831,56.2787,136.625,42.4272,1.35328,2.3819,88.9121,28.2236,-12.2622,-84.3814,16.9366,-14
291.348,-32.0955,149.02,-47.4015,24.2293,-127.669,34.7,112.968,-49.0039,-9.79951,48.6738,-78.7642,262.168,8
-69.5075,73.9389,36.1192,46.0641,-10.5879,-38.2103,-30.926,10.3731,9.67025,52.4551,27.0463,13.5006,-6.02472,-19
431.382,-61.5825,-22.0354,6.44245,71.9258,-33.0724,5.71933,31.5088,71.49,-11.9661,-12.6483,-28.859,4.28265,75
101.493,-57.854,-31.4378,-26.1138,-6.89035,7.41817,84.281,-5.37031,68.5619,92.5356,-14.6845,-61.5837,41.148,103
-2.04663,6.66159,17.7086,21.0468,152.987,-25.6844,11.9381,15.6329,48.2559,13.3446,-10.5409,-7.07985,19.3171,-7
14.2995,20.7799,10.9114,8.68257,-76.0388,-0.588021,-4.51893,17.2193,-1.08162,1.75209,-16.6531,-5.86303,7.33475,-19
105.92,-77.4044,-6.10504,58.8396,165.324,-27.2867,-24.3223,-120.158,115.691,-100.479,-94.3802,-104.88,117.756,-60
250.579,50.353,-12.4717,199.595,404.963,-72.8863,-7.36294,51.9447,-39.2388,63.3983,-94.891,-47.074,61.926,85
75.7807,126.833,-20.6689,-2.07572,-480.256,-85.2297,-30.0597,62.1096,-13.0237,-10.8319,14.8112,-5.80257,3.87361,-81
109.447,1.38021,-8.5008,-0.241659,126.823,-5.05933,12.8039,-1.86358,20.9575,-2.98062,-9.14719,-9.18295,7.05064,8
173.504,1.20604,-6.70056,6.75081,213.145,4.38705,-20.273,20.9406,24.2546,-4.40176,12.4504,-32.0454,17.0701,-2
-124.175,109.657,-19.3481,-52.0322,-163.893,-58.1763,-58.5668,-56.7618,-44.1143,101.811,-0.469801,-28.573,92.7817,-110
293.964,-19.5073,-48.2697,-27.5451,144.642,-29.2242,-30.9612,-2.9832,-38.9484,14.505,13.8941,-27.0821,38.4597,-42
72.2003,-61.2939,-19.9456,122.552,251.196,-41.0842,-72.3371,13.4416,-38.901,-20.2635,-44.6677,43.2232,-2.76055,-7
175.467,54.5539,-36.9351,250.381,-62.4701,-148.784,-245.548,15.773,-112.999,-70.288,65.6716,-69.8853,-109.692,-98
256.23,-57.8221,-16.105,-126.897,394.939,-114.313,27.4897,96.3529,16.4768,-23.9395,15.8689,-26.9284,29.8158,3
321.797,33.7901,-47.7042,-116.611,130.594,6.30965,-55.8118,-70.6923,-74.5494,0.364179,-44.2606,8.1088,30.2566,48
-258.029,4.79901,17.0711,-7.06267,98.3029,-72.0117,-30.733,29.7744,91.0899,28.8896,10.8417,28.7971,-20.7087,-48
-217.957,-14.9832,19.3873,38.6023,263.802,-20.1947,15.2459,4.71418,81.4762,-4.07309,-7.31209,-17.996,32.8056,3
31.1004,-22.7122,-28.1436,113.907,128.096,-86.2106,2.50775,-40.7446,83.6066,-18.5025,-37.569,-2.10553,-12.1735,37
-47.8662,-16.2886,-21.951,33.3148,-46.0124,-25.1956,-29.7189,10.9146,22.5212,-11.3895,-13.2955,-19.6113,-23.7302,11
74.8501,4.9483,1.24337,48.6186,275.576,11.0764,-26.3241,-3.89414,-36.893,-2.17286,-16.6696,-0.256638,-6.37725,35
112.767,21.2771,44.096,178.622,45.6426,28.9865,-108.626,32.1263,-194.809,-37.5127,-105.666,-55.5246,35.9953,105
342.797,-38.0567,-20.5866,93.772,305.434,-3.03379,-30.6335,-24.8933,-93.4161,-59.2651,-9.02143,-58.8638,-9.45788,40
-41.3164,-43.9985,27.0433,-28.1457,-79.1698,-38.7037,-40.0635,-20.9794,24.3441,6.24684,30.2819,17.025,-2.87317,33
-69.5368,72.144,-31.6354,44.3881,-289.883,-35.1061,-83.4636,-12.1294,-28.6887,20.8965,0.212062,16.6919,4.70197,-108
-230.017,99.8126,75.9176,175.639,142.805,-103.02,-56.3507,17.1435,87.611,55.4814,-9.24496,12.7285,-39.6775,-70
333.091,-10.7384,7.88178,29.9019,174.762,-43.3031,-56.0717,14.472,-84.6496,-34.7964,-39.2654,29.0805,-1.37011,74
45.3452,-19.55,6.91794,-10.8028,74.7016,-2.25124,36.6561,50.8685,8.88639,13.3576,-33.1559,-30.4367,30.6176,33
86.5966,-98.0524,-15.8141,56.1226,2.11827,-37.7786,32.0466,13.2352,121.366,9.27467,-33.0232,6.46361,-3.98475,14
-224.227,157.6,-72.8201,65.2799,-669.734,-52.4265,-46.1005,-24.5597,-89.7836,47.8325,40.7862,68.1231,-35.8352,-163
52.4665,50.328,58.8357,46.8328,-268.556,-30.3386,-14.3149,29.1536,-56.4386,12.6965,-0.541557,-4.87282,-8.3109,12
162.617,-11.0373,-12.7831,-5.73385,-303.005,-33.2856,38.1284,72.8596,70.3358,94.7876,-36.1236,-14.2308,61.0583,-36
-173.985,59.973,29.4212,-39.4717,115.552,-89.2368,-53.0933,80.3698,94.4332,17.4268,49.1255,-2.973,-24.312,1
130.987,10.651,-4.94218,29.3738,182.298,-2.72565,-23.3633,-1.7793,0.355182,7.34854,10.0468,-1.31888,-3.86099,-15
295.25,-41.3436,33.5548,186.996,649.517,-28.4535,8.78349,25.4245,105.032,-10.9073,-48.5131,-96.4297,4.09175,64
-99.7417,7.35708,-39.7238,62.2885,-339.591,-18.0855,30.4131,52.1855,121.72,76.5088,6.74675,31.3936,63.2629,-58
311.524,-101.27,-80.6807,-29.3808,240.727,-75.4127,-73.6522,22.2873,-70.3443,-29.7094,4.66528,-98.7634,-44.5506,20
53.9766,-9.08654,-7.51228,-16.18,174.663,-18.935,-7.33698,3.44228,22.2999,-7.22054,14.9252,1.49614,-10.4501,15
-150.649,-37.3305,4.14208,-7.77439,45.865,-10.7982,17.4267,-21.2711,8.56877,-8.0083,-13.6109,-1.39848,36.1185,7
230.212,-17.056,51.4283,27.6884,238.943,15.2679,43.4921,32.1224,28.5938,32.1932,-26.9167,-48.1702,26.4718,21
101.769,118.715,72.7975,24.0358,-697.757,-44.1869,-96.0973,87.9184,-66.5704,95.8638,-56.4048,-1.43279,-24.863,2
252.526,39.9922,-8.26911,126.379,-21.5359,-32.9995,126.735,101.708,113.03,88.8642,-111.541,-143.288,68.7898,15
94.3239,12.1021,2.72442,4.91985,83.3535,-7.15006,6.06658,20.2011,-10.0351,5.11333,-11.1577,-19.9771,20.4399,12
54.3102,-64.9568,6.88791,-141.241,-120.931,10.0622,51.1695,7.27855,101.232,56.8583,-35.5611,-39.4248,92.1712,-95
291.81,-66.756,-28.5685,-44.6302,362.704,-12.4239,0.381381,-5.78317,-43.5457,-12.0292,-16.0983,24.7646,21.5656,-19
133.716,4.34036,-18.4518,49.9154,77.7708,-38.3313,-36.5044,38.6931,42.847,9.74355,-45.761,-19.048,29.5148,-23
51.9831,126.039,-8.51183,129.675,-144.079,-7.37921,-136.843,50.4635,-156.592,-11.2791,-53.5997,-13.572,-140.047,-11
382.067,55.6851,28.0032,128.131,191.227,-41.5469,32.8074,90.4713,-17.7027,-0.135859,-103.809,-67.8806,41.0567,-28
96.09,26.8733,-9.98187,26.3377,173.463,-22.6792,-27.7145,9.42054,-36.3495,11.5573,-15.3268,-3.6701,14.102,-4
449.953,88.6657,-78.2612,-41.5633,310.73,-73.4579,-68.4568,54.5873,10.1266,-40.7953,-40.5427,-0.145787,-16.0728,66
