xbox,ybox,width,height,onpix,xbar,ybar,x2bar,y2bar,xybar,x2ybar,xy2bar,xedge,xedgey,yedge,yedgex,letter
4.21973,8.22843,6.79511,6.22581,4.58578,10.1924,2.97666,1.43517,3.48979,8.81818,1.88499,6.83401,2.67354,6.28384,4.52109,8.25355,A
1.41413,3.57573,4.25285,2.87556,1.60203,10.2765,2.45628,1.66999,2.83694,8.03905,1.34546,7.28226,2.46162,5.51614,1.64375,7.57221,A
3.87229,4.09832,4.86631,3.75526,3.00886,10.7832,4.72174,2.47327,4.21384,11.0225,3.26121,8.6573,2.75401,7.70625,3.36636,9.37509,B
2.78094,1.04906,4.37435,2.07737,1.14336,8.25132,2.79251,1.69379,2.26062,7.15486,2.15461,7.1493,2.1917,6.85717,2.45286,7.6392,A
4.22559,9.00182,4.18232,5.44153,5.67065,7.69285,7.24074,7.01343,5.30372,6.95737,7.96225,7.25272,2.84495,9.16278,9.24956,9.2175,B
5.83581,7.64979,6.1635,5.34889,4.33217,9.06719,4.37901,4.18046,5.33215,10.7203,4.86647,10.1913,3.24748,8.64003,4.30242,9.73318,B
5.29593,8.22882,5.01767,4.19582,2.54987,7.46362,7.18289,3.57665,4.40382,12.0466,6.15758,8.83052,3.25365,8.88117,5.04558,7.78096,C
5.09068,11.8898,5.89797,7.90404,5.56036,6.73626,5.58489,3.85688,4.36107,7.1129,3.75983,7.90436,2.18355,6.38278,4.88172,8.00796,B
2.83901,4.75195,3.08255,1.52634,1.63811,7.28016,9.15094,8.11227,7.45658,9.10412,7.73452,11.9384,2.49703,11.2403,6.38753,11.7944,C
1.11718,-0.872933,1.69254,-1.00291,-0.0813603,7.51492,6.9659,5.28535,5.2343,7.66625,6.0527,10.3783,1.18201,9.51987,3.77315,8.39405,B
4.39679,9.08746,5.51134,6.73077,4.30389,6.20178,8.11103,5.0512,5.83715,7.4469,4.36262,8.77619,2.84391,8.49658,7.28505,8.63284,C
1.95913,3.65703,3.20339,1.78369,1.77102,7.11792,6.49322,3.08467,4.59252,9.33062,5.13014,8.5916,2.74703,8.1446,3.2249,9.10361,B
3.23964,6.95056,4.10543,4.39997,2.41799,6.99419,6.17635,4.05114,4.91575,8.31047,4.54145,8.00689,2.51089,7.35397,4.31317,8.53634,B
2.91097,1.94165,3.40027,1.9373,0.378158,10.7652,2.18777,1.72982,0.475202,8.58037,2.84798,8.30001,2.37903,6.16561,1.65814,7.84387,A
3.69304,6.53222,4.54213,5.07966,4.19057,6.1273,8.05609,6.75142,6.33634,7.31563,6.85708,8.01493,2.74538,8.0325,6.67673,9.24412,B
4.41366,5.8216,6.25317,4.43047,5.64644,8.75109,8.50543,4.79564,7.36121,9.25688,7.47061,8.83105,3.54351,10.9765,4.18026,11.3728,C
4.17814,8.8835,5.3559,6.8069,4.57206,7.25872,5.77609,4.5557,5.56355,7.39967,3.36673,5.80698,2.54946,6.95872,6.04565,7.52001,B
2.64789,4.6972,4.43347,5.08793,3.02391,6.86296,6.6412,4.13577,4.71112,6.17411,4.6696,7.19561,2.26933,7.70139,3.98201,5.81481,B
3.02483,4.65454,4.3771,4.39737,3.14561,6.49046,7.94134,6.13288,5.96541,6.73827,6.78156,9.45355,2.53507,9.45463,5.71419,9.73296,B
3.60382,1.5417,4.55829,2.91369,2.1067,8.40656,2.11106,2.10558,1.15923,7.70385,1.02631,9.01935,1.40257,7.28785,2.02479,7.07715,A
5.86249,11.787,7.02985,8.30187,3.12768,6.81557,6.29015,5.08908,1.01012,8.36651,1.4728,8.44389,3.86402,7.40124,4.078,10.1197,A
2.35275,4.12055,4.29877,3.24998,2.23097,7.56707,6.06418,4.88536,5.32386,9.2744,4.66573,7.91346,1.11145,8.55502,4.78821,8.7277,B
6.43435,10.5255,7.04344,7.32276,4.75171,6.1018,6.47397,3.91119,6.02348,9.80896,5.50042,8.16382,2.96228,6.12584,4.07929,7.5005,B
8.90255,14.0029,11.9759,10.9019,6.1235,12.4381,2.00229,4.36847,3.44272,11.1047,1.5926,10.5459,5.61503,4.91703,3.46782,10.1288,B
2.30899,1.88655,3.86333,1.72643,1.14458,8.67708,3.67889,2.51612,2.55757,7.09656,2.54109,7.98021,2.57713,7.64223,3.03375,8.10793,A
4.3457,8.67538,4.76078,5.60495,2.68443,9.9949,2.49095,4.23055,1.85386,9.63283,2.1213,9.7854,2.84495,7.00786,2.69645,8.45297,A
4.02758,7.49309,4.82371,5.78173,3.03701,10.2797,2.34736,1.4348,2.0816,8.79437,2.33199,9.73203,3.38308,4.47014,3.00973,8.16901,Unknown
4.30243,7.56053,6.68177,5.59684,5.22385,7.71402,4.47576,1.80999,3.15024,5.44779,2.94983,7.61628,3.55046,5.19391,2.9943,7.32421,A
8.7826,10.2232,7.87496,8.66828,4.04625,11.3383,10.6474,8.38978,8.51893,11.5736,8.04989,5.70313,4.86636,12.2605,8.1382,12.3295,B
1.75632,2.97081,4.07786,3.63106,2.77577,7.5569,4.20013,2.73295,2.98463,5.48552,3.96715,6.68558,2.20252,7.38738,5.52914,6.62217,A
3.73004,4.53344,4.27084,3.64938,1.3372,7.73737,7.30803,4.59493,2.53027,8.08032,4.04048,10.2246,4.08747,6.60463,2.23014,9.23313,B
3.30842,7.88361,4.51742,6.3636,3.6592,9.15084,5.17279,2.73744,3.87967,9.53351,2.52678,7.26961,2.39189,7.62558,4.26449,9.79752,B
1.41139,3.65424,2.59005,1.94808,1.29589,5.85931,7.62462,5.22295,6.47874,10.4148,7.57308,12.1807,1.12997,8.96256,3.53342,8.87605,C
4.89429,11.1525,6.68612,7.76452,5.37987,10.1307,4.05115,2.35247,3.51619,8.33685,2.66484,7.27644,4.32113,5.48546,5.35053,7.65304,A
1.91757,4.73838,3.35711,2.73917,2.476,7.07071,8.082,8.07265,7.21989,8.14281,6.93636,10.269,1.82403,9.23933,5.45982,10.7786,C
4.47468,10.506,5.32066,7.15163,3.46336,8.28011,3.14622,3.40718,3.52483,8.95913,2.59183,9.91009,2.40125,7.55494,3.351,9.05114,A
0.38007,5.67342,-0.320876,0.251292,-1.13908,8.95048,13.4134,4.56119,2.03596,10.1517,5.80416,14.7108,1.15657,12.3666,1.34033,13.4756,Unknown
2.38601,6.20686,4.34614,4.63644,2.76572,8.53322,2.77078,2.27603,0.852964,8.33411,2.40484,8.98832,3.34548,5.69313,2.93285,7.92098,A
2.72715,3.6853,4.00946,2.03425,2.85063,8.22472,6.66276,2.90631,5.18975,8.11889,4.29978,5.25191,2.85055,7.64717,5.50613,9.35225,B
3.85924,8.17822,3.77614,4.92757,2.35096,5.28783,8.34264,7.28098,6.93767,10.0396,7.21626,9.64598,1.32793,9.05322,4.18147,7.22239,C
1.05581,3.63122,2.07625,3.70317,0.387855,8.69,5.36077,3.95456,1.33209,8.05634,1.26715,9.20817,2.28359,7.81657,1.86743,9.00535,A
2.10401,3.26648,3.63488,2.5941,1.80353,8.69444,4.34367,2.13936,1.56088,8.46766,3.34748,8.68491,2.66913,7.2186,2.72929,7.51651,A
4.93428,9.97103,6.17725,8.43823,5.04361,6.29108,9.52505,6.41864,9.09954,7.84813,8.02045,13.2871,2.18985,9.5163,9.14794,12.8499,C
6.77448,11.5507,7.8999,7.69155,6.22125,7.8262,6.08679,1.49155,4.48186,7.03263,3.27566,5.48284,4.25189,7.84615,5.47003,6.50708,B
1.82776,4.56255,4.02648,3.09745,1.2429,9.07383,2.95423,2.15647,1.13735,6.90695,1.12872,8.059,1.53835,6.49983,1.25261,7.79356,A
5.05712,11.5088,6.17222,7.10799,4.48173,6.7702,4.21115,2.76672,3.6946,6.41969,3.40804,10.0598,4.57643,8.61943,5.65468,8.96512,B
1.76431,4.50836,3.14003,2.98088,0.689701,6.25809,8.30477,8.03703,8.39395,9.26129,7.69719,13.3378,1.09974,8.51331,4.45175,10.1294,C
4.89936,11.2503,6.78289,7.76445,4.99263,10.0891,1.26528,1.768,2.94144,9.32178,3.80733,8.94837,2.31424,4.74196,4.2833,8.15605,A
4.90288,11.9043,5.24935,9.64583,5.62226,4.13342,9.26081,2.65078,1.57314,6.78336,3.17558,13.5558,6.46756,7.72761,4.00335,7.97788,B
6.21888,9.37892,7.04618,6.52998,4.78788,8.32129,7.58567,4.48476,6.4948,9.13666,3.92127,6.42564,2.4727,7.64859,6.16201,9.21339,B
5.25262,22.1512,10.3704,17.2349,8.55275,13.0091,11.9107,17.4008,17.2569,14.9431,9.47443,16.382,-0.110506,14.3168,15.337,12.7919,Unknown
5.86568,13.2326,7.89131,9.46455,5.31095,12.1106,0.730365,-0.397861,1.06423,8.99146,0.744803,7.77992,2.46917,4.78892,3.93292,9.83519,A
1.67447,4.5782,3.44142,4.20421,1.34967,5.89229,6.54065,5.57368,8.21566,7.57001,5.39232,11.673,0.653588,8.18336,3.68534,9.14965,B
4.40319,7.05119,5.65979,5.21468,5.20686,4.63753,5.1179,3.71132,4.95977,6.80474,4.35729,6.20278,3.24148,6.78887,4.39809,7.23216,B
6.3123,9.32268,7.13023,6.05676,5.49147,8.44321,0.890149,0.866223,-0.448326,9.1334,3.39828,10.3424,5.17249,7.22032,3.88813,7.44311,B
9.66394,33.5068,14.4602,20.0216,9.96969,25.7717,-11.3781,4.62968,2.76627,25.9109,2.11794,18.2314,7.75273,-0.00201432,9.23832,21.4195,Unknown
4.3846,6.95935,6.20389,5.56601,5.21083,9.66142,5.55714,3.7507,5.2024,8.56921,2.88414,5.87448,2.05362,7.61576,4.93807,9.33441,B
3.42131,6.4441,5.66084,4.65404,2.71383,8.71598,3.24269,2.38136,0.285948,6.68794,1.71442,7.68773,3.32746,5.8627,1.70199,6.96345,A
4.04465,12.2326,6.19442,8.38846,3.87978,11.2245,2.4516,3.15324,2.30584,9.95708,1.01331,7.37559,2.18974,6.62195,2.50905,8.20304,A
4.56683,10.1826,4.06851,5.92623,5.72313,9.95753,2.66957,1.52454,2.38781,8.20801,4.40505,8.07678,5.97898,5.80507,5.80807,9.4982,B
3.78669,8.79898,3.75145,4.87994,3.1174,6.32266,5.73349,6.28525,4.55859,8.2387,6.60519,8.96616,4.06815,8.35266,6.31001,7.86972,B
3.2397,5.13683,4.23257,3.48929,4.97055,7.66643,7.92874,6.75457,3.90593,7.08802,8.03918,6.18417,4.78021,8.72287,9.17912,8.75947,B
3.51195,4.28652,4.25423,2.98937,2.67886,7.13522,6.78127,2.8016,4.78968,6.83447,6.02264,6.08619,3.09272,8.71676,6.00699,8.23263,B
4.85396,10.3674,6.95109,6.96581,5.0241,12.5162,4.49461,4.96795,5.0563,13.5614,3.49412,9.0534,1.94247,6.66107,3.84973,9.89714,B
3.75438,8.52649,5.40836,6.4698,4.0139,4.84916,7.28155,6.9304,6.61508,7.86635,7.72633,11.1191,3.31811,8.8558,3.85755,7.01934,C
3.14182,7.65383,5.28741,5.52044,3.4996,5.17638,7.06554,5.74786,6.82393,6.82785,6.62203,10.4485,1.80645,7.7901,3.26782,7.74434,C
6.79189,7.96159,5.58103,5.05699,2.2013,4.77768,7.61976,3.60824,9.37496,13.1261,10.7835,12.425,2.78397,5.68298,2.82382,3.7688,B
2.70627,5.16637,3.54033,3.05167,0.208788,6.08846,9.18035,5.9565,7.55324,8.6125,8.4101,15.202,0.349876,8.32662,4.66718,11.6095,Unknown
3.09341,5.97423,4.85217,5.70103,5.35942,6.71354,6.61075,3.34426,4.55994,4.49211,6.38407,8.3898,3.09466,7.42663,2.55689,6.87643,B
4.79873,7.56414,4.9476,4.39986,2.51066,5.85118,7.51777,4.6976,5.57099,10.0998,7.38037,8.22578,2.46252,8.60574,3.71338,7.38023,B
-0.862783,-28.0333,-9.59633,-2.66699,-13.8036,-4.17054,0.946061,10.2356,24.0447,-1.35623,-14.9616,28.6432,6.04204,19.8752,15.8559,-0.00633288,Unknown
2.87447,6.34672,4.81809,4.24006,3.12166,9.54889,3.82083,1.80599,3.06931,7.95949,2.29856,6.92831,2.53538,6.69416,3.66392,7.74249,A
4.40327,7.3056,6.55068,4.54858,3.95148,10.9553,2.3069,2.56169,2.70451,9.87646,2.39329,10.0667,3.08541,5.69611,4.1104,10.3729,A
-1.12925,-4.27196,3.25488,-2.50517,21.2213,19.8334,29.4874,31.5926,-1.42432,-7.48921,33.3233,-19.2564,-2.1389,-8.44768,7.6697,44.8779,Unknown
3.46281,6.62258,4.82895,5.91278,2.63204,9.81752,2.5409,2.12749,0.221759,8.25365,1.50378,8.23006,2.00245,4.59839,1.83909,7.52949,A
5.14546,8.1941,5.9192,5.83529,3.4899,8.76739,2.5154,2.9167,2.80309,7.67972,2.23784,8.37325,2.52511,6.52326,2.37209,7.34369,A
3.05228,7.16753,3.25398,4.67498,2.3469,5.77721,7.58487,5.57905,5.71871,8.38624,7.02684,10.6215,1.35154,9.34115,3.67282,9.74591,C
4.32184,7.62217,7.10054,7.02973,3.88808,6.56189,8.7586,8.36632,9.44584,6.20183,5.48293,13.7724,1.13907,8.47899,4.65461,5.57998,Unknown
5.46299,9.40211,5.8524,4.8746,3.52935,5.23099,4.95772,4.54289,5.02234,7.14879,5.36079,10.637,3.60628,7.82363,4.70698,9.05153,B
5.21219,9.56404,5.80576,7.61426,7.05405,4.84688,7.90841,4.86651,4.62647,6.52181,6.25486,8.91371,3.96675,7.91732,6.62663,5.54317,C
2.5715,4.40745,4.00143,2.93836,2.39001,9.97209,4.4609,2.64626,4.74817,8.82624,3.53185,10.376,1.7123,7.936,4.51217,10.2129,B
6.78866,16.8644,10.9824,4.98558,6.8385,14.5485,0.0826339,5.94237,-1.29806,15.942,3.68489,10.2914,8.63888,-2.64504,1.29863,9.25014,Unknown
3.02913,2.8245,4.45762,2.60488,1.79092,7.42438,5.91669,5.23832,6.95058,8.18245,5.11701,11.9358,1.28287,7.97861,3.9752,9.71848,B
3.68745,8.26194,6.21329,5.78229,3.63593,8.62908,2.16569,1.3989,1.94823,6.51382,1.80378,6.98061,3.28355,5.89193,3.25395,5.7384,A
3.20884,7.73027,4.77872,6.18573,3.20174,8.3615,2.62096,2.72317,2.33561,7.85668,3.01627,7.85358,2.40902,7.22685,4.42314,7.76648,A
2.0432,1.3601,3.43506,2.27677,1.25011,8.57635,3.40378,1.73501,1.39222,8.20403,2.21462,9.83835,2.63008,7.39201,2.16164,8.74299,A
6.31662,9.93923,8.09407,7.02708,5.29592,7.23975,4.13224,2.77927,3.88847,8.19513,2.44343,7.96999,4.34178,5.62856,4.3798,8.46965,B
3.94682,7.30048,5.76097,7.19584,3.19908,11.1806,1.79055,3.07679,1.76828,9.85225,1.88357,9.85265,2.75743,7.20695,3.31849,8.46599,A
4.7864,14.8899,6.22071,12.1682,4.91845,8.44464,9.98779,7.58964,11.471,11.0665,7.93477,17.8421,-0.693602,10.8722,4.07936,9.72929,Unknown
2.86845,7.57667,4.38468,5.41993,3.27669,10.7908,5.85546,1.91505,1.57164,7.16293,3.53175,9.09623,3.8938,7.64245,3.56251,6.96057,A
7.77357,11.1087,8.2909,8.01681,4.18115,6.685,4.8127,4.63714,7.19384,5.11486,2.88705,7.97248,3.07478,5.5589,3.879,7.33071,B
5.62204,8.86678,4.7712,5.09492,3.15979,6.43171,7.48141,4.35002,6.28311,9.55843,6.42225,8.65926,2.12924,8.42848,3.70602,7.77799,C
5.85036,9.98027,6.47889,6.72511,4.0397,9.21087,5.62769,5.15229,5.14061,10.0833,3.9949,7.95895,2.2549,8.4691,4.09328,7.83671,B
4.05184,6.17583,5.31845,4.31397,2.29068,10.0907,2.89479,2.36978,1.97814,9.45158,2.26554,9.34292,3.94878,5.83869,4.80032,9.34632,A
3.36877,7.32962,4.03535,4.57562,2.46651,4.49728,6.81991,4.46136,6.32035,9.48242,7.07612,11.1295,2.04383,8.07933,3.19688,7.51959,C
4.76376,8.52956,6.6032,6.82321,5.8382,8.9333,5.19683,2.1745,5.09242,8.51843,3.5596,6.94229,3.48433,7.54234,4.51665,10.4586,B
1.59293,5.35806,3.20951,4.58236,2.82934,5.33031,8.22713,6.45866,5.74627,9.87085,8.24625,11.85,1.83055,9.30631,2.27477,8.98758,C
8.23757,14.677,7.08878,8.07329,5.00579,6.64626,7.93109,7.97392,6.38749,7.1793,5.49872,9.54221,4.30754,8.56943,6.59406,10.8952,C
6.05734,10.5598,6.16051,5.59172,3.75919,7.70094,5.27311,6.89794,4.92722,7.87724,5.53933,8.86343,4.45848,8.63889,5.72815,7.81085,B
4.77938,9.19267,6.72703,6.43596,3.59644,6.65706,4.78263,2.20574,2.91376,6.89443,2.21293,6.60238,3.17103,6.99402,4.03768,7.05302,A
6.46797,12.4987,6.59619,8.40293,6.75629,6.65745,7.487,5.00506,5.6677,9.35751,7.32664,5.62826,2.96437,8.19081,11.6566,12.4255,Unknown
4.91111,12.1908,5.03937,9.42278,3.79666,14.7807,3.39576,2.88071,2.54192,11.6051,1.69559,11.5788,3.02421,7.13128,3.16207,9.09473,Unknown
4.69435,8.43182,5.88218,5.58297,3.65706,10.7084,2.75999,3.00911,1.93106,9.99049,2.8916,10.2711,3.69331,5.30258,3.34308,7.59609,A
2.62809,6.51395,4.25851,4.04571,1.58135,5.6858,8.1138,6.82602,8.22909,7.91281,7.66076,12.6822,0.514354,8.43059,5.18274,9.91517,C
-28.3264,-47.5386,-58.6774,-65.3688,-52.1074,-34.3352,94.9443,-21.8218,-13.2197,25.7232,-26.7751,-21.1017,6.28044,22.5146,-10.4434,82.3965,Unknown
4.09308,9.31031,5.58401,6.67325,4.01978,9.08143,5.43129,4.11413,4.20429,9.51327,3.46372,11.335,2.70127,8.26711,3.11119,9.02601,B
4.55082,9.96862,5.48417,6.22973,3.5784,5.66623,4.67703,3.9263,4.05418,7.37137,3.65154,9.30624,1.52028,6.27231,3.56975,7.7107,B
5.40325,12.0688,8.68003,9.22902,6.29728,9.49265,6.43054,2.73561,5.9921,10.0934,4.60868,6.96656,5.54113,5.97572,4.40129,6.71167,B
4.48192,9.80641,4.63358,5.78587,2.99144,8.08162,8.71502,4.75003,5.82469,10.5826,6.44558,5.44296,3.95938,8.82452,6.12201,7.57905,B
1.04864,4.57635,3.87322,5.17516,3.75193,5.21964,6.10813,6.94982,9.19454,12.9094,12.7808,11.8282,1.08045,11.4447,3.26768,6.15465,B
4.2297,6.83963,5.93187,5.49531,4.76737,7.87105,7.23492,3.96836,5.04973,7.66808,4.03091,5.65843,1.95427,6.98329,4.85706,9.22003,B
5.08067,10.4407,5.90054,7.46619,3.60699,5.98051,8.2744,6.74259,8.12689,8.95565,6.31283,13.1319,2.29903,9.99997,4.77326,8.59935,C
5.4407,11.0904,4.42947,5.92103,2.92722,8.4265,5.7929,2.25475,4.41186,8.40385,4.00185,7.22691,3.41207,7.44258,6.25942,9.22586,B
2.04057,5.00853,3.44176,4.02879,2.44599,9.83783,6.65431,3.25334,5.10448,11.3001,3.98733,8.15394,2.22831,8.62142,3.89831,10.192,B
4.99851,12.2551,7.09596,7.76377,5.89058,7.47773,8.9523,6.05364,8.04549,10.7621,9.02845,7.00186,2.94542,9.58641,7.39856,7.69096,B
4.32395,7.88106,2.01321,8.90311,1.99295,-9.5326,7.63522,1.39986,9.21882,19.4752,11.3896,8.83538,9.77511,16.6269,1.22086,-9.77783,Unknown
1.01331,4.73817,1.80824,2.05414,1.76285,11.3972,2.51836,3.27774,2.7511,9.65973,1.48552,8.92603,1.569,6.08512,2.27856,8.84769,A
3.3132,10.2141,3.21617,8.35392,4.58198,6.42063,7.9019,6.67739,5.4078,7.14744,4.91023,5.80881,3.55935,8.04835,7.89611,11.6721,B
6.09633,10.3765,8.01455,7.97962,7.53363,9.43904,7.21604,2.36226,5.20293,8.83273,4.01619,7.56701,3.91074,8.37021,4.48302,10.7602,B
4.77517,11.4694,4.69223,7.72716,3.47607,5.93962,9.6485,10.3694,9.07616,8.49196,7.46029,10.1674,2.00352,9.43504,5.9896,10.8051,B
7.44238,13.7763,8.25018,9.47852,4.05583,6.69697,3.71984,5.24875,6.2144,7.8124,2.38769,9.34297,2.63732,7.59233,6.37741,11.2723,B
4.27981,8.72557,6.34378,6.26512,5.07793,10.0615,7.3168,2.72732,3.83883,7.48383,3.17236,4.74084,4.29998,6.24625,4.71962,4.61904,A
5.65787,12.5131,9.53995,9.2789,6.9333,10.1482,3.6231,0.468288,1.95908,7.84404,2.54657,10.0789,6.10293,5.1879,3.25144,7.74539,B
5.80723,8.40164,6.84372,5.06552,5.30284,7.78881,8.57189,5.23951,7.07163,9.43743,6.09715,6.53169,3.30837,9.20866,5.62742,8.96035,B
4.71545,8.78064,5.52261,6.89682,2.67619,6.27851,6.48837,5.94691,8.94446,8.3951,5.54273,12.5287,2.02855,7.73475,4.28072,8.23648,B
3.4731,5.20769,5.75659,5.14141,2.62807,9.20838,2.17697,2.78241,1.84878,8.58446,0.982675,9.31812,2.08291,6.32666,2.53066,8.08231,A
2.87545,8.55077,3.59733,4.44283,3.17729,10.3556,4.71265,1.51741,2.43102,8.32116,1.90048,8.36094,5.00527,4.93285,3.77657,7.70531,A
5.9723,9.40402,6.28578,8.58304,6.85204,6.485,7.70924,9.56811,5.86348,7.92684,6.04994,9.2105,4.87963,9.21984,8.51775,6.43948,B
2.4894,3.14797,4.37907,3.24217,1.66463,9.04701,2.19974,2.04307,2.09086,7.79413,1.26159,7.69916,2.04108,6.13024,2.34898,7.50334,A
6.33578,7.92562,7.24227,6.62856,5.38758,7.5098,6.12826,2.84366,4.65223,6.70802,5.69222,9.37884,4.34421,7.75131,5.63357,8.12758,B
5.18306,10.9404,8.51399,7.81107,5.96545,10.4443,6.48175,3.78004,3.71199,7.56799,2.73213,8.36383,4.33975,6.51164,4.0413,6.97788,A
3.98047,9.11052,5.23037,5.14005,3.8405,8.35318,3.01185,3.08478,3.63459,8.33877,3.97224,11.2938,3.71426,6.4271,5.19324,8.59321,A
2.38,7.66267,4.3166,5.80149,3.11209,8.92275,2.52262,2.02205,2.3914,8.96078,2.71835,9.33357,1.95787,7.03707,3.30839,8.46155,B
5.01425,9.63747,6.04069,6.02574,5.6575,9.79462,8.72035,4.04591,5.94331,10.3315,7.2335,5.89274,3.25718,7.68664,7.69239,6.69231,B
3.12808,9.18515,4.16983,6.33279,2.23084,5.40571,4.71871,3.33887,3.02361,6.17633,2.80918,8.4679,1.66756,6.53541,3.09729,8.16621,A
2.49202,4.3817,3.51514,2.69379,2.59187,8.99311,7.20724,3.9833,4.59302,8.19063,6.16667,6.62928,2.70545,8.13159,5.47397,10.3105,B
2.43528,4.77034,3.73515,3.0697,1.70558,5.10448,6.67034,5.95136,6.86265,6.7009,5.28761,10.4698,1.05017,7.71121,3.21435,7.97758,C
5.83965,13.1926,5.6555,8.90801,3.40145,7.52971,5.891,8.34841,7.6665,9.60587,4.70057,10.7373,3.11287,8.75855,5.5846,11.0332,C
2.98952,6.37956,5.57909,3.41948,3.05773,7.88394,5.36427,2.84755,2.8544,7.97389,2.73556,6.49132,3.73256,5.788,3.21876,7.08804,B
3.32771,7.78015,4.07339,6.86771,3.72228,3.6693,6.11248,3.15114,5.55045,8.86209,6.93741,13.0747,2.9581,8.16908,2.84488,6.33485,C
4.65918,11.2707,6.67864,7.63797,5.62422,7.39516,4.22871,1.73292,2.84706,6.13159,3.3048,8.33332,5.76184,7.03059,4.54994,6.29543,B
2.46402,5.61252,3.98983,3.36467,2.7939,8.96964,5.64585,4.10168,5.23825,10.3254,4.85069,8.22877,2.33279,8.11908,4.54734,9.09327,B
1.43165,5.13961,2.86985,3.92424,1.63957,6.91594,3.9657,3.22997,1.78706,6.99902,1.53334,7.63231,1.95908,5.5364,1.17291,6.85927,A
21.1611,25.718,26.226,15.5524,13.4495,31.3642,38.7556,32.382,5.45141,5.67725,9.45571,7.68958,1.30563,18.5659,38.3928,40.9971,Unknown
-26.9929,-14.7446,-1.89188,-8.89296,-13.7619,-10.9547,3.21607,-10.1131,4.32564,-22.1974,19.1366,-7.24927,17.7436,7.02164,-11.5255,-7.1377,Unknown
3.25574,7.35903,3.25486,4.20047,2.0408,5.1625,7.42119,5.23461,6.72285,9.25175,7.62839,11.0247,1.04397,8.67025,3.79608,8.59107,C
6.44763,11.7211,7.10245,7.0434,6.53719,6.62934,6.69864,5.15548,4.64604,6.06282,5.96649,9.30072,4.8488,7.42692,6.04348,5.8811,B
4.8521,10.8148,6.54851,9.84102,1.90721,5.47622,7.67378,8.79731,14.9482,8.04916,9.37333,21.4495,-1.08357,8.36199,4.45925,11.7907,C
2.7784,7.93905,3.74323,4.56006,4.14694,8.0898,7.68157,6.95734,6.67449,5.74659,6.03424,6.72603,1.67154,8.56979,6.57531,9.18403,C
4.48996,8.13108,4.90085,4.78062,2.64569,11.427,2.98561,3.47898,2.29932,9.3015,1.44773,9.53768,3.06801,5.77378,3.04509,7.56906,A
4.013,10.8735,4.91712,6.95516,4.57611,7.77377,7.35142,4.66293,4.758,7.05828,6.354,6.18838,3.20952,8.42063,5.80248,9.21838,B
1.75071,6.788,2.67731,3.36055,2.76264,10.8061,2.31484,2.38325,1.60851,8.77216,1.46071,9.82079,1.88704,6.49084,1.81637,8.32935,A
10.6079,25.7813,8.49131,6.81111,7.78686,12.9569,13.8695,5.01182,11.0371,19.039,12.1011,24.743,9.9032,9.5426,14.6423,13.8226,C
4.82235,8.86057,6.06539,6.75639,7.50673,6.91951,5.62761,4.6781,2.8762,7.18679,4.57681,7.88295,3.88593,8.21598,6.02701,5.60067,B
4.63702,10.4777,6.26034,7.31345,4.51652,9.3497,4.31941,2.38075,2.70268,8.28249,1.15585,6.01431,2.75726,5.92558,3.7982,8.41298,A
3.67263,4.49364,5.13229,3.54209,2.90903,10.3803,5.34232,2.33103,5.32205,9.88643,2.51406,6.93355,1.65344,7.76201,4.21714,9.60482,B
6.95187,12.1917,7.91954,8.06892,3.43729,4.27095,8.21885,3.67354,3.15821,4.16272,2.73355,13.0888,6.86719,8.71156,4.95398,8.19682,B
3.42246,6.5985,3.80635,3.98853,2.65685,9.90449,3.54258,2.2194,3.04329,11.7418,5.20562,9.19203,2.03405,4.56766,2.29102,7.55744,Unknown
6.12884,13.0767,5.76184,7.19135,4.20017,5.29,3.816,4.76759,3.16365,7.94487,4.06292,9.33103,5.7038,5.88321,4.68241,7.76566,B
4.88668,11.5454,5.18194,6.17913,3.8875,5.88826,7.60565,4.59049,3.43991,9.07967,5.50165,8.62379,3.21793,9.56942,3.40774,8.63771,B
8.86998,12.0763,9.18442,6.74332,8.91746,6.47849,6.88279,4.99706,3.72115,6.43193,6.01058,11.3047,9.87588,7.51388,10.6959,4.54063,Unknown
4.2544,8.67327,4.6727,4.36557,4.18502,7.84071,4.46927,3.19798,3.20768,7.23802,3.6037,8.77422,4.21086,6.49393,4.50265,7.26076,A
3.45361,7.40728,4.50371,5.39651,1.76016,8.90196,4.53803,2.73494,0.767027,8.84465,0.937474,8.28053,1.72079,7.65222,1.68885,7.5538,A
16.266,17.523,13.1267,33.3286,13.4988,13.5269,7.31669,15.0958,9.44604,14.5959,8.59829,14.7267,-3.66149,8.31748,22.8089,11.315,Unknown
6.25238,10.9691,6.22213,7.09245,3.73085,6.90575,6.30073,5.49296,5.69606,8.61071,3.97098,10.6752,2.41981,7.50682,2.63865,8.80137,B
5.06898,11.4307,5.10925,7.55176,4.16367,7.83405,4.16065,4.63923,3.05176,7.79245,2.49715,8.63123,2.85451,7.93758,4.46355,9.6184,B
3.97312,11.3868,4.99741,8.89799,2.14339,8.21932,4.45219,3.15516,0.852216,7.69629,-0.74819,7.43986,2.05946,5.94165,2.1728,9.27362,A
5.04325,9.44869,7.19351,6.24236,5.03234,7.35515,6.4378,1.30498,4.57976,8.65899,2.69286,6.25836,3.87946,6.06098,5.59399,6.66923,B
10.4595,16.0868,9.99959,8.93609,5.54001,10.4468,2.05112,3.47148,-0.448786,11.5704,2.89177,8.26187,2.67503,4.18684,3.88592,8.58909,A
7.03603,11.0771,7.23587,8.08205,4.90837,9.42365,8.63954,3.79885,8.6752,11.4351,4.04789,5.86314,3.12682,7.34885,7.52507,11.199,C
3.06416,7.60517,5.77473,5.18566,3.22757,10.1328,2.13837,2.09554,3.43448,8.65446,2.41153,8.92111,3.26498,6.11831,4.01619,7.69032,A
5.34705,6.96937,6.5929,4.37997,6.21243,8.92914,8.8056,2.68004,4.87883,8.73071,6.84561,5.68862,5.61824,8.28638,7.44959,7.3219,B
4.2342,9.70097,5.93519,7.10294,6.46816,7.29127,7.39641,5.57005,5.9567,8.72297,5.98696,6.82142,3.65483,9.34265,8.06433,6.68659,B
2.27652,3.35361,3.88554,3.11805,2.93065,6.36375,3.56562,2.27433,3.85395,6.6824,3.72406,9.94353,3.46994,6.80643,3.61042,7.99885,B
4.09789,10.9461,5.84004,6.21196,5.03733,9.41015,6.32586,4.05852,3.38595,8.65472,3.32625,7.37852,4.44729,6.65637,6.01866,8.22079,B
3.1007,7.9799,6.17088,6.74183,4.22264,8.08922,3.35405,1.36111,2.08817,6.23883,1.19606,7.61109,2.76895,6.14026,3.1667,5.98117,A
4.34613,4.63864,4.20223,3.04416,2.65758,9.20905,7.06736,2.87108,3.88031,10.0014,4.11401,7.58176,3.01393,6.65627,3.7077,9.14784,B
4.24026,6.32144,5.15591,5.68879,5.79416,8.65633,7.53284,6.80578,3.6136,6.2746,7.12261,6.50014,3.26584,8.9719,7.43973,5.4637,B
1.73782,8.59365,4.00256,5.4251,3.15558,9.83062,1.7114,1.4868,2.03305,7.81247,1.23333,8.48699,3.21284,4.54384,3.09857,7.3442,A
1.22574,2.90036,2.43109,1.61183,1.91364,7.06393,5.22883,3.37214,3.34564,7.30807,4.15251,6.16684,1.83031,7.62433,4.12708,8.09038,B
2.22731,6.23606,3.57488,4.84465,2.57203,7.75403,6.06532,4.31053,5.23302,8.44804,3.61581,10.2966,1.43277,8.41532,3.38689,9.79831,B
8.00545,14.3547,11.463,10.2986,12.0599,12.6932,6.74348,3.49969,4.20506,7.80713,6.97875,10.5358,12.4119,6.88414,8.15058,6.78342,B
3.8238,10.5221,4.95234,7.36092,4.14601,6.28961,7.50778,6.60957,5.5778,7.22167,8.44251,12.092,1.9862,8.49921,5.51356,8.0741,B
1.84151,4.94871,3.6708,3.68951,1.6098,8.77603,3.44212,2.38202,1.25455,8.16911,1.53501,8.39531,1.70037,6.91935,1.44106,7.37315,A
2.97222,5.12006,4.54449,4.1636,2.62459,4.06353,5.4471,4.1478,5.14156,5.02376,3.91526,10.6016,1.44981,7.87278,5.31394,7.0987,B
1.77282,1.63646,3.16742,2.07839,0.856908,9.09704,1.86085,1.79812,1.02549,7.79375,1.21773,8.14396,1.69996,7.02708,2.32872,7.74993,A
1.9601,3.85894,3.09539,2.01335,1.14862,7.75451,9.33189,6.80908,6.93135,7.9884,6.05827,8.07769,1.14681,9.1715,5.44668,9.60506,B
1.06532,21.7361,-0.569359,10.5562,-0.450166,-2.99562,18.547,11.742,14.1711,30.7634,2.00579,15.145,11.5813,31.8103,10.4965,0.0710468,Unknown
7.07819,10.8033,6.53236,6.65511,3.752,6.1554,9.01012,5.20689,6.44284,10.0377,6.6705,8.09454,4.6804,4.7224,5.86652,8.15769,B
2.59847,4.00374,4.60286,4.08502,2.54467,5.98035,9.15664,8.53036,6.51592,8.09571,7.00228,12.7632,2.42641,10.3452,5.42059,11.0434,C
1.94083,0.736237,3.45121,2.34887,0.67273,4.87706,4.18932,2.21136,2.13429,4.27442,0.233426,7.73828,1.6561,5.44209,2.00987,6.74541,A
6.14349,10.6489,7.30607,7.23828,7.02555,10.0456,8.99518,5.23999,5.95996,11.1622,7.17167,5.77308,4.57642,9.26441,8.22775,14.42,C
3.12863,6.36751,4.36924,4.44243,5.09928,6.89279,6.18704,5.61075,4.50632,6.3515,4.88762,6.1009,1.88728,7.62655,6.79912,7.77545,B
4.03788,6.52425,2.42129,2.35933,2.04078,8.85014,9.32504,4.80623,4.90114,12.315,9.43357,8.67603,1.83111,9.65463,5.80294,9.7242,C
4.39,9.23404,4.99792,5.8113,5.44373,7.33328,7.09428,6.26941,6.0677,6.8885,6.78627,6.73154,2.46212,8.23643,6.06305,9.09925,C
2.96574,8.64497,5.31781,7.70915,2.7158,9.28659,5.1546,3.49659,1.12951,10.2299,0.169319,8.15916,2.72253,5.97765,2.91885,9.64688,A
2.89027,3.57479,3.7093,2.65632,1.7263,12.1967,4.53368,3.03246,1.01164,12.2465,2.31694,8.56977,2.37321,5.88828,1.47745,10.2989,A
6.46153,11.1932,8.36749,7.65627,6.19648,7.40959,6.53688,6.51718,6.72168,8.36813,5.01509,7.90443,2.34082,8.84861,7.28449,7.0824,B
2.08324,4.71801,4.21137,3.22034,1.64325,10.2703,2.21791,2.51233,1.21347,7.62497,1.4625,8.46285,1.40017,6.274,1.7365,6.26577,A
2.15093,7.87466,3.24673,5.03283,0.898255,9.6841,5.29183,6.88287,4.79887,10.4487,5.88082,12.2363,2.72766,9.19353,4.02284,10.9994,B
6.47285,8.63727,6.10642,7.39237,3.95248,1.5498,6.02268,0.800915,6.1851,3.20237,5.52365,13.7689,2.51648,7.94582,3.08796,3.26857,A
2.003,2.77203,3.65714,1.66293,1.91341,8.20461,6.89728,5.27468,5.09255,8.791,5.94968,8.64477,3.26801,8.84074,4.70601,9.67392,B
6.89457,12.8552,5.5644,7.47433,5.75248,7.83835,7.42572,5.9222,3.6475,10.5072,6.45386,7.18071,5.37993,8.42387,7.9608,7.92441,C
4.86083,11.9931,5.57109,7.70866,4.49346,7.38818,3.76165,2.42574,1.30506,6.96569,3.19645,8.36194,3.87869,4.90037,4.09971,7.43143,A
1.9986,4.42464,4.21034,3.73988,1.8697,8.26106,3.02381,2.24188,0.636615,7.08942,1.59247,8.61194,1.33903,7.60222,1.79221,8.08801,A
2.17546,6.14886,4.15464,5.33146,1.9909,10.3588,2.2301,2.35352,1.62572,8.58942,0.586543,8.93121,1.36637,6.99006,2.34916,7.35993,A
3.63029,11.4139,5.01716,7.46075,3.15633,6.94364,4.73899,2.77532,2.19384,6.65331,0.691813,7.63187,2.30906,6.38946,3.04231,7.34398,A
2.90583,4.11728,4.7097,3.5577,4.14072,8.79396,7.38759,3.82013,5.77259,7.19517,5.5917,5.59237,1.94887,7.74651,5.53427,10.2027,B
2.71514,6.01037,4.45515,4.05717,1.38463,5.08102,6.83836,7.10199,8.38641,7.54611,7.73719,12.6537,1.09053,7.85649,4.08527,8.93609,C
4.89492,9.26067,5.52551,7.80427,7.3186,7.83065,7.49408,4.78821,4.80332,7.87072,7.05828,7.11032,4.68863,9.57542,8.33213,9.53223,B
3.20089,9.90126,4.8266,6.99562,5.40722,5.76904,7.68522,6.62095,4.3217,5.96831,6.7026,8.2373,3.03992,8.12527,6.09274,9.04811,B
3.28446,8.66551,5.23639,6.76855,3.34885,9.61391,3.05063,3.80981,2.27321,8.80261,1.92445,8.88622,2.71631,7.03619,2.84213,8.51769,A
5.80544,8.71442,6.67079,6.12865,3.71201,5.23119,6.46315,6.40483,7.20065,8.08151,5.9826,10.4335,1.61565,8.71198,5.92527,9.87074,C
4.05407,6.64523,4.48132,4.04156,2.4503,4.78685,7.63825,6.19924,6.8939,8.61811,6.93264,8.83987,2.02578,8.31215,3.5546,7.32179,C
3.33332,9.60157,5.80527,7.26374,3.58367,9.1495,6.10342,2.34086,1.98238,8.20005,2.09891,7.19081,3.14035,7.56042,3.16716,8.58309,A
4.84128,9.40897,6.09253,5.77167,4.66133,6.37319,6.30453,5.18469,5.16665,6.57716,5.11728,9.0994,4.5028,7.77091,4.58014,7.81103,B
3.43277,7.96101,5.18212,5.40513,3.2962,9.12113,7.13991,3.45596,4.01324,8.3774,3.85533,6.9193,2.59474,7.68297,4.52609,9.20307,B
2.99762,9.85407,5.98131,7.55576,1.6681,9.35014,4.28479,1.65693,2.12846,7.06899,-0.132246,8.02442,1.01933,6.05647,2.28178,7.23786,A
7.64275,13.6801,8.94842,8.68502,7.14765,8.68547,5.23463,3.837,3.70458,5.18583,1.71876,7.86155,7.30043,6.2164,5.12832,6.63538,B
5.70204,11.7416,6.42339,8.09901,6.0495,9.27862,5.69274,3.02275,2.84814,9.02854,5.11752,7.77132,4.75661,7.16471,6.82407,5.70404,A
2.461,4.15315,3.40949,2.43027,3.37834,8.08186,8.3652,5.96469,4.53468,7.79526,6.95656,5.99795,2.39665,9.02649,8.54025,9.22014,B
4.43895,7.42077,2.91187,2.76055,2.63062,12.4121,4.52769,3.15056,4.26086,12.106,3.44903,8.77806,3.83906,6.68952,4.59496,9.97525,A
5.95494,10.2913,7.87696,6.45514,7.04431,8.06475,6.7231,2.31721,5.79652,7.27188,4.96735,6.60094,4.98319,7.00995,7.5946,7.89951,A
0.215993,-0.833886,-0.362519,-2.14702,-3.285,6.13576,8.98869,4.56828,2.77567,8.87069,9.10941,6.90414,-0.758404,8.8318,2.91614,4.57319,B
5.38439,10.4861,6.25144,8.108,5.64827,7.74155,5.90095,8.36732,4.94228,7.6384,5.4618,6.02028,2.62666,8.02675,7.60771,9.75633,B
1.58882,2.57768,3.60577,3.30431,1.6558,6.64421,7.40495,8.35383,8.92206,6.68011,6.82197,11.2757,1.37088,7.9279,6.11117,10.6298,C
5.14645,9.05931,6.49115,7.7833,7.42033,7.58477,7.68789,5.45166,6.75941,9.54855,5.80197,5.61945,3.03341,8.49446,7.33095,10.3088,B
3.49613,7.03669,4.75299,5.13831,2.37445,8.60465,2.33255,3.58719,1.22205,7.91378,0.525415,9.23078,1.99815,6.62267,1.64976,7.5986,A
6.265,17.6126,5.22758,13.5488,5.37013,7.87152,7.66309,3.79345,7.82148,6.77328,4.51586,10.5053,1.56915,8.31247,6.14525,10.9703,A
5.11581,10.919,4.78126,7.16825,5.40625,6.27352,6.3194,2.68253,2.87871,8.30973,4.32276,7.71192,3.86487,6.5075,5.42052,5.98957,B
4.59125,7.03742,6.6774,5.13886,7.02737,8.02493,6.89913,5.36505,5.19192,8.72027,6.2871,6.21747,3.3408,9.47232,8.02563,7.29399,B
5.78537,10.1885,4.70898,7.3889,3.97614,7.51658,4.99787,4.11306,4.08563,8.53469,5.84798,11.1688,3.67747,7.07721,5.78823,8.42595,B
5.17855,9.77853,7.79638,7.58519,6.1883,7.27114,6.51947,2.51622,2.18291,5.25737,1.87961,5.17158,2.6833,5.40871,4.15139,7.52688,A
2.74061,6.70689,4.19979,4.72379,1.1055,4.73154,8.9559,4.84168,8.39065,12.6893,8.34908,10.6976,1.23245,10.1397,2.66471,6.5366,C
3.77479,6.71343,5.38818,4.96202,4.57394,6.68409,5.43981,3.84574,4.74591,6.00693,5.03834,7.10618,4.75911,6.85109,4.28028,6.37064,B
5.06882,12.4582,7.36446,8.56104,5.12619,11.9856,3.16626,2.54471,4.27207,11.4799,2.73663,8.78307,3.27459,7.15812,4.49936,9.71327,B
2.24786,5.14364,4.82091,4.36442,3.40769,7.80414,5.43753,2.78912,4.46993,6.92175,3.9653,5.85748,2.22055,7.5058,5.40253,7.82817,B
5.01906,8.9468,7.14465,6.85943,3.39212,10.4631,4.34756,3.02966,2.59341,9.12333,2.45168,8.21102,4.16075,5.63718,4.22784,8.50775,A
2.90591,5.45299,4.15451,3.51069,3.56324,7.66925,5.12719,2.79175,3.81942,8.64835,4.71383,7.36057,2.89851,7.5298,4.17334,8.16734,A
4.01973,6.85383,5.97661,5.15686,5.23866,7.05196,5.07511,3.65806,3.69828,6.17258,4.43968,4.96968,2.65893,6.81287,5.17651,7.41212,B
2.83943,8.36741,4.2638,5.0302,3.17214,7.78929,1.50361,1.72535,0.993371,6.6,1.53268,8.13985,2.28264,6.36427,2.70969,5.98681,A
2.72864,1.85962,4.20643,3.04981,3.41298,7.10405,6.87329,3.04246,5.48709,7.25512,6.64514,8.13007,4.38234,9.07568,4.67264,9.10166,B
4.74866,7.23577,5.22105,4.27932,5.2266,8.72314,7.25953,3.54672,5.34448,8.95406,6.32597,6.05843,3.5611,7.71051,5.83496,10.1807,B
5.17102,9.37883,5.56958,6.16318,3.94546,6.902,4.80734,3.33796,3.61125,10.9372,4.47087,9.13485,3.71627,6.04996,3.41258,6.88522,B
2.47244,3.4213,3.79131,2.47924,2.85391,7.21708,7.11124,6.86284,7.29318,7.37612,6.93754,8.23587,1.36164,8.25638,5.66106,8.79644,B
4.04529,7.38855,4.51582,4.63921,3.11132,5.0597,7.02789,3.84046,4.41374,8.72826,7.30668,10.6196,2.65875,9.35824,3.73868,7.88434,C
7.39404,12.6168,7.32508,7.56515,6.94745,10.8359,6.97799,2.82034,4.87404,9.89999,3.913,7.37705,5.51624,7.10931,6.78918,8.26983,B
3.37461,6.99334,5.34924,4.0781,4.57341,7.04465,6.43522,4.56865,5.91616,7.60356,5.4303,6.46136,1.29098,8.2352,5.34837,8.87656,B
0.201178,-0.823874,0.362549,1.36179,2.33306,8.33493,14.5457,13.7832,9.84159,16.0136,10.9218,30.753,-3.67758,24.7345,5.83682,17.2639,Unknown
3.25781,8.61887,3.81641,4.55386,3.80258,7.47123,7.20892,5.58094,4.43064,7.64293,5.05026,6.38852,4.0564,7.80178,7.7488,10.0904,B
4.42656,-12.1366,-0.0308448,-0.314312,-5.67576,1.39454,29.4823,-3.47337,16.0927,5.93671,23.513,20.9107,0.874006,13.0643,11.9306,6.34309,Unknown
2.55205,8.63587,3.68375,5.17189,2.5539,6.64089,5.69032,3.58247,3.11464,7.05086,3.56555,8.30378,1.99395,6.32376,3.10104,7.5525,B
8.08843,14.3117,8.67374,11.2555,8.15777,5.56632,8.23604,8.41245,7.87491,9.82183,8.94195,9.86645,2.44252,8.25607,8.69686,11.122,B
3.07584,4.52656,4.78195,3.88832,2.41236,10.0317,1.9544,1.86076,1.23656,8.20226,1.79281,7.6712,3.07713,5.37357,2.00733,7.28581,A
3.77313,7.95849,5.63866,4.14194,2.54579,8.69373,2.42192,1.54101,2.3837,7.04982,0.957341,7.00227,2.70581,6.98499,2.67092,7.77499,A
4.36844,8.45129,5.83486,6.83249,5.37166,7.09236,5.10531,0.687328,3.03513,5.44865,3.30179,7.25816,5.30574,6.30336,3.96226,6.18835,A
2.64306,8.81121,4.34436,6.66535,4.84122,11.4198,2.85247,2.37288,2.03965,10.8608,3.0479,8.59694,2.06918,5.9441,4.00536,8.84475,A
3.79877,9.78054,5.8208,7.11253,6.80091,7.88045,7.81998,4.07275,4.30378,5.80299,9.34455,8.61069,4.22065,9.29228,3.81994,4.57852,B
2.98209,10.164,3.03444,5.30447,2.63767,8.36699,6.75955,3.80243,3.8075,9.76773,4.33811,7.50445,2.93507,8.12858,4.99055,8.96554,B
2.61131,3.59046,3.4082,5.09876,1.41574,5.47959,8.34274,10.7339,10.0843,5.59193,7.51124,11.1098,1.47094,8.3794,6.88506,10.6921,B
5.51557,8.8879,6.20059,5.41832,3.90534,8.42015,7.32163,6.32082,7.21305,5.70157,2.6708,8.31705,3.03426,6.63807,4.39067,7.56991,B
4.01415,10.9687,8.33035,8.50565,10.6548,8.48688,7.75053,7.4216,5.81812,6.73591,6.74159,6.59894,5.184,10.6195,9.18609,6.09433,A
5.35448,11.1782,5.38881,7.25985,5.74023,6.40185,6.74238,7.80733,5.95529,8.80568,6.14827,6.98625,2.27137,8.07637,9.79175,8.55999,B
3.47145,9.46947,5.79998,6.15324,3.38569,12.1472,1.8318,1.63093,0.631537,9.80126,0.512361,7.88214,1.85088,7.10146,2.98518,7.82507,A
7.35158,11.2995,7.72893,7.2595,5.30292,6.46549,8.24668,6.05664,6.9264,8.94141,6.8491,6.13212,2.54203,8.3811,6.42896,8.35241,C
1.03257,4.2979,2.20057,2.78212,1.65028,6.36029,6.52518,3.54037,3.25192,7.38249,3.42815,9.06899,1.13111,7.13186,1.19978,8.43697,B
4.23945,5.93559,6.09193,4.4216,3.16523,7.39964,5.23129,3.53358,3.44403,8.11327,3.63289,9.1646,4.6969,7.39008,3.36186,6.68767,B
6.65008,9.90806,9.52527,7.11628,6.85975,6.66398,7.5191,7.068,7.05597,7.23032,6.67754,11.0047,5.30044,7.70061,6.92731,7.40573,C
3.50238,15.5374,5.07504,6.20889,0.82417,15.3853,5.31158,5.65093,4.68623,15.0463,1.19986,11.7287,0.946267,5.85843,4.26082,12.0418,B
5.46609,11.7189,6.22079,7.32758,4.69252,7.08596,6.47619,4.86192,5.74038,8.87203,5.28384,7.52214,1.50891,7.33376,5.07901,6.78181,B
5.15889,10.5268,5.41397,7.2149,4.21454,5.48952,9.05311,5.16737,6.41537,14.3839,10.2082,9.89926,2.54458,10.424,2.46432,6.39036,B
3.93451,11.3241,6.81318,8.19143,5.4361,9.88283,6.3758,3.09632,4.14691,7.84301,1.74479,7.94455,0.939558,8.29852,4.77119,11.5091,B
2.95002,5.43438,4.80638,3.34565,1.7502,8.09792,4.04579,3.02913,1.83592,7.44526,2.47429,9.43377,2.48488,8.09878,2.40149,7.76786,A
8.29253,14.6468,8.27501,9.19896,7.5047,9.25178,2.27996,2.59053,1.5788,9.48473,4.28925,9.36287,6.31014,5.41333,6.7383,9.09505,B
2.845,3.801,4.99298,3.13301,1.69744,8.72819,2.1616,1.30395,1.52718,7.06172,0.919596,8.77076,2.19562,6.3081,2.48852,6.35111,A
3.25369,8.38991,5.05429,5.83199,2.9655,10.6337,2.64076,2.5943,2.67275,8.07231,2.43142,8.6828,2.0183,5.92359,2.81719,8.27893,A
5.3017,10.9007,5.78883,8.74963,4.97956,4.78184,7.91232,7.19442,7.02125,7.12285,8.10194,10.5304,2.23705,8.25059,6.01205,7.6156,C
2.09969,4.24573,4.31402,3.63066,2.42364,9.67677,2.68684,2.44313,1.91373,8.696,2.00046,7.98977,2.14718,6.72805,3.51541,8.82644,A
5.2227,10.473,4.76068,5.73647,3.14007,5.99084,7.57635,6.7328,7.62943,7.9584,6.1988,8.74743,1.5014,8.87472,7.68309,10.0735,C
1.57153,1.36677,2.50862,0.868246,1.06207,5.92009,6.32341,4.94188,5.41948,10.1586,5.96698,9.82284,1.58215,9.16878,2.88725,6.60329,C
6.48355,12.6294,7.62171,9.24003,5.23595,6.24094,2.76521,0.854405,1.6105,7.98487,3.06786,7.59527,3.98003,7.65709,5.2012,9.22388,B
2.71075,8.30307,2.91527,4.14483,1.19321,5.63371,5.52437,3.69276,2.95236,6.74302,4.24951,8.52954,2.12175,6.8068,2.9724,8.62915,B
3.66807,7.09165,4.74914,5.36878,3.52673,6.43173,4.77221,3.96553,3.59414,6.23587,3.82646,8.58735,2.62772,7.74674,4.66279,8.63791,B
3.64511,8.79658,4.04955,5.32145,4.09086,6.46793,8.18483,5.04953,5.06223,7.65268,4.27043,4.82889,1.8043,6.45894,6.54409,8.27549,B
3.43932,9.11417,4.80411,7.35368,2.16692,7.68101,5.63963,2.88962,-0.0616399,6.79872,-0.214023,9.14145,1.65939,6.78129,1.75581,7.25753,Unknown
3.61861,6.95654,3.92029,4.28738,2.58419,4.84349,5.95072,4.15904,4.22714,7.72024,5.77781,8.44925,1.70054,8.53313,2.41559,6.84454,C
2.63433,4.85246,3.79609,3.51964,2.73304,11.139,3.95529,1.66438,4.48991,9.18662,1.45705,6.69338,2.28346,6.49597,2.49891,9.00326,A
3.61073,9.83224,5.07755,7.85284,4.74216,5.14389,8.08164,6.98266,8.26007,7.34521,7.2184,12.9508,0.606479,9.31654,3.61682,11.8599,C
2.47434,3.26649,3.81692,1.9492,3.43917,7.2515,4.98648,3.40816,4.77295,6.57777,5.16718,7.01994,2.99241,8.42112,5.05667,9.71406,B
4.06075,5.84841,5.32811,6.41896,3.50455,5.57664,6.02964,6.89602,6.80355,7.79767,5.6455,9.51058,1.44311,8.61049,5.8214,8.1358,B
0.765569,-1.1479,1.66313,-0.0627279,0.227507,8.34427,6.1935,3.29888,2.76938,8.15543,4.23037,6.57171,1.38149,7.88777,4.11187,8.79512,B
8.82151,16.608,7.56957,9.81769,4.07983,13.0921,5.44266,7.2374,6.30439,12.8529,5.16471,10.2108,3.86025,7.61703,3.48055,13.6324,C
2.59396,5.58428,5.56424,4.3187,6.78599,8.67694,6.45238,4.79108,3.42821,6.60641,6.40976,4.6146,5.94715,8.73352,6.01515,8.83174,B
5.21596,7.33258,6.80521,5.06337,4.75992,6.72087,8.52944,4.01616,6.26152,9.50921,7.6521,8.82625,3.02521,9.35429,5.34288,6.90611,C
4.33105,7.13378,6.656,4.48623,4.71041,7.77307,5.0705,2.58518,2.78578,5.96345,4.31073,7.83844,4.41291,6.5522,5.47097,6.05798,A
4.08632,7.98825,4.50911,6.18286,5.1266,8.47744,7.71241,7.67463,5.68775,7.03079,7.10889,6.25552,2.98214,8.18806,10.5477,12.0481,B
4.38851,11.2109,5.0466,6.31837,2.43651,5.30923,7.99727,7.28679,8.43099,7.89443,6.37199,13.6048,2.68832,8.61085,4.39775,9.71607,C
3.69139,5.65864,5.66121,3.45018,5.54909,5.58239,9.12503,2.74499,2.99988,7.65811,6.12629,7.42118,5.79064,10.027,6.01927,7.99387,C
3.10963,5.69214,4.98876,4.87072,2.81302,7.08849,3.40137,3.05225,2.89398,6.10968,3.06577,8.45454,1.85189,6.21527,2.58242,6.78617,B
5.80199,11.7932,7.3051,9.3902,4.92918,11.0519,5.92876,3.36694,4.99829,11.5517,1.84339,8.52581,2.96557,8.24656,4.82578,9.26379,A
2.76094,6.50836,5.68371,6.31425,3.6746,10.8794,5.30679,1.4192,3.95593,9.15108,1.20168,6.51855,2.84569,5.82799,3.5201,7.89756,A
2.28344,6.76801,3.83303,3.66171,1.66005,5.65537,8.99807,6.79651,8.47446,8.95127,7.73256,12.3326,0.305686,9.05918,4.20027,9.24032,C
2.69874,7.09537,4.21423,5.71404,3.0347,10.4633,2.38233,1.66793,0.288721,8.84757,1.306,7.93228,1.74346,5.05395,1.50176,7.6646,A
7.31376,16.0613,8.45349,10.2239,12.8028,6.44541,7.81101,5.83127,5.1905,5.76934,5.13109,6.43528,7.1547,9.72677,7.94329,9.13285,B
3.74731,12.2233,8.31036,7.82603,8.73556,10.0542,6.98363,4.04287,2.04556,7.83122,4.20757,9.70704,9.91914,7.02085,6.8187,5.63192,Unknown
2.06731,6.2663,3.65442,3.60793,1.86392,7.98389,4.94756,2.70497,0.537895,6.23339,1.99638,6.80303,2.55958,7.10937,1.88039,7.78975,A
2.90749,7.29929,4.46509,6.49757,1.39108,7.52005,4.70708,2.4124,-0.294224,6.08336,-0.828786,8.22384,1.02431,6.41663,1.34025,8.18188,A
3.44189,9.29721,6.3348,6.34493,5.78165,11.2011,3.92889,0.591311,2.17932,8.4417,2.36609,7.74124,2.80162,5.58266,3.41386,6.20954,A
1.9023,3.29451,2.8898,2.13239,0.947438,9.62174,4.03101,2.49751,0.809473,8.98942,0.76678,8.59766,1.93323,7.07793,0.992497,8.73573,A
4.22448,8.16392,5.77654,6.35734,3.93155,8.08735,4.89624,4.60386,6.50758,8.03787,4.46882,9.94592,1.28628,7.32852,5.02556,8.97601,B
4.88197,8.74306,5.57261,6.65848,2.98298,10.9228,3.51254,2.03406,2.80265,9.66278,2.10117,8.06629,2.33767,5.21054,2.0746,8.46963,A
1.47995,2.57913,2.55742,2.57576,1.25785,8.55687,3.02494,1.97114,1.15503,7.68503,1.47522,7.76308,1.41156,6.35824,0.747652,7.53783,A
3.79335,12.1616,5.92024,8.19437,6.06826,10.043,7.28928,3.63524,4.92342,8.81959,5.716,7.13088,4.6804,7.3876,6.03434,9.12307,B
2.06803,3.77215,2.77113,0.460029,-0.105466,5.7434,7.88035,4.00364,4.85131,9.99782,7.13578,3.6963,0.551491,7.7371,4.38572,6.15237,C
3.26902,7.81239,5.31278,5.98801,4.14292,7.32444,6.34525,4.08561,4.6221,6.99578,3.65043,7.9704,0.915734,7.33719,4.21397,7.90285,B
1.83486,2.28014,3.64837,1.60443,0.984841,8.05472,3.11361,3.27574,1.93644,7.26267,1.98924,8.82528,2.48315,6.48785,2.18162,8.30013,A
5.34978,9.53781,6.11298,6.53535,6.39963,9.51301,6.75056,4.37778,5.07329,9.54172,5.40106,9.12247,5.89428,7.62221,7.94314,10.5887,B
5.22301,5.82949,6.09343,5.8157,6.0867,7.19917,9.49952,8.38556,5.44276,8.25457,6.40555,8.34455,3.22285,8.94483,11.8318,9.90663,A
3.19532,8.31583,4.37216,5.72681,1.07217,6.80839,5.58711,5.34481,4.14316,6.5768,4.25619,9.41913,2.07264,6.5603,3.32726,7.3023,B
1.31908,2.26878,2.29281,1.29204,0.817708,6.43212,7.1536,4.5642,4.80796,8.89078,6.43644,10.1436,0.849228,8.36812,2.48386,8.42362,B
4.17984,7.61254,5.69531,5.45828,3.13171,5.75553,8.14022,6.4635,7.28949,10.238,7.3709,9.83457,1.67977,8.63961,4.52773,7.58637,C
3.47294,7.69426,5.50075,6.29537,4.59751,11.4613,2.57,1.4305,2.13938,9.35219,0.866059,8.3453,3.604,6.12867,3.87563,8.27453,A
4.33497,7.09183,5.22718,5.8261,4.98136,7.33201,9.40024,4.9511,6.44155,10.5211,6.68605,6.71391,1.49557,9.23852,4.90472,8.62973,B
3.92185,9.0167,3.48451,4.63909,1.86963,5.43096,6.26136,6.29363,5.30527,7.68741,5.46803,11.0325,1.89324,7.85616,3.86473,8.40139,C
2.91672,8.35883,5.0152,6.00588,5.95529,7.26154,7.40311,5.64526,5.06825,6.52105,5.37229,7.77525,2.87506,8.20744,5.73016,8.58151,B
5.73145,9.82536,5.89544,5.52093,4.08756,7.14633,6.9179,4.87335,3.72221,8.25148,5.40191,9.05176,3.73804,10.1172,5.7425,8.41859,A
3.97484,8.62068,7.93395,7.76708,6.32887,8.88293,5.11405,1.58814,2.74569,7.02687,5.41228,10.4873,5.0819,7.71015,6.08502,5.72845,A
4.84688,11.1224,6.03205,6.13158,5.15794,8.98215,6.25693,3.79619,3.90369,6.93432,5.17707,7.52146,4.0794,9.54077,4.78765,7.96221,B
2.07425,2.44728,2.79996,2.16009,1.46359,6.56748,8.00067,6.41437,7.06459,6.27551,6.2223,10.3558,1.04988,8.52869,4.78365,8.982,B
3.29063,4.34116,4.01725,4.43896,3.83385,6.54404,6.14629,4.46544,4.87607,6.20147,3.26237,5.65417,1.17305,7.04358,5.30382,9.67636,B
5.19989,7.92977,7.9401,6.82409,7.94499,7.45068,5.5158,4.27969,4.06569,7.28587,3.59279,5.36473,3.10453,8.16957,7.48042,7.60838,B
1.91392,5.90874,4.61328,5.48941,2.39276,6.16322,4.52062,2.8737,2.78593,6.7869,1.97916,9.91729,1.67214,7.44764,2.45228,7.6413,B
3.72008,8.35398,6.10215,5.47849,4.0901,6.42167,5.12812,2.69487,4.95874,5.24059,3.79889,7.93905,3.5015,7.00003,3.95486,5.46572,B
3.65864,7.27405,4.33596,5.50565,4.19984,5.76224,5.9671,7.47833,5.69858,5.41691,6.35611,6.75961,1.94397,7.08593,9.23627,9.05092,A
7.87699,10.4422,9.13573,6.72194,6.35139,8.59865,5.92289,2.41542,4.24283,6.95343,3.48309,7.74059,5.02689,7.55327,6.81394,5.91392,A
6.84299,16.1313,8.60594,14.871,6.03549,14.1946,2.91062,4.30547,1.99345,12.4331,1.86897,10.7067,2.02812,6.4665,3.42679,8.6083,B
2.87822,2.25042,4.04266,3.32905,1.52346,5.94185,9.91751,7.38451,10.6731,7.56874,7.94485,16.4064,0.442751,8.11398,5.06383,10.4854,C
5.28498,8.46495,6.55238,6.88309,3.62449,7.87485,3.19121,2.00448,2.31411,6.53286,2.18416,8.91031,2.74044,5.44559,2.86811,6.85918,A
5.2183,13.1872,5.10333,8.41576,4.8328,7.01742,6.41115,8.72552,6.32491,7.56155,5.89956,6.2956,2.10295,8.33051,9.71261,11.0863,B
2.83348,7.17786,3.67598,4.19239,2.07691,5.37663,6.92979,6.60952,5.82249,7.27369,6.17613,8.31235,0.857074,8.6617,4.79576,8.13914,C
8.05754,15.3855,8.24754,9.71606,9.35049,13.118,7.89471,3.80533,5.14878,10.6252,11.5915,10.4795,8.059,12.5807,10.6969,7.92438,C
4.10254,9.66197,6.54012,7.48989,4.75123,8.46595,6.04648,3.97596,4.03563,8.82686,3.84572,7.862,4.43433,8.08509,5.2139,8.42371,B
6.30191,10.5595,6.50725,7.10578,5.18399,9.04255,7.5893,8.49478,7.60395,11.8409,6.25442,6.85345,1.93126,9.27546,7.78455,10.0452,C
1.96456,2.29217,2.54165,1.17877,1.66201,9.31597,7.03958,3.64989,3.12776,9.88148,3.91923,8.7592,0.88694,8.60985,2.88514,10.5715,B
3.31953,9.30751,6.97366,8.26502,4.77914,11.4188,2.34169,1.67959,2.4189,9.54073,1.99216,8.67305,3.07985,5.64216,3.45126,9.27589,A
3.84743,9.21289,4.61215,6.03244,2.93407,4.8732,8.715,5.90574,7.06848,10.6833,9.53479,12.6082,2.26107,10.1525,4.16342,9.6597,C
4.99427,8.76644,4.45044,5.08462,3.91082,5.21425,5.268,3.92663,4.98394,5.88777,5.13047,8.68637,4.27599,6.59424,5.54494,7.7486,B
5.50188,10.6572,4.55836,6.99753,3.80558,7.71628,6.53598,5.01401,6.06285,9.56537,4.77246,7.46931,5.54368,7.29247,7.03267,7.00989,B
7.05661,7.23962,8.01166,6.41518,4.92262,5.53402,6.81108,6.26677,7.1409,9.1069,6.90296,10.7839,3.59434,9.19051,3.77744,7.50932,C
4.22037,8.50383,6.38859,6.8364,5.88718,8.71942,5.57786,2.06516,4.14471,8.61763,2.23418,6.13526,3.75473,6.86965,3.28737,7.04878,B
6.06798,8.53045,7.88341,6.24409,5.83465,9.59261,8.6415,5.22331,7.41967,10.0298,7.13242,6.7046,4.55984,8.62898,6.50338,8.39056,B
6.961,12.9065,6.96153,8.80321,6.61277,8.79017,5.93011,3.77187,3.32359,9.20916,3.22933,7.35177,3.51703,5.68119,8.56034,7.90417,A
3.00959,6.54094,5.57965,3.89832,4.25969,8.21291,7.97656,6.94831,6.00039,7.03806,6.89538,6.64888,2.53643,8.9367,6.63726,10.4215,C
0.766396,1.38747,2.01495,-0.119276,0.442233,6.55548,8.34309,4.07104,4.6423,9.73016,8.12097,8.78983,1.16186,8.67712,3.40706,7.99022,B
5.40164,12.128,7.5229,8.52924,5.78771,6.22946,7.24301,5.96428,6.38258,7.62235,5.49839,7.89651,2.82791,8.53109,6.07523,7.58639,B
2.85691,7.37307,4.10236,5.65122,3.46696,9.54685,3.41442,2.2024,2.27118,8.43155,2.41436,7.95938,2.10898,5.76524,2.41516,8.54145,A
4.47417,5.9967,5.81256,5.65818,3.51253,7.23393,8.28509,5.29176,4.18197,9.76191,5.31833,10.4998,4.25482,8.46707,3.14297,9.82579,B
4.6968,8.33404,7.62668,7.84511,5.59429,6.66388,9.79712,9.19725,6.64799,7.06322,5.18129,9.29419,4.9878,8.23857,8.84225,5.99052,C
2.56253,7.65275,5.3676,5.18966,4.09762,10.595,5.40003,1.0901,3.91515,10.0265,3.68877,7.49485,3.49031,6.283,4.23525,8.38313,A
7.69475,11.1032,5.96007,5.45269,3.12504,7.35018,7.96001,6.54799,4.7207,11.0206,4.38966,7.22289,3.23958,8.42038,4.89709,8.43084,C
2.48396,2.72627,3.07668,1.58285,0.822623,8.52678,2.84595,2.69987,2.27702,8.0043,2.57213,7.396,2.7748,5.25677,3.3433,7.77134,A
5.13775,7.94657,6.23112,5.61483,6.46282,8.40905,7.50435,3.15957,4.81339,7.35158,5.6205,6.73936,7.86464,6.33492,3.96047,5.69352,A
3.14664,4.05724,3.5827,3.63784,1.6427,7.72848,9.97292,7.40265,7.97579,7.35968,7.00573,9.5895,2.79733,9.11828,5.83906,10.1209,C
3.45514,7.58965,5.56909,5.13052,2.72496,8.90348,2.09421,1.30978,1.35145,6.28088,1.39741,8.90357,3.80548,5.3145,1.87243,6.45111,A
4.46698,10.481,5.16118,6.93718,5.48589,6.5689,8.35989,4.51972,5.53379,8.35523,6.7931,8.65966,3.45954,8.40986,5.46004,9.43266,C
2.45259,5.95878,4.02648,3.16145,2.25611,7.38912,6.6505,3.83529,4.25261,6.53857,5.65468,8.82829,3.08718,8.56552,4.02434,7.63784,B
4.47096,8.93037,6.08387,5.76666,3.24036,10.8939,-0.246027,0.964196,2.43751,9.49738,1.95067,8.72529,4.19352,5.13431,3.72972,8.0582,A
1.40979,1.70277,2.70524,0.596706,1.1208,6.8134,8.59416,5.42754,6.09062,9.6929,7.34864,9.09532,1.58685,9.82734,4.64141,9.12935,C
4.17566,8.71475,5.18676,7.29248,2.79195,2.81117,8.41576,4.77482,7.73586,12.2378,8.78349,11.4864,1.6238,10.2082,3.65645,6.98514,C
3.06514,4.88224,4.62977,3.99529,2.11995,5.36547,5.75636,4.77244,6.15966,6.36407,3.69419,9.14784,2.2454,6.95504,4.60845,7.78606,B
6.76262,11.0108,5.93006,5.52058,4.52358,5.57335,9.06409,4.77291,5.36979,9.86764,8.5928,9.57181,3.61096,8.34539,4.94581,9.44664,B
3.87313,7.40642,5.35323,3.12065,1.69486,10.0559,2.1612,2.48449,1.32509,9.1501,1.29137,9.71814,3.88783,5.0083,2.1909,8.39149,A
6.61135,11.3187,7.99365,7.25298,6.22972,9.1236,6.68542,3.50679,5.84362,11.1286,4.0155,6.35362,2.02639,7.88237,5.20659,10.0136,B
6.49435,9.49026,9.00439,8.19539,5.61318,12.7814,4.37451,4.19353,2.5547,12.6746,2.95695,9.92933,7.04627,5.27541,2.20203,11.5836,B
3.29047,9.64554,5.43679,7.57151,3.24416,5.88571,8.89447,8.6129,10.1541,9.00557,7.85462,13.0305,1.06148,10.9305,5.28983,9.96837,C
2.98087,3.10632,4.09759,3.50899,3.15588,7.22582,7.41072,6.32636,6.27004,6.57864,6.05796,6.69996,2.07342,8.16076,6.85091,8.69133,B
1.81307,0.254608,2.53126,0.121977,1.30868,6.54406,6.72654,4.81478,4.97498,6.82588,6.06096,7.46314,1.2575,8.11536,4.40455,8.90006,B
2.51008,4.85484,3.47939,3.68902,3.47226,7.97431,7.77676,2.91016,4.94794,8.96303,6.14244,5.26848,2.22951,7.59316,4.98721,8.11841,B
3.51477,8.14767,5.28111,5.01392,4.64062,9.62302,2.82178,3.83451,2.44525,8.73156,3.58222,9.7879,5.68953,5.98397,4.63114,6.23058,A
6.43411,9.45305,7.65453,5.93374,6.03503,9.70852,8.45067,5.44543,7.30748,10.0142,6.83726,5.06658,3.05982,8.48755,8.40863,11.2532,C
1.17253,0.887586,3.76082,-0.694731,1.45897,11.0865,9.4794,5.95263,7.94428,7.2735,3.9145,15.1214,3.04342,13.417,2.3972,12.7829,Unknown
4.68647,10.4436,7.0436,5.99253,6.67819,7.61386,7.43381,3.17611,4.2876,6.01486,5.10456,7.13308,6.00177,7.95162,6.9726,5.57992,B
3.65787,6.15,5.71045,5.61017,2.37031,6.40517,7.72643,6.36912,10.3279,11.5662,7.44228,14.6191,1.11496,10.455,3.62534,10.2191,Unknown
3.30112,-0.798326,3.20157,-0.627256,1.18381,9.74384,7.13262,5.6788,3.65246,5.96414,7.85153,5.41502,4.72782,9.79988,7.42217,9.75992,A
2.33751,8.99616,3.66802,5.38343,1.90587,7.8983,4.1552,3.58305,1.34037,7.93356,2.1922,9.8615,2.01652,7.47614,3.26499,8.44911,A
7.73938,11.5025,7.97931,5.94109,5.85388,8.64154,6.09862,5.91624,8.31669,11.2963,5.45877,9.27272,3.88649,7.83211,6.30004,8.5321,C
5.28928,10.1035,5.61571,5.90749,3.67365,6.504,6.15255,5.07265,5.1412,7.91149,4.5363,9.46519,2.05641,7.52116,6.21696,9.10231,B
3.38561,8.83534,5.93406,6.02101,3.35344,9.3597,4.65894,2.39325,3.8742,8.30328,2.62174,7.58584,2.87015,6.3285,4.51243,8.48789,A
8.46761,12.5981,11.1273,8.02319,11.5327,8.19181,5.38745,6.53101,4.64647,7.19173,8.25304,11.2498,7.7495,11.2534,7.4754,7.15168,B
4.14906,9.80509,5.2248,6.15313,3.95432,7.50585,7.31023,4.72463,5.31872,9.42083,5.00745,6.14012,2.91263,8.08026,7.08162,10.531,B
1.01624,4.28203,3.54778,3.98226,3.28487,6.62273,5.73685,6.37766,5.58806,5.53357,5.92477,7.58416,2.05684,8.92558,8.39289,8.56803,B
6.01157,9.77233,8.77453,7.59254,4.57493,11.815,1.39722,2.86353,1.46391,11.7874,0.491107,9.7467,3.80496,4.43572,2.43329,7.2667,A
5.15353,11.6489,5.98894,6.99342,7.28965,7.41211,6.23786,4.94326,4.49142,6.19792,4.61659,6.37065,4.28876,6.25768,7.6948,8.25745,B
5.00503,7.31859,6.83355,4.08406,4.39437,7.34529,9.61547,3.27624,6.6812,11.0449,6.61938,7.56065,4.00678,9.29458,5.68407,7.85423,B
3.03829,5.01374,4.45183,4.35311,1.87928,6.08305,8.0548,8.31399,9.2702,7.32422,7.08878,12.1536,0.717723,9.38895,4.86106,8.64186,C
6.56606,10.4529,7.70771,4.86196,8.82631,6.53275,3.11027,4.83059,2.10781,8.52854,6.09893,6.65521,9.02907,12.5034,13.8688,-6.80583,C
4.31708,9.29672,7.22784,7.4698,5.1152,9.27686,7.92154,3.56217,3.79945,6.77516,5.19281,6.845,4.1554,8.03882,5.43675,6.90048,A
3.1213,6.29711,6.42525,6.46362,2.83503,6.90135,5.31799,1.93687,-0.313541,4.56142,0.0163785,9.37441,5.07184,6.80646,1.25446,5.86814,A
3.37889,10.3392,5.40211,7.62119,4.59702,6.01819,7.9167,7.76613,7.82601,6.40311,5.74101,9.46768,2.19522,8.17477,5.27768,10.245,B
7.09096,9.08922,8.54498,9.40452,7.3546,9.54256,10.8592,7.02564,14.4455,13.9944,5.53549,8.85998,1.62973,9.12032,6.13716,12.7403,Unknown
11.0858,14.1809,11.9913,9.76398,13.0472,16.1086,5.75941,0.543194,12.4309,12.9132,3.3048,12.3092,11.6628,-5.38819,11.4613,13.6086,A
3.96043,10.0133,6.798,8.02566,4.57581,9.33706,2.78954,1.36835,2.80585,7.75969,0.592526,6.7987,2.74631,5.09018,4.03105,7.46598,A
10.8119,25.2028,-3.92933,10.5902,16.0383,4.92524,-1.80275,14.5256,-20.2059,1.61591,-13.8951,-6.18892,-7.13139,-3.86689,-0.0467643,-32.0162,Unknown
4.48693,10.7945,5.34366,7.03535,2.49952,5.98385,7.57781,7.24622,10.8754,7.71507,6.66689,11.6711,0.745227,8.38751,3.98679,8.23351,C
3.29258,8.30027,3.79326,4.89262,2.8397,6.08666,8.14042,6.80489,5.32726,9.59761,7.76675,10.4067,2.02644,10.5126,6.4728,9.81544,C
2.86553,4.15649,3.58449,2.91417,1.46784,4.85568,7.33935,5.2482,6.77947,9.71068,6.27154,11.0531,0.874219,9.11867,2.94728,7.62769,C
4.36133,11.0401,5.51388,7.13496,5.07121,6.85285,7.25182,6.10074,5.97975,7.70093,4.66822,7.65366,4.37615,7.90223,5.56681,9.32143,B
5.76986,11.8594,6.7811,7.98003,6.87674,7.37487,8.60806,4.28753,4.86538,8.67544,7.0764,12.3062,2.86097,8.73072,2.89992,8.24901,B
4.40506,5.92692,6.95771,5.8514,3.03347,7.41395,3.79918,2.91223,2.40649,6.70418,-0.148767,8.19838,2.41074,7.52005,1.90101,7.06642,A
2.92946,9.54454,5.69394,7.48454,4.00566,10.0208,5.26476,3.53696,2.48493,8.72739,-0.277687,8.64947,3.18782,6.2756,2.1722,7.23188,A
2.71133,5.6621,4.03071,3.42213,2.37625,6.7108,8.69873,4.8918,6.08968,7.71672,7.17268,6.38727,2.07324,8.6854,6.26359,7.52223,B
4.04247,6.8211,4.56214,4.39111,2.96276,9.76732,4.65155,4.17281,2.55632,10.4945,3.55605,9.90973,3.51322,6.50772,4.57018,9.33104,A
4.02464,8.09794,5.42468,5.80167,3.23409,4.4501,6.97727,5.57906,6.43385,9.3623,7.0742,12.7923,1.81463,8.11553,2.78546,8.28395,C
3.1067,9.7913,5.49422,8.07682,4.04465,7.51895,6.66797,2.73417,2.36921,6.68141,2.09758,7.26949,2.81304,6.43453,3.67851,6.41735,A
3.16078,7.05458,4.46902,5.06054,3.6708,7.4182,7.26007,3.93121,3.52525,7.02849,4.08153,6.17414,2.19913,7.17541,4.05809,9.88228,B
-2.5887,-16.7811,-4.1475,0.41701,-8.00182,1.83698,17.05,2.301,7.22582,-5.32345,15.6711,28.4625,0.701452,2.898,-13.4668,28.802,Unknown
5.58638,11.8146,5.64858,7.76493,3.91858,10.0035,3.44683,5.73378,2.68002,10.0798,3.22944,11.3204,3.01826,5.88208,3.6251,8.40903,A
4.27398,8.02331,4.62022,4.81796,5.01475,7.28245,6.9859,6.0422,4.22083,7.90084,6.63571,9.80277,3.32918,8.69596,6.66747,9.0992,B
2.05753,6.28192,3.6251,4.74986,4.00386,6.73353,7.05442,9.91118,4.74232,7.55018,5.61987,5.15782,2.22416,8.44387,9.19359,8.87591,A
1.99984,2.69392,2.95982,2.00028,0.677157,9.83339,3.32966,2.79723,1.409,10.1476,1.82752,8.97278,2.33913,6.59021,1.87552,8.65489,A
4.30985,10.0645,5.93808,7.48169,4.61636,7.793,7.12933,2.21947,3.39442,7.51345,2.75017,7.73732,3.44298,7.90697,3.89343,8.30792,B
2.8734,10.751,4.77156,7.59541,1.11475,5.88402,9.23787,9.31109,9.53577,5.3401,6.70668,16.4297,0.518393,9.71643,5.10757,12.3776,C
2.59988,6.56487,3.4392,2.89991,1.71648,8.33153,5.63256,2.86578,2.67526,8.14865,1.95191,8.04776,2.02486,6.89804,2.52497,7.7064,A
1.82514,2.15875,2.69379,1.95427,1.88809,6.42428,9.31101,5.19743,4.68664,10.8685,8.11161,9.5025,2.80283,10.4093,4.60438,7.94096,C
5.52218,11.1448,4.54246,6.34794,2.64367,15.9946,-0.971398,3.09531,3.86047,13.4435,2.85116,10.0817,3.79669,5.46613,3.53823,8.3283,B
5.56948,8.79706,7.04439,6.64281,7.02033,8.04552,6.71203,3.75141,6.07268,7.74517,5.16031,4.63224,2.23339,8.18755,7.08521,10.7338,B
2.18325,6.48337,3.55541,4.59919,3.29939,6.65004,7.32776,7.72144,8.11306,7.27014,6.0663,8.60997,1.28272,8.90836,6.26819,10.3567,C
1.90979,4.9483,3.30762,3.50599,2.40839,6.37703,6.83124,5.2905,5.39104,7.02535,5.14983,7.33706,1.35999,7.93864,4.42666,8.2382,B
5.48366,10.5071,5.5254,7.21631,4.9664,8.31078,6.19824,3.97427,4.12518,7.58183,3.06645,8.04038,3.09058,8.13617,6.98638,8.01787,B
4.41596,10.832,5.83786,7.30091,2.87203,4.27283,6.54735,5.84481,5.13489,5.99407,2.87441,7.0992,1.99811,6.88634,4.20315,6.67447,B
2.32053,6.88241,3.86463,5.19051,3.11979,6.44794,7.06848,4.02594,4.56615,7.09451,6.97409,7.94495,2.21867,8.60383,5.18654,7.29044,B
7.26937,13.7335,7.09069,7.63788,3.90754,11.5092,4.14282,3.45904,3.49954,11.4489,1.10091,8.2846,5.01859,6.15874,5.73366,10.8946,A
3.92661,7.91538,6.73231,7.04654,3.46346,9.05095,2.41545,3.52153,0.864119,9.26564,1.79737,7.98415,2.13408,7.3913,3.00479,8.70792,A
3.59834,6.56424,5.78342,5.3196,4.98919,6.89569,5.66719,3.34033,2.67841,5.48603,5.64995,9.18968,5.68461,8.81655,4.33402,7.65662,B
-50.1245,-19.5812,38.9486,-87.8276,-37.0404,-40.4838,152.273,47.4251,-27.4984,28.2814,-51.4663,-121.977,-25.8351,-43.7814,-37.502,40.4708,Unknown
4.7982,9.5063,5.68895,6.11535,4.61019,8.08495,9.45529,4.27134,7.4144,10.1843,5.55908,6.63263,3.3653,7.20093,7.39322,10.1471,B
6.53396,10.8181,5.33733,8.05146,3.80327,3.59296,8.23217,5.6439,9.15412,9.44312,7.50712,11.5242,1.48774,7.55136,2.31053,7.57434,Unknown
1.45114,2.50594,2.97696,2.07462,1.7649,10.9342,2.72189,2.97103,3.28939,9.88497,2.22898,9.02464,2.04659,6.53286,3.70879,9.21045,A
7.05264,11.0343,7.13564,5.21382,4.07628,8.2719,4.4826,3.68512,4.56337,7.69252,3.72642,8.73699,4.80085,3.95352,4.62382,7.18458,B
3.81553,8.96886,5.72393,4.98447,2.05253,6.02127,5.01964,4.17107,3.89171,6.20257,3.16158,9.46809,2.02471,7.50274,3.88957,7.6597,A
2.64333,8.22335,4.62719,5.90117,2.18916,12.5911,2.95315,3.50406,1.91907,9.63123,0.887301,8.92269,1.68927,6.43934,1.94144,8.46441,A
2.60023,7.33429,3.7912,4.74015,3.09104,6.33477,7.85383,7.42024,6.21892,6.87435,6.78354,11.1502,2.88576,8.6479,5.44148,10.4635,C
2.75383,7.54166,5.49256,6.09832,3.73299,9.22673,2.35534,1.6265,1.86769,7.6165,1.512,8.22204,2.19381,6.64805,3.02968,8.22701,A
3.32142,5.91293,4.6097,5.9862,4.26727,9.1666,8.47745,6.83404,8.38639,8.54283,6.26711,6.94668,1.93551,8.67863,6.81445,11.0721,B
8.58201,14.4591,9.15411,8.69282,3.41819,13.5109,2.92978,3.84071,6.95543,15.1547,3.79944,10.4864,5.14256,8.16481,6.60402,10.8531,A
4.08371,6.82901,4.23312,4.52106,4.51679,5.27783,6.25187,5.13088,4.11059,6.8495,5.41129,9.39582,2.99346,8.15766,4.95712,6.82348,B
7.14467,12.1595,9.23822,7.91779,6.33384,8.78705,8.46896,6.13267,8.70193,8.97916,6.09092,7.25074,3.55363,7.29304,8.09263,8.81749,A
1.8582,5.33197,2.52141,3.15745,1.84183,6.98923,7.94066,6.95765,6.06087,6.48151,6.17119,7.70417,1.28738,8.6888,4.29205,9.83235,B
4.80711,7.7465,5.45419,4.73026,3.57314,10.0709,4.17263,4.17384,3.18771,9.18862,0.40022,8.25058,2.87837,6.5917,2.55163,8.88979,A
3.08598,8.38903,5.09545,5.42778,3.17148,8.89629,3.77858,2.22201,2.36444,8.44722,1.50562,7.36497,2.63689,6.7064,3.30536,8.46114,A
2.11415,5.83989,3.99065,3.14105,2.71751,10.4283,2.88178,2.11001,3.68133,9.66881,3.04089,7.90036,2.28989,5.98185,2.87304,8.46169,A
8.88022,13.2073,8.33536,9.40115,5.90242,6.96597,10.4497,8.22905,9.57982,13.5219,7.93401,9.03626,3.95842,9.37034,3.55586,6.29353,B
2.38464,7.98416,2.64929,4.59842,0.966626,5.86416,8.50823,6.42023,6.12327,8.07228,6.41813,13.7408,1.30473,9.97796,2.37819,8.85988,C
4.28078,7.88746,6.38818,6.28905,4.31576,10.5281,6.395,1.88856,4.73521,10.6356,2.14391,7.31423,2.11513,6.74996,3.8819,8.82623,A
3.82855,9.5714,5.38361,6.9271,2.95241,5.60467,5.79438,3.18536,4.73633,8.62127,3.27122,8.16455,1.52733,7.78093,3.39776,7.41475,B
4.66234,10.7413,7.13927,8.57537,4.37924,11.0922,2.18864,0.572937,2.27194,7.05709,1.0998,8.24878,2.20739,5.29395,2.80968,7.7231,A
9.8993,15.7377,7.33355,-4.55887,3.50772,10.3348,27.6233,0.770625,15.9053,28.2578,8.82913,-2.80667,2.69029,13.771,2.11877,22.0327,Unknown
4.15987,3.57649,5.00493,4.90041,5.01407,5.96131,6.29313,3.78131,3.24191,5.8788,5.5185,11.2921,4.85996,8.68079,2.21231,7.94298,B
5.28466,11.718,6.40902,7.72641,4.51523,10.1768,2.12774,4.18591,3.23948,8.74149,4.60195,10.1663,3.39459,6.81133,4.20602,9.2811,A
5.56438,9.4575,7.2617,6.39043,7.35978,7.38132,8.55774,7.24313,5.67996,8.70828,7.40133,7.14786,3.18625,8.46345,8.06571,8.56962,C
2.30311,2.3559,3.57,2.56911,2.35044,6.89314,7.34652,3.95231,3.72463,7.33884,5.39434,8.51231,3.1141,7.99946,3.88481,8.48245,B
3.32974,9.46703,4.72177,5.58936,6.45707,9.17413,7.94452,7.72185,5.28171,7.07096,8.56123,8.15008,4.36409,10.4213,7.123,9.48205,B
4.48695,9.35377,5.73882,6.24688,4.6255,7.27915,3.84573,2.18561,1.35007,6.84872,3.64681,9.62297,3.87575,6.88259,4.29678,7.21132,A
3.77465,8.52112,5.07795,6.79279,2.29437,9.26023,3.18148,3.27453,2.71029,8.59477,1.27772,9.04045,1.47643,7.26663,1.85213,7.76926,A
2.29029,3.53912,4.42765,4.39317,1.81615,10.4302,4.61555,2.64349,1.08201,8.08361,1.12741,9.22376,1.82399,6.30935,1.80615,8.56595,A
4.68107,9.40497,7.22664,7.36998,3.6812,11.187,1.81635,2.33874,3.03423,8.66279,0.710552,7.99355,2.9866,6.23144,4.01727,7.19051,A
4.68785,8.05765,5.63837,4.62439,6.40207,7.31584,6.93333,4.39271,4.71587,8.56475,5.99122,5.97485,3.27288,8.39075,6.80751,9.62068,B
1.92878,5.34637,3.4794,3.30242,2.18792,10.2021,2.79013,1.91855,0.735151,8.05298,2.56482,9.30918,2.38677,5.57183,1.74207,8.1445,A
5.5241,12.5885,5.50376,6.2315,3.77727,7.12255,7.0038,4.42961,4.01629,9.39906,4.24593,9.88966,4.19019,7.691,5.55874,10.3215,B
4.97589,11.9626,6.44836,7.71373,4.07347,11.898,1.9516,3.79405,3.70521,10.9085,2.97947,10.6055,2.27756,4.39296,4.77173,10.3182,B
4.03085,9.49216,4.98545,6.25137,2.41531,4.59887,6.21185,5.98346,7.32677,6.27954,5.78463,11.7128,1.11537,7.19135,3.99319,7.60627,C
3.91814,9.11937,6.35112,6.79342,5.08221,10.9973,4.68128,2.09676,2.56334,8.65621,2.60782,7.23354,5.13512,6.66533,4.43593,7.21358,A
3.22024,6.76538,4.95275,6.68675,3.23314,11.582,1.20798,2.80284,2.5125,11.0949,1.35157,10.2311,1.61284,7.49103,1.49237,9.38708,A
4.02507,9.83309,6.30669,7.86163,5.07314,8.86115,2.36144,2.73609,2.69592,8.4674,3.09672,10.0448,3.82892,8.29395,4.32278,9.74907,B
3.68482,5.68367,5.02594,3.81335,5.19584,7.80483,6.56399,1.85997,2.27329,5.97386,5.86936,8.97859,6.70294,8.83228,4.66519,7.02868,B
6.14977,13.3219,8.26164,8.58214,4.34204,16.7097,0.989417,3.709,3.10223,13.9176,2.05561,10.094,3.50342,5.73458,3.27386,11.6616,Unknown
6.40223,10.5263,7.41853,7.23579,4.63802,6.49107,5.19821,4.06014,3.88175,8.33834,3.60376,9.23162,3.19839,7.35364,3.62693,8.75976,B
4.19762,11.4392,6.45135,7.9006,3.95413,10.5949,3.16804,1.47768,2.09554,8.8896,2.1624,10.3821,2.0968,6.43732,4.1038,8.34155,B
2.78349,1.97512,3.69218,2.95124,2.63487,8.68704,9.13375,9.30793,6.41321,7.40093,7.62771,7.54267,0.968821,10.0994,10.0261,10.9263,B
4.4478,9.27049,7.10515,6.82121,6.92015,7.05461,7.5211,1.02749,3.16437,6.4523,5.60483,7.99336,7.93466,6.94031,6.24288,5.44724,A
-1.01196,-0.525312,0.470431,4.44786,1.02885,3.69515,10.3888,8.43712,11.461,4.71967,2.89366,14.5512,-0.171156,7.12448,4.83039,10.3881,B
2.60894,8.17495,4.03452,5.10823,2.40888,5.33978,7.71688,6.27096,7.26867,5.54981,6.07909,10.041,0.648021,6.86639,4.88997,7.98867,B
4.92406,13.3238,7.69606,7.85378,9.88234,11.2156,8.60035,3.27066,5.73842,8.35665,9.07632,6.70835,6.40767,9.69475,8.5771,7.69563,A
3.19607,6.93607,3.73247,4.42142,5.173,7.09858,5.95306,5.29095,4.66011,5.34628,6.48008,5.53019,2.2123,7.77252,7.63516,8.16163,B
5.2339,8.3025,7.58565,6.65651,6.06945,6.56012,6.92405,3.03844,4.78451,8.36984,6.66966,8.17898,4.80497,10.099,4.70966,4.50102,B
3.50712,12.7965,9.60804,7.78346,9.69589,8.55551,13.4305,8.51251,5.37247,11.4869,9.86478,9.96279,8.58028,12.0157,15.72,3.36603,C
2.5613,4.41583,3.01132,2.88927,2.61167,7.18435,7.19435,3.9492,3.83343,6.46513,5.89824,6.67251,2.69029,7.41898,6.12066,7.93525,B
6.40743,12.0809,6.16934,6.90715,6.7459,7.94514,6.95042,2.69509,3.53413,9.43981,5.93179,9.82192,8.65223,6.39366,5.38754,4.4321,B
2.63926,3.45785,3.7571,2.66124,2.73611,7.95446,9.21581,4.61554,6.12755,9.54879,7.61794,6.48505,2.28284,9.95083,5.67666,10.775,C
3.45804,8.80142,4.0786,4.0723,4.50809,11.0306,2.90822,2.11984,0.872625,9.56224,2.30198,9.71856,3.81968,4.53824,4.22639,7.71247,A
1.2365,5.34865,2.50446,2.67742,1.59825,10.157,1.42661,1.95952,0.919826,9.32847,1.47524,9.54417,1.69719,6.09985,1.50825,9.29349,Unknown
4.09952,5.38961,5.66085,3.75132,3.32962,10.5648,4.6432,3.76224,5.83325,8.59905,1.73919,7.21731,2.64444,7.21012,4.72048,10.2895,A
1.79612,3.47283,3.2241,2.73686,1.6027,5.30123,6.95484,6.3898,7.57266,5.85996,5.02218,10.8943,0.320876,7.81388,4.34238,8.94722,C
5.5737,7.16704,7.44626,4.94969,6.02909,8.38525,8.18106,3.53373,6.04002,7.95952,7.89375,9.26544,6.14904,10.8921,5.3627,6.9268,B
1.87697,2.51427,3.89302,1.87088,1.83857,10.3636,2.76365,3.36988,2.57535,9.96231,3.1008,8.93106,1.85502,6.91266,3.39673,8.90596,A
5.47404,9.25178,6.51237,7.2644,4.29718,11.2989,3.09465,3.69283,2.04512,10.2215,1.55254,9.31487,2.2,6.74891,3.00057,8.12249,A
3.60011,10.0973,4.56063,8.81707,0.264566,6.43683,8.00351,11.1801,17.9452,8.3794,8.31615,19.4178,-1.17103,9.451,5.16788,10.8762,C
3.51441,6.07879,4.66343,4.79801,2.94042,6.46762,4.29945,4.93026,3.88032,7.02739,4.67066,10.1745,2.42402,8.13648,5.79291,7.60276,C
1.54431,1.88882,2.34253,1.74895,1.38951,8.54527,7.83611,6.15491,5.93312,8.33646,6.96873,7.40945,1.3811,9.5119,6.83239,9.62742,B
2.58526,4.26007,3.82691,6.36914,1.64714,4.09479,7.66188,8.19831,10.3326,7.83468,6.79389,12.8295,0.0806537,8.39525,6.41058,9.74094,B
3.54335,7.42558,5.24691,5.59327,2.67553,7.35368,6.13378,2.88298,2.89649,7.22227,2.74918,7.73644,3.0682,7.99356,3.18162,7.50191,A
2.66201,7.28339,4.51059,5.15018,3.08379,10.8313,2.33973,2.31875,2.0791,10.5798,2.17617,10.2244,2.86768,6.56956,4.70866,9.32996,A
6.43144,9.57893,7.16986,5.53498,5.53152,7.72926,8.29214,3.60832,5.32658,11.0555,4.86526,7.49232,5.24718,6.92619,5.91382,7.89591,B
7.2659,13.2014,7.877,8.07621,5.43493,14.243,4.58485,3.7465,4.7571,12.1604,3.80526,10.1664,4.33299,5.74494,5.15176,8.76971,A
8.4475,14.81,6.47592,7.48378,4.21829,6.61462,8.49785,4.08808,3.72175,8.41028,3.9277,8.80272,6.76806,4.4991,9.71782,12.5612,C
2.46126,3.83143,2.93165,2.96898,1.61231,7.45814,4.70696,4.21959,3.94449,7.88352,4.3346,10.4699,1.72301,8.91316,3.07041,9.2027,B
3.29157,7.7617,4.86172,5.22956,3.85886,7.91636,5.30053,1.96412,2.72224,7.96132,2.84137,6.78412,3.7853,6.08313,4.70641,8.43657,A
-2.38645,1.36044,-0.138633,4.65197,-4.36316,7.0628,8.50708,9.50957,3.14748,0.776286,5.18523,7.75652,-3.10534,12.555,15.3414,5.70941,Unknown
2.52882,1.74277,5.40836,1.30957,0.760787,8.04775,9.7322,8.28324,10.0874,9.71094,6.33361,11.9602,0.705568,9.60675,7.3403,11.1579,C
3.79304,5.52853,6.17391,5.40216,6.08005,6.54599,6.89243,2.16048,2.89334,5.48124,4.56506,7.76712,5.28966,8.64346,4.99958,3.59453,A
4.6693,8.97945,5.97304,6.3388,4.88985,10.8464,4.55424,0.501923,3.2296,10.6971,1.48747,6.68138,5.73828,3.49173,5.30184,8.04296,A
7.19195,13.5297,8.70126,10.8736,9.13736,11.0163,10.1921,9.00567,7.62251,9.19352,8.46526,7.3599,2.5016,9.24052,8.11074,11.6759,B
1.90115,5.42094,3.28012,4.39972,2.68562,9.49373,4.74164,3.2832,4.46877,10.261,4.26986,10.2443,1.75621,7.90264,3.68396,9.19849,B
6.33238,9.4462,5.68666,8.05925,4.45309,13.8871,-0.315323,3.82435,2.71966,10.1916,1.08068,10.6156,6.82932,3.3465,2.88048,7.2644,A
5.16173,6.50011,6.6863,6.06034,5.15688,8.42447,7.66003,8.32019,7.64441,9.09928,7.33612,6.85263,3.23137,6.8018,9.37425,9.26016,B
3.8542,6.80147,7.09801,5.06355,5.01012,10.0505,3.94716,1.76935,3.61442,8.10624,2.14499,6.04577,2.74148,6.63003,3.64475,8.78955,A
4.07433,8.46754,5.06193,5.13597,3.86355,8.27404,4.83518,4.67892,3.6177,9.55904,4.52853,8.9705,4.2137,7.88456,6.79864,11.1539,B
3.08062,4.56666,2.87506,2.92968,1.86719,6.37122,9.32477,2.97151,5.23755,9.90693,9.74743,9.41146,2.62864,10.341,5.33838,8.3571,B
1.94689,-0.293003,2.80431,1.07807,0.39268,8.0216,2.55725,2.28545,1.13874,7.50325,2.547,8.21392,2.00013,6.84281,1.67984,7.90908,A
2.64965,6.95169,4.55303,3.51246,2.36083,10.8446,2.74406,0.714122,1.71271,7.77401,1.44753,6.84882,2.6827,6.27868,2.54097,5.61677,A
2.81747,6.15257,6.98368,6.45201,2.28672,7.68422,1.61022,2.4306,0.99812,7.15449,-0.395671,8.11088,3.60963,6.60546,2.36362,7.13624,A
6.60359,13.9863,8.22041,7.73412,6.60257,9.71432,2.3235,2.42966,2.09819,9.06013,5.7068,11.5289,6.86534,5.65304,4.71577,9.00069,B
5.05874,10.2274,5.29785,6.41324,6.65482,7.82896,8.30224,4.62085,5.87752,7.28414,5.19993,6.38021,2.9038,7.97846,5.82881,7.50769,B
3.55686,10.882,5.56888,7.34269,2.84845,6.45734,4.62494,2.32869,2.7875,6.01095,0.804089,7.62925,1.39044,7.14518,2.75944,7.49115,A
2.69167,5.67518,4.47763,4.79938,2.40233,8.58017,3.06412,2.11343,1.47023,6.27769,1.70088,8.19362,1.79374,5.82146,1.4423,7.19116,A
4.05797,9.38618,6.69468,5.23366,3.37978,9.96694,3.32563,2.38555,2.7091,8.0343,1.6621,7.84843,2.83903,5.71713,3.36702,8.20821,A
2.4607,6.45694,5.13422,5.02956,1.91325,8.76883,4.48606,3.61252,0.990144,7.76341,0.282505,7.92693,2.91329,6.31469,1.41657,8.0985,A
2.26689,2.04683,4.58151,2.26343,1.53216,6.90217,1.8362,1.51362,1.15674,5.47694,1.96571,7.81076,2.76883,7.16141,2.64528,5.69697,A
4.03276,7.25103,4.92035,4.30329,2.18425,6.12641,8.06825,4.70791,6.11491,10.3975,6.57744,7.43551,1.60365,8.47273,3.80399,6.61583,B
1.67225,1.89143,2.43683,2.04042,1.06753,9.41097,2.76276,1.94493,0.687594,7.91371,2.37696,8.62152,2.0733,6.63635,1.80369,8.25306,A
1.44217,-0.270318,1.67944,-0.381869,0.542433,6.49269,6.63259,4.08034,3.43908,5.94226,5.0593,7.10839,1.4198,8.05259,3.64545,8.10288,B
5.35163,11.1791,6.09795,7.155,4.1318,8.35946,2.09105,2.05733,2.8236,8.49614,2.70629,8.17785,4.06322,5.36251,3.50006,7.22785,A
2.78645,6.07786,5.04472,5.59317,3.47318,6.74184,7.63641,4.98313,4.32243,7.52117,5.9851,8.22103,2.75027,8.22349,3.51838,7.43165,B
2.00164,3.38919,3.74706,2.69493,2.17518,6.30143,5.54655,3.90156,5.01828,7.5878,4.33039,7.93348,1.68934,7.44269,3.76488,8.09467,B
4.21423,7.95233,4.83862,5.1026,5.03872,7.01105,6.68676,5.34312,4.69079,6.30848,6.34373,7.06303,4.63771,6.93416,8.38804,8.07457,B
6.28847,12.0417,7.41667,7.45504,5.75417,10.6563,3.83988,2.31682,3.58467,8.44188,1.85384,7.25928,4.50593,6.48529,4.75658,7.59433,A
2.26574,5.32733,3.74541,3.45587,2.22929,9.05142,3.55207,2.18254,-0.00150646,7.60703,0.823022,8.1568,2.57648,6.19845,1.57925,7.53494,A
4.19246,7.90117,5.9138,4.12186,4.19518,8.42841,6.2053,3.854,4.09166,7.68033,6.80138,9.06937,3.33464,9.91287,5.40818,9.36535,B
8.16902,9.43417,10.1942,6.03888,6.62313,7.01034,8.31999,3.72784,8.64131,8.82028,5.78745,9.09626,3.9838,6.52996,6.90579,11.1796,C
3.4038,7.24768,4.09234,3.77356,2.82808,6.54034,8.35357,7.18799,6.38875,9.99974,7.16841,8.75154,1.66864,9.59447,4.96029,8.46962,C
4.40379,7.62943,4.38155,4.13905,2.10982,7.89111,9.25107,5.78289,6.37387,11.1501,7.29304,9.80065,2.63449,9.86523,3.93703,9.20842,C
5.00988,11.8192,5.4586,7.36208,4.69971,6.50176,8.38846,6.3834,3.78809,7.64843,4.06757,9.52195,3.652,9.02741,4.02978,10.2722,B
5.4383,10.7745,7.67975,8.23847,4.96429,9.94425,3.59053,2.93045,5.58472,8.82637,2.06952,8.28328,3.98539,6.52599,5.10339,8.78448,A
1.78041,0.184747,2.65719,1.1111,0.748181,9.00223,9.33634,5.63979,5.52329,9.08882,6.69329,8.84248,3.10925,10.4543,4.94232,10.0711,B
6.26089,11.88,7.66804,9.11804,8.5091,8.72714,11.3865,5.61956,2.91982,7.44567,8.39416,8.71769,10.0623,8.99995,8.29028,6.68882,C
3.31765,7.0411,4.65616,5.39576,2.2284,6.21028,9.25151,8.48263,9.9837,11.4363,9.9412,13.7862,1.70847,9.61985,4.67522,10.05,C
4.54865,8.97424,5.80002,6.5705,3.3778,8.66066,3.97153,3.99099,2.79399,6.93621,2.05153,7.98018,2.67382,7.65241,2.82167,6.3141,A
4.23406,9.37818,4.61211,6.11643,2.42187,3.39809,8.08009,5.21661,7.82519,12.1347,10.0392,12.8451,0.531419,9.3923,2.24824,6.54698,C
3.5327,9.18894,6.15667,5.60911,2.87246,11.9959,3.25415,3.60561,2.596,11.0234,1.24061,9.27267,3.30653,5.54614,2.45976,8.64087,A
3.63909,7.06299,6.04786,4.45168,4.47442,8.0157,3.06376,1.57252,2.45784,6.71771,3.69709,7.47695,5.28447,5.91926,4.53769,5.57364,A
3.82632,11.0601,5.25875,7.4549,2.67841,10.4342,1.75964,3.08996,2.06638,9.74031,1.76636,8.85607,2.60888,5.88619,4.77581,8.21028,A
3.00668,5.28152,5.00994,5.03255,2.12433,7.29235,6.28808,3.01075,0.409286,6.77221,0.750988,7.38389,2.52807,7.00876,1.96403,6.95975,A
4.03593,6.47757,4.98986,4.47886,3.88427,9.15803,1.72107,1.5622,1.20143,6.7533,2.56799,8.73887,4.10308,5.19726,3.34854,6.73778,A
3.15952,8.93226,5.67514,5.89307,2.45112,12.4172,2.07693,2.31137,3.23218,11.3061,0.830685,8.70996,2.11033,5.65704,2.56921,10.1768,A
3.50086,7.5707,5.69522,5.62917,4.28916,9.22794,6.54207,1.29976,3.86573,10.0832,4.67124,7.76927,4.0439,6.67731,6.22754,9.36483,A
3.47633,8.54521,4.24767,5.14563,3.77371,6.92977,7.27458,6.56181,6.42436,7.3426,6.02395,10.4405,2.50895,9.00955,3.31243,9.19635,C
1.31263,1.5981,2.42077,1.82925,1.75074,9.04573,2.43849,1.31895,1.91558,7.61792,2.37806,7.68343,1.74396,6.36079,2.69284,7.27429,A
5.27373,8.84306,6.10523,6.22774,4.92832,8.10016,6.29517,5.02274,6.03564,9.24716,7.14677,11.3528,3.29317,8.86661,4.49761,9.69904,C
1.32784,5.58216,2.93573,3.65472,1.72726,10.7853,3.68737,2.39803,2.75102,9.74701,2.75542,8.69827,1.2664,6.46171,3.12513,9.09661,A
3.97929,7.49696,4.02372,4.15711,2.26001,4.58902,5.58971,4.35422,5.43425,10.9239,6.53683,10.8087,2.62791,7.77771,3.28635,6.61101,B
7.2708,7.67285,9.21694,10.6749,6.02807,8.44,0.516072,2.21641,4.77515,7.81388,-0.43052,8.24916,1.94991,6.7185,4.18172,8.57519,A
4.16389,9.58319,6.00694,6.52128,4.81704,5.70409,4.09968,3.16162,1.96328,5.49871,4.45175,9.0945,5.32097,7.58983,5.02232,5.60038,A
2.38318,1.92662,2.78946,2.32853,1.88842,7.77668,7.999,4.45173,4.7438,6.57609,4.71423,4.7355,1.33627,8.1139,6.43634,9.57351,B
3.67112,17.2759,5.49477,6.35248,10.103,4.39714,13.8014,-0.636206,-2.18416,11.3613,12.8838,25.2627,6.57244,8.72668,5.36719,14.7189,B
3.93813,4.95602,4.36595,6.83667,1.24655,7.99851,10.7854,9.02534,16.6472,7.5424,6.37519,19.1041,-0.294285,9.71864,6.13812,12.9794,C
4.19686,8.99197,6.24348,6.53161,4.92363,12.4751,3.8111,2.9556,3.54357,10.3631,1.65718,7.58766,2.6898,5.91914,4.19826,9.13143,A
4.9162,8.23286,9.69619,6.30621,5.27911,9.82342,0.254089,-0.181428,-1.4546,11.0153,0.783606,10.5049,6.9756,4.84171,6.26461,8.32635,A
3.19915,3.67203,4.97617,3.76567,3.46828,6.35826,4.75117,2.97333,5.48418,5.98495,4.89943,7.3958,3.82052,8.6555,5.40004,7.97692,B
2.94796,2.99357,4.24334,3.36944,3.5881,9.13845,8.07854,2.97958,6.15075,9.2371,6.06955,5.40696,3.03994,8.37063,5.11414,9.75835,B
3.36854,5.14328,4.27892,3.58886,3.40907,6.52123,8.09115,6.13575,6.37746,10.0606,7.76062,9.70812,2.06522,9.14236,5.54726,8.37179,C
5.07624,10.7842,5.68096,6.40401,4.22829,8.28304,6.31633,3.69277,3.71663,8.40926,2.78272,4.54563,2.64027,5.5289,5.36256,8.53654,A
5.00532,10.8583,7.43406,6.59799,4.25062,11.3422,3.97899,2.76658,2.21458,9.31848,1.21302,8.4027,5.42127,5.50493,3.50132,8.32122,A
2.81061,7.58092,6.09034,7.42734,3.9645,7.07562,3.37146,0.41551,2.59152,5.34349,1.5207,6.6211,3.68284,6.26962,3.79432,6.77838,A
1.95532,4.43397,3.67594,4.12603,1.5058,8.84728,3.56564,2.46659,1.7558,7.81329,2.09876,9.04628,2.69795,6.40216,2.574,8.57363,B
3.22662,6.34357,4.64708,5.05175,3.77412,9.50088,3.15604,3.5025,3.75753,8.21657,3.91901,7.11204,2.82204,6.29049,5.47815,8.91041,B
5.33748,10.0528,7.71632,7.85458,6.08779,6.50648,6.69698,4.02251,5.59718,7.02746,4.21693,7.65044,3.96027,7.92291,5.68972,6.88987,B
7.59509,15.2243,7.11834,8.71867,5.01255,5.82308,6.34392,5.03757,6.12248,6.84723,2.5082,6.2284,4.42704,6.03782,7.0268,7.55388,B
4.22664,8.69282,5.40592,6.07922,5.72175,8.00262,7.51888,3.63369,4.98463,9.38559,6.22633,6.35577,2.8812,8.68805,6.01948,8.66524,B
3.77564,8.06497,4.19152,5.3566,2.4715,7.3714,4.12723,3.1682,1.71094,9.51396,2.34698,8.33186,2.08476,5.76972,1.96458,7.1712,A
16.2715,27.0337,6.07816,11.9428,7.92374,13.765,26.6812,15.9808,11.1791,8.44962,7.94023,22.2171,0.0763005,21.4223,18.0411,30.3111,A
3.18494,8.11253,3.40718,4.6438,2.0277,11.6622,0.8955,2.77404,1.0385,10.1836,2.68047,10.3525,2.92102,5.18172,2.83497,8.25919,A
5.68705,9.65031,8.33629,8.22713,7.27778,9.22271,7.78799,5.76847,5.64654,8.49221,5.29776,4.27924,3.34339,9.13982,7.97945,7.97938,B
3.74373,7.24417,4.79059,5.21989,3.84865,6.82171,7.5169,5.5406,6.05542,9.85979,6.72152,8.39808,2.5487,10.0182,5.5199,7.64343,B
2.41188,8.35791,3.74807,6.54023,2.80259,4.24611,6.73239,5.89652,6.28745,8.14294,6.94929,11.5949,2.30655,8.32107,3.83366,7.42477,B
3.28842,4.61272,4.17706,3.85063,2.18825,5.59018,7.84629,6.6524,6.46632,9.9292,7.00079,10.5479,1.5413,9.25399,4.29891,8.43274,C
3.57449,6.32574,5.23364,4.76129,3.55628,10.1826,4.26236,3.73249,4.50443,9.50098,3.07322,9.00088,3.74348,7.66369,4.42758,9.01688,B
4.37456,9.60756,4.94251,6.05118,4.807,7.46939,7.77183,6.07288,4.23423,7.87109,6.97206,9.92331,2.88218,8.11259,4.4733,8.39534,B
9.55939,12.5237,6.39797,9.18969,8.82244,7.02356,1.6598,0.812228,-1.73638,8.81178,3.37208,10.0477,6.83291,3.74658,7.53278,5.30206,Unknown
6.05193,12.4813,5.69431,6.7991,4.54481,7.84666,8.99502,6.8373,5.86641,9.58576,6.64268,5.10591,2.62868,8.81397,8.48229,6.85888,B
4.06256,9.52893,6.73935,7.14512,4.50161,10.2872,3.85596,2.03113,3.36444,7.99496,3.0239,6.79371,3.94518,6.09788,4.80052,8.38192,A
6.33919,11.5228,7.72102,5.90062,3.7592,10.3686,5.36692,2.45779,5.03027,9.80449,3.31531,9.20782,4.48614,5.36067,5.4805,10.098,A
3.29165,9.70123,5.17376,6.7821,3.34783,12.3713,2.805,3.24722,4.28217,10.8083,2.34078,9.36156,1.50059,7.31644,4.95866,9.77653,A
4.4076,6.42529,5.7686,4.78226,6.27504,8.34192,5.88047,6.58894,3.30117,8.49537,5.5672,12.386,6.82714,7.14417,7.9993,4.46881,A
2.66478,3.86894,3.55199,2.68008,2.84203,8.11591,6.69061,5.63882,4.45823,7.75262,6.32855,6.89836,2.87429,8.80902,5.67089,9.28542,C
2.23158,3.63794,3.97898,3.43251,1.49871,8.23823,4.17962,2.14151,1.07965,7.52138,1.34747,7.1164,2.03792,6.62697,2.18581,8.43419,A
3.28377,6.70708,4.16418,3.37755,4.1777,7.14602,7.38808,4.7323,5.18691,8.41292,6.35007,8.10538,2.72448,8.22279,6.06542,10.58,C
7.3323,18.0604,7.7235,11.3454,5.63588,13.5112,5.75701,7.58402,15.3774,15.7657,8.30996,13.3403,3.21945,9.43826,5.65534,10.4813,C
2.92249,5.53933,4.02882,3.21677,2.19009,12.5385,1.04707,2.67846,1.89691,11.1446,2.58146,10.5616,1.82129,5.13835,2.34439,8.87432,A
5.57045,11.5802,7.35405,9.14156,7.33465,9.08625,9.26088,3.27727,5.077,7.32817,6.46937,5.84838,6.94092,8.05928,7.16697,8.19526,B
3.86662,9.29531,3.80745,4.48112,2.42761,15.1477,1.38924,4.05311,2.14873,13.1734,1.77629,9.55624,2.3637,4.83378,3.30265,9.94104,A
1.92178,6.48663,2.95174,3.79444,2.08277,7.48921,6.3997,3.71548,2.77094,7.21891,3.93632,10.505,1.54383,8.41505,2.56262,9.3835,B
4.21299,8.88336,4.46656,5.20944,3.48591,5.57871,9.59916,6.21405,7.10277,10.7027,7.30944,9.88886,1.8071,10.1136,4.45767,10.0337,C
1.89857,0.919915,2.68037,2.05453,1.21193,6.36912,7.057,5.84927,6.96638,6.49354,6.53163,10.9502,0.469912,7.33515,2.78322,8.04612,B
3.51985,9.50101,4.76821,6.7503,3.40711,12.8404,1.11962,3.34304,2.41655,9.23611,1.87288,9.96005,1.91063,5.49352,2.6452,7.92911,A
5.31482,9.63951,7.68557,8.72591,5.06239,10.7199,4.73096,2.36797,5.58432,10.5267,1.66817,6.27444,3.28253,5.80234,4.65458,11.466,B
2.80129,8.47323,3.57332,5.89235,3.02323,13.1965,2.31087,2.97825,1.48299,11.2334,1.46984,9.90684,2.06477,6.1215,2.95683,8.62764,A
5.18543,9.35746,7.25282,6.39424,4.7948,9.33793,2.11193,1.86388,3.3396,7.7435,1.75775,8.58787,3.26922,5.76912,3.94545,6.46645,A
5.22226,9.82341,5.62518,6.48709,3.95037,7.29159,4.8849,3.03931,4.68747,8.30808,1.84487,6.59324,3.8296,5.84484,6.11116,10.2315,A
-1.66911,7.31357,-7.85055,-0.980644,-6.07831,28.2566,14.9711,-4.33634,-10.6879,38.718,24.2227,-9.92968,-5.15758,5.91027,-13.3419,-25.8467,Unknown
5.32574,7.51521,6.56681,6.24878,2.20092,5.82469,5.94633,5.52739,8.20076,9.01093,5.77147,11.0543,1.95489,8.07497,2.77005,6.62094,B
5.15938,9.00183,5.25126,6.25021,2.0312,4.93365,9.52931,7.98764,9.76375,13.4473,9.42149,13.3475,0.583614,10.0634,3.56077,8.50009,C
5.86489,11.1809,5.93996,7.18397,6.20735,7.72511,7.66564,3.59027,4.32708,9.79701,6.23863,6.26648,4.94888,6.89244,6.7822,6.79074,A
2.60456,5.90132,5.88632,4.81539,2.78929,11.2638,1.97684,3.12086,2.00799,9.63832,1.32035,8.97217,2.10119,5.61792,3.08622,8.81209,A
2.49542,5.10394,4.61742,3.15449,2.85764,9.66382,5.51853,1.77076,3.72751,10.7349,4.01883,7.18197,2.27795,7.27053,3.28259,9.11651,B
2.94625,5.23365,3.5883,3.768,3.10824,9.32741,9.13591,5.20565,6.07476,8.52913,6.80568,5.54497,2.24041,8.89254,7.36617,10.7009,B
4.15878,5.57022,4.54073,4.12257,2.07408,7.6315,5.08215,5.5991,6.44722,8.23241,5.06168,11.2935,1.82467,8.24107,4.15984,10.5513,B
2.33844,5.23567,3.69905,3.38841,3.89258,7.328,7.28625,7.19362,6.028,5.94621,6.51633,7.79335,1.97737,8.58507,6.60261,10.1745,B
4.83372,12.1182,7.22022,8.53453,6.34599,6.72206,7.66887,6.88591,7.16522,6.73053,4.92827,3.76085,4.79636,8.35617,8.97003,6.58055,B
2.27015,3.579,3.43811,3.2367,3.14572,7.00981,6.15357,5.94765,4.34372,7.20235,5.02663,8.47399,1.97714,8.47414,6.78019,8.55221,B
3.60789,5.81004,4.98073,3.93766,4.37774,8.23292,6.38926,3.21791,5.37122,8.45365,5.23269,5.36148,1.85255,8.01785,5.3326,9.51772,B
2.2822,6.4429,4.36082,4.1565,1.39558,6.6094,6.73569,2.83574,1.84247,6.5891,1.02109,7.41646,2.24777,6.77315,1.72848,7.38114,B
3.54948,2.7166,4.21494,3.43811,2.75305,6.40054,7.61342,5.51793,7.50194,7.43933,7.00114,9.44685,1.2994,9.22415,5.91902,11.2854,B
2.19078,10.1832,3.38442,7.78994,3.9758,5.1346,11.0544,7.54105,7.55611,9.52684,9.25881,12.9337,2.09547,10.5654,3.99976,10.307,C
1.6188,3.52881,1.68951,3.26672,-1.62376,7.07065,5.90799,0.94203,-0.874323,3.32185,6.3156,2.11177,-0.519116,5.63363,3.96594,-0.198781,Unknown
5.47401,10.0125,5.36906,6.49209,3.41693,5.08837,7.77035,4.85514,7.17069,9.36798,5.78747,8.7959,2.33291,8.24211,4.44347,6.34508,C
5.24088,4.11415,8.03946,5.08962,3.79256,9.89102,4.26042,2.26269,2.89778,9.6528,1.8105,8.82134,4.84827,4.91716,4.55299,8.31619,A
2.14049,3.29641,2.6206,3.21569,1.04023,7.07287,7.19399,7.15674,9.47265,7.29388,5.96622,9.99409,0.1401,8.36185,5.74906,9.34334,C
2.97915,7.49175,4.4174,5.78511,2.42885,5.87871,7.39372,7.50487,6.96799,6.42482,5.24234,8.87315,1.27338,7.17851,4.88825,7.97347,B
6.21651,12.6964,8.20877,8.64375,7.2581,9.59276,7.0753,3.42076,5.00942,8.68379,5.2666,7.94998,5.183,7.58174,7.42422,10.3314,B
2.39109,3.46366,2.96525,2.30335,2.7583,7.44608,6.9281,6.37841,4.73351,6.68175,5.87335,8.11838,1.619,8.29377,5.04763,8.93911,B
6.06327,9.95054,7.62316,6.83511,5.07445,10.5522,5.59175,2.22943,3.33452,9.72142,3.69398,7.84105,4.67394,6.72991,4.97082,8.56965,A
4.05151,7.56217,5.56103,4.84445,5.56185,6.258,5.60888,2.71665,3.92231,4.9424,5.17346,6.31205,5.44934,7.50905,6.68831,7.36249,B
2.41049,5.90999,3.75541,5.06627,2.4157,6.41811,6.90007,6.99563,7.36901,5.46423,5.33772,10.0428,1.00175,7.25262,4.85417,8.90791,C
5.14041,9.19023,6.06112,6.0123,6.16969,7.78288,6.47981,2.92206,3.30934,7.04386,4.2901,6.55268,4.02106,7.53127,5.60598,7.62949,B
1.92624,4.6333,4.50736,3.00674,3.89734,6.87972,6.4926,3.35727,3.99544,5.653,5.47543,6.29808,3.52561,7.55005,5.22188,6.27269,B
1.87698,5.32766,2.97892,2.94107,2.01382,7.97946,5.37113,4.04885,3.19172,8.67652,3.64568,9.61132,1.17371,7.58429,2.55435,9.42775,B
3.12686,7.47839,4.13959,5.61705,2.45505,5.53915,6.50812,5.56171,7.47579,7.49554,5.57586,13.1226,0.853518,7.60406,3.6994,7.00003,C
8.59988,15.1549,6.82077,8.88071,4.62743,7.18068,10.1161,4.72466,6.30005,12.7185,7.76031,9.10125,4.92034,9.88411,6.92197,9.90986,C
1.85078,0.372103,2.39311,1.07153,1.03688,5.66266,4.79185,3.76081,2.39115,5.63107,4.63319,7.06356,1.86431,7.70299,4.16109,7.07378,B
3.16704,4.8863,4.71917,4.46837,2.21044,5.32996,8.17912,6.09795,8.28247,8.25794,7.42962,11.3033,1.64016,9.02064,4.46189,9.58027,C
1.37991,5.62847,2.01975,5.19843,1.62451,7.15772,7.54239,11.0422,7.37881,7.84761,6.67487,8.81143,1.3007,10.0202,7.69977,11.602,B
3.22162,4.77822,4.78628,4.60003,4.39873,8.61784,6.91574,5.60476,6.38533,7.73777,5.65099,5.84846,2.44839,7.6949,7.82958,10.1164,B
2.18904,2.0552,3.29855,2.77451,1.97988,7.4235,4.85861,4.28804,4.65935,6.85032,4.21698,8.5578,1.17144,8.12587,3.68696,8.62741,B
9.86557,21.9466,-12.0724,42.3822,-11.9709,-1.88921,-7.62862,19.1365,59.3648,-23.7821,27.8607,34.8762,-13.1942,-1.8038,-12.4902,20.7967,Unknown
2.81134,6.68621,4.60162,5.31191,2.87806,8.77955,1.76249,1.73118,1.67109,7.50573,1.23674,8.09765,1.29734,6.27395,2.14099,6.31357,A
4.33209,8.7436,6.25446,6.30334,5.83523,7.75766,6.20474,4.60534,5.30232,7.93838,5.16934,6.74438,4.43546,7.70316,8.83444,7.55068,A
6.13711,4.91636,7.00106,5.87776,8.30758,7.94128,8.21387,6.01716,5.84847,3.9497,6.77137,6.59648,3.10262,10.7336,8.13906,4.31221,A
5.41333,10.9962,7.4316,6.86526,6.3299,7.18886,9.09807,4.68355,4.25682,8.28195,8.20085,9.33008,5.2973,7.22993,7.21633,6.04807,B
1.61701,1.85282,2.89814,2.41174,0.0454064,6.80731,4.05014,2.67957,-0.0968373,7.35991,0.791403,7.40008,1.54868,6.3654,0.747212,7.28629,A
4.17286,10.0726,4.8083,6.45602,5.97788,7.3605,7.87022,7.26433,3.86284,7.34677,7.60512,9.15416,4.51499,8.11792,8.82915,8.60578,B
6.30634,9.42364,7.87713,6.7709,5.78325,7.12495,6.42614,4.57577,6.86889,9.27857,4.36587,5.71235,2.83151,7.4857,7.42566,10.2521,B
5.42448,9.23736,5.74897,6.23243,6.10891,7.06891,7.47183,4.0422,4.57801,7.98727,6.04513,7.38263,4.49572,8.33615,6.31893,6.1599,B
1.60009,5.1259,3.21084,3.61362,1.57177,5.4208,6.71255,4.8244,5.82808,6.2234,5.28026,11.4658,0.563697,6.95805,3.73363,9.15791,C
3.57447,7.60802,5.88783,5.44346,5.77171,7.02787,6.81073,5.13604,5.90707,6.8909,6.50969,6.165,3.59462,7.62574,5.81009,6.09452,B
4.43758,9.73053,8.44038,6.44828,8.46708,9.73654,7.90225,7.49689,5.95178,7.02286,6.10023,4.91001,2.8752,7.52537,8.52478,6.04078,A
4.81363,7.27642,8.25469,8.90223,3.6533,10.0267,4.16401,3.21214,4.03551,7.68151,1.49372,7.86034,3.01442,7.26296,4.65054,7.84742,B
5.62317,11.0885,5.4053,6.86619,3.81684,5.75454,6.29441,6.41052,7.25394,6.51022,5.86128,8.59466,2.87897,8.30063,7.83602,9.27724,B
2.67624,8.34508,3.1898,6.40276,4.86913,6.49642,7.30068,8.19454,4.61205,6.26114,4.68349,7.95427,1.60864,7.41622,6.49449,7.57289,B
4.66229,9.99476,8.16831,7.29846,7.45368,8.07433,7.08626,4.03687,4.16835,6.02839,5.68266,10.0856,5.72937,8.53282,8.87258,5.40363,B
15.6107,31.4316,-7.68037,52.2807,4.20627,22.1812,28.4164,49.4861,38.8167,5.96357,18.9965,24.9627,-21.6751,29.3519,56.743,44.6187,Unknown
6.30909,10.2185,8.14284,5.70102,6.53082,9.19978,4.97136,3.56343,6.88985,8.35008,3.88469,6.2864,4.51689,7.92203,7.43969,10.5335,B
2.35258,5.5554,3.36464,3.94629,2.40618,9.77871,5.89702,2.42847,3.66526,9.95957,4.0307,7.18527,1.85647,7.98255,4.23451,9.61741,B
2.04299,2.19667,3.391,1.91396,0.401364,7.97157,3.48269,2.2061,-0.108379,6.57375,0.517019,7.21196,2.43444,6.93618,0.956824,7.27567,A
3.16847,7.86263,4.21901,4.97761,3.17312,6.68774,6.66499,6.35713,6.29649,6.73457,5.74196,6.58664,1.02511,8.55055,7.10853,9.93136,B
2.87329,3.11594,4.73576,3.19772,3.34731,6.21183,5.84734,2.99859,3.79281,5.9075,4.53773,6.4972,3.88789,8.19103,5.19986,8.05255,B
4.96591,8.3674,6.65001,6.48547,6.91908,7.77319,6.95249,4.27412,4.88647,7.55076,5.36982,7.14294,5.26443,8.03161,7.71701,7.75736,B
1.49672,3.22955,2.8348,2.18602,0.877418,5.11152,7.9147,4.95789,8.41326,8.2487,7.2097,13.8274,0.223151,8.48724,3.2375,9.09357,C
6.12877,9.36897,7.91861,6.51615,7.21863,7.10677,10.2338,6.66486,5.20881,8.28599,7.88736,8.39574,4.25559,8.63842,10.2914,7.02695,B
4.43209,11.4105,5.4758,6.51135,4.28487,8.96332,10.4236,5.74582,5.58074,11.2434,7.73222,5.38507,2.46232,9.02955,9.16171,9.62908,B
1.24592,3.47247,2.55765,2.11909,-0.119829,10.2377,4.07283,3.2823,2.75187,9.27935,2.43948,11.0189,1.53348,8.22304,1.47601,9.42291,A
3.65086,5.03765,5.10703,4.82787,1.60751,10.8571,1.84076,2.03555,1.45868,8.5979,1.97504,8.85921,2.48271,5.88051,3.22186,8.1545,A
4.90508,8.49405,6.5005,5.1511,4.61915,9.85251,6.70066,4.02773,6.61392,10.1217,3.94803,6.33394,3.2158,7.87157,6.53127,11.0622,B
5.15084,9.57176,5.14855,5.2852,3.08527,7.545,2.50383,1.09731,1.59582,6.0942,2.31295,7.46989,4.02503,4.48186,4.43008,7.22842,A
3.84409,9.03556,6.65094,2.52309,1.79434,8.32108,2.37527,0.81758,3.70672,6.25432,4.44017,4.2002,5.74697,5.54677,5.57827,-1.13682,B
5.13323,8.08233,7.71685,7.20544,9.51338,10.7262,6.1405,2.40405,4.04105,3.2312,6.04525,5.29909,9.83327,10.4327,9.98794,-2.04584,A
2.74411,7.08951,4.05818,5.28157,2.11859,9.15786,1.63753,1.68855,0.815683,7.63898,1.95578,8.77061,2.25698,5.69086,1.80978,7.38303,A
7.63392,15.3361,7.76824,9.13398,6.73008,7.54452,6.26616,5.77489,6.38597,9.45602,4.94416,9.13398,3.8838,8.13596,7.67385,9.50947,A
6.58382,12.0317,9.44395,8.0093,5.93319,13.8237,-1.30634,3.3402,3.53285,11.3566,0.848394,11.2899,3.73316,6.51055,4.75062,10.7296,Unknown
4.58656,9.39022,7.11065,6.3934,5.62933,7.45728,4.49703,1.96249,2.82128,5.87426,3.05503,7.86325,4.6176,6.71639,3.97096,5.39093,A
7.26522,14.0763,6.95833,8.11631,6.66397,7.47886,9.00604,5.64949,7.09236,11.1947,7.74669,9.54083,3.99034,9.42137,6.90068,10.9649,B
2.24298,3.70681,3.80694,2.18259,1.59813,11.5089,3.22389,2.96339,1.21279,9.71192,1.04483,8.25638,1.29341,6.16127,2.16043,7.72804,A
8.25661,11.0397,8.53951,7.93745,5.7568,5.6744,8.1949,8.60661,6.93956,8.93132,7.33817,7.04657,3.99503,7.81722,11.772,8.65367,B
0.946112,-0.0406144,1.34959,0.193085,0.230197,6.2667,7.41062,5.21176,5.43939,8.02614,6.91569,9.95736,0.283792,8.89008,3.71687,9.00814,C
4.19772,8.15148,6.99824,6.43047,5.48588,7.74916,4.74271,2.13241,3.03532,5.50873,3.97429,7.73108,5.98046,7.09972,3.77257,4.3376,A
3.62618,5.66951,5.71373,3.63402,3.45419,10.3368,3.89469,3.13549,4.64475,10.3745,2.42613,7.84478,1.46606,7.36579,3.57833,9.65239,B
6.5788,12.3602,6.22771,7.34403,5.8935,9.80682,8.03178,6.18162,6.52335,9.47772,5.5437,5.45202,4.2635,7.79464,6.10634,6.56206,C
2.45354,5.45933,4.8554,4.41639,1.75425,7.1663,2.05323,1.66302,1.29982,6.1686,1.17051,7.09773,3.11368,5.60535,1.70518,6.46579,A
2.76472,4.02664,4.56859,4.80859,2.52109,7.94074,3.60932,1.85207,1.53361,7.36921,1.57279,7.49045,2.73721,6.77156,2.07136,8.56733,A
2.82316,6.13171,5.40917,6.7083,2.46414,10.6213,3.66355,2.94733,1.25581,8.65671,0.574633,9.82352,1.62166,6.72335,2.39783,7.43506,A
4.79187,10.3582,6.77836,8.23828,6.08081,11.3972,2.55631,3.10348,1.48888,9.29507,2.09585,9.47176,4.30143,5.47055,2.7365,7.12385,A
5.65322,11.8147,5.77228,6.51615,4.21706,10.4235,7.75135,3.58547,5.40228,12.79,6.73798,9.82863,3.7679,7.71708,7.66801,11.6505,C
3.72949,4.18508,4.6629,3.68775,3.24234,8.90392,4.23153,5.65954,3.32931,8.97756,4.67738,11.6803,4.05041,7.79563,3.12711,10.1388,B
3.96192,9.05099,4.56672,4.15022,2.4988,13.1104,2.90815,2.53383,3.52415,10.1747,2.1045,7.74517,1.95753,4.91928,2.7824,9.9765,A
6.16398,10.5219,7.21648,6.42762,5.33194,5.96505,7.25547,6.96934,7.96193,9.3546,5.54441,9.02759,2.38701,8.88296,5.5,8.62594,C
3.55402,4.19805,5.17006,4.18802,3.2999,10.4675,7.25251,3.40453,5.83394,9.79112,3.9289,6.82373,5.56792,8.45739,7.01049,10.2342,B
2.94588,9.01721,5.56403,5.66023,2.52188,6.75484,6.8602,4.00345,2.33278,7.66311,4.47426,11.0894,3.139,8.16973,2.66191,7.51732,B
2.47169,8.31549,3.96,4.96938,1.52743,8.50177,3.60806,2.46879,1.77718,7.2556,0.642569,7.76968,1.44846,6.89832,2.03075,7.03988,A
4.29406,8.37835,6.0357,5.95133,5.06809,7.26179,6.9626,5.53101,6.7262,9.52837,5.9715,8.91197,1.52806,9.18005,5.04518,9.29662,B
5.16867,8.93919,7.03145,6.90879,6.20322,6.71282,6.68578,6.00887,6.07515,6.79758,6.13671,9.45765,3.44045,7.52908,5.8576,7.48496,B
2.38983,5.81424,4.26597,3.87386,3.00545,6.6855,5.64113,3.12799,3.74623,8.57841,5.33576,8.15338,3.08091,7.71284,4.44588,5.99385,B
8.32672,12.8049,11.4547,9.62668,8.67952,8.01079,5.68247,4.94779,6.65895,9.62649,5.08666,5.917,1.41976,7.58337,6.78069,10.9471,B
3.61423,6.236,4.95267,8.36254,2.01501,5.90062,7.06614,9.16259,13.283,5.80632,7.26765,15.9325,0.344928,9.94949,5.20417,10.3617,C
2.69025,7.0662,3.79995,4.12234,2.3359,5.68646,7.80509,6.66693,7.29989,10.0013,7.46506,10.0214,0.826408,9.02694,3.51681,7.85268,C
3.53698,9.14752,7.23472,7.23338,3.38151,9.90178,3.51569,2.4393,2.34942,8.64043,0.353499,7.56682,2.60146,7.63649,2.69539,8.04522,A
2.70568,6.63657,4.45245,5.18628,2.60444,11.7908,1.6634,2.26542,1.78867,10.2931,1.92147,9.16536,2.14313,5.3686,2.821,9.69782,A
5.31254,9.3673,6.83134,7.3402,4.32152,9.35692,2.4957,3.88506,1.75681,9.69881,2.42348,9.73487,4.18523,4.88118,3.9151,8.14352,A
6.14665,10.8174,6.60894,6.59138,5.30309,7.18544,7.77766,8.51138,8.69728,8.6579,6.75359,8.28914,3.08025,9.56497,8.21702,11.1139,C
5.67467,8.78402,6.53341,5.85768,3.62881,7.16866,7.03534,7.2933,7.8227,7.42877,7.82191,9.479,1.88895,9.81306,4.51515,7.22886,B
5.35758,12.3674,7.11119,9.21065,5.84214,7.28081,8.02939,2.99025,4.20005,8.84086,3.97426,8.21927,4.77038,8.06736,5.94242,3.37369,B
5.39353,12.0678,4.02094,6.5293,3.56189,11.4251,1.23214,3.54158,0.658019,9.72764,3.65166,9.67895,4.5734,5.09382,3.53948,8.46012,A
4.2637,7.01575,5.91084,5.40784,5.61451,7.71806,6.84446,3.88001,5.20056,7.08975,4.62128,6.11294,2.67223,8.1798,5.23088,9.52719,B
3.1486,7.62666,4.8191,5.62592,3.03782,5.66052,6.01626,4.61821,6.4458,5.84996,4.96613,9.28872,2.37153,7.24531,3.93422,8.07175,B
2.76403,5.63707,3.94823,4.92179,4.80013,7.88077,7.19874,4.22537,5.17145,7.46893,4.82702,4.61007,2.642,7.72767,8.03903,10.2611,B
1.77579,3.27702,2.59474,2.15707,1.01985,8.7423,1.5386,1.67927,0.522954,6.74475,1.97181,8.02517,1.51045,5.05783,1.77873,6.47183,A
-2.3982,18.9483,4.15409,-8.03703,-6.45859,-7.35386,-11.7256,19.0971,12.2991,9.14376,9.46291,18.522,-7.48936,-18.351,9.7662,-1.03759,Unknown
4.61675,8.95456,5.06197,5.19809,3.76798,5.88507,7.57031,4.1469,5.2867,10.3618,6.21113,7.31575,3.22357,8.19548,4.28427,7.64952,B
4.74486,8.06453,4.11149,3.32772,2.39565,8.32419,8.13916,5.19987,5.90644,7.8184,6.43429,4.9744,1.30842,8.91438,8.20957,9.56341,B
3.5713,8.51547,6.00489,7.08357,3.87013,10.4158,4.11991,3.40069,5.53578,9.95137,3.0178,9.11762,3.3668,8.66933,4.41661,9.14106,B
6.75404,14.8166,8.23903,8.95266,7.83603,11.1773,5.41118,0.359441,3.21863,9.90648,2.69715,7.60912,5.94022,6.31375,5.054,11.2127,B
4.19535,10.7037,6.35185,7.51977,3.17025,10.9664,4.53446,6.34042,2.29489,11.1232,2.17067,11.1463,2.73722,7.64598,4.06925,9.79491,B
6.19686,11.6696,7.37164,8.51778,4.5383,9.86404,8.32581,5.22041,3.61491,11.0555,5.03677,9.2108,5.29883,9.48246,8.14377,9.23901,B
3.86009,8.98536,4.49761,4.9977,1.98626,6.5199,7.36579,6.28154,5.99407,5.42613,5.01559,11.9831,1.72865,7.14998,3.93094,9.43111,C
3.48196,8.93721,5.36809,6.45212,2.71194,8.33736,3.63294,3.02665,3.25196,7.73573,2.05724,8.68311,2.6381,6.83639,3.49173,8.54354,A
3.97734,7.21966,6.55814,5.69825,4.56692,9.19185,7.0812,2.02488,3.47004,7.61522,2.90546,6.44055,2.79926,5.92429,4.37652,7.46929,A
2.33658,5.09198,4.50134,3.34947,2.01131,7.3161,3.26361,3.85552,4.04299,7.72748,3.23214,9.56054,1.51547,6.5421,3.67976,8.19098,A
5.72059,9.82763,6.53287,6.14136,6.7473,8.66688,5.97667,2.77161,5.96355,8.31108,4.77038,6.87484,4.09062,6.97633,7.28916,11.364,B
5.25011,10.0565,5.93744,6.5787,6.29586,8.35405,7.02503,5.78118,4.3149,6.89567,5.80271,7.52143,5.89728,10.4331,7.94467,9.29363,B
2.89933,5.41137,4.54562,4.02427,3.11164,6.70151,6.53198,4.91342,5.93541,10.2561,7.23055,10.5251,2.04738,9.27419,4.45046,8.47752,C
12.4075,56.9846,8.11175,37.5993,-13.0455,11.3639,30.317,13.5076,24.2785,32.1121,1.51229,25.6101,7.29694,21.5667,8.9149,28.5325,Unknown
3.15407,7.64825,4.73676,4.50718,3.6669,7.17192,7.84819,3.3416,4.57644,9.46933,7.19645,8.92794,3.26705,9.19347,5.61425,6.93515,B
1.88503,2.18359,3.75993,2.54158,0.937198,5.33592,6.65498,4.94522,5.90762,6.55357,5.46837,12.3785,0.591898,7.40309,3.63784,8.60346,C
5.38809,8.68108,6.1013,6.56332,6.3834,7.47705,4.46169,4.05535,0.480668,8.52814,4.49079,9.13386,7.33517,6.37601,7.20212,7.53016,A
6.27088,14.2036,8.93562,8.76775,7.25839,8.31284,4.92663,2.15726,4.70513,7.29382,3.84259,7.58308,4.50118,7.02726,6.95262,5.88418,A
8.56365,17.4863,5.97476,7.64079,3.77176,5.94648,8.53617,5.88899,4.30179,11.8114,6.72042,16.8913,6.27778,6.70625,4.98902,9.12202,B
3.9111,7.4744,4.64768,4.35724,2.28469,8.58158,5.12857,3.36762,2.94166,8.19507,1.57358,9.45736,2.14037,6.66622,2.54784,8.10501,A
7.39156,8.75229,6.52426,5.11857,4.4978,6.15755,5.0124,0.725182,2.59338,7.6707,4.35741,9.59499,6.73305,6.45986,5.07149,10.6243,B
1.57925,3.84076,3.32594,3.46074,2.20717,6.80598,4.02906,1.89997,3.45419,6.6611,3.16019,7.71127,2.29708,5.97816,3.88994,7.87429,B
2.55767,7.21063,4.82074,5.94146,2.20456,9.17238,3.42447,1.83809,1.34382,7.32233,-0.0831213,7.72073,1.95665,5.744,1.7088,7.63332,A
3.62641,7.35611,5.87049,6.05546,3.27972,11.3958,2.3922,2.96293,2.84001,10.296,1.27175,8.63452,1.6085,5.5686,1.79845,8.8861,A
6.57517,9.32671,8.95413,7.40311,7.74089,11.5174,8.6242,3.23882,5.95523,11.0612,7.6303,7.06782,5.90545,8.72095,7.02439,8.7462,B
5.21321,10.5251,4.94196,6.12021,4.76634,6.85052,5.98718,3.95253,3.99886,6.90738,4.59933,8.22157,5.06573,6.58588,6.47878,7.29094,B
5.60487,10.8024,7.25107,8.89541,5.15899,8.53778,5.86682,6.13782,6.28132,10.1404,3.88011,7.92848,1.43997,9.40991,3.86445,8.32423,B
8.21242,11.1024,7.17911,6.97704,3.39253,4.94802,10.7416,6.74844,6.90075,16.7781,11.745,11.2035,1.71219,11.1492,2.54379,6.149,C
1.67611,4.62005,2.54255,3.40166,1.76057,6.70186,6.0638,4.39304,2.91445,7.70803,3.98661,7.46107,2.27342,8.16565,3.97987,8.52781,B
3.50042,7.82915,4.82648,5.70738,3.02917,9.34387,2.26969,2.31727,2.2552,9.3367,2.5986,8.38529,3.81947,5.79451,3.01774,7.45181,A
6.40036,11.4188,7.7972,7.75574,7.84579,8.09549,5.63523,3.10357,3.59741,7.81246,5.38715,6.79577,6.747,6.89907,8.69267,6.55058,A
5.56649,10.8214,4.97711,7.33906,6.47973,9.4811,10.2413,7.71473,4.70964,8.76907,5.53409,6.54729,5.94878,8.42051,9.46768,9.18434,C
4.34703,9.00697,6.49771,5.9758,4.62144,5.01086,6.04403,3.49334,5.97273,7.72933,5.61116,10.6246,3.3559,8.73011,4.84661,7.12827,B
2.31064,5.60157,4.1648,4.17407,2.06381,9.77086,4.59517,1.8861,3.00703,9.96722,2.88251,8.02282,3.0641,7.2555,4.39069,8.7285,A
4.67218,8.62219,5.90379,5.52541,3.8073,8.16108,5.03433,4.12264,5.62769,8.25635,4.286,7.70636,3.79823,7.65142,5.70326,10.2802,B
2.68353,6.51896,4.54529,4.17554,2.43824,10.5021,2.99587,2.47826,2.56325,8.43042,2.18108,7.67646,1.12516,5.64639,2.07271,6.71593,A
4.13425,2.41716,3.62948,1.21519,1.92628,11.3133,1.29248,4.53195,1.7385,10.8263,4.47692,9.27871,1.43911,7.11207,4.2372,6.92647,A
3.59842,8.65636,4.69446,5.79834,3.0168,3.63129,7.23894,5.35563,5.68578,7.44735,7.6215,11.6644,1.3018,7.27411,3.56383,7.92525,C
4.33636,8.00178,7.32782,6.62798,8.29262,9.46445,6.08184,0.226188,1.77034,6.0403,5.74842,7.29165,7.27725,6.60628,5.73252,6.45532,A
3.26925,5.34076,5.26194,4.11145,4.56255,8.89295,7.45984,3.85801,5.87845,8.68171,6.53483,4.60064,2.43815,9.18393,6.14227,10.237,B
2.97307,7.214,5.27409,5.5034,4.66106,9.22791,4.96919,3.70951,2.22009,8.52983,2.53293,7.9924,1.90786,7.67754,3.81465,8.88987,A
4.24758,9.77159,4.56779,6.43454,2.60348,9.98104,2.70719,4.19548,4.71747,10.4075,3.39971,10.1139,1.92154,7.36006,3.77278,9.79015,A
6.20882,9.0814,8.35173,7.01604,8.62661,8.25413,5.55538,5.23516,4.63519,8.23304,6.03467,7.40714,6.87602,9.02344,7.42135,7.35835,C
2.58632,2.64092,4.74027,3.37833,1.85252,9.44274,1.96133,1.71436,1.06902,7.448,1.56406,8.87332,1.60534,5.79098,1.81864,6.86463,A
3.87724,11.3929,4.87912,4.9054,-0.352511,8.43486,13.1891,11.6694,15.5281,7.72907,12.1742,18.3417,1.66429,10.3817,4.31693,12.7483,Unknown
4.49249,10.1038,4.15583,7.25897,4.60099,5.87583,7.35127,7.70665,5.73282,7.0735,6.56092,6.14165,1.99543,7.54656,9.06389,10.0399,B
5.16167,8.3524,6.09148,5.73345,3.477,7.28436,1.84385,1.66089,1.86824,7.1861,3.28302,8.59999,4.5615,5.13792,3.62545,7.76941,A
1.93104,2.05472,3.13145,2.08531,1.57813,5.9065,5.30448,2.65743,3.22322,7.71697,4.42809,8.45585,1.16129,7.51314,2.15718,7.39115,B
1.24023,1.76615,2.31071,1.62416,-0.105104,7.53071,3.40626,2.92246,1.40886,7.40236,1.94107,10.0289,1.49617,7.00098,2.54283,8.79595,A
2.04007,0.857535,2.37095,-0.00243229,0.356793,7.33899,7.81802,5.66448,5.64899,7.45445,5.7654,10.9009,1.00263,8.7343,3.87303,9.71842,C
2.49132,5.54157,3.76073,5.42631,2.71086,5.58388,6.93175,7.22783,8.01845,7.21164,5.30123,8.14449,1.36114,8.18388,6.76086,8.3126,B
2.10736,7.5692,3.06744,4.45846,3.03169,10.9179,5.83659,2.62238,5.18302,10.7936,5.08723,6.93295,1.79937,7.85279,5.12913,9.83776,B
4.51362,12.9119,6.00581,7.62095,4.80308,7.88993,6.51848,3.60286,4.71399,6.66974,3.92582,5.49001,2.05611,8.36079,4.8974,9.46645,B
3.53354,9.3279,5.87477,6.2608,4.7883,8.22313,5.99409,4.48476,3.46361,8.04629,5.15786,7.20714,3.77007,6.60538,5.99654,7.45266,B
2.16816,3.86545,3.50238,2.89411,2.59352,6.4301,5.48165,3.23631,3.98092,7.43527,3.51406,5.38741,2.00238,6.68162,4.63292,8.01145,B
5.09931,9.52208,6.67084,6.29187,3.6371,11.9441,2.61349,4.1884,2.10805,11.7426,3.26002,10.3416,3.14356,4.95072,3.61018,8.79811,B
4.42059,7.78462,6.7739,6.15562,3.69137,5.76929,5.85365,4.69397,6.51197,5.93618,5.29961,11.3576,5.44543,8.30778,4.98223,6.51726,B
3.12507,2.01371,3.64353,2.7294,2.23698,5.91472,4.87518,3.13727,3.65743,7.17428,4.92679,11.938,3.26139,6.82503,2.99503,7.71309,B
5.21538,12.4597,6.52149,7.7025,4.03793,7.38069,4.74971,3.30998,4.85168,7.02673,3.18006,8.89361,2.98818,7.15564,5.69941,7.0896,B
4.21035,6.79917,5.34759,4.82443,2.97733,9.96058,1.16968,2.50567,1.25914,7.82725,2.09099,8.90047,1.757,6.91839,2.45147,7.3736,A
2.80438,7.68356,3.3795,3.5543,1.61619,3.78476,8.01716,5.12678,5.90135,9.98901,9.9359,14.405,0.402331,8.84382,3.22033,10.2241,C
5.60836,12.22,5.984,7.59072,3.4077,5.18675,8.68983,7.57156,7.63405,8.49682,8.39128,13.3557,1.54214,8.81626,3.51541,8.09567,C
4.00433,7.2889,5.1862,4.11762,2.73477,8.30453,8.91489,2.16987,5.36005,12.0975,4.83879,7.05123,2.99862,7.30823,3.82886,7.21581,B
6.57136,9.84215,4.87391,5.33293,4.19067,6.82337,8.37093,6.40391,6.15363,8.71685,8.98089,7.11983,5.54834,9.25961,6.57825,9.72499,B
2.38757,4.21463,3.20363,3.03633,2.4677,7.01776,7.06387,4.21822,5.10283,8.81153,5.76954,7.14683,1.96689,8.15548,4.34883,8.51997,B
2.98894,7.12536,4.96023,4.82739,2.31394,11.8339,1.99704,2.27393,1.47374,8.77217,1.60936,8.70327,3.3039,5.36389,1.82202,8.57417,A
3.64909,7.28667,5.25784,4.8419,3.25817,7.14513,7.89063,5.7215,7.96358,8.45358,5.11232,7.15341,1.7671,8.18219,6.26542,8.9272,B
7.93471,21.4412,8.59241,13.0448,3.96394,12.4467,5.28054,2.34376,6.62542,11.0419,2.02168,16.4662,4.36387,8.8657,6.01012,14.5355,C
4.97774,12.1644,4.26371,6.99807,2.58449,12.0354,3.77092,4.39781,1.50216,10.221,1.94897,9.84056,4.05342,6.61539,4.3272,8.17056,A
1.24015,1.00339,2.03812,1.16972,1.16936,6.9837,6.77702,3.96209,4.37465,7.00846,5.00679,8.78595,1.85317,8.01444,4.66183,9.63019,B
1.7619,4.02731,3.59094,3.58733,1.93141,11.0014,2.44081,2.57595,1.32984,8.75667,0.979488,9.16829,2.21876,7.02716,2.32205,7.1941,A
2.34947,4.91174,3.75598,4.64729,1.80966,5.12903,6.95919,5.90242,9.08427,7.98051,5.87251,12.9646,0.398165,8.25999,3.18189,8.05695,C
4.74578,9.73039,4.50888,5.29258,3.6504,6.64411,6.07398,4.76734,3.43864,8.38642,6.35917,10.2319,4.1913,9.59609,4.35009,7.74737,C
6.94699,11.2148,6.76228,7.43126,6.59651,7.00079,6.10684,5.6207,5.8995,5.78795,7.52938,9.63763,6.09445,8.20629,6.2004,8.93518,B
3.52509,11.86,5.18113,8.63064,2.29658,8.53932,9.26316,10.3886,9.59824,7.75742,8.50778,15.2086,1.79351,8.50098,5.35516,12.4902,C
1.17576,5.13995,2.63305,1.8476,0.363638,10.4849,1.63825,3.38064,2.24241,10.5753,2.75719,12.1097,1.14166,5.62871,0.988349,8.03266,A
5.84919,9.68691,6.49304,6.68346,3.0284,8.09502,2.72489,0.956294,2.036,7.71712,2.33678,8.85785,4.21923,3.72678,2.73727,7.08271,A
23.8905,-19.3732,-1.72169,-25.3732,12.6073,28.1586,-35.5341,-14.2459,-27.5738,22.7489,-22.0262,34.2959,70.6258,-9.8492,-1.86497,25.5478,Unknown
3.27743,8.98447,5.5701,7.30474,3.21012,8.09003,4.47108,2.171,0.510953,7.30073,1.84308,9.06748,2.48005,6.79576,2.93681,7.75799,A
2.56374,6.61504,3.97511,4.2142,2.25587,9.45855,2.83542,2.08847,1.35117,7.42068,1.1034,7.43157,1.40948,5.64349,1.75473,7.76228,A
6.29249,9.67749,7.15245,6.78691,4.97089,10.3062,2.72467,5.83096,5.46956,9.67684,2.60167,10.1095,2.29112,8.44872,4.31012,8.80789,B
9.39987,20.961,11.8881,12.7479,14.4758,7.72135,9.87189,8.79693,5.39313,12.2652,7.7372,13.7868,4.71739,13.5104,13.3003,11.9686,Unknown
1.7082,1.26284,2.41556,1.50003,0.695928,6.95067,5.54344,3.06909,2.85947,7.97285,4.08543,10.6353,1.85818,7.93058,2.8953,9.9928,B
6.17536,6.83512,3.90276,2.94201,3.52622,8.40359,5.4656,3.11542,2.52405,8.39051,4.94158,8.12191,5.04941,6.37652,7.08144,7.5517,B
8.01768,11.3569,6.51716,8.47682,5.48474,8.52629,10.5676,6.71981,8.09424,11.7154,10.7245,5.81598,3.38201,11.1187,8.14837,7.32654,B
6.89032,12.1791,11.4176,5.95356,6.59668,12.3403,5.90775,4.82106,6.48199,7.55196,2.38689,7.1563,4.05676,5.11188,5.91443,5.83849,C
2.24429,3.53529,3.86954,4.18142,1.97674,10.1555,4.06537,3.25382,3.20538,9.56536,2.54891,9.01993,1.67407,7.98215,3.26518,9.51882,B
4.85915,8.61344,6.68627,5.75659,5.95146,7.64435,6.25834,2.86793,4.75264,7.37739,3.71513,6.65285,4.19598,7.13122,6.40355,8.57483,B
4.33733,11.0408,5.0102,6.79403,3.25336,7.37613,5.74335,1.16534,0.681187,6.44873,3.07753,8.18849,3.04306,5.53692,3.68244,6.98173,B
5.38119,10.9902,6.77427,7.83509,5.95073,8.51094,5.91933,1.96565,5.49391,8.00388,3.4705,6.19551,3.53488,7.28878,5.2488,8.26913,B
2.13891,2.99925,3.53024,2.8362,1.30421,9.63614,3.23735,1.76965,0.156868,7.86751,1.90563,8.77339,1.75758,5.87436,1.4106,7.73967,A
2.24684,5.80439,4.32926,6.10085,2.4099,9.05029,4.29354,3.3184,5.15111,8.26566,2.37696,9.55597,2.46141,6.87575,5.33452,9.24685,B
3.34718,3.92877,5.01226,3.73507,3.30748,8.40252,4.20603,3.00787,3.91407,7.46147,3.20994,8.94225,2.63062,7.42449,3.46354,7.87206,B
2.95054,4.73771,3.1788,-0.150589,-0.713041,8.64551,4.97595,3.64066,2.88402,13.7742,7.47292,10.6774,0.799113,6.74447,2.95003,12.3503,B
2.44347,3.4794,2.91793,1.81236,1.55934,6.93395,8.86134,4.61803,6.35438,9.12792,7.94315,10.2378,1.30082,9.26495,3.25278,9.20338,C
4.23128,10.0674,6.95135,7.01038,3.79329,10.4499,1.24195,3.12748,2.45356,8.10393,2.06544,8.88918,3.39211,6.67659,3.48123,6.93868,A
3.55894,5.07031,4.86965,4.49571,3.29616,7.41575,6.1561,3.86834,6.51687,8.95794,5.43127,8.98021,1.68712,7.77517,3.5737,9.2758,B
7.76785,10.6272,7.4525,7.25519,6.66277,11.6954,9.24369,3.38517,6.95982,9.52824,7.78162,5.78315,5.82042,6.2041,9.29546,11.0835,B
7.43002,11.7123,8.36919,8.99573,8.77412,10.3135,9.02527,6.30293,8.67324,10.2765,6.42099,5.80414,3.70867,8.75968,9.34222,11.5201,C
2.52519,6.64751,4.79172,4.88818,3.12289,9.76357,3.38172,1.97356,2.32306,8.42661,2.13557,8.76336,2.53219,7.17343,1.81632,7.38417,A
3.51573,6.75679,5.04292,5.07145,4.71495,5.7542,6.64412,3.1872,2.54745,6.3935,4.52162,9.8271,7.07282,7.86869,5.41989,6.1476,B
7.25441,13.7694,6.95151,8.48291,5.16431,9.35808,3.8343,4.26984,3.52699,9.89417,2.65668,9.61363,3.83195,6.92978,3.00533,6.90529,Unknown
5.45506,12.1296,5.48324,7.29215,6.52385,8.18175,2.98776,2.37178,1.36939,7.33912,4.11266,9.75866,5.98635,5.60778,5.72923,6.03528,A
3.53689,8.58034,6.28732,7.83101,1.8438,8.88121,1.35137,2.28826,3.0748,8.92684,-0.519501,7.78749,1.63058,6.25276,3.62611,8.12364,A
2.74992,5.99367,3.53287,3.98089,2.71487,6.01754,6.41799,7.20792,5.47112,7.30039,5.92566,8.98198,1.66572,8.95252,4.76734,8.2339,C
3.03613,3.69794,4.07683,5.54341,2.08092,6.73131,7.8851,7.80187,8.6743,6.84222,6.85892,13.5782,1.25355,9.94489,7.47049,11.0024,C
1.75557,2.95559,3.47785,4.58146,2.32223,8.58361,10.1805,5.9815,6.90965,7.22911,7.56131,9.41008,1.8057,9.83169,5.72064,12.0011,B
3.23144,7.75222,6.2812,5.23932,3.70209,9.14982,3.20213,1.70466,2.27288,6.14362,1.16088,8.93435,4.18377,7.66518,2.4602,6.75898,A
3.22737,5.65173,4.56486,3.98425,2.85286,8.89042,5.42439,6.38319,6.67613,9.51514,5.58917,13.9451,1.67084,9.12836,5.12441,11.9357,B
3.02728,8.08258,4.18888,4.71147,1.93953,5.47911,6.09787,6.48253,8.9625,6.20529,6.13254,9.98553,0.83114,7.70364,3.94743,8.77814,C
2.52046,4.86733,3.69376,3.49876,4.50508,7.58408,7.30899,4.86016,5.01644,7.30065,6.28985,5.65129,2.73601,7.83839,7.11734,8.95915,B
9.8163,14.4553,8.94671,8.96504,6.92473,8.91642,9.14682,7.18126,5.51099,6.96858,5.4172,8.38233,4.54642,7.8077,10.9893,5.40722,Unknown
1.55288,3.83217,3.06092,2.44756,1.31246,9.58603,0.701217,1.79669,0.885247,7.68355,2.12617,10.2256,2.00326,5.62566,1.98587,6.93465,A
2.93981,5.96392,4.01974,5.11589,1.42066,8.4422,3.78693,2.01633,0.420131,7.32884,0.136976,7.03316,1.15612,5.41212,1.56418,6.17346,A
3.52544,6.34888,4.09009,5.08862,1.30507,5.42234,9.84326,8.27153,10.8933,11.7766,10.2248,14.7198,1.2698,10.5936,2.81621,8.64001,C
3.53224,10.2935,4.22915,6.50557,4.12333,10.827,3.85886,2.3706,2.45803,9.99331,2.82501,9.7645,3.22865,6.10259,3.88139,8.76265,B
2.87533,6.23911,4.31767,3.36,2.38397,8.21786,4.72931,4.51642,5.54878,9.42839,4.10105,8.91192,2.04218,7.38826,3.75567,9.02942,B
2.62221,2.4314,2.80945,1.22047,2.35168,8.08129,7.34044,2.70123,5.0468,6.67602,4.62956,4.32528,1.63455,8.28216,5.24428,8.48248,B
2.50295,3.20236,3.78178,4.06542,2.93911,6.49586,7.72956,9.02716,6.89083,6.42904,6.73014,8.27799,1.65829,8.70056,9.00187,10.9747,B
4.12044,9.41518,5.06001,4.92196,4.784,7.1925,7.98215,4.49754,5.4317,8.30079,6.66456,7.40059,4.38453,9.41255,6.70862,8.88671,C
2.97392,5.88892,3.80922,2.52713,3.35237,8.2549,8.46655,4.8444,5.76481,9.2117,6.63694,6.24956,2.57004,8.56076,5.88352,10.2482,B
2.22037,5.24976,3.67487,3.93396,2.11172,8.02811,5.64824,4.47086,3.83298,8.00354,4.14326,7.37846,1.79445,7.28663,4.9017,9.67187,B
4.56596,9.17356,7.18042,6.42993,4.05722,7.88633,3.67176,1.64161,3.00341,6.82665,0.689622,5.50347,2.95802,6.06839,3.3791,7.56256,A
4.23314,5.92898,5.99898,4.80625,7.23607,7.20127,6.56021,3.79713,3.39994,5.70005,5.2803,7.30424,5.17551,9.38781,5.57349,5.97935,B
4.76053,8.61992,7.0404,5.42157,6.04281,7.97189,6.2856,3.10364,3.84871,7.72166,4.03635,5.94418,4.91137,7.30046,5.11572,7.97277,B
4.65326,10.3793,5.06611,6.42717,6.37914,6.30519,6.01284,6.98486,4.38795,7.94346,7.35375,6.93177,4.03897,6.68291,9.45002,9.38987,B
6.23735,11.646,7.24772,8.82505,3.31284,12.89,1.62224,2.38475,1.83046,10.3126,2.66832,11.8258,2.94373,4.84599,4.95177,8.91154,B
4.14007,6.57412,5.79275,5.51369,2.25614,6.55055,7.53949,7.53724,10.8347,8.4012,6.72354,14.4252,1.05416,7.98665,3.93916,10.0415,C
6.36122,10.9976,6.09339,6.72209,6.61647,8.56071,6.71225,4.29456,5.10469,9.15028,5.61353,8.41992,5.29747,6.66845,5.39796,9.67329,B
6.29106,12.4955,8.34172,9.663,4.01811,7.17655,7.98587,8.55307,9.40559,3.93969,6.59385,12.0396,2.56214,10.8824,4.3302,5.84183,C
2.4446,4.74294,4.3529,3.99835,2.71278,9.20338,2.58817,0.870866,1.47608,7.2427,2.10065,7.96011,2.25166,6.20876,2.53268,7.42244,A
1.18571,2.89836,2.43792,1.6332,1.85427,7.38814,3.94698,3.29225,2.20216,8.1041,3.66537,9.06132,1.66345,6.66135,1.89717,7.10881,B
4.1055,7.56059,5.29175,6.25441,5.45934,5.73032,5.31517,6.07964,6.10564,4.7102,4.95121,5.59703,2.62735,6.35606,7.086,7.5767,A
4.05496,8.88452,5.71483,6.12368,3.90558,10.1415,4.68506,3.78762,4.10579,8.91204,3.05122,6.62984,1.85392,6.44736,4.50184,10.1042,A
3.23424,7.47842,4.46638,5.49895,6.13945,5.25322,3.67708,0.271303,1.01809,4.88703,3.81432,9.08775,5.47971,6.78717,6.65072,5.79991,B
2.53814,8.07391,4.16943,6.22251,2.46433,10.8413,1.81486,3.30922,1.54123,9.54285,1.58221,10.1137,2.53374,6.98404,2.47058,8.20026,A
2.26635,5.86906,4.15652,5.62918,3.37733,6.19584,8.74454,9.10678,7.94948,7.07904,6.00805,9.04818,1.75786,9.58434,9.22945,11.7486,B
2.83081,5.5439,4.12478,3.5999,1.97293,5.9008,5.07837,2.11356,4.12715,7.18602,3.05807,7.49851,2.25488,5.71064,3.62884,7.79171,B
4.61294,9.94999,7.64519,7.78402,7.26378,8.685,7.61227,6.96453,5.67472,5.02537,5.83975,8.40368,5.40169,7.66063,8.22273,6.96864,B
-1.00661,0.670023,-2.18764,2.31582,-1.66182,-0.257174,4.13076,-0.153026,2.18321,4.50627,0.564449,5.74269,2.08125,5.39558,-1.18494,4.94321,A
2.96624,3.70412,3.58296,2.87009,1.17387,5.83018,6.64903,7.11707,8.37342,6.99785,6.6882,13.243,0.607765,7.93879,3.52011,8.92521,C
7.23706,13.0645,8.56594,10.6516,5.71049,7.91605,10.0918,6.0221,7.80237,10.2859,8.95815,12.3851,4.34649,8.52941,4.5363,9.23434,B
8.37796,14.6902,11.5149,8.95058,6.86684,9.78525,6.51355,3.68782,6.71849,7.94863,5.55809,8.79015,8.25073,8.63601,6.36004,7.85767,B
4.24541,7.88155,4.51281,6.57396,3.09695,6.63996,8.18907,9.50521,8.7858,8.25644,7.03347,9.6659,1.62326,9.55454,5.93971,10.6891,C
3.8868,8.23989,5.45541,5.24173,2.76065,6.29828,5.09808,4.83262,3.87496,8.21794,4.28642,8.94634,2.24084,7.40876,2.66395,7.9064,B
5.1152,13.4052,7.6332,10.0487,6.9374,11.0416,2.63251,2.73736,2.00902,9.6482,1.47228,9.66723,3.86109,5.77604,3.29489,9.37322,A
3.76769,8.90021,5.4828,5.71186,3.61898,8.95365,9.39083,6.23304,6.89784,10.0826,6.58972,6.94803,3.1798,7.93183,7.40388,10.7403,B
3.69542,6.67422,4.68913,6.18571,3.97993,5.88347,8.30569,8.85788,6.98713,6.63081,7.87456,7.2249,1.16216,8.12509,9.07862,11.441,B
4.54244,9.05796,5.96576,7.29183,2.38631,4.39991,8.00227,7.92533,8.64734,7.34234,8.4133,14.8557,0.957182,9.44498,3.84618,10.9165,C
2.85345,7.3001,3.83037,4.4216,2.37074,4.96209,6.38726,5.30902,4.80104,8.27068,6.03522,11.0607,1.7741,8.81934,2.26585,8.61132,C
6.25868,10.7457,7.34731,7.04397,4.8334,7.0663,5.25476,4.33933,4.87278,8.01146,3.83825,8.55151,2.79458,8.02278,6.57341,10.2821,B
8.6399,15.2459,9.13989,10.1617,7.23566,8.57054,3.1278,6.157,5.76766,13.46,5.35015,13.6317,6.62264,10.4756,6.10351,8.89604,A
6.72215,6.09759,8.90689,6.35916,5.50825,4.08404,4.26201,4.98606,6.20385,4.23374,2.30104,6.29174,2.33763,7.31243,5.09133,6.61172,B
4.77407,11.66,5.48278,8.48146,2.11646,7.22782,4.32095,2.06619,1.49085,6.88065,1.55996,9.98253,2.28789,7.36286,3.391,8.59857,A
4.18566,6.16338,5.95771,4.87637,5.18398,7.17559,4.27194,0.295284,2.46403,7.58679,4.13077,9.03717,4.29257,7.26964,5.7699,8.06663,B
3.30749,9.05239,5.52093,6.2645,4.57593,8.79433,5.05492,2.50548,4.71609,7.39072,3.74396,7.25892,4.47952,6.73883,5.4883,8.25146,B
3.17473,6.70163,4.1514,4.69129,3.01819,9.27262,2.80155,2.67577,1.84871,7.97036,2.44206,8.73946,2.05072,5.74623,3.94926,8.51854,B
3.92144,7.3954,5.17348,5.96925,3.44914,5.13586,7.67682,5.02533,4.30804,9.21761,7.01176,11.4692,2.47655,9.45654,2.82123,8.60373,B
3.91922,11.5125,6.99692,9.76866,4.27051,12.0665,5.29618,2.98404,2.59136,8.85296,0.248932,9.58105,3.5149,7.31649,2.41578,8.63656,B
2.37822,3.41365,3.00132,1.94632,0.381433,9.88635,4.16836,2.94122,-0.375567,9.69851,2.13354,11.1045,3.39824,7.8588,1.88223,10.4492,B
8.35569,14.427,7.41556,8.4704,6.99623,10.0611,9.98667,8.60563,10.9602,8.88112,8.18475,10.8233,0.576584,9.37153,2.95069,6.69772,Unknown
2.72213,4.76088,3.24776,2.88179,1.05783,8.73801,2.92458,2.66379,0.316159,7.92979,1.98976,8.83989,2.90055,6.32765,2.28714,8.04246,A
7.99752,13.9036,6.75618,7.90442,4.90657,9.36958,3.95208,3.16581,3.5765,10.7924,3.29886,9.39372,6.92107,3.0243,6.64815,8.88296,A
3.68872,7.66065,5.82885,5.43116,5.89107,6.96554,4.93132,4.6164,4.14242,6.32766,4.32404,6.84818,3.82473,7.47618,6.74615,5.46407,B
1.84944,2.68048,2.68501,2.96845,1.65157,8.54831,7.04912,5.80634,5.53437,7.60692,5.65176,6.70417,2.06872,9.28432,5.97308,10.6167,B
33.5675,46.4091,2.43444,41.8932,41.3788,0.00302428,-3.72491,18.2662,9.97309,-39.0939,55.308,3.95763,20.1268,-24.0379,24.927,17.6858,Unknown
4.59778,7.52146,6.10444,5.7602,5.32047,8.90749,7.2057,4.62455,7.1133,8.83605,3.77713,5.9134,2.28491,7.95069,5.30096,10.6812,B
2.39446,4.24945,4.16825,3.76535,3.60216,8.27548,6.63533,4.27594,4.86056,6.8636,5.81009,6.01128,3.28788,9.0593,5.4697,9.04722,B
8.50905,14.6439,6.76037,8.60123,6.3874,4.78498,3.64132,5.82746,4.6824,9.00502,4.74638,9.49627,8.92748,7.24314,8.7738,8.00943,B
3.98157,7.59502,6.18949,6.37119,4.64628,11.0938,2.63996,1.84718,2.25537,9.96228,2.45099,9.47377,3.56589,3.84734,3.33773,9.39768,A
5.64921,11.9963,8.31024,8.8933,5.23965,11.2862,1.32433,2.22772,3.60615,8.92497,1.59027,7.74123,3.08532,6.13105,4.74168,9.263,A
3.75578,7.04982,6.11393,5.75231,5.52561,8.02881,7.51864,4.9638,4.32547,8.1087,5.12063,4.7199,2.49021,7.0851,7.87193,9.08598,B
7.06949,13.3467,8.9574,9.25169,6.1638,15.2281,4.11847,3.23972,1.6617,15.2904,0.722378,11.6439,5.24048,5.26521,4.09034,12.9275,A
2.30609,4.29892,3.75289,2.95672,1.55344,6.77647,7.57225,7.82022,8.67055,8.12945,6.75818,11.7569,1.27122,8.9361,4.46509,9.09687,C
3.62869,6.90297,5.52396,6.68219,3.38768,9.34458,2.64319,2.98117,2.06378,9.24218,2.41702,9.08459,3.31324,6.49232,4.74503,9.29251,A
2.69098,6.40354,4.43728,4.63065,3.30568,5.99481,7.50211,4.68128,5.44491,7.68921,4.56535,8.72934,2.04854,8.60393,4.37668,7.88562,B
4.48844,6.10207,6.11009,6.30396,6.47639,6.53718,5.79426,4.22165,4.814,4.05855,5.89099,9.78627,6.41865,11.7352,5.89743,6.4483,B
3.24636,9.43095,5.28862,7.18127,3.54854,11.5395,0.377558,2.24274,2.48593,9.14386,1.02446,7.88459,2.89618,5.6537,2.39794,7.48006,A
3.90677,6.39185,5.60047,4.92024,4.27932,8.48169,7.43466,6.98975,5.8543,7.39439,5.52983,5.78366,1.3994,8.11923,9.22836,8.61118,B
7.53833,15.3641,6.41997,10.3756,2.82082,5.198,9.50946,6.74099,10.6025,15.9416,10.8693,13.871,1.24658,11.1318,3.65957,9.16072,Unknown
2.27123,3.53651,3.01741,2.27637,1.40147,7.54093,5.66476,3.71307,3.39795,9.25192,4.10828,8.04838,1.87424,7.47749,2.39044,7.86384,B
4.84813,10.0698,7.13331,7.1271,4.98394,8.30918,4.6314,3.61686,3.43332,6.37357,4.19347,10.1398,4.3206,7.56773,4.25363,8.27982,B
5.40407,11.9044,7.17375,7.9865,6.41328,8.51334,4.7402,3.72983,3.28675,7.7029,4.19753,10.2693,5.69322,5.92819,7.15782,7.98431,A
4.18809,11.7046,6.82288,7.96922,4.9013,9.23498,5.73885,2.57712,3.22463,10.2012,4.49861,8.5504,5.11808,8.19983,6.30052,8.71126,B
5.54379,8.57664,7.929,6.07683,4.76654,7.32174,8.34898,5.59729,8.15797,8.31168,4.9376,5.91887,2.36499,7.03871,6.2815,8.73889,C
6.43679,8.19791,6.30251,7.80221,7.97266,5.63983,6.76721,3.21669,3.85578,9.10941,8.45338,10.3238,7.31703,8.7051,4.57566,4.35344,B
1.61696,4.1454,2.46562,2.34786,1.43887,6.5442,8.14133,6.31093,6.19034,8.60485,7.71475,9.82727,1.15265,9.03023,4.87517,9.75371,C
2.57957,7.32857,5.18942,5.12704,2.68588,9.69727,4.13089,1.95514,1.03896,7.69744,2.1803,9.67889,2.18807,5.85593,1.88745,8.21486,A
2.70141,2.01141,3.41143,1.15203,1.73544,8.22428,7.31727,5.01511,6.07138,8.28119,7.18817,7.46096,1.32586,9.58883,5.7051,10.1581,B
6.60348,12.9364,7.15969,6.84371,4.71831,7.88485,5.77628,5.02145,4.24973,6.9471,4.06293,11.0449,6.47038,5.29733,4.19101,6.9642,A
3.53742,7.15423,4.9434,5.90574,4.94759,9.34777,6.24902,5.54279,5.40402,7.70064,5.59813,7.26294,2.23616,8.23601,4.43172,5.73039,B
5.93492,11.34,8.72885,8.93331,7.48204,8.59572,10.0169,4.48186,7.04686,8.95503,6.22526,7.28265,4.50702,9.49622,9.47461,12.709,B
3.02506,8.3224,5.61354,5.7642,2.4735,10.9385,3.7249,2.03691,3.83638,8.36869,0.330698,7.50023,2.12336,6.08857,2.60152,7.62133,A
3.8502,8.65618,4.82108,6.22487,2.94186,5.52851,6.27589,7.98632,7.94451,6.36788,5.82118,10.6638,1.05287,8.73945,5.37527,9.90344,C
23.1713,14.0369,16.129,3.83942,10.1289,27.0968,6.81885,-1.98145,6.02629,-1.22021,14.63,29.1247,17.4515,6.35179,6.22118,11.19,Unknown
4.21543,9.84752,6.57928,7.07649,8.07361,7.31441,5.78586,4.11525,3.4277,6.26614,5.26614,7.44388,7.24774,5.55924,6.4269,6.8653,B
2.59825,5.15802,3.99111,3.74469,1.4557,4.99542,7.62702,4.56184,5.91173,9.18312,6.01466,10.576,1.62735,8.38631,2.83371,7.91028,C
4.20186,11.6714,6.37284,8.90424,5.02438,11.9293,3.41658,4.85288,3.09937,9.39959,1.51294,9.503,3.37876,5.42242,3.38951,9.60373,A
3.83352,5.41629,6.97955,7.96591,3.44325,6.39449,4.96118,1.85322,0.644916,6.76234,0.936294,7.60738,2.86094,8.041,3.53464,8.95586,A
5.59876,10.3562,6.02479,5.92733,4.374,6.4319,5.1476,3.14184,4.86648,9.26233,6.46135,13.1773,5.00883,7.93657,4.94383,7.8042,C
1.80464,2.35779,2.51588,1.63924,1.63796,8.28197,7.57635,7.41811,6.84884,6.0848,6.68843,7.30153,0.944346,8.66188,6.53158,10.636,B
2.24395,1.97548,3.77216,3.17642,1.94299,5.63123,5.49728,3.53091,3.44519,4.46597,5.60119,10.7092,3.69611,9.14822,4.59838,7.65884,C
10.0651,13.0109,6.18251,5.28297,2.98585,7.27875,4.64294,4.0942,3.50108,10.3968,4.69066,8.79517,6.62533,5.24515,6.94991,6.19027,A
3.53054,5.73497,6.34422,5.11347,6.50467,9.32315,7.12045,4.58017,4.13944,6.52691,5.39315,7.20691,5.11595,8.75434,5.58617,5.94537,B
3.12803,8.49371,6.06332,6.33542,1.79636,10.8643,3.43772,2.7666,3.32808,9.60121,0.644622,8.53318,2.44135,6.18317,3.02457,8.20605,A
8.78627,14.3487,8.82851,8.87948,5.38674,8.74854,7.03112,3.89868,5.98198,9.74879,3.66273,7.84292,3.58839,5.03853,5.43049,9.67285,C
6.82438,12.5702,6.33483,7.95149,3.80454,6.12015,7.55122,6.74677,7.48343,11.8348,8.71149,11.5161,2.40904,8.33384,4.30118,7.43032,C
5.81636,13.9256,7.41765,7.84923,3.7225,8.90846,2.68955,2.44151,1.87606,7.33892,2.58775,9.95252,5.98766,4.97533,4.24471,7.07253,A
2.5713,10.4742,5.17553,6.31895,2.27063,8.17564,3.81261,0.953896,2.49709,6.36315,1.1588,6.45608,1.68042,5.50139,3.00289,7.54856,A
6.26598,11.1592,8.92451,8.42246,7.14656,10.8084,3.89592,4.54888,4.82993,8.42836,4.99068,8.76186,6.30221,7.74087,5.6488,7.46549,A
7.50739,11.2946,8.02437,9.44682,6.68045,7.66478,7.06709,2.40054,5.09002,8.79174,4.29683,4.88994,2.68022,6.22601,4.80823,8.09698,B
2.7213,6.36432,4.2008,4.6612,4.49904,7.0418,6.63562,6.1307,6.10985,6.75165,6.72345,6.24176,1.36916,7.97031,5.85901,8.74208,B
2.80147,6.35217,4.50215,4.7825,3.16711,9.6284,4.95017,2.38219,4.14851,10.0258,2.28939,7.35959,2.41629,6.34878,3.99449,8.27334,B
4.40032,8.4778,5.6912,6.00454,5.88343,10.4672,6.89481,3.33556,5.16733,10.3045,3.79945,5.6601,2.83962,7.66722,5.0755,10.3145,B
3.36455,9.54935,6.35837,6.8417,4.56514,7.9578,3.50741,1.74915,1.67625,8.236,-0.0656635,8.05265,3.48114,5.4271,3.69247,7.6523,A
2.55605,8.74705,4.30001,6.56961,3.44272,11.9292,4.60096,2.39329,1.35535,10.3947,1.12765,8.11579,1.78147,6.63858,2.84606,9.2655,A
-11.8416,-0.0722883,-2.08727,4.55548,-3.41213,7.75325,21.5257,6.83548,-1.88895,8.05204,-6.7587,-3.77929,-6.66796,11.1807,5.23544,0.247729,B
1.23854,0.281865,1.4881,-0.581072,-2.08162,4.94247,6.48309,2.7561,0.846992,8.74489,4.24795,10.7488,0.438022,9.18104,0.35922,9.18888,A
5.05364,4.96199,6.33781,4.17172,1.9446,11.0746,0.847752,2.84583,-0.944038,9.72223,2.95701,9.80782,2.90352,5.36267,1.63626,8.71176,A
4.91613,11.1067,6.62782,6.76559,6.18846,9.59421,6.77975,2.22781,5.04205,6.26418,4.42207,7.54493,4.09008,7.68858,5.61213,6.10523,B
-58.4547,-3.06628,-57.3837,-42.1939,-86.6095,-129.037,88.9579,-42.9934,-9.44307,3.89588,-13.2515,8.10467,-13.6066,54.2691,-73.6666,-30.3003,Unknown
-18.8638,46.3383,3.82257,51.7926,38.7428,17.1121,1.13125,11.1836,-31.036,27.3771,-12.9316,-15.9836,6.07429,14.1269,33.4859,-6.47421,Unknown
3.37945,4.59703,4.65064,4.67514,4.20342,6.44113,6.64832,4.96487,4.249,7.26312,5.22274,6.62948,3.72957,8.45545,5.35001,6.96277,B
3.95487,9.59525,4.61356,7.7572,4.1246,5.82875,8.57682,7.11126,5.28843,9.566,6.47883,8.64449,4.05701,9.40405,6.15057,9.26734,B
5.35871,9.60061,5.09581,5.14021,4.44042,7.71287,4.77828,3.44527,4.26561,9.46384,4.16966,6.55476,3.45546,7.52839,4.85558,9.30857,B
3.83477,5.62099,5.08013,4.18226,2.83319,9.97936,4.5782,3.4269,4.31554,8.08935,2.9531,8.56383,2.24558,7.6107,2.88838,8.48735,B
5.86375,11.2303,6.05624,6.33493,5.66287,7.08149,8.71948,3.72915,4.4547,8.03942,8.15174,6.58946,6.78213,9.8016,7.58221,9.91343,C
4.9528,10.3938,7.16927,9.01096,4.70594,6.81461,4.21476,1.66949,1.201,5.29911,4.20967,10.9266,5.39983,6.66297,2.82034,7.62369,B
2.35459,6.54623,4.26236,4.47703,2.77782,8.40593,2.12236,2.4198,1.52911,7.28594,1.94296,7.92453,2.13788,5.9567,2.89968,7.05546,A
3.0971,5.83554,4.7909,4.69452,3.71107,9.46922,7.15375,2.04409,4.35479,9.42273,3.61878,7.1431,3.82323,7.23663,5.04489,11.189,B
2.65668,5.89271,3.67184,4.25096,1.5526,5.74717,5.97068,6.65273,7.71161,6.19075,4.46958,11.2407,1.30273,7.7545,3.09056,7.889,C
5.58564,9.92016,6.18295,6.00654,3.42216,6.57738,4.61929,5.11861,5.55546,7.16373,3.78711,8.94895,2.74916,7.12245,4.67258,7.6807,B
3.23015,5.39798,5.80207,4.929,4.17312,9.87624,2.866,2.90997,2.71182,8.49581,2.04676,8.58498,2.79322,7.01333,3.13253,7.88875,A
4.5411,8.08345,5.05451,5.5926,-0.435745,6.19044,7.95185,9.18857,11.7343,10.191,11.6418,18.1877,0.37061,10.1139,3.90997,9.71363,C
2.00219,3.50118,3.84304,3.15109,1.25045,6.0287,3.95044,2.57525,3.38392,6.8806,3.02083,8.70856,1.20843,7.13014,2.11497,7.45278,A
4.67065,10.0484,7.15531,6.81594,4.23973,10.41,2.25591,3.32937,4.06692,9.30373,0.548427,9.15472,3.09803,6.91013,4.10078,8.43837,A
6.90416,11.1565,6.93449,5.40843,4.42978,10.2682,5.3849,4.77174,4.26422,11.6909,3.21041,9.81939,4.80887,6.74303,3.95377,9.71772,B
7.06712,12.5885,5.78862,6.57219,2.27319,5.87158,5.39967,5.68675,5.13283,9.01123,4.33494,8.46805,2.9344,7.21336,4.15916,6.82527,B
4.21618,7.27204,4.96506,5.24324,2.95831,6.06072,7.22553,7.02593,7.61868,8.96724,7.04349,10.668,1.63748,9.02469,4.5107,9.32744,C
1.4927,1.00091,1.99474,-0.238794,0.146904,6.31181,7.51776,5.51142,6.25941,8.89165,6.74937,10.3823,0.936312,8.84464,2.81867,8.93191,C
5.09546,9.71758,6.30933,6.34304,2.55246,6.469,7.39662,8.09703,10.508,8.87714,6.47205,12.5956,1.17509,8.81966,4.4584,9.21684,C
4.51299,8.13136,6.17979,5.39668,6.19529,7.81853,7.23273,6.17469,4.25405,6.46736,7.05798,10.46,5.47683,8.41585,4.68437,8.9681,C
5.68122,11.4223,5.81764,6.99145,5.42008,7.53008,5.35324,3.39744,2.72999,7.27545,3.79968,8.51835,5.43512,6.91129,5.73669,6.65479,B
3.97148,9.41645,4.56473,5.75264,3.05578,6.02687,7.94536,7.04649,6.28927,8.78545,7.17234,10.5119,1.99874,10.173,5.3983,9.81042,C
2.54139,4.0531,3.79818,4.00841,1.74989,8.46486,4.33616,2.39743,2.36142,7.36429,3.40448,8.04815,2.73582,7.30309,3.38586,8.98519,A
2.74523,7.13875,4.39283,5.0902,2.1919,5.06646,8.59674,7.12351,8.18077,9.18441,8.14469,12.7031,1.07773,9.11643,3.72901,9.49925,C
2.82955,6.56793,3.3708,4.1437,1.51941,6.51507,6.45845,5.70466,5.75824,8.55627,4.97149,11.1421,1.17847,8.31531,3.22336,8.88135,B
1.65666,4.00314,2.94161,3.08158,1.72118,6.35832,7.69765,7.41109,6.93569,7.2394,6.75211,11.7856,1.30997,8.76643,4.40074,10.2777,C
4.52284,9.71966,6.35453,5.70451,6.16599,6.32539,5.91988,4.54909,3.94233,6.31948,5.01581,6.69109,4.94594,8.16727,8.5008,6.57319,B
1.01167,2.74947,2.18852,2.35731,0.854554,8.57945,5.56678,1.58905,1.66021,9.68048,2.31898,7.92068,1.29899,6.84241,1.7141,8.07262,A
5.22486,9.69468,6.37992,6.32727,4.98101,5.02564,4.37336,3.60974,4.51866,6.80612,4.71583,9.9418,3.12297,8.3688,4.03069,7.17988,B
5.13754,9.50673,6.60046,5.1072,3.44313,7.43886,4.17444,2.77331,2.95393,7.57529,2.67553,7.80839,5.33151,7.27301,5.7285,6.5084,B
1.71076,6.11876,2.95244,3.88274,1.55686,7.27738,7.67632,8.75565,8.79952,6.48165,6.11039,12.2367,1.67043,8.75052,5.9635,10.7046,C
1.97399,0.649703,3.23041,1.61547,0.922191,7.81917,2.87115,1.59614,1.15138,7.26354,1.60638,9.10675,1.70775,6.38022,0.971611,8.56291,A
3.16509,8.38862,5.67471,4.91195,2.91226,6.62593,8.24409,8.57463,10.9244,8.59484,7.93496,13.8683,2.71164,9.81881,4.61421,11.7319,C
4.44137,10.0897,5.06538,7.52356,3.48276,8.60038,2.55964,2.96979,1.58162,8.04624,2.44497,8.54142,3.01565,6.07001,3.6645,7.96436,A
1.51285,5.7111,3.14278,5.48239,2.52479,7.67489,4.77473,3.40763,2.80499,7.22341,2.85306,9.90168,3.56184,7.07177,3.15668,8.49673,A
5.60729,7.49766,4.27677,4.89755,3.7758,9.06968,8.05995,6.39276,5.41321,9.30867,7.30312,6.48783,1.84378,8.68246,7.98554,11.5555,B
3.50932,4.5081,5.1917,5.69498,4.89991,6.45539,7.94493,7.01445,8.17257,8.45838,6.92451,9.81366,2.77376,9.36741,6.70733,9.95257,C
4.79665,11.7384,7.2891,9.29676,4.5285,11.8628,2.2804,4.22034,5.15954,10.9691,3.11291,10.02,3.68406,7.36813,7.06061,11.8216,A
3.41163,6.93982,5.3537,4.13561,3.8793,7.07969,7.37192,3.21853,2.88167,6.13844,4.83236,8.02647,4.89769,7.24286,4.79624,5.36261,B
1.91123,4.25505,3.52065,3.72801,3.36464,6.32825,4.38181,4.72807,3.49383,6.43858,3.57975,5.68822,1.58262,7.3822,4.788,7.45998,B
4.96735,11.2615,7.03117,8.17146,5.84858,8.61469,4.21184,2.51156,2.96519,7.60182,2.48938,7.58718,3.64058,5.6664,5.05364,7.36588,B
4.47332,9.55264,6.76616,4.95009,6.87026,6.23854,10.075,6.64914,4.73309,7.71904,7.61823,5.62235,3.58199,11.1284,11.0635,7.46143,C
5.41712,8.13912,6.85765,6.01579,5.35387,10.0407,5.1404,1.17553,5.47324,10.7446,2.77126,6.33367,4.96746,6.29542,4.46057,8.63377,B
0.615755,0.786624,2.11241,-0.315012,1.15322,8.40697,6.67361,1.56374,3.02617,8.15168,3.93031,6.1612,1.84,7.63634,3.28556,8.28895,A
3.47136,7.18931,5.74974,5.56516,3.30344,9.5126,4.39672,2.97711,2.79338,8.32223,2.60316,9.42552,2.97766,8.00476,2.77178,9.00497,A
3.18094,6.52921,4.30843,4.74037,2.13529,6.61401,5.29949,4.81665,8.29457,9.13326,5.73388,11.8691,0.508963,8.7334,3.17226,8.81508,B
2.0705,6.0422,2.99014,4.18953,3.40192,6.31356,7.90574,5.06507,5.15489,7.42136,5.37415,8.39553,1.59334,8.30177,6.08121,9.03299,B
5.27913,9.9663,7.80221,8.70645,8.40585,7.48615,7.58977,6.26981,4.96854,7.0585,5.63772,8.96071,6.01059,8.06366,8.12374,11.0872,B
6.77848,11.5501,6.21943,6.14722,4.2026,10.9454,4.13299,2.47544,4.76928,11.422,3.70141,8.2711,3.19843,6.65026,5.35555,7.21123,B
4.08959,7.41752,3.14279,3.30434,1.82056,5.89891,9.13501,4.93646,6.09956,10.2071,8.02397,7.88764,2.98023,10.1236,4.37026,7.97425,C
2.19947,8.62877,3.7542,5.52705,1.96304,10.3517,4.44866,3.03279,2.53957,9.5132,1.66134,8.16797,1.198,7.38771,2.33237,9.08895,A
4.74488,9.03758,6.40406,6.22353,4.7842,10.0883,4.15986,1.16805,3.00751,8.23463,2.92785,7.19684,4.26278,6.07049,3.17871,8.83419,A
4.40071,8.7695,7.12916,7.94263,6.33928,9.75912,5.03957,2.66488,4.5042,8.52847,2.82087,6.5202,2.82592,6.24218,5.14671,8.6988,A
6.95826,14.0113,5.99266,7.9034,2.17194,7.56059,5.51152,5.69469,3.28409,9.44686,1.34019,8.44069,1.464,8.01602,2.6934,9.01557,A
3.63405,6.745,6.36883,4.2804,6.16765,9.49241,5.5013,2.04156,1.50232,8.37857,6.98727,10.2273,7.09128,6.55144,8.14436,8.63627,B
4.0409,6.41309,5.9581,4.87595,6.80843,6.63387,7.13787,4.69914,4.15189,5.93003,5.16147,5.41512,2.12563,7.6722,7.07313,7.30778,B
7.81082,11.3937,6.6403,6.53068,5.98743,5.8053,7.68804,6.39855,4.11559,7.68338,5.81074,6.54387,5.27965,7.75509,11.6672,8.71793,B
4.8371,14.2286,7.77062,10.5998,4.21697,7.90769,5.86728,3.07492,-0.807252,6.34869,0.578511,7.65787,2.89458,7.12373,2.98337,8.74429,A
4.81428,11.3992,3.60928,6.81991,2.83426,4.3801,6.28228,6.19375,6.00004,10.1136,6.86872,10.4282,2.18983,8.45126,4.20747,7.3934,B
3.64869,6.90018,4.96245,5.19141,3.73676,10.708,6.5748,2.92276,3.24482,8.59557,3.71354,7.48428,4.19808,7.24338,4.06189,7.91052,B
5.01441,9.90243,6.68162,7.44485,5.12444,7.79408,6.59806,5.42188,7.88843,7.61074,3.45458,7.95008,3.12262,6.60113,5.83453,7.95717,C
5.23393,10.7138,7.1481,6.79817,6.43529,7.81008,7.67963,4.06683,5.73099,8.33967,6.04536,7.64197,4.05712,8.07967,8.21084,8.13403,B
4.62625,7.88216,5.42214,4.7131,3.2846,9.40421,7.9847,1.46803,5.31078,10.5487,4.25659,5.7966,4.60618,6.55648,6.69302,10.1547,B
4.63092,8.88174,9.02627,7.79716,8.75071,7.26617,7.77749,3.22242,5.01161,7.42141,7.23362,8.32181,6.72408,10.2366,8.11265,8.86997,B
1.59561,3.19978,2.39362,1.50101,1.72116,8.19696,4.25137,3.30866,3.83658,8.74401,3.51612,8.46845,2.00864,6.6633,3.26911,7.12722,B
5.6325,12.6484,6.52443,7.97192,4.61811,6.21093,8.9901,2.49866,2.34774,9.3363,6.02426,13.2218,4.06719,9.43936,3.48918,8.13257,C
5.47608,9.00323,7.8091,5.98012,6.3963,7.93,7.06098,3.311,6.35054,8.71523,4.46493,5.17549,3.44152,6.82806,6.53807,7.6806,B
4.00631,6.85618,6.6464,5.82032,4.46502,11.8544,3.88592,3.78561,5.07769,12.4634,3.96779,9.78433,4.20622,8.16025,6.30185,12.1601,B
6.31315,12.3844,5.01108,7.08591,1.06593,3.92861,6.7348,5.90664,8.30695,9.8821,7.72056,10.4291,1.80456,7.49752,4.0238,7.83394,B
2.85458,6.7679,4.27208,5.19526,3.18473,7.89712,3.12368,1.75355,2.96038,7.19837,2.63223,6.85763,3.33295,6.1272,4.07577,6.41093,A
0.846776,-0.379585,1.16105,-0.601345,-0.122333,7.43816,4.00782,2.21781,0.146676,7.20758,2.86724,7.63342,1.15857,6.729,1.18715,7.38458,A
2.53783,6.94154,3.5527,5.08139,2.8463,10.854,3.25486,3.99027,1.91955,9.4198,2.88448,9.3567,2.37201,6.08596,3.43075,8.98636,A
4.7476,8.58785,5.65029,3.85645,3.52326,8.66849,4.95357,3.86961,3.35823,9.11247,2.67334,7.52174,2.85324,7.4282,4.71787,9.72867,B
4.48505,7.85893,5.5093,5.26903,3.61244,5.04893,5.67309,4.5936,6.5612,6.61045,5.25854,9.86248,1.72495,7.12717,4.8103,7.29647,B
7.4658,14.23,6.61706,8.26033,5.12755,6.01481,5.52618,6.92289,4.9343,6.81595,6.04952,7.41563,3.8398,7.54393,7.47049,6.57932,B
5.77188,9.96815,6.32429,7.24597,4.79193,8.7351,6.07219,3.48063,6.8885,8.78771,5.53648,5.44104,2.99049,7.89775,7.73946,10.1236,B
3.69292,9.06471,5.07833,5.62495,3.14738,5.84743,8.93943,5.88504,7.01623,8.67183,6.85401,8.64426,1.24946,8.38108,5.68368,9.46908,B
3.17938,4.13819,4.84792,3.87585,2.7788,7.47922,6.19925,3.90856,3.86827,6.32803,4.4475,7.54376,3.08175,8.44467,4.11802,8.18883,B
4.72315,8.95453,7.06226,7.64317,3.43107,8.52212,1.80565,0.858902,2.70291,6.45075,1.32284,7.06492,3.67488,6.25608,2.86428,7.04368,A
5.0139,11.0575,8.4709,8.77058,5.08869,8.23466,5.25944,3.86833,4.9101,6.30947,3.02019,8.03871,4.67883,6.79984,3.71267,6.26963,B
4.41756,8.96612,6.98974,7.98773,4.91858,7.44429,4.18167,2.35444,2.46129,5.9957,0.942935,5.83795,2.76497,5.96879,4.20774,8.36037,A
4.81178,9.80084,5.70417,6.06538,1.64983,8.33352,2.69634,3.67476,2.23626,8.01128,0.525356,7.44317,2.71639,7.07685,2.86738,6.93978,A
2.89502,7.10782,5.62194,5.36564,3.88742,5.47722,4.93204,2.67521,3.39481,5.94844,2.40304,7.65933,2.72255,5.74828,1.8945,7.05192,A
1.65485,1.97906,1.42052,0.881254,0.15575,7.90504,3.87319,1.4715,-0.849494,5.74465,0.377594,6.87872,1.44034,5.61384,0.166083,6.89343,A
3.42051,7.11264,4.6832,5.34408,3.52629,7.52496,7.32445,6.37106,4.77816,8.7351,4.09742,9.26205,2.99464,8.48285,4.42798,9.7553,B
3.41641,7.3028,4.75462,5.79696,3.23753,6.17591,6.4257,3.61277,2.8559,6.7375,2.5049,7.63577,2.54875,7.48547,3.99631,8.7438,B
2.83565,6.27127,4.92627,4.40389,2.46187,8.05302,3.36664,1.66383,1.21074,6.65443,2.27755,8.11567,3.65159,6.51551,2.97574,6.47312,A
5.52229,10.7815,7.60504,8.19881,5.34937,5.2577,6.78432,4.81708,7.24159,6.43701,7.07303,8.82326,3.24625,7.5457,5.71414,7.94581,B
3.18133,9.33966,4.42367,5.13296,2.22267,9.94618,4.7612,3.55862,1.6918,7.64663,0.748669,7.90051,1.91731,6.55947,2.93582,8.45181,A
3.63484,10.016,3.81891,5.42584,3.19283,6.06746,7.41455,7.64652,5.5572,7.97502,6.69193,8.7929,2.01942,9.25306,5.21515,8.95764,B
4.7723,9.28875,6.66421,6.00373,5.73903,8.15734,3.66864,0.491095,1.64592,5.41384,3.27452,10.4677,8.30757,5.17097,4.94918,5.02907,B
1.78547,3.11197,3.19146,1.63468,1.6063,10.317,4.18115,2.83855,2.89404,10.7132,3.50987,8.85792,2.69935,7.50541,3.32882,9.10025,A
1.68897,0.681361,1.60743,-0.329504,-0.249579,9.70979,9.97542,5.43067,5.6006,10.3989,7.14205,8.11721,1.44071,10.8931,4.80898,11.3628,B
4.14987,7.24565,2.99895,1.96109,2.04494,9.21241,-0.820128,2.27449,-0.648439,9.50447,5.04944,10.5698,1.38847,2.48258,2.28288,6.54736,Unknown
1.8531,3.26431,2.80334,2.80586,1.43285,5.60702,5.59461,4.42096,4.83762,6.15449,5.86298,8.59783,0.781659,7.6019,3.91691,7.74663,B
4.79081,7.36228,4.93934,5.44268,3.8564,8.05818,4.47087,1.99938,3.98978,7.22624,3.00064,5.97578,3.77792,6.6587,5.11171,8.81016,A
2.80545,7.84136,5.75876,6.64003,3.92274,9.7797,1.82996,1.76946,0.878032,8.38726,1.90246,9.07084,4.05464,6.08839,4.0926,7.01449,A
3.14159,7.63914,3.76933,4.99087,3.30091,5.85084,5.23871,4.65469,4.06343,6.2434,4.57156,7.81245,3.41744,9.14006,8.53866,9.26826,B
3.54489,10.2292,4.65705,6.05111,2.2269,10.2139,4.38346,3.30657,3.08944,9.28124,2.28449,8.10015,3.33791,6.95627,3.10422,7.66013,A
3.62401,6.65614,5.43905,4.84865,3.94919,6.41543,7.42249,3.44102,5.49603,7.87139,5.76024,7.10014,2.31528,8.40207,6.81301,8.82434,B
4.57157,7.42249,5.58428,4.55301,3.97681,6.65565,5.70171,0.847377,3.28267,6.97847,3.34084,7.66353,6.00962,6.92419,5.47141,5.78235,A
4.83948,9.94432,6.88162,6.97392,5.29451,8.44207,5.31555,4.10387,6.82821,7.41021,4.25037,5.25869,1.87595,7.73615,5.5945,10.0281,B
3.23568,7.52236,4.87538,5.28474,3.84355,5.63571,6.31311,7.66678,6.00218,5.92988,5.56261,8.17987,1.28702,8.29597,4.10686,7.2483,C
3.46759,4.7091,5.16833,4.57594,2.47138,6.8268,5.70533,4.65356,5.37626,6.35956,2.99892,11.5671,1.58167,7.25852,2.95229,7.71141,B
3.25624,7.76065,5.46253,5.03687,2.21054,5.81591,2.93344,2.0946,1.09631,4.6969,-0.453465,6.62489,2.04133,6.32472,1.88451,5.93655,A
3.74763,8.81108,4.62666,5.58476,3.66018,7.71973,5.04728,1.966,1.88292,8.66446,3.94751,9.37566,3.55674,7.88538,3.59719,8.3194,A
7.69948,9.91825,7.88136,7.15012,8.42989,7.2735,8.78866,6.47443,6.73382,8.00497,7.54628,3.57603,4.56972,9.9131,10.1963,8.89714,B
3.74219,8.99033,5.10929,5.83461,4.18206,7.03319,5.99278,3.22202,3.85335,8.94401,5.78105,7.79513,2.85935,7.69153,5.88784,8.09012,B
6.76565,11.0658,7.24026,5.9503,5.38198,7.50705,7.78172,3.95248,4.88136,9.06543,6.11747,11.5878,4.96436,5.55801,5.63395,7.69047,B
1.72354,5.23347,2.60355,3.59868,1.89821,11.0746,1.63809,2.65041,1.80468,9.95378,3.00267,9.32425,1.57358,5.9734,2.28706,7.87086,A
3.13815,6.86713,3.81103,3.3501,4.10698,5.91178,6.88349,4.62935,4.1971,7.45533,6.68455,7.64889,3.16904,9.50021,5.94797,8.52623,C
4.96081,9.03483,6.26325,7.58296,6.37133,5.30141,6.9505,5.33293,5.6554,6.61771,7.2144,10.4138,3.96098,8.95248,7.01214,8.22539,C
3.61887,8.59862,4.49722,5.93896,2.01318,4.78543,7.04156,6.97884,8.43945,10.2695,7.22405,10.94,0.997159,9.4006,3.88803,8.34853,C
1.72277,5.31634,4.12073,4.54737,2.94075,8.52818,3.48761,1.59721,2.02423,7.20064,2.62337,6.83402,2.65658,5.96607,4.02003,7.2345,A
6.60888,12.8819,6.03208,6.64706,3.19469,9.32638,4.41681,2.37578,4.12934,8.06696,4.23671,11.6983,6.72046,3.97501,5.14213,8.83599,B
3.27151,7.66135,5.20012,6.33271,2.96859,8.36507,5.36871,2.98603,2.23228,7.80046,1.53312,8.65629,1.97571,7.46751,2.45549,8.01171,A
4.64438,8.75884,6.69509,6.44772,5.81992,7.60237,4.4249,1.9028,3.75158,6.94092,3.23798,6.34053,4.11616,6.95962,4.04801,7.89005,B
1.52593,1.17682,2.54459,2.01647,0.418032,6.94143,5.18188,3.18248,2.48704,7.29611,2.56982,7.18418,1.09272,7.14446,2.23993,7.26457,B
4.28281,6.45138,5.91778,7.00669,1.79441,6.57234,5.0245,4.19431,2.49732,8.2509,1.69861,10.4094,2.00392,8.38307,2.33531,8.92832,A
4.30253,9.93006,4.67699,5.77518,4.79982,7.75985,7.48964,3.33213,4.04848,7.56772,4.955,6.17101,3.2613,7.18094,6.88208,7.78331,B
1.74253,2.23732,3.15918,3.89023,2.78516,8.39874,7.55946,5.50801,5.23202,7.94552,5.20733,8.63644,2.13482,8.35644,4.98044,10.4791,B
4.40229,6.11193,5.42506,6.84839,6.10229,8.56447,8.31524,6.16102,5.31709,7.1005,6.2251,3.25216,4.92908,10.0877,9.92485,9.6095,B
2.49528,3.54387,3.88514,4.61498,2.18883,10.9427,2.02703,2.85894,2.08894,9.73428,1.76618,9.37689,2.47608,5.09849,2.54516,7.81833,A
3.2912,10.2462,5.94471,7.15518,3.81412,8.18554,3.12212,1.24242,2.85769,6.59285,0.632588,6.46961,3.22124,6.90236,3.75708,6.29883,B
2.10217,4.30521,1.85136,2.80482,0.590187,11.8831,3.52481,3.29149,1.50151,9.72501,1.63107,9.08848,1.75961,6.00658,1.20143,8.66112,A
6.8084,13.6431,5.96051,11.1943,11.1981,11.5667,13.1268,3.11273,6.34817,9.56742,6.82561,9.27863,8.46562,4.26379,11.2973,12.2417,Unknown
5.29485,8.13261,7.86583,5.50728,4.79198,11.9078,2.35026,2.3172,3.39629,10.1652,2.46998,9.16082,4.28425,6.15659,3.80368,8.53985,A
3.73488,6.33746,4.34616,3.52398,4.01531,7.45271,5.73202,1.88487,2.96546,7.4258,4.6368,9.26178,5.559,6.48157,5.6303,8.4595,B
5.94286,9.41908,8.98445,5.53639,6.56513,7.97624,5.99755,3.35721,3.47925,5.89183,5.96492,9.68449,6.65302,9.3661,5.07162,6.58037,C
2.74521,4.55771,4.56357,3.75828,2.28706,10.0532,4.79014,2.09466,4.35279,9.40607,1.64963,7.37899,2.3765,6.72621,2.33602,8.88461,A
10.5383,6.21158,10.7915,13.8679,1.9404,8.57671,5.95054,12.1506,16.8518,9.44463,5.66219,14.4493,4.42213,12.6007,0.0246759,6.99437,Unknown
4.86482,9.59838,5.99126,7.21463,4.81892,6.98193,7.23665,7.76915,8.29865,7.96277,7.29577,10.1185,3.55902,7.46543,7.27472,8.85339,B
7.17459,13.0551,7.07273,9.07863,5.71784,4.83261,7.4331,5.56807,6.89738,5.43687,6.54742,10.7268,3.02136,6.39594,5.37143,9.24327,B
6.39558,14.8072,6.55177,9.10616,2.61449,10.298,3.15852,1.90318,1.26261,7.7182,1.46881,7.74706,4.20386,5.72558,4.13812,9.00045,A
3.83802,4.75254,4.55695,4.82138,2.21458,10.4521,2.14168,4.84333,3.96709,10.1415,2.42904,10.1952,1.48085,7.02214,4.78514,9.36279,A
4.75743,12.3129,5.80553,6.36155,4.12703,14.0049,2.43763,3.70049,2.88057,11.6061,3.95003,10.886,3.26154,3.42072,3.55382,9.23567,Unknown
5.65215,11.6492,8.86959,8.7348,6.79183,7.4929,5.27966,3.61247,5.77445,6.43669,3.76531,6.18057,3.56493,7.59852,6.69971,7.81262,B
4.32953,9.74079,4.74673,10.331,4.64274,2.43945,11.8457,6.09987,9.43793,13.3378,10.7657,14.0588,1.31314,11.5223,4.71133,8.77979,Unknown
5.66909,13.4525,7.46781,9.91235,5.03053,12.3674,3.13678,3.11425,3.7685,9.69839,1.46486,9.78288,2.68152,7.21834,4.13619,8.91303,A
5.49778,10.1105,8.88934,7.63579,8.4444,10.2808,4.49462,2.56902,5.15745,8.8215,2.78606,4.40907,4.68347,5.42404,7.49781,10.4343,B
4.1212,9.43827,4.01726,6.13866,2.40547,5.54618,6.58148,5.33655,4.64021,8.55596,4.99822,10.3036,2.53453,7.78934,4.33881,9.40462,B
4.06363,8.47698,4.63927,5.57554,4.6771,6.14125,7.05187,5.91207,6.67705,8.60684,7.11473,8.65445,1.88039,9.25553,5.51281,9.40168,C
3.05043,5.43552,4.59658,2.79725,1.76181,11.8627,1.80661,2.34249,0.706468,9.82363,2.54396,10.2112,2.75619,4.91251,1.14819,9.45872,A
4.19696,13.1587,5.79036,8.95772,3.73342,10.2075,6.28657,3.53677,1.61143,8.54055,1.43541,8.79137,1.85969,6.98067,3.20605,8.20575,A
6.65604,12.8698,4.61394,7.25722,3.05062,6.25868,6.55511,3.31704,4.08486,9.71059,4.94179,6.37978,3.47539,6.00357,6.31151,9.34553,B
4.0166,8.44507,5.53049,7.47935,2.88648,8.14625,7.69442,7.32374,8.78273,9.82464,4.74984,5.51788,2.76182,10.1391,7.36935,10.5456,C
4.91993,9.75147,5.3855,7.62284,4.43768,8.79356,4.90734,5.49583,4.83221,7.86932,3.44127,7.89986,2.41566,7.38774,4.82619,9.98879,B
1.79555,0.500865,2.3344,2.47387,1.05727,6.60082,8.37399,6.00234,7.8106,7.80354,5.79181,10.7857,0.604156,9.59448,5.63449,10.7828,C
2.67242,4.94842,3.55062,3.95994,4.27009,8.21872,4.03603,0.750021,1.53162,6.14317,3.96622,6.66535,4.07801,6.82123,3.35656,5.88336,A
6.05807,9.01595,6.03431,6.37202,3.61208,7.79661,2.46913,1.45045,2.13026,6.42751,1.63523,7.24727,3.39905,5.39679,3.75615,5.37194,A
4.00068,7.41868,6.27409,5.48845,4.01147,9.70858,2.41355,2.15263,4.02581,8.68099,2.24218,8.05842,4.21809,4.2088,6.04659,8.06857,B
6.29693,6.87088,6.98974,4.43214,7.40826,6.06938,8.29051,1.8742,4.48067,5.17083,6.16087,6.72419,6.43741,6.95356,7.97526,5.12005,B
2.40029,4.34629,3.59561,3.06568,2.80032,7.51906,7.39272,4.90321,4.6155,6.21213,6.8144,5.81256,1.95026,8.17547,5.16125,7.11614,B
6.85126,15.1476,6.66312,8.96208,3.72076,8.41322,6.38133,6.85806,7.46959,7.33827,5.00897,7.5191,1.08035,8.34508,8.8264,13.0987,B
5.10234,10.3879,7.24967,6.6464,5.15031,7.23304,5.49018,4.64732,3.14402,6.0971,2.84653,8.04971,2.8966,8.09012,4.59536,4.90321,B
4.66426,6.72235,5.95618,5.17173,4.2342,7.63285,10.4316,4.80854,6.67971,9.88938,6.95582,6.11198,3.91472,7.62458,5.3842,6.6835,B
3.63306,7.337,5.17714,5.076,3.6263,9.72775,4.41231,3.58271,2.42641,8.62421,3.73404,8.21648,3.64927,7.84592,4.13831,5.64901,A
3.19472,4.97173,5.88809,5.58243,0.871365,7.98799,3.11871,3.23461,0.798459,7.17664,0.515644,8.58352,2.04486,6.58538,1.5448,7.4969,A
5.52214,9.16431,8.61087,6.56326,3.99333,5.92616,10.5411,4.12664,4.45997,9.60835,5.17039,9.52361,3.82944,8.85802,6.62663,3.49052,A
2.45145,9.05963,4.40265,7.39585,3.501,11.4429,2.68414,2.74126,3.55621,9.41708,1.7281,7.35972,2.12883,6.62936,3.23859,9.12402,A
2.67168,4.48793,4.28727,4.27161,3.39629,8.58438,5.97785,5.04422,7.39628,8.80622,4.59077,7.22042,1.71799,8.99449,4.73585,8.40643,B
5.69297,12.421,8.34458,9.35013,7.83999,8.16349,7.06797,5.5891,3.80049,7.92627,4.53689,8.16664,3.70895,9.42868,5.36911,10.087,B
2.5494,4.02479,3.41299,3.27991,2.12912,11.1978,2.46613,3.25156,2.12325,10.0697,2.61262,11.1541,2.9657,6.49253,2.42178,9.62548,A
2.4441,4.43154,3.48474,3.60807,3.35237,7.1089,7.86635,6.18754,4.7378,7.20113,7.08275,6.62087,2.17768,8.23046,6.74692,8.35444,B
5.01169,11.5627,6.5366,7.5643,7.19539,6.65866,5.70604,4.64668,3.39447,5.17025,4.43747,8.40842,5.90054,7.702,6.37265,7.04065,B
5.06844,10.4945,5.69601,6.75584,4.23447,5.84215,8.32594,5.59258,4.70876,8.35222,7.81142,9.8603,3.48304,9.15691,4.51942,8.78341,C
5.95706,13.5495,6.32456,9.79378,5.61611,11.3588,3.91188,3.75421,3.85139,8.35523,2.13266,7.74743,1.97972,5.22308,2.76306,9.53718,A
1.68853,7.20398,3.54133,5.07658,3.34105,7.26518,4.78816,4.48229,3.54109,7.10397,3.90008,6.66635,2.96075,6.90987,4.60324,7.5758,B
5.19062,7.58375,6.8906,6.21319,4.74787,9.51969,3.64249,2.27817,2.88799,9.41547,2.91544,10.1747,4.95911,4.75311,3.62958,8.41986,A
4.86183,8.74445,6.67576,6.81117,6.84609,7.30035,7.97239,6.92133,5.87854,7.05385,6.96021,5.58225,4.19074,8.01724,9.73465,10.9671,B
1.24639,-0.809098,2.47925,1.22519,1.15249,7.22441,7.37241,3.87038,5.5135,6.14772,6.32411,7.28274,1.22826,8.14828,4.74347,8.44974,B
6.72321,14.3905,5.72998,10.0671,4.19633,6.77046,6.6061,6.78415,5.92342,8.47337,5.117,8.34818,2.9615,9.38242,8.30191,11.3242,C
4.88495,5.93481,5.47892,4.55169,4.8273,8.47734,7.9456,4.79858,5.60362,7.26775,5.41577,6.09594,6.22787,7.60092,4.24265,8.59608,C
3.56026,7.86657,5.38145,6.08813,2.80747,9.46657,4.74928,4.1887,3.17237,8.93809,1.75313,8.50758,2.40964,7.38642,2.88052,8.74721,A
2.83945,6.04759,4.11042,3.38552,3.33974,6.32254,5.29375,4.57984,4.02598,5.96304,3.59062,6.9358,2.02214,7.97228,4.01561,7.81608,B
5.26628,9.93744,6.17265,5.59193,4.57414,8.45081,3.05138,2.48836,3.05283,8.55959,4.4886,9.35833,4.21185,6.21677,4.9662,7.04714,A
3.04015,9.31223,4.38528,6.29426,2.46984,7.38418,3.6731,2.45997,2.75355,6.82747,1.3719,8.27092,2.62889,5.70683,2.97986,7.09305,A
5.96865,8.6784,7.25672,5.46709,4.02199,6.51013,5.32745,5.28978,4.84068,5.62652,5.32096,12.1211,3.96528,7.19418,3.45453,7.18581,B
3.822,8.46643,6.15639,7.09045,4.14728,7.01667,7.25214,5.67028,12.5766,6.87061,3.8434,14.2688,0.0966212,8.14193,3.97456,10.2528,C
4.54223,6.94244,6.35706,5.10102,4.17547,6.99212,5.92972,4.99346,5.49474,7.31639,4.7364,8.02713,3.02437,7.43559,7.0483,6.3606,B
1.89109,3.01947,2.883,1.53747,0.645999,5.1842,9.72108,4.71585,6.05263,11.9442,9.22986,10.5235,1.34139,9.44389,3.66769,7.76796,C
1.01311,5.53143,2.64006,2.41941,-0.0317707,8.58976,2.44736,1.05934,0.701109,6.86749,0.014383,7.53476,2.75564,5.41025,2.47016,5.45066,A
4.47315,7.75821,5.99568,5.47186,5.04049,7.68139,6.78899,0.855436,4.93687,8.64018,5.33147,7.31085,4.24037,8.02104,5.69643,5.72832,A
2.47495,5.24927,3.95197,4.36699,4.53448,6.68926,6.86784,4.62959,4.39982,6.67836,6.49189,8.95011,3.27914,9.87802,5.73034,7.53892,B
1.90147,4.1307,3.04175,2.89869,1.80672,3.31767,6.5511,2.90792,5.05338,10.1232,7.67797,10.4314,1.77802,8.17777,1.3311,6.0918,C
5.79577,11.1889,7.53786,6.6987,5.80282,7.40274,6.001,6.46769,7.07059,8.27305,5.62687,7.16266,2.9025,8.38492,8.2592,9.29997,B
3.30581,8.18189,5.15029,5.14179,4.1099,5.97791,7.37052,4.99176,5.65224,8.83848,6.90695,9.94577,2.03484,8.41178,4.5214,8.46666,C
2.34164,10.4186,4.41894,6.42158,2.59255,8.64454,6.43426,3.02028,1.52047,7.75314,0.919609,6.80317,1.67215,6.68172,2.74864,8.28786,A
4.30348,6.51127,5.80529,5.14487,3.62368,7.50027,5.26445,5.08019,6.19632,9.10973,4.50698,9.10676,2.499,8.22472,4.7554,8.3813,B
2.10467,3.94345,3.86611,4.63347,2.85138,6.15042,8.27217,8.53653,5.86032,7.51038,7.13529,8.09204,1.42772,8.48094,7.4269,8.44093,B
5.99238,12.1544,9.3089,9.17556,7.65576,8.45485,5.33751,3.72241,5.99055,7.72713,3.16384,8.22027,5.3753,7.49298,4.53948,9.14847,B
2.53165,5.76776,3.93088,5.67442,4.2473,8.71304,7.1427,5.07936,6.00238,10.5892,6.02615,5.76122,2.07239,7.48061,8.00236,9.14379,B
4.4243,8.41643,6.13281,6.32264,5.94544,8.15985,5.13973,4.38118,3.38374,6.20827,4.26159,9.27761,4.01553,6.70478,3.75778,8.73415,B
-0.869179,-7.88653,8.27845,-3.66521,-4.75425,12.9158,-1.75359,27.5868,-3.88927,3.27156,4.33661,-4.07385,-3.15474,9.5285,23.9922,15.7019,A
5.90507,11.4906,6.26815,7.7391,1.63678,4.20198,8.65539,8.71731,13.018,6.83975,9.69858,19.829,-0.174672,8.46863,2.63846,11.113,Unknown
4.03007,5.03436,5.54959,5.4071,3.54313,8.1662,10.2757,7.79387,9.2894,9.17018,8.6294,11.1949,2.20996,8.62342,6.92248,11.1531,C
3.06698,5.92021,4.36704,4.02026,3.51867,8.42176,7.39899,4.99957,4.57362,7.64887,6.2508,6.58823,1.65601,8.33316,6.2341,10.5717,B
3.17413,4.01561,4.46217,3.32325,3.8417,7.67576,6.88009,4.39274,4.86778,8.02055,5.03053,6.17145,1.82965,7.7336,6.07665,10.7933,B
3.80845,8.34885,5.58983,6.37508,4.7434,6.811,6.05776,3.08128,4.97539,8.29659,5.24213,9.44721,3.06286,6.86683,4.13472,8.67948,B
5.06622,9.4756,5.73823,5.87591,3.65174,6.76293,4.84612,3.1496,2.17451,7.3352,2.62558,8.68991,4.36877,6.70857,3.22006,8.34537,B
3.26862,8.85682,5.73021,5.86431,3.88773,7.94145,2.96106,0.593262,2.7809,6.81137,2.02617,7.72133,3.73725,6.41558,4.19207,6.29466,B
3.80574,6.25693,5.43347,4.27542,2.83622,10.5361,1.55004,2.23196,1.98947,9.04634,1.38008,8.12072,2.67913,4.76272,3.493,8.81766,A
3.76364,8.37455,4.94129,6.82041,4.36216,6.80619,6.67703,8.64086,7.43031,7.414,6.14813,6.88401,1.97717,9.05097,10.1427,9.18016,B
3.81843,3.52999,5.47467,3.71865,3.93166,8.1728,7.24331,3.18343,5.64226,8.9331,7.00226,8.93324,4.07533,8.54508,4.17928,10.0375,B
3.03639,8.22958,3.25886,5.10729,3.80243,9.08095,4.86815,1.67492,3.11946,9.08977,4.40075,8.53847,4.56541,7.07821,5.91789,9.48879,B
2.67694,2.75716,4.26404,3.58649,2.7033,6.70352,6.59392,7.09953,6.05814,6.5557,5.77525,7.69028,1.95999,8.18693,7.36625,9.42642,B
1.54653,3.21289,2.39305,1.83668,0.840476,5.30192,8.26535,5.58343,6.43593,9.85366,7.89637,12.3759,0.77453,8.73577,2.51495,8.54022,C
4.9961,6.27709,6.52338,6.6841,6.67446,7.40949,6.41939,7.74683,6.39776,6.73916,9.72699,9.64651,4.16096,11.5121,10.0098,12.0885,A
3.13477,3.1598,5.24212,3.20794,2.23638,6.14256,6.36119,4.45008,3.32382,5.99806,4.3898,10.032,3.27782,8.83149,2.89006,7.47026,B
7.13965,12.0767,8.64472,8.54915,6.32687,8.61468,6.90754,2.94136,3.86225,8.18984,3.10516,8.49695,3.30591,7.79532,6.97926,9.59875,A
5.47313,8.26387,6.17566,6.32479,4.21407,7.03913,4.12171,3.84566,4.99768,8.0667,2.33093,6.29255,1.76357,6.13905,6.14796,7.43304,B
5.72593,9.62308,6.93789,6.68905,5.42047,7.34695,6.51198,2.61677,4.93476,8.27818,4.40682,6.77251,4.13111,7.10668,5.16126,9.43032,B
1.91795,2.7103,3.66969,2.82315,1.73747,11.8103,4.42518,3.36665,3.83655,10.6058,2.70798,9.21675,2.08267,7.52848,3.33723,8.66549,A
6.14649,9.90262,5.50414,7.26394,3.48322,4.16051,7.3113,7.07139,7.18505,9.45523,8.2497,11.0056,2.34933,7.7646,2.81348,8.01975,C
3.63651,5.44415,4.97817,6.47033,2.9897,1.88995,5.51394,2.46565,6.26825,6.77136,3.89152,11.1696,-0.243117,8.21986,2.07442,5.57223,B
2.9648,5.67141,4.29114,4.03379,1.80312,8.43281,4.81606,4.03609,5.22108,9.65719,3.12434,10.2489,1.70841,6.54291,3.14995,8.63892,B
2.28906,6.03176,3.66564,2.5123,3.03366,9.30089,7.56954,4.53273,6.84799,10.1927,6.58595,7.41981,1.10015,9.82504,7.16257,12.5652,B
4.39283,11.2144,8.88954,12.6865,8.23522,15.9371,2.2766,3.13796,3.20641,13.2158,-0.845542,7.29074,2.97281,4.48659,2.91118,8.21817,Unknown
5.32321,11.3631,5.93524,7.63386,2.56865,5.77575,7.37527,6.93108,6.94498,9.73557,6.77073,9.79977,1.53681,9.46456,4.23906,7.65808,C
31.9179,68.2263,26.0054,44.5306,-0.754618,39.2266,58.1445,31.5305,65.0167,33.6507,25.0472,15.9429,6.16153,31.546,32.0761,29.666,Unknown
2.50028,6.33068,3.79456,4.68853,2.87204,6.32545,6.48419,7.55074,6.42218,6.73915,6.43461,6.76586,1.54246,9.40477,7.21923,8.64962,B
3.25282,5.51775,4.66875,3.57803,2.53117,9.84775,0.995876,1.79273,2.12549,7.96343,1.62184,8.72008,1.86669,5.86023,2.48598,7.13066,A
5.17836,10.8451,6.67597,7.4972,4.09064,8.42026,2.57025,2.48746,1.3337,7.29189,1.14625,8.50503,3.42414,5.79306,2.30792,6.27842,A
1.62017,2.0866,2.29364,1.1727,1.13762,7.93468,5.89843,2.88219,3.47515,8.04101,4.10982,7.07823,1.55399,7.44641,3.0146,8.77519,B
2.63017,6.19865,4.13749,4.67637,2.05028,8.90087,3.18344,2.9804,1.77331,7.97106,1.52114,8.9313,2.33697,5.83824,2.13384,7.56176,A
4.22192,7.13522,6.76497,6.08297,5.11462,5.94499,5.21721,4.93921,5.83387,7.21623,5.11592,9.53466,3.84418,8.09437,8.02732,9.38681,B
5.5323,9.15382,7.22184,6.25542,6.83623,6.87563,7.59733,4.37221,5.53609,6.63722,5.26284,6.86672,4.09966,7.65302,6.09715,7.03489,B
3.80846,8.63572,9.83389,7.094,8.54381,8.48129,7.84004,5.43783,5.15948,6.8735,6.14138,10.9294,6.92728,10.0475,6.4375,4.80593,B
1.8732,2.93177,2.26019,3.34113,2.03335,6.68285,8.15979,8.18794,7.21778,7.07998,5.94967,9.23959,1.20387,8.28735,6.11036,8.44074,C
2.37213,7.45273,4.23573,5.34798,2.82091,8.13364,7.11996,4.6065,5.58281,8.83291,4.69358,7.89918,1.72441,8.40013,4.61196,8.91066,B
2.97916,6.52984,5.06511,2.57134,2.63597,12.562,0.478558,3.0034,2.89278,9.26865,1.96048,8.66156,4.22029,3.66776,3.83232,9.15636,A
3.35043,5.13972,5.34849,5.75622,1.18375,11.5186,3.61041,3.88519,1.56185,10.1471,0.727334,10.3933,1.85641,7.30212,1.48655,9.60369,A
3.8866,7.63561,4.93093,4.00064,5.11741,7.70124,6.25188,2.70672,2.97012,5.97412,4.02851,5.01265,5.86127,7.62843,7.8713,6.76181,B
4.5754,9.22788,5.94535,5.30312,6.30117,6.91676,4.91547,4.86837,3.12813,5.9278,4.99661,8.729,3.5057,7.825,4.92819,6.06713,C
2.3848,1.91118,4.1358,3.69324,2.10728,7.71972,4.9066,2.23435,4.43742,6.51018,2.87565,7.19854,2.93174,7.19912,4.07812,9.73839,B
3.65891,6.52209,4.33158,4.27736,4.18626,7.04896,5.3814,4.9581,4.32928,6.86114,5.2348,6.68622,3.5493,7.83634,7.31669,8.60108,B
3.19925,3.89793,4.95154,2.86966,4.28639,9.13409,6.78869,2.95514,6.69409,10.2681,4.98124,6.11616,2.55499,7.83502,4.55618,9.65106,B
4.34796,10.3281,5.74844,6.06446,3.366,11.9732,3.26202,2.6432,1.32226,10.1862,1.68443,8.35082,3.99964,5.51471,3.67315,7.59009,A
5.25377,8.02144,6.50024,6.24928,2.9524,9.78953,2.29859,3.00016,2.67152,9.07466,1.42234,9.66584,3.44184,6.71435,1.95045,8.47435,A
3.33866,8.24909,4.76311,5.4095,2.53406,5.56037,4.41652,5.33374,5.15255,5.51241,3.28083,8.50254,2.17774,7.38321,4.3792,7.84662,B
2.78973,6.93966,4.33241,5.08456,1.70956,9.10393,2.27992,2.41817,2.08026,7.30254,1.56096,8.91245,1.99938,5.57459,2.48539,7.65757,A
5.49533,12.4646,5.21483,6.58937,5.71374,7.95157,5.60317,4.68386,4.18747,6.13676,4.55748,4.62797,2.62569,7.19283,8.14731,8.39548,A
5.14593,12.1723,6.54664,6.79843,2.85921,7.8804,5.14828,5.80048,6.02273,10.2797,4.16257,9.59986,4.32923,8.43097,5.74432,9.41084,B
4.41959,10.3056,6.18015,6.46968,3.85049,12.1969,1.99643,3.4536,1.3235,9.95643,2.89245,8.85738,1.87142,6.13388,2.95737,8.03305,A
3.38696,4.41941,5.21075,2.44545,4.16283,8.83619,5.93162,3.99451,4.6824,7.6907,4.56327,6.39093,4.5097,7.12532,5.4072,10.8183,B
5.70885,13.1201,4.40572,7.6505,4.38621,7.0974,7.64353,3.75205,6.17097,8.89046,5.77787,7.30581,1.79366,7.33162,4.01247,7.19951,B
3.77791,7.18005,4.77437,5.11487,2.05373,4.10072,7.33991,6.29032,8.39414,8.9433,7.16232,13.0028,0.913573,9.03556,3.40697,7.86397,C
4.3445,7.92572,5.355,4.72132,1.91629,5.20702,7.57299,5.0404,8.25239,10.6496,7.50786,10.6558,0.695302,9.13582,4.04875,8.3215,C
2.05652,3.38545,2.69836,2.01393,1.04978,5.7358,6.9697,5.1891,6.58042,7.99252,6.51759,10.0852,0.923884,9.19837,3.63291,8.04322,C
3.44056,8.28568,4.44118,6.36168,2.33676,6.02022,7.627,7.44117,7.71714,7.89173,5.53371,11.6968,1.10097,8.79298,4.38859,9.85723,C
3.69323,5.4517,4.67491,5.07019,1.70136,6.80437,7.18215,7.79486,8.32636,6.92251,4.66995,12.2414,1.7681,7.02537,4.22111,9.03566,C
2.89667,7.07222,4.64718,5.94635,2.90583,8.49735,3.79762,2.60675,1.36675,8.57149,1.11361,8.56053,3.46425,6.86041,2.3579,9.63671,A
2.62763,3.10118,4.28854,2.76762,1.69852,8.50498,2.06221,2.18305,1.91278,6.76961,1.81519,8.39426,2.22296,5.31649,2.26981,6.56072,A
4.57985,8.63731,5.49866,5.80024,3.36685,4.89393,6.11809,4.42715,8.18663,5.97282,7.81507,13.8828,0.211595,7.34913,-0.385956,6.57866,B
6.54588,9.61594,6.97595,5.72914,3.44297,10.9675,4.61993,1.16988,2.16349,8.59392,2.5697,8.71132,5.73474,6.58915,4.92783,10.0621,A
4.73858,10.0179,5.53078,6.87366,5.52854,7.22153,7.41748,6.90957,5.93156,7.3498,5.02988,6.88597,3.19236,7.7697,7.5752,9.0557,B
4.07781,7.87961,5.08576,6.33718,1.89379,5.81397,8.0155,8.00096,9.76963,11.7871,9.31668,12.549,2.36894,8.75602,3.69725,8.43042,C
2.40671,1.00432,3.18437,2.90704,2.19508,5.65825,6.91971,5.76649,5.54003,6.36418,5.99759,7.12625,1.89573,8.07665,6.24223,8.22947,B
6.96241,11.6459,9.17973,8.75029,8.21847,7.26229,8.80659,5.58358,8.02275,6.10333,5.82942,5.15926,3.62757,7.45209,6.38846,7.94024,B
6.1217,11.2049,5.10672,6.5401,3.53949,6.4191,6.04629,4.44407,3.32914,6.66373,5.70716,8.29007,3.18652,7.51262,3.89699,8.86125,B
2.43188,7.17043,3.76054,4.5017,3.10511,5.62655,5.29121,4.51432,3.82346,5.88807,4.46613,9.38846,2.53693,7.2734,3.95121,8.17734,B
2.0315,3.8004,3.78505,2.1702,1.46883,9.624,2.81009,3.12605,0.946852,8.70933,2.47829,8.69412,2.23839,6.66855,1.87452,8.05976,A
3.89066,9.9338,4.78391,5.61434,4.24785,9.21997,7.82734,2.39805,5.5109,9.26624,3.79962,6.47933,4.05866,8.10048,8.27674,11.1779,B
3.83871,9.41323,6.43916,8.57589,4.32759,9.74722,4.97993,3.58311,1.8092,9.11648,1.40162,9.16716,3.38402,7.34247,2.56293,9.50864,B
3.38766,7.09436,5.76335,6.12524,3.36397,9.07811,2.39018,1.79774,1.46184,7.59126,1.33456,8.6364,3.57763,6.60485,2.04075,7.53405,A
3.42651,8.98586,6.17264,6.49905,2.98916,9.83946,3.44277,2.67014,2.10056,7.60643,1.20441,8.33552,2.28482,6.72443,3.08193,7.58984,A
7.55852,14.073,8.75738,9.31278,5.86464,7.54322,6.0816,4.26651,6.56306,8.84347,4.02999,5.8447,3.33394,6.2303,6.16836,9.41129,B
3.04404,6.29047,4.53311,4.34824,2.06765,4.89254,8.07869,4.52481,7.89295,8.84484,7.45842,11.4905,0.52281,7.65709,3.29067,8.10281,C
4.89797,9.11214,6.7137,7.08609,5.23448,6.45054,8.33231,5.69009,5.61784,7.88331,8.0149,8.76176,3.03576,8.63828,6.15251,7.26198,B
3.94201,8.64644,4.83736,4.26768,1.77146,9.46482,6.07588,4.6773,3.86398,10.713,3.33131,9.76146,3.47655,7.07992,4.35591,8.34002,B
2.86328,7.5029,4.37125,6.06806,2.90437,8.95801,3.00943,1.28837,0.935388,7.13931,1.34691,7.61368,1.52176,6.25276,2.24244,6.45577,A
3.21644,6.27362,5.81135,5.5368,3.12243,9.00262,1.33688,1.21594,2.07433,8.27159,1.19825,9.04271,3.76626,5.9804,3.46463,7.116,A
2.19541,7.37159,3.99556,5.02021,2.49182,5.8167,8.06506,7.9587,7.24463,8.28291,7.67132,10.5797,1.31501,8.47892,4.67731,9.74889,C
15.567,15.9348,13.1908,8.59765,8.73296,5.26607,2.10056,0.350122,9.2277,9.68984,6.08448,5.90535,4.88762,2.73784,5.92058,8.23467,A
6.15007,9.63327,4.75543,5.22238,2.03158,8.0027,7.85847,4.13101,6.39653,12.0741,8.81844,11.3097,2.52221,8.93607,6.97474,12.2325,B
2.67228,5.01702,4.93272,2.75443,3.2623,8.35938,8.11281,3.83859,7.05087,9.13985,5.02703,8.45953,2.04451,9.09133,5.90611,10.7272,C
2.28967,7.40972,2.99948,3.90642,1.30734,6.83253,7.595,6.99808,6.49061,9.17511,7.1826,10.2233,1.03094,8.86963,4.79998,8.67408,C
2.56894,8.03893,4.23305,5.30667,2.31218,8.78915,4.0265,2.18129,2.95496,7.02343,0.641973,7.06325,1.97514,6.79444,2.47389,7.65346,A
4.23562,8.9856,4.88396,6.14715,2.79015,6.25352,4.84441,2.92055,1.53952,6.45376,1.64761,8.70967,2.8505,7.12161,2.69607,7.89426,A
4.64432,9.59006,7.33456,6.56076,3.85933,8.63414,3.88756,3.03545,3.83738,6.35285,1.66999,9.92388,2.2023,8.10399,3.5974,6.99349,A
2.02869,3.41212,3.08219,3.48875,2.59789,6.75903,6.5484,5.55719,6.52727,8.29273,6.56162,9.32993,1.47311,8.79342,4.65187,10.0601,B
2.03536,5.21342,3.32536,3.55284,2.05743,6.7986,8.74983,8.30396,7.23432,7.88179,7.91653,10.574,0.833461,9.65311,6.7391,9.51205,C
5.1887,10.5403,7.04407,8.15093,5.55022,8.13635,5.57964,2.50279,3.9193,8.77856,3.6865,7.7737,2.72716,6.70616,2.91675,9.28641,B
3.7182,8.77282,5.3581,4.75855,2.9472,5.77863,6.74643,6.45642,6.11916,6.07743,5.97842,10.7911,2.85156,7.11449,4.83863,8.89869,B
5.01403,11.3809,5.03017,6.4118,3.31972,11.0585,3.85848,3.82315,2.71616,10.617,3.39204,9.95787,4.18861,5.65955,3.79253,9.61025,A
2.96852,4.5633,4.3511,2.14846,2.62114,7.0718,8.31527,4.12183,4.35186,10.5482,8.02886,6.64179,2.88699,9.18573,3.65186,6.71415,B
5.70325,10.1195,6.8069,6.56982,4.71524,8.24889,7.70277,6.96819,7.85561,9.8166,6.52344,11.0457,2.13051,9.50765,4.66772,10.9354,C
5.89192,9.61343,5.47953,3.11543,0.672072,3.71661,7.5683,2.57402,3.58112,11.9247,11.3673,11.4025,0.238625,7.38222,4.4086,7.51368,Unknown
2.22988,2.03232,2.88094,2.41321,1.8318,8.26393,6.68186,5.08623,6.35763,7.54752,5.39427,8.40285,2.27234,8.5625,4.74615,10.3364,B
2.53532,6.97707,3.59165,5.89659,2.29947,9.93244,3.28408,3.02693,0.832579,7.63646,2.49553,8.67386,2.3034,5.3762,2.6696,7.58779,A
3.34015,8.08824,5.67718,7.51957,3.66878,10.0466,3.87747,1.8303,1.10479,8.8104,0.26799,8.50534,1.89181,6.59652,2.19017,8.60111,A
3.26078,8.81747,4.76633,5.30806,2.6168,10.2426,3.50924,2.94084,2.06886,8.97364,0.652995,8.42927,2.18176,6.18683,2.44347,7.90649,A
4.11656,8.64654,6.16124,6.99741,4.40904,7.25304,8.61045,4.39076,7.40411,11.5932,6.11417,8.58526,1.50764,8.72325,4.87611,9.17467,B
3.60906,5.17163,4.10919,3.41399,1.22988,5.98725,6.48936,5.99265,7.8259,6.79334,5.08769,11.4503,1.65747,7.46129,3.80254,8.75437,C
2.29973,4.06425,3.02939,2.74172,1.29217,10.3237,2.13098,3.31896,1.35078,9.14303,2.50205,8.91695,2.33538,6.89265,2.46285,8.6007,A
10.3914,14.5895,10.1169,9.14863,7.16827,7.84865,6.29313,5.54513,4.13336,7.5186,5.56627,14.0217,6.24211,10.9392,10.2141,10.6769,B
15.3242,10.3105,2.1217,3.5276,2.21877,14.2575,3.50039,5.54746,5.47291,14.6454,6.95487,16.1811,8.70883,6.29006,9.80061,16.1713,B
4.01871,7.10193,5.26096,4.83828,4.19419,6.62585,6.83332,4.58017,5.39018,7.24767,4.85508,9.7865,4.12303,6.89029,4.94678,7.84237,B
3.56135,7.06869,7.45893,8.20722,5.27674,8.22927,7.47988,3.99753,2.34467,7.01374,2.13117,8.4606,4.5937,7.94312,3.80344,5.7387,A
5.81264,11.5035,8.08211,8.78436,6.47178,11.8431,5.39553,3.41876,5.6822,10.4861,1.8966,6.58255,1.48693,7.40371,4.47821,9.9607,B
3.01788,7.79044,4.20421,5.56762,2.8242,5.35694,7.98989,5.86159,6.19869,10.7939,8.12148,11.5434,2.12856,9.74894,4.77037,8.22526,C
2.35864,6.654,3.96294,4.98903,1.41946,5.82189,7.2482,7.28744,7.55349,7.4613,6.35341,12.3655,1.09614,8.73726,3.30012,9.32393,C
3.88957,5.71172,4.74424,3.60611,2.41358,8.78987,3.13165,3.34204,2.68863,7.90274,2.58832,8.87012,3.58128,6.14233,3.0624,7.98598,A
4.63007,11.0914,4.83616,7.45237,5.17056,8.04394,7.70496,8.74037,8.49432,7.15806,6.31397,7.27711,1.2585,8.65706,10.9747,10.8572,B
7.57346,13.203,8.06965,8.78706,6.92655,6.65688,7.87786,4.57376,6.15063,9.44026,7.8137,8.89122,5.25212,8.48412,7.00345,9.24326,B
17.4616,23.8392,0.387785,-2.76332,-5.42551,27.9011,-1.2425,12.0842,6.3811,39.9873,20.5979,34.0918,-7.63316,10.2591,11.2956,25.9746,Unknown
1.77656,8.17541,4.81224,5.75129,2.30488,9.49485,3.03129,1.96061,1.33655,8.36539,0.826061,6.47388,2.92759,5.63068,2.77656,7.17752,A
3.33614,6.83392,6.19867,5.89074,2.73227,6.16669,5.79072,3.50903,3.85251,5.96086,0.995035,8.50054,2.11483,7.00268,3.061,7.7955,B
8.96682,12.7904,8.29297,7.44199,4.44801,3.63901,8.3394,5.18969,8.5035,11.3291,10.31,12.781,2.13392,9.27321,6.7915,10.4643,Unknown
1.79794,2.4161,2.49627,0.743602,1.02891,6.56983,4.53413,3.04048,2.8828,7.86399,4.7916,9.73262,1.60779,8.12093,2.6475,9.01588,B
3.06857,4.20998,4.29902,3.699,1.13919,10.4741,3.08696,2.95807,2.74528,9.08671,0.0959914,8.733,1.90266,6.98596,2.35155,9.20996,A
6.2029,-2.93098,14.9074,-3.61882,-3.65678,11.683,10.5404,2.378,8.21707,12.0481,12.1683,3.44062,16.0696,7.16902,-8.87086,3.57731,Unknown
4.4764,10.1622,7.06812,5.9237,3.95633,11.4753,1.90871,2.32593,1.47508,9.84962,1.6255,9.46871,3.56793,4.41011,4.83699,9.79278,A
2.53575,5.33747,3.69003,3.68771,2.51511,6.77304,8.38038,4.84549,6.94194,12.2318,7.28983,8.71734,0.902,9.61277,4.47803,8.66979,B
4.34912,4.89547,5.77534,4.07091,6.70035,8.85877,8.36521,7.26783,6.86438,7.914,6.87201,6.99056,3.81609,9.52121,8.96114,8.47917,B
4.57398,9.84074,6.53468,7.24294,3.77925,7.59654,4.61829,1.92045,2.73632,7.12511,1.29433,7.20436,2.16955,7.00027,3.48464,8.02722,A
2.87237,4.57854,3.72859,3.07201,2.38015,6.42086,7.85071,5.29396,5.23191,9.30698,6.66345,7.88271,2.8495,9.56969,3.77527,8.54547,B
5.2324,11.7104,6.43729,9.78568,3.68466,3.39054,6.51835,5.48143,10.796,5.215,6.71899,13.5965,1.48681,8.19219,3.71446,8.54136,C
4.87934,10.9441,6.3553,8.87282,9.20452,7.26695,7.01378,7.47577,4.97681,8.65042,7.70741,6.22515,4.24645,10.3213,9.63582,7.13879,B
3.98182,7.09758,3.91752,5.01958,1.23394,7.08888,6.71162,3.72843,1.55013,7.31311,2.12671,7.31129,2.89194,7.06744,2.5493,8.93007,A
3.93781,10.7809,6.38902,9.20758,3.73262,12.7034,2.13042,3.14075,1.44136,9.81614,0.597365,9.54692,1.24773,7.16116,2.94346,8.19507,Unknown
6.8054,9.3913,7.73246,6.83075,5.8842,10.3085,2.77757,3.64354,4.02609,9.33264,2.3596,8.69531,3.97746,8.67021,4.63104,8.08231,B
3.099,1.21416,3.36013,1.65483,1.53027,5.76057,5.22605,4.18886,3.45213,5.86026,3.45658,7.68425,2.69475,7.30948,4.99758,8.03206,A
4.7718,9.54314,6.81162,6.92997,5.2086,9.93221,4.85748,2.57256,4.45016,8.74885,2.82947,6.57452,2.67036,6.90471,4.58193,7.82953,A
5.88292,10.726,6.61461,7.54814,5.92135,7.8935,7.37527,2.84146,2.86847,8.8563,5.66753,9.87624,6.74515,10.1199,7.02909,10.6398,C
4.68165,5.38626,7.95398,5.77996,8.55067,10.7061,7.43295,4.74361,4.32732,8.99917,8.19149,7.27689,4.0938,10.4086,6.89747,12.9503,C
3.47974,7.04891,3.95466,4.63196,3.82183,7.33089,6.90591,6.71309,5.74925,7.53621,5.89919,6.37366,2.15681,8.90148,7.47789,8.65671,B
6.06032,10.744,6.11078,7.1628,5.28544,11.0935,2.08516,3.06829,2.34202,9.28796,2.70403,9.35279,5.47647,4.44084,5.06411,9.33703,A
4.17466,7.6568,5.17601,5.42844,4.09073,9.04084,6.46753,5.89809,6.63134,7.34535,5.4731,8.36549,3.04889,8.98519,6.01776,9.53329,B
3.56741,9.05231,5.60148,6.32516,6.26887,7.96797,7.04175,3.56147,5.61858,8.52248,5.91399,6.99204,4.36965,8.42881,6.11234,8.40527,B
4.59655,11.7759,6.16112,7.68936,6.38044,7.92898,4.08989,2.65509,3.99477,6.7783,3.86291,8.75968,4.01168,7.66342,5.4384,9.16537,B
3.2618,5.14858,4.28093,3.5388,3.90459,8.76915,4.87307,3.03811,5.15105,8.40045,3.74368,6.03221,2.01499,7.56788,4.33953,8.68156,B
5.79241,16.415,3.79304,18.8582,20.9679,2.33856,-4.83289,-4.7593,-2.46187,-10.8159,0.683687,6.10203,9.26754,11.1987,10.4447,6.36537,Unknown
5.26266,9.97406,5.49642,6.80862,3.89499,10.9978,0.506067,3.22398,1.96613,8.3914,2.38059,9.59818,3.51387,5.47864,3.44996,7.6953,Unknown
6.45605,11.9213,7.43318,7.44355,6.53534,6.10217,6.84929,2.19261,3.49289,6.19463,3.70607,7.42488,4.9195,6.72449,7.1831,8.26792,B
3.69315,5.43208,4.1615,5.58217,4.13099,5.84283,6.98748,6.42883,5.91174,6.42099,5.26228,5.5174,2.76101,7.63523,8.14595,10.0029,B
4.39751,7.53227,4.93385,5.46137,3.19939,10.2569,1.30736,1.60477,2.51015,8.58569,2.07884,9.51314,3.11169,5.27862,3.68518,7.45108,A
8.609,5.1294,10.5526,3.69895,24.7276,20.7772,-6.23511,-1.15033,1.89428,44.8689,10.2347,25.6646,38.8389,15.7908,37.469,28.5992,Unknown
2.2976,7.31982,3.63214,3.68103,1.35962,9.88262,5.2388,3.81284,3.07979,9.94563,2.73531,8.3585,3.19522,6.81692,3.85107,9.24375,A
5.78465,11.5102,6.37372,8.70663,6.10953,8.51916,4.35967,1.46579,1.39326,6.19129,3.4893,7.82284,4.34383,4.10588,3.5512,4.17789,A
2.26641,5.91791,4.82039,6.08128,2.14262,4.24513,7.74158,5.12003,12.2391,7.46701,7.92086,18.0696,-1.00925,8.56252,2.66426,10.7523,C
6.52389,12.6913,7.13743,8.64711,4.61534,8.79692,2.1106,2.31081,4.27084,8.06921,3.5704,8.67784,3.14952,5.22835,5.46535,9.81782,A
5.48079,9.68165,8.43007,6.53273,11.935,9.3151,6.73747,3.00549,4.87639,6.34093,5.86097,6.94164,7.78439,9.31437,7.17902,4.2596,A
6.07865,12.7757,5.54954,9.25378,5.00372,6.97431,6.88145,6.80343,4.05124,7.69807,4.62052,9.18062,6.4895,8.10653,5.98118,9.02372,B
3.08102,5.71342,4.03911,4.91475,3.40138,6.62789,7.01454,6.87504,6.50715,6.1101,6.83804,6.87491,0.894374,8.00855,6.93354,9.93586,B
2.2249,5.49731,4.09775,3.9415,2.00676,4.84136,7.87008,5.66062,6.90736,7.57731,6.8685,11.3944,1.22376,8.35692,3.75118,9.36008,C
3.31574,5.7992,4.98076,4.06149,3.29923,7.95115,6.31599,4.14629,5.81454,7.95155,4.48986,8.11304,2.48746,7.72126,4.2019,9.00498,B
1.64289,1.9063,2.36049,1.21777,0.841599,6.31896,3.26231,3.60775,3.80175,6.39042,3.72077,10.1092,1.28882,6.93654,3.40485,8.12518,B
3.95039,9.58354,5.36208,6.33483,4.40454,9.31269,5.18719,1.69739,3.62329,8.46086,2.01128,6.77068,4.64247,6.78513,5.17046,7.50695,B
4.32271,9.85208,5.90014,7.01127,4.52409,13.7052,2.73441,3.19789,2.84287,11.5654,1.86181,10.0921,3.02858,4.71012,3.58678,9.48741,A
6.78957,13.662,6.24879,7.62248,4.22865,6.37751,7.59442,6.23372,2.76268,8.30751,4.89505,9.07219,4.55768,7.23987,3.99752,9.29444,B
3.81847,4.25157,5.89638,5.542,1.58733,6.82886,4.48257,3.0361,2.04711,6.929,0.368087,6.59443,3.0361,6.5408,2.26314,8.1817,A
4.57287,9.92736,5.37301,6.0389,2.08756,7.19645,8.55457,7.54698,8.77627,12.2916,7.85309,13.5186,1.72082,11.7944,2.57342,10.6813,C
6.01549,7.62224,7.51046,5.47388,7.55478,9.45725,5.64316,2.74934,3.40992,7.53492,3.84361,5.91601,5.27684,6.80974,6.3898,3.26529,A
3.77242,7.04908,4.16216,4.4542,5.72304,6.43072,5.55989,5.08808,3.74107,6.35,4.6641,5.64011,3.18158,7.32757,7.75041,8.46766,B
4.89649,10.108,5.43039,6.38374,2.63256,9.45795,3.64314,1.84811,1.81992,8.00351,1.28198,8.66873,3.67164,5.39537,3.40254,8.97982,A
3.31453,8.47219,3.86424,5.36966,2.43092,5.43755,7.19567,4.24745,6.00482,7.56979,5.40201,8.73248,1.87296,6.72462,3.99245,7.36328,B
5.95333,12.0857,18.2674,12.7005,14.9829,11.7486,3.38039,2.7443,2.56711,13.323,9.70564,7.52122,11.7792,10.0621,17.4503,8.48433,Unknown
3.87821,3.86297,6.14868,8.27241,6.8219,12.0129,8.39767,8.47482,2.86736,8.08722,7.71351,8.38522,6.21358,10.7575,9.3778,4.06391,A
4.11867,8.26102,4.71336,4.83802,3.74546,8.79077,9.01738,5.50284,8.17391,10.8684,6.85085,9.17065,1.07369,8.12013,4.59209,11.7743,B
3.58989,7.79747,4.92723,5.55834,2.16748,8.22405,2.87472,3.72973,4.70195,5.90912,2.76161,10.4922,0.722377,6.99022,4.44305,6.40992,B
3.0296,8.52673,5.64638,6.43341,2.62789,7.2804,1.89283,1.57593,1.3607,5.66469,-0.238804,7.05003,3.35857,5.30553,1.92724,6.39416,Unknown
3.96171,8.58184,5.5523,5.48871,4.79656,7.31532,6.56219,5.1879,6.13054,6.64888,5.24627,9.45797,2.18949,7.42817,4.31279,8.09562,B
2.6423,5.77224,4.69851,4.73039,2.27695,10.2788,1.58067,2.40609,2.67288,9.27713,1.89774,10.5211,1.90457,5.30754,2.42094,8.19765,A
27.1355,10.947,37.3982,15.9363,10.7789,1.02109,20.6402,1.83809,-21.2731,1.70279,21.9116,22.8268,29.6411,30.5686,-25.5323,-33.7351,Unknown
4.8704,11.8992,6.36188,7.22156,4.60593,9.23598,5.66374,3.46643,7.73808,7.91441,3.28363,7.15499,2.67582,5.90123,4.88743,8.91081,B
2.6408,6.56554,3.94685,5.26457,2.60611,5.93857,5.5382,3.62788,4.36044,6.81537,5.12845,10.8819,3.70411,7.79236,4.35064,9.14237,B
1.60072,0.869396,2.85247,1.57742,0.328415,9.96733,2.29074,2.07144,0.726838,9.55516,2.49218,9.1304,1.99989,5.80597,0.857322,8.1886,A
6.1118,9.00512,5.66705,3.82149,7.43654,9.16516,8.91508,3.4967,2.0929,7.81888,5.25609,6.58709,7.17916,7.72849,7.67487,5.09232,B
4.67249,7.12442,7.84871,5.76887,8.74154,4.78723,7.39383,3.46093,3.78271,5.63033,8.1558,11.3416,9.47894,10.6681,8.57393,5.93663,C
2.88142,9.73959,4.99238,6.48781,2.89983,10.3642,4.17831,3.90717,3.71208,10.6528,2.77606,10.6499,3.43514,6.62244,3.81766,10.0802,A
4.09019,8.18789,5.96055,5.24181,4.96782,8.39219,7.64679,4.96336,4.72501,6.28783,6.45597,5.82426,6.42214,7.56432,7.66285,8.67975,C
1.96028,4.87674,3.86503,3.84024,1.02925,4.8225,8.38318,7.56169,7.9994,7.44528,7.45337,14.823,0.872704,8.33685,3.41905,10.1162,C
7.44344,16.8849,8.23923,10.1836,4.9075,9.39197,5.53831,4.9438,2.62398,9.26518,4.45914,11.2644,4.90041,6.9588,4.92593,10.0102,C
5.56758,10.2772,7.38543,6.47946,6.22408,6.79756,9.23656,4.78809,5.95249,9.27868,5.59788,11.501,6.86132,8.5759,6.44782,7.90354,B
4.91116,9.97566,5.44611,5.56619,2.68743,9.07955,3.211,3.40078,3.76901,7.94208,1.72803,8.29111,1.99205,6.1912,3.72824,8.40924,A
5.29207,9.59545,5.56233,6.28095,4.04879,9.06483,6.55566,4.02946,4.08959,9.84074,5.24142,8.92223,4.19619,6.87674,5.63973,8.82099,B
3.12256,8.86306,3.83356,4.36432,4.50446,5.7921,9.1867,3.47653,2.07837,6.57052,4.67956,10.2747,6.527,8.39736,8.09209,8.71142,B
3.02477,4.39525,3.69323,3.81814,1.16371,10.8398,2.31071,2.61937,1.06625,9.56384,1.75909,9.65197,1.0422,5.79868,1.18095,8.19896,A
2.0187,8.72352,2.76508,5.6631,2.25542,5.70125,6.96503,7.98558,6.19614,6.66802,5.69744,7.80724,2.08694,7.20733,5.1594,7.04226,B
2.61874,6.02048,5.62897,4.96771,3.14492,9.72306,2.18837,1.94321,2.47421,7.32148,2.44701,7.7254,2.02379,5.82294,2.95094,6.99821,A
3.07894,9.16917,5.58731,6.22805,4.02669,8.73898,4.92532,1.46141,3.94778,8.4365,2.21006,6.16559,2.92048,6.31375,3.72793,6.5326,A
3.7207,5.41451,5.71904,4.894,4.32093,8.45073,9.22282,5.58642,7.47661,10.1269,6.47657,9.77626,2.63638,9.66142,5.78764,10.7225,B
4.94612,9.62316,8.49866,7.71841,8.09596,7.77242,6.92584,0.670517,2.80587,7.78201,5.50653,10.7405,8.28651,7.05297,5.93534,8.03924,C
3.56903,2.81464,4.35109,2.72152,2.55051,7.30375,8.50276,5.91387,6.92115,9.36347,6.5228,9.60699,0.99527,9.08894,4.48983,10.0686,C
6.45176,12.8674,6.44556,8.5494,3.58026,9.10421,5.23157,3.26463,1.52953,8.46825,1.15805,8.7016,2.97706,6.37701,4.43878,9.77144,A
3.56897,5.03253,3.94815,3.18872,3.52254,8.68282,6.71524,3.56991,5.68817,9.28522,3.20917,4.88697,2.30924,7.88656,5.93701,9.46631,B
3.24174,10.2563,5.18927,7.05505,4.38485,7.3953,9.15177,7.08983,6.35417,8.772,7.70809,9.52399,1.7113,9.26464,5.99846,10.8151,B
2.33144,5.74675,3.29623,3.86287,2.16335,10.5525,2.75071,1.89062,1.4465,8.97665,1.57794,8.90342,2.06936,6.93643,2.47668,8.59433,A
6.14876,9.94254,8.99821,8.53934,6.79663,9.77495,4.27639,3.93949,5.52538,9.72165,3.14389,8.53019,4.52793,7.67184,4.36564,8.67434,B
3.88189,10.6506,4.31379,3.71356,0.681358,10.3844,5.77781,8.04187,8.07172,10.1031,6.19861,16.214,1.65087,7.63676,3.95746,12.4539,B
2.10042,6.45415,3.93335,4.40076,2.77015,7.93581,3.58816,1.09614,0.856572,5.72671,1.81911,7.5992,3.86254,5.52021,2.06935,6.12553,A
1.98941,6.84327,4.31258,4.94012,2.14662,8.1162,5.47438,3.14681,2.53519,7.83901,2.03254,8.17042,2.15041,6.86329,2.45346,8.44961,B
3.72631,5.76847,5.77789,2.84803,8.594,11.45,7.4298,6.62851,5.28012,3.20703,10.5285,2.43401,7.48868,10.9032,6.39606,8.2681,B
2.71632,5.89437,5.18085,4.80195,2.56177,9.1892,3.05525,1.5883,2.41604,7.66815,1.29842,8.51322,2.24221,5.93378,2.37565,7.9984,A
3.30495,8.09325,5.51993,7.26098,3.66375,10.5064,3.85949,2.54705,2.30594,8.96371,1.35378,8.95961,2.45915,7.88812,3.22821,8.29473,A
4.25867,7.47108,5.52624,5.31583,3.67414,7.75098,9.475,6.57025,7.16064,10.1804,7.77749,10.2201,2.27754,9.78418,5.4403,9.77026,C
3.84862,5.00384,7.01905,5.63193,2.30926,8.31779,4.91516,3.61136,1.96072,8.33263,2.70035,7.97776,3.24881,7.30081,2.77347,8.31353,A
3.69145,8.15998,5.94261,6.69321,4.97528,8.74378,3.72302,3.15576,4.24011,8.38441,2.21262,6.93962,1.97856,6.65504,5.18681,8.80388,B
5.26613,9.53088,6.86359,5.65531,5.46394,7.6962,5.90619,4.62737,5.23431,7.95787,3.94345,7.67651,2.44425,7.21541,5.14192,9.75051,B
1.56458,2.33691,3.68334,2.56563,0.680762,6.50763,4.43077,3.32472,3.06144,7.05812,3.47382,9.67241,1.39063,7.62056,2.09318,7.42985,B
1.21017,-0.880841,0.713114,-1.27529,-0.313022,4.31235,5.36775,1.99803,4.53876,7.85261,3.36264,7.02711,2.76755,7.45673,1.15043,5.34105,B
6.90624,14.8937,6.59697,6.94427,3.2592,7.15718,5.79315,6.06466,10.2159,7.9421,5.10153,11.7554,1.33203,6.79067,4.00001,8.93762,C
2.69085,5.00187,3.58913,3.5609,1.31685,5.11379,8.15372,5.32079,6.66612,10.0444,7.58552,10.6563,0.705471,9.09275,3.51934,6.83886,C
3.4384,5.58573,4.24537,4.30019,2.43579,11.539,1.37539,2.43054,2.77551,10.1853,1.57025,9.41648,2.06269,6.08228,2.53065,8.48481,A
3.23044,9.69278,5.58562,7.16281,3.81226,11.3294,2.82637,2.75294,2.28904,8.69794,1.21659,9.4724,2.5427,6.26821,2.63295,7.86627,A
3.05866,5.85402,5.00577,4.79992,4.17317,6.84183,7.09111,4.70301,5.06592,6.97901,5.93625,8.43953,3.44913,8.36997,5.60391,7.35912,B
8.09676,10.1737,6.3357,6.22394,6.01331,6.2992,4.91976,0.936377,0.953515,8.39398,6.20176,10.454,8.59359,7.31475,6.3135,9.381,C
3.27382,5.37111,4.46863,3.97837,3.44554,7.62602,7.52606,3.93727,4.29371,7.94084,5.4171,7.2376,2.55241,8.65367,4.1158,8.73801,B
1.78336,3.57257,3.47219,3.70352,0.535119,5.25072,10.7263,7.2487,12.5365,13.9489,10.8609,18.084,0.378521,12.458,2.20882,9.5276,Unknown
4.48354,12.6259,3.82419,6.93652,3.53093,6.62061,4.01523,3.36782,0.587143,8.30737,3.85053,7.62799,2.57219,4.76778,6.17675,7.90483,B
4.05548,6.704,5.39597,3.86837,2.5578,8.20935,1.69494,2.08222,1.61089,6.69817,1.98012,8.84783,2.51386,6.77602,2.50116,7.25201,A
8.95263,12.0395,6.89093,8.07356,3.98278,9.64815,6.71836,3.15424,5.35839,7.58918,4.95112,9.0034,5.01965,6.36558,6.88979,11.9531,C
5.22718,11.7984,8.08728,9.42421,6.71099,8.61096,8.80833,6.76167,7.14801,10.3088,6.05664,7.38278,2.0973,9.98158,9.05981,10.9687,B
3.40835,6.22297,6.12493,4.66487,5.14875,10.0714,6.18366,2.52104,6.09473,8.35448,4.99429,6.30817,2.0458,7.82563,5.18666,8.51735,B
1.45107,4.49509,2.66191,2.42096,1.60751,8.29708,8.39506,4.19511,5.16599,10.6919,6.44863,7.06577,2.43667,8.02997,5.03015,9.53145,B
5.04901,8.79841,5.26625,4.8077,5.2771,8.84228,5.87466,2.03327,5.27481,6.31672,6.86227,6.08327,7.29578,8.59711,5.42733,6.66061,B
1.9291,6.80858,4.10014,4.38161,3.14763,8.18268,2.873,2.79631,1.20932,6.82067,1.69888,6.98059,2.66988,6.18277,1.688,6.76036,A
5.17358,10.7265,4.32136,6.21446,4.80049,7.45271,8.1065,7.2675,5.86572,7.44793,6.56314,8.43502,3.17593,8.40679,8.73365,10.1516,B
4.16767,8.82549,6.67379,7.69347,4.52516,10.093,2.3864,0.0946753,2.92392,7.90166,1.60029,6.45742,2.9976,5.91792,4.69966,7.76664,A
4.17318,6.52956,5.41846,4.90957,3.83812,6.25777,6.04617,4.78351,5.89188,6.21029,4.12931,8.51239,2.41619,8.57616,5.46731,8.3052,B
8.07563,13.8077,9.10954,9.30347,9.74074,8.73285,8.01386,5.78565,3.64872,11.686,6.96343,13.4895,7.90575,12.6662,9.73293,14.4356,C
4.50634,8.80155,5.77747,5.98189,4.71859,5.78817,7.58388,5.09966,5.0787,8.76513,6.49013,8.78157,3.65972,8.37038,6.02086,7.02272,B
2.6177,3.8018,4.4884,4.62521,1.2511,5.94133,7.77522,7.63141,9.91715,7.36675,6.26528,13.2498,0.519338,8.81835,5.97049,10.1303,B
0.573128,-1.06249,1.74721,-1.47823,-0.75881,6.82905,7.9303,6.10274,4.50188,5.86073,5.72858,9.4734,0.637046,9.08639,5.4672,10.2534,B
6.17966,10.4417,5.78609,6.38198,3.35381,2.35516,5.80646,2.6397,2.6981,7.79051,7.03434,11.0426,4.58074,9.38819,3.77504,6.76829,C
3.62323,5.04096,4.51659,2.95027,2.08919,9.9726,3.60407,2.95478,2.70519,9.6293,2.79103,7.75086,1.30721,6.19188,3.3276,9.27548,A
7.24082,13.2163,7.82259,8.16341,3.84356,13.5491,3.17505,4.50273,1.1356,11.9482,1.22227,10.2159,2.23232,6.30393,3.16477,9.44273,A
4.82595,10.6289,4.80643,6.88923,4.63361,5.36909,5.14865,5.94134,4.84284,8.31764,6.02964,6.83877,5.22564,6.68114,7.43203,7.31822,B
3.3084,8.18847,4.24283,4.99537,3.69374,10.7794,3.5541,2.50828,1.23609,9.08581,1.01047,8.70034,2.4976,6.85017,2.64887,8.95878,A
2.27344,5.37341,4.25755,4.73376,1.34657,7.43828,4.549,2.89759,2.09067,6.92204,1.24412,8.99062,1.87598,7.57646,2.40257,8.23504,A
5.53258,8.60596,6.76398,6.70501,5.28759,7.81167,7.1826,6.26549,7.29954,7.88522,5.32925,5.51916,2.67376,6.77401,8.84894,10.6254,B
2.00365,7.36306,2.80949,4.34447,2.05996,9.30083,3.98126,5.0627,4.98653,9.79554,4.89845,11.8302,2.17323,7.59675,3.01535,9.65017,B
5.19086,11.4185,5.92641,7.27212,2.73224,7.22153,3.92756,4.80874,2.82906,6.7005,2.88618,9.22482,3.85539,6.08601,3.79586,8.20859,A
3.84181,9.6108,5.55794,6.87905,5.37566,7.08024,6.44066,5.69414,4.85707,6.77316,4.69416,6.43639,1.85409,6.6713,5.61779,4.83607,A
3.91351,7.13687,4.37236,5.03191,3.14293,9.08978,9.57651,6.67157,7.8546,10.811,7.37896,7.09336,0.640259,9.67089,5.09993,7.33035,B
6.01199,5.46289,6.96358,7.11913,2.71849,6.16335,6.72178,8.42385,14.4044,5.17133,6.82468,16.7861,0.291741,9.78434,5.19717,10.458,C
5.6249,12.1094,8.11575,8.57633,6.91465,8.87745,4.42653,2.71349,5.85677,7.10497,4.77364,5.95001,4.1073,7.81998,8.03927,8.4442,B
4.16859,12.141,6.94601,9.26911,6.57991,9.25443,3.9334,1.69479,4.49144,7.27965,2.15623,5.28101,2.058,6.37266,5.05345,7.40762,A
4.11594,8.91608,6.67888,6.58413,5.95257,8.61998,7.7019,1.62416,3.39202,8.2158,4.11899,5.9306,3.75439,7.99361,5.2512,8.34778,B
3.10372,9.58286,4.5505,6.07094,4.53477,6.5473,5.77652,6.36972,5.09075,6.47707,5.25508,6.90232,1.85195,7.8129,7.01514,9.76334,B
3.81047,10.4319,3.50166,6.30053,2.18915,5.50787,5.38576,4.67387,2.42349,9.82468,5.40031,10.5751,2.51511,7.98946,3.72733,8.31547,B
8.59635,14.6638,9.14434,9.84542,10.7032,6.66737,5.23802,4.42594,5.43444,9.25541,4.58758,9.674,9.56484,6.91222,7.95593,6.77758,B
3.22922,4.87795,4.66194,3.73175,3.26411,5.6488,7.21544,5.49475,5.57546,7.45019,5.62515,7.77421,1.82012,8.16221,5.27151,7.07034,B
5.78466,8.74969,7.55032,6.69112,4.66694,4.56893,7.84703,7.86364,8.55216,10.1622,7.75358,7.93211,2.19745,9.49515,5.87467,6.03084,B
2.66995,5.07137,5.0641,4.90058,3.09722,9.17095,3.0555,2.0942,1.95751,7.09707,2.09171,7.85691,2.05234,6.28412,2.13552,5.61259,A
3.21548,8.35184,4.2513,5.60018,2.8976,6.54614,8.45012,5.91652,7.34984,9.98817,6.26828,8.70088,1.25057,8.83791,4.05606,9.19824,C
2.82172,8.45247,5.96719,7.38233,3.91054,12.1662,2.78293,1.58191,3.87783,9.97248,1.02563,7.76557,1.87051,6.92543,3.65082,8.66149,A
2.40172,5.43004,4.09107,3.97334,1.49906,6.81243,2.32892,1.49325,1.03331,5.95827,0.14892,6.62537,2.38261,5.70356,2.03593,6.11608,A
5.15844,15.336,8.04577,8.28034,3.91968,13.2482,4.3675,3.017,0.926707,9.53108,0.776035,8.46045,3.24869,4.67869,2.63921,8.85252,C
2.80653,7.20671,4.24179,4.79762,2.60153,9.23741,3.40081,3.02071,3.31373,7.60326,2.29041,8.14498,1.83017,6.73573,3.04459,7.97155,A
4.34006,9.11554,5.76793,6.277,2.27936,6.36025,10.2858,9.30644,12.0134,10.2192,9.97443,15.1327,0.879098,10.5076,4.19017,10.5201,C
5.12125,11.1903,6.11789,8.01098,2.14971,5.49464,8.11112,6.53436,10.8827,6.4669,5.92845,12.6898,0.991353,6.2157,4.16127,10.0984,C
12.1335,14.0979,9.10658,8.12606,4.52208,6.52394,7.82556,5.75109,6.31763,10.3218,7.73316,10.7452,5.43115,7.60372,2.12869,8.60772,C
2.46796,4.16373,4.18319,3.84169,1.43415,7.28355,1.04312,2.05074,1.21885,6.24764,0.37143,7.8139,2.17205,5.99378,2.04979,6.35457,A
3.08933,8.42817,4.43828,4.92676,1.95292,8.64086,4.43504,2.58611,0.53165,7.80843,0.743199,8.0903,2.89252,6.88598,1.42896,7.79023,A
1.52896,7.63107,3.42471,4.81907,1.82767,9.32899,5.71256,3.20566,1.25029,8.79976,0.629954,7.86521,1.52307,7.10228,0.993697,8.71824,A
5.36958,9.15227,6.62455,5.53952,5.50076,7.11289,7.40781,5.43463,5.82686,5.55279,3.35754,4.65805,2.33455,7.71022,5.47816,6.68996,B
4.58831,9.79532,4.90124,6.04538,2.27467,5.46579,8.75847,6.87542,8.41225,11.6974,8.52233,9.96847,0.588874,9.57039,3.57526,8.26002,C
5.26726,10.2152,8.44772,10.0446,10.3314,8.92025,7.54329,8.46786,5.3445,6.6377,4.57472,6.89042,3.50741,10.3547,6.79806,8.36216,B
6.09262,9.2784,5.21247,5.71112,2.89294,6.3556,7.01853,4.08445,4.66815,9.19146,3.44529,6.44334,2.70236,7.64111,3.9641,8.63882,B
-0.866996,-5.53512,9.08575,-14.8011,-24.4865,49.2442,28.3052,-22.5305,21.9122,15.0062,16.7951,-32.413,2.98376,14.153,-45.6656,13.2365,Unknown
2.22552,2.44618,3.60214,2.79525,1.23589,8.45767,3.37372,2.76747,1.46487,8.15669,2.52984,8.64457,1.57379,7.16732,2.12731,9.00966,A
6.58188,11.7933,7.51077,7.53208,7.04388,9.93813,4.94838,3.93157,2.68378,9.0405,2.37953,7.57184,4.81638,6.02527,4.80098,9.86355,A
2.38779,2.23221,3.28512,2.63461,2.97303,8.43075,8.70263,6.31402,5.40773,8.52498,6.04629,7.72092,3.05524,9.97258,5.48709,9.76647,B
10.0432,17.5864,7.94671,4.14704,6.44843,21.8568,3.65139,0.404459,-10.1375,20.9829,2.66635,15.0601,8.33861,-1.93546,8.41862,24.4363,A
4.80055,11.3138,6.79477,8.13662,6.54625,8.03198,7.55735,5.14864,4.59081,8.30202,3.12734,5.80643,3.76908,7.95522,6.37726,4.38281,B
2.76755,5.52466,4.42687,4.38005,2.30043,8.32176,2.85573,1.5133,1.93384,8.64251,1.84769,9.18385,2.39909,6.30739,2.40678,6.94026,A
2.41658,2.88664,3.23615,2.54695,2.52683,7.22056,5.1687,2.8758,2.45087,6.17429,4.37892,6.76359,2.51774,8.08473,2.87783,7.70839,A
3.22962,5.57495,5.62202,4.87265,2.90014,10.8242,1.5236,3.08996,2.92767,9.16384,2.27557,9.08623,2.83416,6.37429,3.29618,9.84322,A
5.0608,7.3799,5.63332,6.44028,3.47883,5.97596,7.34637,7.87545,7.33148,6.78379,7.59955,10.2517,2.55955,8.9341,4.77664,7.27112,C
2.50485,1.54563,1.68352,2.02784,0.30739,3.20349,6.41416,4.58253,3.1311,6.95911,5.27512,4.45561,1.16338,7.24465,4.31818,5.86697,A
4.95851,10.2158,5.93401,8.12491,3.527,7.55897,1.5625,2.02501,4.53613,6.79648,3.08599,8.6664,1.73861,6.61364,4.96172,8.06706,A
4.43468,8.99809,5.96881,6.00981,4.16341,8.25451,8.57877,6.60346,6.84115,10.145,5.68168,7.53229,2.84911,9.25659,6.23433,8.06411,B
2.76341,2.84123,3.89158,2.90291,1.92098,8.41226,1.43048,2.02108,3.37233,6.88969,1.39348,10.5928,2.08422,6.61113,3.34984,8.55214,A
3.63167,6.74245,4.607,3.87583,4.49189,7.33006,9.08813,4.82199,3.96846,7.97838,6.05498,7.34202,2.85676,8.44748,6.17727,7.0974,B
2.60896,8.71648,4.28405,5.19736,3.39299,7.55024,7.20179,5.55596,5.58199,7.53376,5.39712,5.67843,3.85939,7.99861,7.97144,9.71067,B
5.30905,9.0372,6.00453,5.65883,3.86463,5.84323,6.29118,5.79497,6.38049,8.79974,4.88037,8.53137,1.94234,8.31835,3.90672,8.45432,C
3.90177,5.66656,5.41108,4.25366,5.37518,8.28423,5.31725,1.0844,3.22501,5.98962,4.25402,6.3824,6.10991,7.68523,6.57304,5.79123,B
4.78991,8.05484,3.82987,4.6682,5.00727,7.72872,7.79603,3.04373,3.60496,6.49125,7.61624,9.04296,7.22069,8.26831,6.82211,6.73556,C
2.7216,7.25856,4.21819,5.30353,2.44319,5.13282,7.66018,6.86625,8.07933,6.95324,6.99369,12.547,0.225676,8.36882,3.97694,8.84653,C
3.33573,4.98097,4.80371,2.94794,3.90101,9.91973,5.76066,2.44378,4.20518,10.2897,4.29414,7.7835,2.70207,6.98964,5.10001,9.80387,B
8.98502,15.1743,9.77506,8.94709,9.11238,9.99972,4.51322,4.12466,2.79151,6.67515,5.19888,11.575,9.75104,7.53855,6.92745,8.19858,B
6.06237,13.6768,5.29376,9.56505,3.22781,3.79159,7.3201,6.15142,7.41104,9.96231,9.09004,12.5936,2.34481,6.28569,3.97177,7.09352,C
3.50859,7.46519,4.04362,4.94442,2.59909,6.28198,6.78145,3.95388,6.22937,8.85904,6.12024,9.34043,1.63624,7.05535,4.0848,7.80265,B
5.78144,10.4715,5.30731,6.80757,3.60718,4.75269,7.17048,5.28363,6.5563,8.92492,5.95922,8.92234,2.04871,7.47457,3.96771,8.39155,C
4.0013,4.44151,4.8667,4.69188,3.84696,8.30997,6.05325,3.39366,3.52942,7.14797,6.30252,9.36393,4.24657,8.74088,4.36544,9.47675,B
6.36711,11.8998,5.92756,7.57185,4.44371,6.86419,3.74848,1.9317,0.969555,5.89405,3.45188,9.84946,3.82014,4.94627,2.71757,7.12572,A
12.7497,18.0719,11.6314,9.7391,7.97172,9.59009,8.43653,3.60028,1.95321,8.17861,5.12662,9.83627,11.5598,4.17506,8.04113,10.488,B
3.41357,5.49639,4.87294,2.40269,1.89134,9.78335,0.809648,2.89907,0.651222,8.55541,2.78912,9.75586,3.64452,5.85495,3.41343,8.69602,A
2.60953,6.69398,4.0324,4.43863,1.32742,4.16625,10.3176,5.03669,6.81628,13.8439,11.8083,12.7476,0.739525,10.5068,2.65046,7.62196,C
1.11149,-0.378026,0.578251,-2.21009,-1.30922,7.18805,3.52546,1.54989,-0.766237,7.32428,1.97154,6.84528,1.49502,5.29227,1.65505,7.8519,A
3.1987,5.23755,5.17439,3.89412,3.85978,8.66307,6.94929,3.42214,5.33529,8.06532,3.662,6.9444,1.46087,8.0031,4.0624,9.18186,B
8.28987,23.2598,-17.6932,32.7947,4.08581,-4.17323,21.2926,-53.0825,-18.9573,-19.4115,-2.50545,-7.71594,2.40279,-0.225472,-3.45659,27.1942,Unknown
6.77497,13.442,6.41554,9.94133,2.96361,4.8734,6.13155,7.8606,8.76099,8.68193,5.51364,9.24473,2.66855,8.96436,3.44679,7.18264,C
3.47954,6.60038,4.6807,4.21043,3.89887,5.90001,6.76125,5.09712,5.04341,7.48031,6.86751,9.24944,1.95733,8.93169,4.53838,8.82758,B
2.52226,1.87783,3.73046,3.75725,1.31125,5.58203,6.44149,5.55789,6.84385,7.27355,5.27601,11.1988,0.60731,8.01851,3.57783,8.7673,C
4.41312,5.51686,5.97725,4.93093,5.04762,8.37977,5.96697,4.40213,5.91516,7.7629,5.84024,7.55159,1.91311,9.22285,6.21128,9.7922,B
3.54845,9.35154,4.58469,6.49941,4.01926,6.07992,8.23087,9.59208,5.9732,7.53772,5.55987,8.66445,2.78126,8.10295,7.39147,9.25246,B
1.48913,21.1241,0.690013,-1.03855,-1.6306,25.1046,12.234,10.033,1.67501,23.2276,24.5874,20.3347,5.20221,6.44518,15.1197,30.206,Unknown
4.37241,7.02813,5.43963,4.10691,5.05205,9.00721,8.68528,5.18312,5.08303,6.94698,7.183,6.72994,3.78396,9.52043,6.10874,9.4608,B
1.21545,1.44285,2.27559,1.09757,0.757247,7.37048,6.11538,5.27704,5.11987,8.59165,4.42799,10.8344,1.23386,8.09032,3.70812,8.65765,B
1.6681,3.22543,3.27202,4.15707,1.77961,6.71186,6.85006,7.09055,7.53952,8.11858,6.27436,10.14,1.51522,7.93024,6.72813,9.67955,C
8.37802,13.0752,7.46307,6.61884,7.20598,7.93441,6.9828,6.80738,4.99384,10.4803,7.35262,6.85328,6.32946,5.93604,7.37439,5.88861,C
4.55525,8.58156,4.73029,5.47064,4.43551,6.94643,7.52574,4.64521,3.21543,6.92443,4.91028,8.8436,5.54922,6.58219,5.94907,7.85648,B
-11.0147,7.08613,-0.698358,25.0728,2.66618,17.9817,1.00104,20.8268,-1.09534,5.50151,-9.74707,-1.92035,9.24311,18.4572,21.4634,-24.3542,Unknown
2.44083,5.81772,3.79709,4.52675,2.42682,10.6353,2.23496,3.12107,1.25696,9.75838,1.19808,8.07558,1.24494,5.3189,1.92646,7.71831,A
5.44713,7.97503,7.14479,9.28205,10.2729,3.7237,11.2268,7.46409,9.42843,6.06855,10.4192,13.1931,2.15526,13.5914,14.2406,17.8214,Unknown
3.06722,2.18762,3.88313,2.41147,0.385828,9.6483,2.46639,4.05184,1.67704,7.89547,1.40116,9.68485,2.07439,6.81432,1.48544,8.85801,A
4.16916,9.74996,4.82039,6.27314,3.08253,9.35302,1.75053,3.73072,2.48197,8.47594,2.59154,9.6978,3.2502,5.50544,3.34381,8.6144,A
2.47865,5.65726,4.33844,4.30413,2.63923,8.78366,4.73465,2.45934,2.49437,7.49881,1.87853,8.10637,3.28722,7.33613,3.1421,7.67444,A
3.00717,8.05203,5.02362,6.3595,2.65003,7.84188,5.01008,3.40638,2.07298,6.18714,1.98154,7.0224,3.9009,7.88654,4.05908,9.13716,B
5.39517,13.3099,3.84703,9.67578,6.04353,11.3283,1.24655,2.91627,2.1955,9.90205,5.49051,10.4479,5.73903,4.10791,6.31678,7.6385,A
3.25572,7.5254,3.34534,4.41859,2.48228,6.55453,9.20564,7.29254,7.49977,8.53533,7.28823,9.64203,0.728048,9.10368,5.53098,10.9689,B
2.85098,6.11839,4.68208,4.32888,5.19205,6.05408,6.48442,5.37031,4.01701,5.65676,6.1384,6.82385,3.32474,7.94136,5.69063,7.33539,B
1.94658,4.12575,3.30164,2.46105,0.936913,10.9052,1.50265,2.50993,1.80517,9.14856,1.69172,8.82644,1.83134,6.29104,2.112,7.87149,A
6.15009,10.8082,7.25608,7.93872,4.21973,4.79125,6.59154,5.82879,7.41661,10.0099,8.02958,10.035,3.12289,7.8269,3.74573,6.99713,C
4.2739,10.5607,4.63208,6.56591,5.48016,7.33565,5.94145,6.13682,3.52031,5.26948,6.42149,7.917,3.27648,8.3692,6.76065,8.79673,B
3.42241,6.17272,4.74818,3.69942,3.25384,6.83893,7.3512,3.16129,6.10921,9.82327,6.12437,7.19309,2.28348,7.54885,4.02014,7.80227,B
3.90851,7.88385,3.91361,4.15586,1.67639,6.23603,6.44865,4.97288,5.69782,8.86738,5.17352,5.29509,1.31165,7.17506,6.06492,8.77408,B
3.22281,8.67027,6.13399,7.0322,3.31195,11.5049,1.67241,1.85582,2.83449,9.62656,1.00836,8.21516,1.7303,6.0498,2.78756,7.03425,A
2.66422,4.75353,3.25928,3.36752,1.46607,10.3642,2.40371,3.18293,1.9776,9.08375,2.29504,9.70561,2.4147,5.59934,2.40914,8.59401,A
2.24475,6.30598,3.56835,4.80348,1.31574,7.57289,5.61208,3.45894,0.549885,6.90032,0.0924919,6.8991,2.12492,6.68202,1.20767,7.38843,A
2.38831,8.32802,2.75641,5.84075,2.41398,8.05371,9.82899,12.3686,10.8842,8.17199,7.55975,15.5486,1.38979,9.80484,6.98285,12.3994,C
11.5403,-15.9104,11.1763,2.05084,9.25851,24.9139,18.7792,28.7515,26.9889,1.53263,18.9555,29.1035,-12.6001,23.433,15.9471,25.2575,Unknown
3.68835,5.49522,5.31559,4.34544,1.55518,9.25253,2.92415,2.60773,1.63764,7.50643,1.64132,8.6273,4.00459,7.38327,3.38209,7.25485,A
10.8847,23.0052,14.5457,14.058,9.70981,15.7745,3.72041,2.55373,6.32884,16.0463,1.19194,10.4036,6.32835,5.5636,6.84942,13.6125,C
3.89864,2.46233,6.86019,4.0422,6.11215,8.05674,5.3845,3.62948,3.81248,5.77681,6.18489,7.90495,5.94206,8.13437,6.55566,5.30014,A
2.30069,9.41869,4.43303,6.59415,2.19016,6.20521,4.69781,2.70184,3.98631,5.72854,1.30258,8.57087,1.12283,6.38532,3.09614,7.26684,A
3.88398,8.99234,4.23188,6.1419,3.56519,6.34892,7.11009,8.34631,7.53078,6.92221,4.93682,6.61084,1.11785,7.81195,6.03678,8.28941,B
3.3758,7.35723,5.1539,6.1623,2.18671,5.85027,5.61065,3.60359,1.20561,5.95687,0.938442,8.40253,2.51982,6.70918,3.06773,8.35642,A
5.06095,6.98757,7.236,6.28338,6.3776,5.8578,7.04052,4.53088,4.59698,6.26144,5.4625,8.4485,4.7727,7.53793,4.2196,6.57897,B
2.29736,6.91413,4.28978,4.7208,3.59572,8.97066,6.51971,1.74389,2.64342,8.87591,4.11276,8.81375,2.9676,7.97927,3.41958,8.93486,B
-9.50734,-12.0235,30.3519,2.58454,4.20149,40.8618,1.53158,7.3793,-26.2801,-19.1326,46.2093,-31.5893,32.1777,-0.300723,-7.01969,-11.6297,C
2.75514,4.88906,3.84953,7.97068,-0.358311,4.91962,8.43564,6.78894,14.6496,8.40921,8.51039,15.0376,2.19903,7.75184,4.06137,7.59214,C
1.75415,0.603639,2.56642,0.618888,0.714019,7.24197,5.56551,4.13878,3.88574,8.01525,4.81381,9.74686,1.04919,8.48258,3.20669,8.65812,B
5.17816,9.45494,7.08938,7.12911,4.57881,8.07308,5.65293,3.43476,4.33534,7.1933,3.50064,8.51516,3.79178,8.06198,3.77546,8.01192,B
3.14465,7.00493,4.57276,3.80738,1.77909,12.0993,2.68944,2.9798,1.17096,10.3413,1.47963,8.11062,1.90242,5.34087,2.14241,9.01445,A
3.23992,8.3285,4.15338,6.09911,4.34794,5.75255,5.00002,6.7279,5.15364,5.20611,3.7117,5.81169,1.63909,6.55845,7.24348,7.90573,B
3.25408,1.27276,3.46203,2.49863,-0.0944928,9.44454,4.28445,1.79173,0.05439,9.35012,1.00676,10.3185,2.69979,7.38288,1.4717,9.10477,Unknown
8.32905,12.4411,9.15018,9.47499,9.28812,6.4304,6.2132,4.00167,4.92783,6.9753,5.21448,5.72731,3.9372,7.07009,7.44815,7.05635,A
2.01095,3.86345,3.31605,3.71078,0.535659,7.51235,4.14335,3.10877,1.69951,7.70915,1.88382,9.62391,1.83595,7.17329,0.692806,7.73327,A
6.04283,11.803,7.29247,8.68944,8.57702,8.01147,5.86214,5.12645,7.24156,7.32144,5.03107,5.41359,5.97254,7.89694,10.5927,10.2212,B
5.799,11.609,8.48199,9.62151,4.93526,5.67349,6.37878,7.96937,10.0557,6.84784,5.65527,13.1073,3.39937,7.50684,5.39731,9.59397,C
4.79915,11.9807,5.80009,7.39956,2.88637,12.1895,2.92166,4.16767,3.87615,10.9342,2.23435,9.84991,2.22636,6.30479,4.13112,7.43853,A
6.03668,12.882,5.38833,5.97949,2.17386,5.71716,9.13258,7.13899,6.54427,10.1776,7.39851,9.92952,2.4468,8.65335,5.99899,9.95085,B
2.38857,5.07382,4.36655,4.56939,2.66026,6.28402,4.37447,3.35368,2.91079,5.8533,2.52692,7.40814,1.86801,6.95401,3.28121,7.42417,B
6.7363,12.2448,6.93343,8.38378,5.79144,7.57926,5.30175,2.86013,3.10016,9.19638,4.27037,6.93143,4.09359,6.67711,7.4993,9.95631,B
3.82505,4.8211,5.56014,4.81102,3.55445,8.86275,8.49368,4.11599,7.20858,12.2693,5.93321,10.0223,4.28181,9.39356,6.20156,10.33,C
1.43578,4.60393,2.76162,3.71792,1.84219,7.01667,8.28136,7.34063,5.96268,8.10173,7.29308,10.7785,1.33625,9.71239,4.92067,9.72294,C
2.95297,6.52893,4.34194,5.11933,2.81123,8.99166,4.25494,3.28153,3.03239,8.6756,2.51322,7.10367,2.34901,7.12185,3.47912,8.13605,A
5.11438,11.728,6.36072,8.82006,5.45565,10.1423,3.21144,3.48003,1.66503,8.76018,2.02314,8.50652,4.0058,5.54963,4.25097,7.28248,A
3.12744,6.07816,4.64033,4.58563,3.79857,8.99675,6.31499,2.7216,5.70377,10.908,3.49379,5.99663,1.80378,7.5202,4.69894,9.14372,B
3.54057,8.72166,5.77742,6.41573,3.02269,5.55533,6.08358,5.19741,7.97043,8.6598,5.4248,11.9173,0.827461,8.20141,4.08862,8.55904,C
2.92405,6.57636,4.99732,4.55384,2.80851,11.9777,2.35318,2.0686,2.2412,9.77981,1.26827,8.38539,2.465,5.58933,2.83273,8.50294,A
2.00819,4.33878,3.134,4.5901,1.45604,8.70331,2.2546,1.7837,1.01047,8.43587,1.23414,7.84411,2.66126,5.13163,3.42058,8.04865,A
4.60341,11.9614,7.40125,8.09365,5.78672,7.68203,4.28601,2.05266,4.81313,6.50504,3.17276,7.26996,3.48207,8.00002,5.22472,7.24175,A
4.66233,10.2913,6.15465,8.02059,4.96525,4.90287,6.33148,6.69395,6.40092,6.1729,4.93494,10.1136,3.27361,8.45328,6.71454,10.2836,B
6.59861,12.3743,7.70073,9.85421,4.41546,4.50173,8.50336,5.87585,8.30767,9.41582,5.3119,11.8111,3.09525,8.30833,7.16247,11.432,Unknown
5.85728,11.1562,7.72012,8.22777,7.25246,8.70429,6.57388,4.15535,4.67127,7.87674,2.77763,4.87171,1.95373,6.78552,6.39066,8.153,B
4.87312,7.05374,6.81381,5.63732,3.57586,7.51329,2.1377,3.35179,1.90321,6.90516,2.1201,8.82331,3.45037,7.13342,1.82514,6.79179,B
3.01551,6.44955,4.84242,4.08056,3.06452,8.87462,5.28276,2.63509,2.73916,8.47823,2.64577,7.25202,2.95637,7.86502,3.98387,8.71427,A
5.8848,14.0058,7.44317,6.89322,3.17752,8.53453,7.04932,3.48021,7.98043,7.99706,2.54004,11.3938,3.60029,7.21736,5.40393,7.75962,B
6.26933,10.1682,7.73659,6.43424,5.71174,10.2617,6.27384,4.86262,6.2971,10.6232,5.23945,6.44169,2.70679,7.13813,6.00691,10.9486,B
3.61495,9.32828,4.74634,6.19087,4.1674,7.43565,7.38109,6.15835,6.01804,6.2623,5.28669,6.74361,2.95164,7.79063,7.23703,7.72822,B
4.41566,10.6601,5.56779,7.42856,3.80517,6.19569,6.02997,7.69459,6.26384,7.68794,5.08808,8.55969,2.68907,7.87968,4.95005,8.4461,B
5.36962,10.7624,6.13589,7.04276,3.66651,9.28809,2.47596,3.07137,2.94796,8.29282,2.59327,8.79677,3.5191,5.67343,4.77163,8.20625,A
4.51362,4.75161,6.71713,4.98723,4.0399,9.5019,1.77469,1.43334,1.969,6.86052,3.02743,7.2436,2.80511,7.25117,3.80193,9.26382,A
-1.4194,7.38546,-0.611621,14.6097,26.0385,19.28,-6.2654,11.0851,9.50704,10.6297,14.0491,6.00856,23.4016,23.4667,13.3802,8.08,Unknown
5.12867,10.036,6.87806,7.22761,5.31308,8.10124,8.46156,8.62758,6.60139,8.32919,7.0401,7.27179,2.77791,8.05888,8.04964,7.31496,B
4.56289,8.16233,5.44591,4.39653,2.77881,11.8698,1.8555,3.24344,2.83842,10.9078,1.09126,10.101,2.68,6.29117,3.62241,8.76644,A
5.7307,9.20793,5.83233,6.06453,3.93688,7.29005,7.28656,5.78708,7.91462,9.77466,5.6686,8.87874,2.65344,8.64239,5.86115,11.2084,C
2.33341,6.92077,4.43712,5.29102,4.44852,7.28983,6.7076,6.84527,4.36921,7.69283,6.54271,7.59412,3.5226,9.12435,8.77871,8.38582,B
1.45843,4.46958,2.39783,3.01529,0.949267,5.02187,7.41664,6.59446,6.6427,8.59615,7.46339,12.1152,0.587248,9.27144,3.37097,8.63145,C
1.9882,6.06235,4.25261,4.47639,3.36935,8.04426,7.8098,3.8023,4.12983,8.30484,5.94799,6.36304,3.64868,8.51126,6.93803,8.85773,B
4.77352,8.10405,7.11958,5.36936,5.3627,6.23676,5.45559,4.57324,4.0962,6.3841,5.76224,7.70872,4.21346,8.77843,5.29534,8.26313,B
6.76448,11.4816,7.32028,8.2056,4.41353,12.7963,2.83706,3.69998,2.87226,11.3878,1.94819,9.49331,4.38631,4.71565,5.00522,10.2711,A
3.15229,6.85987,5.14491,4.63795,6.1359,7.93131,6.76099,5.67257,5.482,5.39688,7.33413,5.82275,3.53214,8.68177,6.86209,7.22943,B
1.34048,1.80762,2.65974,2.00181,0.53536,8.36169,3.54769,3.00641,3.12875,7.5776,2.72964,10.5111,1.48843,7.37995,2.42039,8.41455,B
3.51729,9.2938,5.39805,6.06248,4.31441,6.3516,4.37606,2.88401,5.00292,8.39357,4.0006,8.79247,1.92083,7.04085,3.5453,8.16236,B
2.92306,5.61633,4.70999,4.20533,3.22026,9.46576,7.22149,1.04455,4.07477,9.26758,3.07439,7.43211,3.89388,7.68111,4.20823,9.78175,A
3.482,4.81754,6.13789,6.31886,3.23653,11.0854,4.32271,1.81193,1.84017,9.02433,1.45211,8.96765,2.20477,6.817,2.43858,9.90312,A
5.08226,6.62321,6.71191,6.52569,5.17814,8.86712,7.13667,4.18656,2.75633,5.92776,6.66443,7.45065,3.24387,8.73506,3.67047,4.7078,B
4.72781,10.1161,6.71697,7.45844,8.70858,8.4312,5.25519,0.509821,1.00073,6.93684,4.80432,9.51208,9.44811,7.85838,4.97728,7.3205,C
2.68645,7.74161,3.95758,5.26512,2.88692,11.1387,3.30858,3.97838,3.40366,9.7007,2.71642,9.99034,1.66885,6.69791,3.32717,9.46718,A
3.78798,1.77752,5.29108,5.41531,3.92045,6.78407,9.20181,5.89636,5.69076,7.26672,6.21196,8.19567,2.60175,8.85176,5.83291,9.00618,B
5.84226,11.6701,5.98521,6.41189,5.30298,7.19766,6.83421,6.87413,6.05962,8.27955,4.91729,7.22155,2.76266,7.21471,8.64292,8.89027,B
-16.4177,1.7424,-9.87389,-1.17065,10.4178,10.2655,-0.441934,-10.999,14.926,-17.8948,-4.35124,-30.0938,6.99429,-5.56879,-27.1377,-22.7837,B
5.43926,12.8084,5.58887,7.34603,3.95427,8.64289,3.64581,4.29301,4.66355,8.04578,3.35531,9.60278,2.24314,6.925,4.6941,8.81065,B
4.37152,8.00659,4.42561,4.64357,2.08312,6.82004,6.10362,7.50685,6.29444,9.20459,5.62309,10.8717,3.09977,7.12967,4.41555,9.4982,C
3.08125,6.29799,5.42805,4.87466,3.66992,9.83993,4.98121,1.76452,3.27093,7.43779,2.34856,7.41543,2.33699,5.35455,3.0113,7.89706,B
2.64838,6.89646,3.33707,4.93447,2.56928,4.66997,7.984,9.13978,6.2273,6.1848,6.41971,8.95099,3.48663,8.13913,7.59447,10.4702,B
4.38191,10.4899,5.46446,6.02046,3.54419,9.38217,2.60373,2.35283,2.27152,8.44033,2.59101,9.13005,3.0799,6.10698,4.17097,7.46255,A
4.18159,8.21991,6.42565,5.16802,5.33089,9.39664,8.34122,6.77045,2.36502,6.48188,7.0543,7.97825,7.19696,5.34776,8.76397,4.58774,A
2.12509,6.15659,2.81655,4.56913,1.34722,5.56638,7.10237,6.9284,7.18467,7.98044,7.02071,8.25565,1.32528,7.86843,5.83314,8.88188,B
8.63604,12.7507,10.1929,7.93268,7.38172,7.9161,8.80659,6.84524,8.75773,11.091,5.1772,6.25504,2.91096,9.70576,8.69479,10.0928,B
1.41621,3.84692,2.3785,2.29644,1.71337,5.54021,6.56396,4.9786,5.95961,7.1326,6.16871,10.3874,0.891072,7.98186,3.27501,9.11217,C
6.19921,9.03301,8.24563,6.06843,6.26945,8.67341,6.0986,5.62937,6.97296,7.72018,4.32534,4.51351,1.89173,7.4572,6.65242,10.4023,B
3.82868,7.99198,5.85663,6.06024,3.04162,8.68126,2.66721,1.97245,1.82292,6.99949,1.5401,8.83129,3.05923,5.42424,2.17455,6.03533,A
3.47428,9.12851,4.37358,7.10407,0.917373,4.12409,7.33084,7.5148,10.0152,6.30729,6.23092,11.751,0.802656,7.4226,5.78474,8.53002,C
5.0545,7.98916,5.87864,5.71997,4.18325,7.717,7.46135,4.02219,5.31447,10.1391,3.84743,6.15762,2.13764,7.34585,4.59506,8.10455,B
3.57994,7.79712,5.14971,5.88444,3.68008,7.75255,4.17087,3.27631,2.8947,6.6505,2.63155,9.55762,4.53857,6.9505,3.24464,7.35303,B
7.5201,12.381,7.18089,8.67239,7.95919,7.21575,9.13968,5.88067,6.10474,9.64888,8.07677,6.80302,4.66211,8.04241,5.40059,8.49127,B
1.70813,5.98796,2.93309,4.45228,1.68394,9.72939,5.25469,2.77887,0.676635,8.79714,1.71969,8.27549,3.1511,7.40312,1.93611,9.67787,A
5.12201,11.9488,4.00235,4.41119,3.0157,8.80137,2.38951,4.66195,-0.88793,8.74465,5.52744,12.0873,7.14932,6.62343,6.28814,10.8895,B
3.28432,6.48397,4.6554,5.44889,3.05794,9.61332,3.5068,2.53417,1.81575,9.64475,2.07274,7.9716,2.49103,7.31197,3.02536,8.22716,A
7.11526,10.5736,6.68341,7.01817,3.73265,3.43303,7.77117,4.56897,5.86473,11.7723,9.00469,11.361,3.56366,8.90116,3.23888,5.31123,B
4.0388,6.72042,5.27635,5.97419,5.49098,8.18382,7.48645,3.07481,5.85989,4.96489,6.21702,6.33946,5.80589,8.06637,8.14599,9.34357,B
4.08321,8.8862,5.79196,6.12026,4.82369,8.32365,8.35035,5.15727,6.31518,8.06297,4.43653,5.57392,1.3097,7.94706,4.62179,8.89845,B
2.91992,4.40786,4.69403,3.31673,1.97069,6.12175,5.83236,2.28895,3.43904,6.68068,2.00003,6.35023,1.92262,6.82253,2.84543,7.29854,A
6.10704,10.6074,8.02325,7.40677,7.37922,9.88169,6.96794,0.945542,4.65291,7.53566,5.67869,5.44498,4.82285,7.141,6.37407,9.70717,A
5.68477,11.5281,5.36346,5.55801,3.2223,11.9573,4.11106,4.56916,3.42796,12.5089,2.84633,7.58512,3.94418,4.39166,4.73536,10.7437,B
3.56961,7.37545,4.03501,4.54619,0.677579,5.46535,9.00715,6.63611,11.6713,8.43171,8.68496,14.0624,0.406175,10.464,3.42343,8.55294,C
2.77189,5.2394,3.56762,5.64227,4.61074,8.04704,6.97695,5.22614,4.32262,7.01977,6.08722,5.14205,4.52224,7.2484,9.04616,8.2444,A
7.17049,11.8003,7.44905,6.69281,5.19745,8.16317,3.20414,3.21043,2.96021,7.98346,4.64932,9.39171,5.19726,6.71472,6.72172,6.10527,A
3.24241,8.33044,4.37894,5.14146,2.55846,5.11797,7.77918,6.00276,6.25863,8.82824,7.25719,10.9705,1.46597,8.96048,4.11835,8.76331,C
2.20008,4.8255,3.19984,3.03675,1.67933,5.42772,7.102,4.83665,6.16708,8.02927,6.66274,10.6322,1.62135,9.62451,4.58509,9.30257,C
3.62933,6.78311,4.59112,4.82643,2.5432,7.82878,6.48229,1.06981,1.75256,6.48314,2.4205,8.50389,4.43171,6.82065,4.05915,8.1076,A
2.94534,8.849,4.47009,7.3635,4.31885,6.84256,7.28082,8.72166,6.44164,5.68386,5.03255,8.59062,1.60462,7.37944,7.36769,8.48068,C
3.83994,9.44646,6.75292,7.59679,4.72151,8.95047,2.50513,1.77328,2.55539,8.20579,1.47121,7.19994,3.33467,5.83006,3.6723,6.96126,A
3.11644,6.49782,4.73226,3.42258,3.36783,5.54021,3.13111,2.64072,2.82854,5.23792,4.69514,7.43208,3.26893,7.48085,3.1689,7.01291,B
1.86168,5.14328,4.20906,4.1839,2.13618,9.27786,3.1925,3.19529,4.21253,9.0186,2.83708,7.49107,2.71411,7.51071,3.71771,8.42371,A
6.35134,14.2081,7.32342,9.50125,12.3321,7.88978,6.54431,7.13456,4.76552,9.90399,8.40737,12.7944,7.71657,9.00718,12.3373,17.2122,B
1.67983,0.493076,2.70351,0.712333,0.399286,8.30527,2.74995,2.26694,-1.26997,7.25755,0.796328,8.28206,1.86261,6.34747,0.680683,7.86612,A
3.16631,4.36898,5.28531,3.63663,3.71675,9.56493,4.54242,1.34694,1.31601,9.08114,2.74124,7.67606,2.82138,5.73823,2.49876,9.1974,A
2.70248,5.26332,3.89412,2.74481,2.67536,8.99017,7.67054,3.95004,5.50295,8.72216,6.23813,6.40485,1.53038,9.15666,6.77135,10.1764,B
6.17403,12.1766,8.35295,8.40228,6.12823,10.2537,3.62532,3.99883,5.22511,10.3115,3.74343,9.12659,2.98218,8.00064,4.2919,10.4829,B
2.66474,6.12468,3.44341,3.65112,2.54159,6.44591,5.02329,3.91334,4.43494,5.94019,4.46755,7.86724,2.83918,7.85799,5.29794,7.6851,B
6.51803,14.1798,5.56185,8.73676,3.15325,9.52028,3.47915,4.48769,3.09504,8.98087,2.82941,8.87679,5.34535,5.69036,5.74259,8.25149,A
2.45031,6.52103,4.73522,4.52933,2.79163,8.34538,5.7549,2.53269,3.0452,7.81824,1.55635,6.90517,1.57899,6.1633,1.59715,7.213,A
10.3954,14.0058,8.66267,7.87633,9.26342,10.3779,9.82796,1.59465,6.81454,10.8042,6.13231,6.79282,7.70791,9.01124,11.2257,11.5438,Unknown
4.23644,7.23599,5.4389,5.14411,2.54124,9.85278,3.32119,4.07484,3.82689,8.47234,2.20359,8.9951,1.44162,7.33439,2.87551,9.34513,A
6.14366,13.0182,6.66138,7.19432,7.35315,5.67063,4.79698,4.004,4.01915,5.4681,5.6661,8.42232,7.38677,8.30882,4.90752,7.53885,B
5.79188,6.20062,6.14002,4.08388,3.5627,5.7001,6.65047,4.52077,6.91526,4.57672,5.77463,7.39823,4.00887,6.09536,5.78505,6.38223,B
3.98619,7.24012,5.00669,4.36492,3.12871,7.26954,4.23342,3.23433,3.33062,9.62565,4.24347,9.60527,3.56906,7.74305,4.46058,8.32831,B
4.32758,9.30711,5.93587,6.69323,4.65771,12.0355,2.89506,3.13277,5.18333,9.6868,2.79868,7.96916,1.95053,6.19679,4.40757,9.77246,A
1.94899,5.36177,3.90752,4.49854,2.37682,8.30325,3.01816,1.6378,0.495728,7.5807,1.97527,9.35979,2.20679,6.24639,2.38672,7.65365,A
7.44095,15.0012,6.05616,6.16805,4.29435,5.02013,6.12941,3.95266,2.8385,10.4295,5.56921,10.0778,5.38979,6.57427,7.38909,9.7617,C
4.43856,9.22523,6.64951,7.32297,3.87344,9.33429,4.67738,2.81618,1.81597,8.79014,1.06167,7.53142,2.25522,6.79303,2.83275,7.12476,A
5.73987,11.5836,5.52709,8.60712,3.15497,6.47568,7.52299,7.70735,7.50094,9.46497,6.43237,10.5757,2.74292,8.67859,5.20507,7.70816,C
2.39916,4.28597,3.41914,2.89959,1.5844,5.00158,6.45223,5.65198,6.43096,7.79146,6.19951,11.3249,1.3414,8.65408,3.69568,8.96601,C
7.9557,13.0809,9.26574,8.29255,7.79963,11.1147,4.49996,2.94438,4.62583,10.4431,3.2167,6.62571,3.48667,8.18924,4.79681,10.2457,B
5.87082,12.9553,4.73019,5.32976,2.20479,8.29802,7.39985,4.50663,3.48574,11.2482,4.51595,10.6508,4.71948,8.42552,5.78295,9.56857,C
1.91018,5.02691,3.35737,3.28775,1.54061,9.20757,5.20121,3.27596,3.42164,12.639,3.77291,10.4663,2.46152,8.30707,2.23567,8.5562,B
-6.62578,25.9697,3.34477,2.64924,-8.40588,53.9998,-5.26689,-4.98898,10.6253,-9.02704,-7.26713,-4.17511,11.116,2.5886,19.5702,-38.3921,B
31.2677,13.4082,6.49197,25.4393,24.9835,-11.1403,6.02369,8.02139,14.6074,21.2156,13.3731,-2.6132,3.37934,12.5249,9.85337,1.21887,Unknown
1.70497,4.36714,3.85604,2.50755,2.26697,7.69342,6.83471,3.89414,4.96543,7.87796,5.66595,8.83821,1.47193,8.00115,2.78279,8.02175,B
1.47066,-2.04579,1.54846,0.150908,0.548828,6.81868,6.86602,5.76369,4.0547,5.61465,5.34499,5.91754,0.906536,7.63799,6.81623,8.07893,B
2.18799,1.63809,2.40352,2.30127,2.11291,7.25156,7.03633,4.74443,5.31959,6.50554,6.04674,7.55897,1.61096,8.09668,4.86909,9.8995,B
3.3875,5.73358,4.19995,2.61982,1.04222,7.63338,3.30772,2.10951,0.335083,6.05225,1.16944,7.46773,3.06068,6.71692,2.08182,7.48128,B
1.02484,1.51592,0.356853,0.452509,0.212592,8.27773,6.14118,1.82516,2.25615,7.26901,4.33856,6.2143,1.18482,7.18297,3.19109,8.28898,A
3.58135,3.29936,6.72985,3.70333,1.92839,12.0657,12.1128,8.55022,6.30861,9.64211,8.52175,5.52746,1.96344,11.9446,10.1512,11.1885,B
5.145,3.43029,7.94976,7.05352,5.35856,8.58462,7.26312,4.93802,12.0041,6.79987,3.15324,8.07334,3.19181,7.71475,6.74311,11.2882,B
12.0816,22.3414,11.0292,16.6804,9.88818,11.3795,9.8164,9.44531,13.5967,11.2282,3.96954,5.46187,3.96364,9.94139,10.946,13.9109,C
4.63277,9.17122,8.02522,7.85208,7.5866,8.24587,7.55182,1.72501,5.51412,10.0383,4.11764,7.13759,3.7368,7.42342,4.81359,9.45213,B
4.92218,8.93063,4.26335,5.33212,3.36116,8.48964,6.70138,5.18786,5.03199,9.67528,5.73042,9.08563,4.06814,8.17776,6.85102,8.85253,B
1.69654,1.58796,3.42582,1.81415,1.52751,7.54242,4.66465,2.89835,3.22236,7.35693,4.24569,8.16904,2.17806,6.85825,2.70136,8.02089,B
16.3817,20.4767,13.4835,21.2558,7.08735,26.4082,17.497,26.1756,50.0814,20.464,28.7808,61.0647,-1.22649,19.9601,12.7882,45.8983,C
1.8049,2.2182,3.4015,1.93545,1.46892,9.40852,2.83539,2.54967,1.46262,8.47377,1.90098,8.53252,1.89434,6.06169,1.73689,8.25785,A
3.94648,8.36975,3.69579,4.73811,2.05245,5.06922,6.16272,6.03976,6.74949,7.1204,6.11278,11.1488,1.92507,8.30837,4.77607,9.46555,C
1.81547,2.12462,1.35847,0.525061,0.319422,7.13685,5.77329,3.31157,2.5128,7.87266,5.35505,7.86128,1.42697,8.11388,3.69412,8.34129,B
6.17841,9.05808,7.68375,8.12297,3.51183,7.59484,4.25374,5.14632,8.14408,8.73597,3.67915,10.5975,2.10139,8.60174,4.11078,8.75581,B
3.2028,7.71187,3.97028,5.73508,2.99541,8.29091,5.70083,4.05856,4.03278,8.70807,3.68455,8.94304,2.12421,7.36189,4.00278,10.2373,B
8.75901,13.0782,9.55841,9.66123,6.82761,4.61477,2.28414,2.3319,4.32882,3.88352,1.59041,7.27131,4.37407,8.78411,3.88269,5.16032,Unknown
5.15581,8.16527,7.2857,7.61602,4.73501,11.3907,2.58425,1.61756,3.55235,8.8367,0.740834,8.57215,1.68271,6.48966,2.69396,8.70593,A
3.73631,7.60022,6.16503,5.2122,4.19266,9.06268,8.89144,5.04344,4.12292,7.59116,7.05744,7.60197,3.39798,9.55721,6.0637,5.87082,A
2.52216,4.60342,4.352,3.94876,2.31524,8.64671,1.31464,1.04047,1.6025,6.82685,1.86169,9.01095,2.74797,5.79439,2.26651,7.67003,A
4.00208,4.55847,5.35682,3.08323,3.09015,8.30507,4.22132,2.72991,3.712,8.8672,3.9287,8.89516,2.95104,7.57394,4.65869,7.79337,B
3.99358,8.77937,7.04172,7.4159,4.02432,10.1296,5.92024,3.00336,5.67296,10.1696,2.53989,6.32673,2.23524,5.80001,5.61574,7.82261,B
2.08525,5.70367,2.96265,3.34003,1.42503,6.20769,8.52791,6.83295,7.82513,8.96527,7.90283,11.3524,2.15797,8.38304,3.37805,8.80601,C
5.10105,12.1196,5.76743,7.35891,4.34575,5.71202,6.25346,7.44448,5.62626,8.06555,6.20274,11.1874,2.89359,9.22277,7.58013,9.51155,C
5.26441,10.1356,7.11634,8.20181,4.63395,10.9612,1.37794,1.52134,1.02772,7.24614,1.10823,7.91211,3.90271,5.63161,2.9849,7.73196,A
4.51055,8.31745,6.84717,5.35984,6.22428,6.79331,7.34321,6.03739,4.77121,6.28972,5.93907,6.84041,5.13668,7.62082,6.23191,6.41579,B
1.80415,5.33888,2.83101,3.37789,1.9426,7.95647,4.19858,2.27226,3.04452,6.10766,2.27387,6.27458,1.6736,6.20382,1.91296,7.42543,A
3.69522,9.28221,5.7981,7.21701,1.55129,3.29678,9.9086,7.13021,11.248,10.3738,9.58293,15.3336,0.501746,9.86121,3.0397,9.32778,Unknown
4.37473,5.98952,5.33363,4.80089,4.48985,7.39247,6.8855,6.74515,6.03293,6.70847,3.93466,4.34632,1.57007,7.43818,7.39917,8.55443,A
2.57515,1.42672,4.19996,1.51369,2.80014,8.75944,5.86833,3.67728,4.92258,7.7068,5.20769,7.40691,2.74972,8.60257,4.5795,8.38475,B
3.28679,6.58097,4.85768,3.53778,4.24185,8.74205,5.40058,2.90223,4.41933,7.87829,4.49124,6.53368,2.36368,7.28564,4.53572,8.32345,B
0.328247,-20.3929,-0.990224,12.0436,-8.86119,14.8222,20.1097,15.554,20.3592,9.57426,13.3229,32.1446,-1.87203,18.4038,16.0161,26.0387,Unknown
6.32221,10.4258,6.2479,6.03261,5.78793,8.0759,8.76875,2.06901,4.76857,9.64417,5.26207,4.56663,4.01993,6.30608,5.22948,8.34245,B
4.74259,10.2525,5.55584,5.08467,1.31304,4.36729,11.2405,7.65565,9.76674,12.777,11.8296,13.7151,0.978407,8.58158,3.75451,8.53045,Unknown
6.97545,10.5023,8.19011,6.91323,7.8036,8.98001,6.20792,5.21392,4.3673,6.59393,5.31381,8.69455,5.64235,8.2938,5.7011,8.63865,A
4.42405,10.7254,4.80032,6.48991,3.28041,6.27957,5.32946,5.16169,5.16797,7.19887,4.26763,8.81069,2.66866,6.83364,4.11274,7.20706,B
7.28035,14.8159,6.79349,7.9841,6.83708,8.35381,5.18397,2.48546,1.22127,7.10319,3.43876,9.60687,6.68139,6.61022,7.36788,6.42741,Unknown
4.69726,7.27681,5.45219,4.5484,5.64514,8.90766,8.50037,7.22021,6.69784,8.49778,6.44608,7.38677,3.15507,9.42226,6.7252,10.1257,C
3.35439,4.79703,4.78517,4.58691,2.76806,6.43374,6.6565,5.38484,6.55328,6.22081,4.75883,9.65867,2.00428,7.96606,4.51099,9.74783,C
6.34204,13.3526,5.09065,7.23191,1.56652,4.5132,10.9046,8.08433,11.7618,14.3297,10.8325,13.5722,0.33411,11.7018,3.80891,9.82284,Unknown
2.06971,4.60143,2.78344,3.38671,2.7733,7.70797,6.64953,3.27423,3.30474,7.58664,4.13934,5.79507,2.01477,6.44462,4.26743,7.78489,B
0.787273,3.63181,0.987605,1.00004,0.453933,10.2646,5.59007,2.10086,0.221001,8.51091,2.33465,7.8156,0.801294,6.40525,2.66968,10.1072,A
2.89268,7.43912,4.53555,5.10169,2.70115,8.58421,3.93781,2.283,4.09019,7.99143,1.77841,7.46072,1.46825,6.36625,2.85815,8.22185,A
2.67555,5.08822,4.67811,4.07317,2.37799,8.39105,4.63127,4.0854,3.32999,7.70764,3.6136,6.77873,2.60372,7.98056,4.28331,7.57958,A
2.5211,5.33443,3.46093,2.54009,1.09119,5.36283,9.32477,6.0162,7.91189,9.96679,9.67836,14.2529,0.621528,9.80497,2.51736,10.1955,C
2.25505,4.02061,5.20961,4.52569,2.1268,7.8531,4.52645,2.286,0.0610228,6.62721,1.09415,8.1268,2.08903,7.27772,2.13254,8.42195,A
3.93412,10.1307,6.39265,7.63745,3.56666,6.24334,4.49858,2.43137,1.41828,5.25767,0.548559,7.13475,3.17045,7.00019,1.47174,6.40849,A
3.45561,8.71254,5.45984,5.86075,4.06959,9.58085,6.76652,3.79085,4.70566,8.8715,4.68219,5.27096,2.91782,7.20919,5.29216,7.793,B
2.95352,4.90988,3.94142,3.02367,3.34396,7.73497,6.77497,3.97033,5.3099,8.46476,6.48669,6.68367,2.55854,8.64175,3.72649,8.83894,B
3.39583,5.64396,4.28162,4.71088,2.98424,7.69468,8.63852,6.76958,7.15191,8.93688,7.53712,8.49679,0.939867,9.76645,6.16125,9.89574,B
5.73158,10.9168,4.79288,7.15463,4.10995,5.50412,7.50857,4.66105,5.34875,6.70372,6.1859,11.0278,3.94093,7.04425,4.61233,7.60434,C
2.31759,6.02155,3.03564,2.42982,1.13826,9.83725,3.44039,2.4413,0.776642,8.85593,1.67228,9.00161,2.85428,6.34954,2.50855,8.5951,A
2.67781,7.91163,3.39074,4.5946,3.39376,6.49181,7.29037,7.24481,5.58905,6.81419,5.96723,8.46277,2.26088,7.62517,6.15564,9.33627,B
4.52418,8.84647,6.49066,5.91459,4.12233,5.13718,5.87324,5.22141,5.5169,4.65819,4.82177,9.56049,3.74304,7.73179,6.01241,6.10254,B
4.56315,9.98291,6.23599,6.44883,3.94023,9.72672,3.31313,1.5046,3.98413,7.21597,2.54639,6.90368,3.53437,5.77943,4.69721,6.77163,A
3.28096,5.44685,4.33792,4.3131,2.49625,6.14354,8.55964,5.92623,6.30839,9.2428,7.07855,8.37799,1.08407,8.66618,3.81634,8.84191,C
3.6233,6.967,5.19617,7.05943,2.41759,6.76962,7.03725,4.17548,3.30136,9.1631,4.79529,10.5418,3.38821,8.65459,-0.456634,7.7558,B
3.45772,6.77738,4.31792,5.14582,4.98106,4.74492,6.42578,3.08934,4.36567,8.14168,6.59418,8.56597,4.89613,7.47631,4.26423,6.68302,B
2.05994,3.90679,3.71283,2.41093,1.71694,8.18432,9.91757,4.18938,7.5726,12.4374,7.16115,8.0007,2.14752,9.62229,5.82191,10.0393,C
6.78656,14.0006,5.54985,8.00558,1.10943,4.59168,9.73544,6.59539,7.83857,13.5244,9.36011,9.04187,1.30656,8.64515,3.93196,8.57237,C
2.85619,7.35881,3.69622,4.43405,1.97102,1.99287,9.09835,4.88711,8.59844,12.4534,13.4808,15.1429,-0.121905,9.58494,2.02932,8.88191,B
6.63218,11.5893,6.66133,6.17333,4.44564,11.2992,7.01839,5.34514,6.52654,10.3639,5.87963,5.79102,6.11514,6.97349,5.88853,10.838,C
4.07861,10.3799,6.25431,5.77648,5.0585,6.33802,5.05686,3.14289,2.34285,6.55217,4.71683,7.98822,3.61854,6.81767,6.04962,6.38465,A
3.79978,7.82868,5.65831,5.99178,3.05482,8.79933,2.145,2.7048,2.53653,7.12064,1.14345,7.83712,2.00314,6.44643,4.66788,7.48816,A
3.01123,3.40593,4.64776,3.29885,1.63579,8.98042,1.87036,2.66081,1.52373,7.96935,0.869022,8.48877,1.98832,6.6934,3.00727,7.3235,A
1.93007,5.85143,3.05762,2.79789,1.6099,5.24524,4.90893,3.70049,4.64786,5.39905,3.73882,8.74081,0.926258,6.3861,2.96341,7.18111,B
5.82301,7.61593,6.97073,8.02124,7.23309,6.92711,5.6531,7.48489,4.73605,8.40709,5.74711,6.61041,4.98043,8.96994,10.9469,8.25103,B
5.6804,11.6502,8.83403,7.82427,6.37222,10.4139,5.34944,1.71049,3.79508,7.60652,2.28641,6.96604,5.95774,5.19117,3.64254,7.39032,A
3.01193,7.14412,5.87424,5.43258,3.4443,10.6774,3.62366,2.38586,4.30289,9.44864,1.71415,7.21477,2.5502,5.67866,3.61911,8.31514,A
3.15653,8.3696,5.57997,6.36352,3.80502,11.1856,4.00445,2.75622,3.96745,9.95381,1.22838,7.43804,1.82063,6.84182,3.92713,9.65444,A
4.22312,9.66144,6.95194,7.04182,5.57855,7.55581,4.81115,1.9882,2.54865,5.55112,4.54102,10.5795,6.32992,8.64821,6.47177,6.73734,B
2.2907,3.03852,2.90017,2.73633,1.16585,8.27366,7.31433,6.0905,6.60166,8.10223,5.58653,10.0779,1.08344,9.23014,4.81456,10.4685,B
2.64529,6.06593,4.02028,4.85535,2.89081,5.71901,4.66502,2.30553,2.02145,5.92265,1.43253,8.80384,2.46239,6.62124,3.28894,6.81176,B
5.95047,8.33691,7.1712,5.91596,4.99507,8.04755,4.56236,3.28621,2.90953,8.07953,2.92959,7.17215,3.62515,7.84363,3.62997,7.19538,B
4.01009,10.5394,6.25988,8.20974,3.04313,11.8393,3.64923,2.22695,2.6766,10.3227,1.22308,9.3304,2.77419,6.00986,3.04339,7.95222,A
2.3639,3.39734,3.56918,2.63216,3.31505,7.51075,6.95605,6.20128,5.83365,5.90027,6.62434,6.30171,1.86197,8.12438,6.28437,9.91938,B
4.44948,7.76303,5.3307,5.43627,4.31934,4.92968,6.98121,5.73419,6.08936,6.76051,6.33448,7.8419,0.968988,7.59497,5.44144,8.29368,B
3.96542,8.74398,4.72586,5.17975,4.75137,6.3258,5.62502,2.94986,4.15427,5.79306,4.91807,8.17773,5.90049,6.90092,4.65332,7.23771,B
2.98932,7.23702,4.16821,5.25195,2.01066,3.63666,7.44132,4.70648,6.33918,9.80269,7.76043,10.1038,1.27965,8.77839,2.45466,6.31619,C
2.41644,4.72364,4.81697,4.58853,4.02984,7.7043,6.30476,3.30008,3.26466,6.14452,5.0251,4.33987,4.15702,7.38861,4.3261,5.13308,A
1.43292,-0.817604,1.62744,-1.09891,-0.124943,7.70017,6.43131,3.02883,1.89775,7.27609,3.12244,6.95792,0.714879,8.6034,4.09872,7.83935,A
4.32269,6.60227,5.23971,5.05128,1.56161,6.29318,9.4244,8.06451,10.2667,10.0363,8.66882,12.1322,1.41919,9.21567,5.14026,9.07826,C
4.46571,10.7688,5.31078,7.77734,4.12428,10.5181,4.96553,2.16103,1.70083,9.33088,1.81086,9.10159,2.64284,6.57416,2.63334,8.83956,A
6.86773,9.14582,7.50434,5.15669,6.57262,6.88444,5.47744,2.24258,4.66824,5.99987,3.42985,5.00267,4.94844,4.52888,6.2709,6.80543,A
6.49688,11.6097,6.10324,6.57061,4.10836,8.03452,4.61988,4.19634,3.75801,7.75559,3.98613,7.75947,3.1593,5.76414,5.78215,7.02927,A
5.56182,10.5598,6.63943,6.84406,4.16084,4.38171,5.02224,2.41743,1.93274,6.82044,2.63374,8.56787,3.98628,6.87002,2.7231,6.36126,A
4.67769,7.38524,5.91237,4.67083,6.38879,9.32668,9.68667,4.53651,5.90343,10.1936,6.68343,6.09926,3.34762,8.98353,7.20971,9.93845,C
1.8867,4.39598,3.81096,3.85703,2.26991,8.06207,4.07055,2.69812,1.33233,7.10832,2.63112,10.0171,2.1685,6.94626,1.42433,7.46502,A
3.22028,7.74826,1.79791,7.30401,4.2566,1.48734,10.7165,12.3652,15.5247,7.41613,13.1301,20.9541,-2.8722,7.3526,5.7394,13.8203,Unknown
3.66687,9.10619,4.63694,6.73151,3.98583,9.68667,3.93174,3.37573,2.06391,8.59176,3.16135,9.05442,2.88401,5.17519,2.59972,7.60218,A
3.89023,9.75909,5.97202,6.78578,3.20321,8.21685,3.89546,3.79652,3.60312,7.73673,1.56666,7.52786,2.09374,7.45684,3.8372,8.07257,A
3.57828,7.63596,3.16822,5.0404,2.94269,9.73451,0.750859,1.91803,0.618782,7.83355,2.07545,7.88783,1.96352,5.72362,1.63187,7.14377,A
2.94667,7.94646,4.31779,5.40528,2.1882,7.34187,3.55069,3.62512,2.51311,7.35426,2.65542,10.3547,2.11309,6.90693,2.67925,8.32077,B
6.81462,8.56949,7.54869,5.10813,4.77914,8.06153,10.0746,4.52078,7.15493,12.1883,7.35945,12.4525,3.23229,9.94807,6.76109,12.3157,B
4.76497,9.18728,6.4321,6.34348,4.93571,10.0514,4.22051,1.346,1.69528,8.577,3.82167,10.1012,4.8482,6.94437,4.64194,7.31965,B
50.5762,88.0927,18.4907,54.769,18.4757,59.1491,1.51983,47.0724,44.9111,41.2829,13.4734,-9.28418,10.1509,31.9526,54.716,61.1227,Unknown
5.66406,9.53339,6.1526,5.78342,5.02322,3.73317,8.93377,5.49558,8.04824,10.5061,8.62698,9.42801,3.39434,8.96056,3.72253,8.95315,C
2.2502,6.01395,5.2008,5.61307,2.85895,9.93944,3.31463,1.76177,3.04775,7.93885,1.41452,7.98907,2.24015,6.32269,3.0989,7.59938,A
4.16912,10.6674,5.65504,6.49204,3.49537,4.05966,11.3047,6.26209,8.10751,15.4482,11.7952,17.6347,2.255,10.7877,4.39307,11.9186,Unknown
2.9419,4.64126,4.07603,3.54161,2.2142,9.56598,5.38785,2.62736,3.07362,8.46885,2.34919,8.11979,2.00167,7.71033,2.44562,8.75297,B
19.9748,24.2543,-5.41446,0.43594,33.7322,-8.42568,13.0064,18.015,-20.339,4.70346,34.7439,3.56993,24.5808,-30.218,15.279,22.9245,Unknown
4.00945,8.13217,5.30672,5.82999,5.28395,7.61593,7.74648,6.52538,7.10423,7.48263,6.22894,5.71128,1.32363,9.45617,7.32564,11.0248,B
4.08589,7.96208,4.2141,4.71754,2.6592,7.03909,5.97592,3.61054,4.14887,10.9365,5.15811,9.34287,2.31071,7.79172,3.8542,7.79436,B
6.55419,10.4669,5.91438,5.52579,4.18969,10.0507,4.51955,3.15189,5.29327,10.4925,4.00832,9.45672,3.3867,7.01828,6.34281,9.83454,A
2.11004,3.89421,2.39811,2.16315,1.67893,7.71336,8.69963,6.87013,6.59859,8.3509,6.63942,8.59483,0.959693,10.0609,7.31919,10.4033,C
4.10937,6.72504,5.54446,5.1656,4.59892,10.2719,6.17305,3.65169,4.1206,9.55226,2.82454,8.92245,3.5683,6.62012,3.96397,9.54071,B
3.74752,6.36511,5.65976,5.01295,5.58727,5.52399,6.10421,5.54128,4.47059,5.18234,5.56748,9.89175,3.74566,7.7445,5.99902,6.13758,B
5.60363,8.13936,8.75197,7.02526,6.11928,9.88744,4.99386,1.56946,4.78999,8.22422,2.66344,6.38879,4.12661,7.72068,4.77402,9.10435,A
2.25311,-0.443644,31.1321,5.51936,9.73677,49.85,44.5731,-7.87268,-27.7923,35.3054,-22.5861,25.6073,31.8087,31.6181,15.1597,41.3004,Unknown
4.13619,4.70896,4.33219,3.34884,1.63028,10.9356,1.85518,2.55129,1.74616,9.58326,0.975526,8.74679,1.96651,6.15531,1.51698,8.99974,A
5.70071,8.07637,7.10587,7.1242,7.01599,9.18414,8.891,5.705,8.26738,10.4283,8.19942,7.88334,4.46738,9.17616,7.75346,10.8952,B
8.09843,11.6748,8.44946,6.42527,4.87056,7.03752,3.45373,2.19656,0.787051,9.68992,3.47717,11.3971,11.5633,1.74923,6.04198,8.47947,Unknown
6.72051,12.0099,6.61317,9.37648,4.74413,5.48006,8.35567,8.50628,7.72919,7.02113,7.21119,10.1362,1.80898,8.53853,5.66755,7.50289,C
4.09574,8.57131,5.58979,5.45424,4.20357,12.6882,3.63539,2.71987,3.24724,10.9584,2.27213,8.38763,2.55483,7.38917,4.28394,8.86513,A
3.05117,8.12432,5.01517,6.5667,2.11507,6.06086,6.06794,4.24223,3.11085,8.01735,2.20635,9.82327,2.40471,8.09254,2.08273,7.59802,B
3.06451,6.24119,4.69225,4.50939,2.68606,9.74045,2.6578,1.80325,2.31677,10.0223,2.51456,9.11321,2.38752,7.12441,3.88915,8.25527,A
6.13106,12.9524,5.51222,8.28207,4.39309,10.9068,5.11774,7.65332,8.4657,8.72834,5.60291,8.31113,3.2894,5.92012,7.11112,12.6989,B
1.83939,3.5849,3.62914,1.65201,0.579028,10.7921,3.72851,2.76395,0.181474,9.23829,1.56343,8.53691,1.72821,6.42964,1.94346,7.44426,A
4.75799,7.51414,6.75281,6.82027,4.45961,10.2853,-0.151986,0.871977,1.9385,7.99534,0.478056,8.07152,3.19686,6.71952,4.1153,6.08795,Unknown
4.56093,8.49096,5.47888,5.22149,2.2041,5.20354,7.84583,6.69005,7.87833,8.03756,8.11804,13.0317,1.5428,7.45773,3.61543,8.92258,C
3.72458,7.80322,5.02882,4.08758,4.36321,8.37332,9.36625,4.5995,6.63061,11.1158,5.91941,5.54539,3.51656,9.15756,6.43338,9.61581,B
3.11054,8.86319,4.8189,5.62206,2.95609,9.62365,1.6297,2.59496,2.11211,8.50845,2.79943,9.00951,2.81046,7.08885,3.91737,8.58899,A
4.80624,10.7306,7.57897,7.50033,7.78055,9.66887,6.3871,1.94347,5.36976,9.26867,2.94787,5.18268,2.89356,7.02161,5.38568,9.02904,B
5.72549,7.04379,8.10632,7.36202,4.73142,7.44424,8.18501,5.14362,6.64593,6.15653,4.25685,7.83733,4.69588,7.17341,7.04787,8.49898,B
2.84077,7.13733,4.6024,4.37076,2.40804,8.9563,4.46163,4.65734,3.74095,8.47957,3.13094,10.2936,2.0985,6.66972,3.27402,8.63481,B
2.55638,4.44524,2.98812,2.51816,1.85175,8.00282,8.70858,5.39962,7.21573,9.08848,7.5156,9.07972,2.45154,10.0633,4.48427,10.8419,C
3.65604,8.51749,4.78984,5.51394,4.13745,5.22728,4.28517,3.3987,3.81842,5.56178,3.73045,8.80488,2.41771,6.34115,4.00231,7.52214,B
5.027,8.89895,6.26946,7.09933,8.09125,7.76684,6.73443,4.59213,3.65143,7.91041,7.16956,7.29652,4.26122,9.08577,7.75967,9.39899,B
3.07755,9.54813,6.52232,6.78207,2.83409,8.34883,3.34727,1.75488,1.93228,6.24007,1.04702,9.01428,3.62766,6.45158,2.53503,5.91379,A
5.99882,16.5134,5.67441,10.0972,7.56811,11.8112,7.68128,7.63308,2.88954,9.74948,3.92632,6.68148,4.13112,10.9923,7.96091,8.97861,B
6.80652,9.89689,7.20787,8.10043,5.52458,9.3531,3.81582,2.408,3.97508,7.14697,2.72105,7.67455,4.03287,6.76108,4.42673,6.22649,B
5.17226,10.5853,5.82514,7.01786,5.35725,9.01012,3.51728,1.28352,1.64496,6.85512,2.08094,8.16391,4.11644,4.81379,3.6448,6.09921,A
3.93746,9.33201,5.42956,6.18528,4.67903,6.81881,3.37114,2.67004,2.52519,7.07935,2.33545,6.84652,2.44444,5.52531,2.70238,6.8075,A
2.95946,5.64342,4.26287,4.69511,4.28182,7.5108,7.24816,5.19978,5.96368,7.35257,4.77713,6.29969,1.55728,8.27241,6.03928,8.93764,B
3.10354,5.15428,3.17629,2.49826,1.97249,7.63094,6.74478,4.32301,5.03737,8.26945,4.56107,7.27192,3.14893,7.89056,3.92364,8.7467,B
3.97398,6.62375,4.90369,5.98282,1.01686,6.15158,8.03399,7.67679,13.0441,5.62659,5.51856,14.7271,0.175005,8.36319,4.96661,9.63783,C
2.62986,4.07076,3.78211,2.54686,1.44512,7.35965,5.59171,3.39207,2.48161,7.50595,2.63796,8.68184,1.4357,7.85594,1.98214,7.15546,A
3.40121,5.28127,4.27788,4.42409,3.34106,4.5122,6.90276,3.79279,5.40758,7.64796,8.09611,10.5631,2.93792,8.19344,2.6134,6.89355,B
4.75513,9.78269,3.4272,3.4218,1.62997,8.93635,5.89632,4.9955,6.40284,12.5122,8.20592,14.4028,1.3814,6.90801,3.1397,9.57943,B
4.44148,8.56091,5.67593,5.25411,4.10788,5.96375,4.28916,3.50502,4.01509,5.01269,3.31105,9.62403,2.53333,7.06182,3.08561,6.24302,B
3.23274,6.3775,4.24561,6.16377,1.5702,5.60275,6.26612,6.5596,9.82264,7.31958,4.39416,9.49389,0.914244,8.00925,4.91551,7.72183,B
2.90856,12.2936,4.61762,8.4851,3.54691,8.72266,7.8814,4.19115,3.25453,10.0986,3.36545,10.1353,1.66891,10.2944,3.45756,9.74847,B
6.19196,14.6193,4.70601,8.23854,3.65049,9.20618,5.69355,4.19902,3.33363,9.88936,3.6345,9.1123,2.98223,7.8023,4.48247,9.90024,B
4.12732,5.91966,6.33188,5.00723,3.56279,6.85187,6.15728,4.45798,5.36198,7.18077,5.15113,8.70416,4.18348,8.28694,3.99553,8.88373,B
3.81956,9.54459,5.92203,7.61107,3.57447,11.77,4.88593,2.9936,3.15413,9.87495,0.690796,7.75771,1.42669,6.72168,2.32093,8.68855,A
2.53176,4.29092,3.9652,4.6035,2.35007,6.19832,7.11536,6.33885,8.35462,4.97633,4.77093,11.9419,0.739064,7.66557,4.10663,10.1289,B
-36.5802,13.7975,10.8683,-2.14058,-39.7741,-8.61016,58.2015,35.2069,6.54634,45.9058,22.8821,-27.9921,-23.4034,16.2648,-25.2496,-8.86451,Unknown
5.30074,10.1228,5.93081,6.08449,4.80821,8.28251,7.97047,4.77174,5.77069,8.5813,6.63348,7.25676,1.6444,8.98298,6.81681,11.6385,B
15.6471,17.1865,8.5166,14.2472,7.61251,-2.35893,7.64036,4.83415,11.4267,11.9874,11.063,11.2107,-1.53449,8.40333,-0.559668,6.46275,Unknown
-81.8843,-182.675,-66.5472,27.8634,-290.253,-32.2969,182.07,132.894,66.3426,-85.886,-75.4949,-77.7464,26.7997,63.6757,-110.353,31.5033,Unknown
3.28489,6.60927,5.45312,5.73362,4.5471,8.06085,4.61894,3.2168,2.38621,8.78185,3.13094,8.30998,3.86615,7.70923,4.45301,7.65945,B
3.35948,6.39494,5.86922,4.82707,3.37754,8.82866,3.51236,1.54346,2.66589,6.8146,0.682456,6.13261,1.24887,5.76889,2.3732,6.98805,A
5.12891,10.5535,7.07845,8.05823,4.94613,7.14601,5.76645,3.28362,4.82701,7.92853,3.09782,7.13559,2.20156,7.38567,3.58107,8.4055,B
10.2832,9.6948,8.2601,9.49927,12.1148,3.80967,9.79988,0.104682,-3.65296,9.28165,6.56321,13.4186,14.7623,19.2286,11.4206,5.37099,A
2.01827,4.77332,3.27321,4.08885,1.72689,5.95926,7.39974,7.63161,6.69705,7.38794,6.85807,10.6834,1.92419,9.3034,4.3999,10.3318,C
4.84893,10.9081,5.58802,7.24419,3.75864,5.38374,7.82451,5.67942,6.16362,10.6339,6.76226,12.7714,1.80889,10.309,5.21041,10.8052,C
0.186826,1.6163,1.96694,6.34788,-1.37451,6.0963,11.5335,11.5703,19.7739,4.97092,5.62455,23.1978,-5.00166,12.2284,8.22895,13.4391,Unknown
10.8496,13.6796,11.6227,8.11419,8.65171,11.3047,10.4703,5.48616,7.55847,12.8141,9.36904,8.37376,3.78619,10.8805,10.312,14.1659,B
2.59867,3.78739,3.29541,2.77424,3.15229,6.08534,6.16583,6.77083,4.515,5.75406,5.63115,6.4852,2.42324,8.3873,8.39796,10.5887,B
3.35762,5.65305,4.14865,4.737,1.54284,3.9534,7.97719,4.62244,8.41303,11.4762,9.9175,13.1399,0.513318,9.93647,1.90427,7.20876,Unknown
1.70108,4.62619,4.11856,3.67454,1.97891,8.79076,3.2102,2.09604,1.7745,7.81263,2.63684,8.62767,2.81762,6.90241,3.4012,8.18532,A
5.98077,12.5051,4.55603,7.52781,4.02225,7.97843,7.67472,6.1855,6.75577,8.04614,6.2969,7.86661,3.71906,7.23852,7.20195,10.816,B
3.41365,9.08723,5.49396,6.22248,3.12244,10.4299,2.93144,1.50887,2.80378,9.72374,1.60034,7.50452,1.79568,5.23867,2.68199,8.16171,A
2.16581,5.23877,3.14098,2.90445,3.04746,7.3321,6.03481,3.44369,3.83641,7.20441,5.10769,6.48441,1.81486,7.71088,5.54893,8.32969,B
2.62141,5.90477,4.20125,4.2058,2.95347,4.86302,6.84827,4.72318,5.56845,7.84528,6.67636,10.4973,1.73474,8.71646,2.96825,8.39885,C
4.93239,8.23687,6.65988,5.57698,3.23802,7.44936,9.1633,5.95423,7.78336,10.2443,4.93518,7.26473,0.609226,8.61364,5.75077,9.15988,C
1.95176,3.29186,3.97798,3.16008,0.8336,6.87363,3.61057,2.86131,2.27598,7.07803,2.11901,7.88211,1.57642,7.74768,1.99999,7.68428,B
4.36073,9.38962,4.50399,6.13018,2.20937,5.13571,7.38944,6.72865,7.00844,9.771,7.79399,11.0167,2.44985,10.6295,3.7615,7.66989,C
2.81927,5.96111,5.1382,4.69015,2.69565,7.55586,6.0132,2.56942,2.65203,7.83652,2.30477,9.21875,2.99236,6.72533,2.06911,8.31426,A
3.71122,6.6422,6.05883,5.08439,4.20066,7.64693,6.23858,1.71597,3.96928,7.85391,2.81656,5.25344,3.26631,6.76059,4.46209,7.46431,B
3.83031,6.76869,6.12548,4.83729,6.17202,10.9104,7.96982,2.60079,4.81382,8.67459,5.84024,6.21377,6.33791,8.39958,8.08412,10.1483,B
4.62814,10.7646,5.62744,6.34819,3.7066,5.67467,7.2126,7.0898,8.33482,5.63279,5.80859,10.8496,1.65996,7.38356,5.62692,7.65149,C
4.5046,7.79372,6.97014,5.58251,5.8711,8.69456,8.78982,4.91263,6.09782,10.9483,5.80647,5.66215,2.81825,7.86917,6.83041,9.60443,B
1.96061,5.09184,2.53752,2.70657,2.24605,7.52536,8.60545,3.99252,4.11362,8.07233,5.26656,6.66193,2.50017,8.15,5.96572,9.26961,B
3.27785,7.81598,5.77788,5.2589,6.45886,8.01011,5.03336,3.04638,4.08803,7.82017,5.60055,8.0049,4.70474,8.50756,4.17974,8.12468,B
2.04776,3.46594,2.7395,1.67919,1.61227,5.41594,7.17286,4.30949,8.86893,9.1808,5.06887,13.8862,-0.199804,9.09249,2.78664,8.77453,C
7.55737,11.8415,8.16253,7.85396,5.23017,7.39517,5.89914,2.73174,6.14751,11.3801,5.77339,11.598,2.72372,8.60004,4.02264,9.43072,B
3.39091,6.31172,5.08655,5.06801,2.99487,8.82188,2.64342,2.77689,3.82917,7.77958,1.85044,8.21988,1.53933,6.4876,2.69793,7.32714,A
3.45215,7.73842,3.14246,4.55248,3.08081,7.74792,5.525,3.73519,3.50058,9.20566,5.22961,11.2177,4.01543,7.70299,4.26949,9.18668,B
5.3311,10.4915,7.0386,10.2698,8.28828,7.40338,7.11019,8.2662,9.08144,5.32907,7.55629,7.30453,2.1692,8.66643,9.9411,10.7823,C
6.52299,12.3326,7.40558,8.48346,6.73276,7.05443,6.85581,4.62551,3.48268,8.19792,5.3492,9.21921,3.97693,7.26788,7.21696,8.81544,B
4.00751,11.8649,4.72832,7.5462,2.71067,8.62904,3.91317,4.51565,3.36045,9.28459,2.30631,9.11171,3.46408,6.63353,3.96341,9.41212,A
3.33266,7.27629,5.42739,5.18772,4.61808,6.0789,4.53345,1.37857,1.56549,5.1738,3.2698,7.66492,4.02245,7.16658,2.70972,6.78231,B
3.11484,7.97851,4.92871,10.8671,-4.68824,6.00041,8.67069,-0.583555,-0.805732,5.94789,-1.98998,8.26744,6.52979,8.31421,-3.89511,9.56272,Unknown
3.26336,3.6322,4.34018,4.19747,2.19837,5.13807,6.37156,6.22812,8.0108,7.29787,6.61348,12.223,0.960807,8.02965,3.5452,8.75117,C
3.07011,8.53136,4.96297,5.73931,3.24485,10.5157,2.87813,2.50051,2.60879,9.23325,1.68506,8.30738,2.94155,6.57135,3.23491,8.82876,A
4.78219,6.41382,4.32049,3.82618,2.1876,6.97137,6.54466,3.58627,4.56738,11.8408,5.63669,8.48421,3.14116,7.43299,3.84628,7.76518,B
5.21124,10.883,4.95673,6.66448,3.01141,7.32588,8.39322,6.78569,7.65368,10.4389,7.25459,9.70151,1.35102,9.64812,5.09992,9.31342,C
4.94163,11.2277,6.51711,8.15776,4.9001,4.459,5.65673,6.60063,7.07525,7.7468,6.79402,8.18412,0.73737,7.41065,5.02591,7.5491,C
4.96673,12.2214,6.46246,9.32887,6.79554,7.42808,8.91921,7.6591,6.17115,8.9181,6.43059,7.4294,1.94599,8.3661,8.6274,9.01209,B
6.97353,12.9738,5.7118,7.81836,8.11763,9.5831,6.96334,5.26417,4.82283,8.63412,4.96683,8.94313,8.48551,2.78316,7.71651,9.3452,B
5.27144,13.5762,7.11088,8.73195,3.82452,9.95713,4.15063,3.79125,3.43656,7.95294,0.350176,8.20928,3.96271,6.23437,3.28005,8.93498,A
2.89462,5.68442,4.61068,4.97278,2.48678,11.3981,1.97407,2.81761,2.4509,10.7665,2.40965,10.3646,2.02712,6.36071,2.30969,7.78849,B
3.41904,6.87516,4.85647,4.4361,4.77339,8.65838,8.18058,4.14502,4.03541,8.26543,6.30448,6.411,3.06339,7.80266,6.2564,9.10425,B
4.24761,9.83007,5.50752,7.71633,4.99719,11.9232,3.77852,3.94933,3.90482,10.4747,2.91145,8.72445,1.8813,7.97165,3.90382,8.05269,B
3.66573,9.41187,6.96678,6.47178,5.03461,9.2072,3.39547,2.12743,2.96182,6.24356,1.72563,6.29426,3.01535,6.20348,3.44088,6.70542,A
2.89803,5.67941,3.94386,3.312,1.72151,4.38491,7.29835,5.43844,6.80393,9.25384,7.10982,10.1931,1.20846,8.77555,3.23672,6.77246,C
3.81528,8.67264,5.38537,6.35048,2.90598,5.03243,4.12805,2.45138,1.49048,5.07191,0.95032,9.15963,1.70101,7.51901,2.81205,7.06609,B
3.42543,10.2589,5.00117,7.30444,2.97969,5.13387,6.65758,6.69282,8.68695,8.14854,5.56989,11.2142,1.39906,8.5686,3.62244,8.26788,C
3.97063,6.041,4.17563,4.28152,3.70256,8.54701,4.88778,2.4344,3.5331,8.47561,4.64992,6.93614,3.66981,6.70196,5.07088,9.1993,A
2.9076,3.21993,5.19983,4.40076,4.27727,8.012,8.50346,5.65908,4.65006,6.44599,6.48705,6.03734,3.46944,9.3199,7.13005,7.56971,B
3.19989,4.93171,3.9794,3.01393,2.65874,8.48937,6.4017,4.63227,4.13349,9.36828,4.96887,6.0031,1.41635,8.04069,6.60279,9.61958,B
4.76476,10.7585,6.53987,7.13311,4.55575,10.5875,3.84996,2.36749,3.41834,9.41152,2.48379,8.08771,2.52763,6.65408,4.02792,8.09392,A
4.00854,8.537,6.15122,6.35067,4.30615,8.79027,6.309,3.03977,4.94287,8.10843,3.986,6.18545,3.73958,6.82542,6.07503,7.78374,A
1.81198,4.83769,3.30961,2.98236,3.06293,8.02564,3.83165,2.89752,3.40415,7.35844,4.27896,5.65345,2.74859,7.64327,1.36851,7.39482,B
4.45644,10.4633,6.17275,6.34637,3.6236,6.8347,7.87964,9.13604,8.89111,7.43794,6.82214,12.1507,2.13202,9.73015,4.33743,9.61143,C
4.21149,5.5832,4.93728,4.13403,1.62318,4.64434,7.74016,3.94477,6.63609,13.1426,8.0838,8.9494,1.47741,8.62721,2.00227,5.09184,C
1.24091,1.40999,2.35893,0.882188,0.654655,7.54282,6.77798,4.13141,4.40355,10.2259,5.97641,8.70413,2.03154,9.15173,2.78452,8.29379,B
3.56517,5.51928,5.55328,4.54942,4.53619,8.03845,4.64903,3.82121,4.96584,7.45978,3.94241,6.37353,2.63938,6.57658,4.00309,8.85791,B
4.97906,9.68746,5.85996,7.32781,3.35443,12.0117,1.03971,2.81251,1.14405,10.1654,3.11601,10.197,3.6639,4.57937,3.6811,9.51578,Unknown
3.40317,8.33417,5.23047,6.78425,4.699,6.87174,7.12039,6.25342,6.85106,6.71641,5.95308,6.3466,1.50149,8.03921,8.77373,10.7844,B
3.54833,6.89389,4.98485,4.7319,5.52578,9.14607,7.89536,4.20101,6.0663,8.10387,5.23381,5.55717,2.66794,8.46485,5.21087,10.498,B
3.09986,6.93275,4.11368,6.94296,3.54893,4.93606,4.90233,9.7604,9.15029,7.76185,5.78834,5.74008,0.984111,7.81288,11.7491,10.2155,A
4.74953,-0.84093,2.92656,2.38296,0.819087,6.16198,3.07151,9.02569,6.39147,4.54398,3.3916,5.37999,2.36736,6.51283,7.69219,8.04204,B
2.90916,8.44431,6.74807,6.54101,3.18157,9.22085,4.55542,0.645994,1.49735,6.16794,-0.715609,7.90202,2.25454,6.82487,1.36033,7.14467,A
3.32744,7.06237,3.44118,4.41225,3.92859,7.03373,6.0742,5.04836,4.82143,6.49753,5.37764,5.27796,2.38195,6.84227,7.08454,8.15974,B
6.54936,10.5539,5.91371,7.1058,3.06149,5.99003,8.21107,9.49305,10.3921,10.1835,6.93546,11.8725,1.52958,9.76337,4.07309,8.8132,C
1.81301,7.89716,4.02729,5.75635,2.81099,7.54476,3.44615,2.45933,1.94921,6.96256,1.39074,8.41625,1.54776,6.43811,2.7279,6.56294,A
3.78794,9.78718,5.35286,6.10546,4.08169,9.08262,5.75427,2.79194,4.45778,8.90491,3.63263,8.55337,3.9197,8.40975,4.73739,9.39322,B
2.47368,4.71085,4.04028,2.16954,2.32116,9.67266,4.95662,2.14683,4.4859,10.6223,4.00738,8.07188,2.37241,7.51299,3.93917,10.1281,B
5.01509,11.3107,7.77085,8.48228,5.98807,7.91847,5.19081,2.21257,2.10485,6.13409,2.44001,7.46575,4.57915,6.58972,3.51757,7.32603,A
3.13571,6.70953,5.17407,5.79349,2.81563,8.01323,3.50021,2.90246,2.04833,7.71203,1.03294,7.36954,1.40813,6.42026,2.77161,8.34962,A
5.0482,8.67666,5.32828,6.29185,3.77338,6.56953,7.96686,6.90115,6.94464,8.17356,4.795,6.27519,1.70206,8.613,6.89003,9.30199,C
4.88805,10.9343,6.46203,7.41708,5.44975,8.21131,5.51238,3.95658,5.08423,7.48864,3.19496,6.92722,2.22036,6.82586,5.84805,8.70674,B
4.95157,8.41408,5.8424,5.52709,1.69505,4.13654,7.67186,6.47968,8.29193,8.08145,8.48139,12.8213,0.514428,7.05063,2.89178,7.25749,C
2.26475,2.60746,3.14315,2.37833,2.55797,7.2899,6.02807,3.99703,4.38018,6.16199,5.7658,7.36624,3.01588,7.94428,3.99597,8.61269,B
3.9016,5.37844,5.0365,5.55037,2.97622,6.04859,6.27261,3.40902,5.71519,8.86733,6.44869,10.2401,2.6031,9.23648,3.98934,7.5494,B
3.39346,8.7076,5.72325,6.39574,3.49641,9.51411,4.8116,1.55809,2.76212,8.1866,2.48188,7.38182,3.08411,6.6517,4.54504,7.84539,A
3.79973,5.69309,4.77534,5.55227,2.37194,7.214,3.74408,4.2777,1.15128,8.47146,2.85984,9.90362,5.1484,4.26543,1.18764,8.21731,A
3.80494,8.3166,6.93587,6.35753,4.34234,9.89732,2.407,1.48707,1.7859,8.49212,1.4273,7.3796,2.92718,5.87452,2.49805,6.67792,A
5.14213,8.87187,6.41024,5.20832,4.2149,6.46587,8.44459,4.87231,5.77328,8.17289,6.85353,10.0726,5.71379,10.5238,9.50937,12.0884,B
2.76646,7.64751,3.64041,4.78651,1.66364,4.72531,9.00407,5.66842,6.42939,10.3896,8.6966,11.5572,1.28629,8.86489,4.43682,8.58082,C
3.23997,6.68754,4.91606,5.3082,5.85575,7.66639,6.55682,3.75338,3.27455,6.06509,7.79394,7.90707,7.22158,8.01998,6.13773,7.81322,B
7.5234,16.6686,9.38547,15.8224,6.31505,5.67588,12.3838,7.80144,18.9605,11.6384,7.80842,15.8143,0.411877,10.9841,7.2351,15.0868,C
5.66019,10.364,8.12171,8.33965,6.98251,10.7479,3.29062,0.520262,1.60302,7.49539,3.42517,8.78165,5.41723,5.89673,3.76246,5.82597,A
14.702,23.5302,10.5407,10.2643,16.4312,8.17278,-9.13051,6.00084,-1.83133,11.1963,10.135,22.0483,24.5764,4.70639,0.520625,8.37477,Unknown
2.55296,4.77253,4.13304,3.1814,2.99857,5.82953,5.90713,3.80085,4.8896,7.10411,4.74112,8.79948,1.67102,7.50765,4.12978,8.43273,C
3.27854,4.50865,3.14459,2.82655,0.599553,4.25039,7.09423,5.49183,8.10643,9.69281,7.44903,12.6371,0.170816,8.45885,2.85348,7.11675,B
3.94205,6.59752,4.53091,5.12405,2.24717,5.4472,9.96285,7.5586,9.06059,11.5471,9.55905,13.5914,1.08834,10.7503,3.98352,9.93847,C
3.86665,10.1602,5.26319,6.67208,4.12999,9.47467,5.11936,4.33389,6.54457,8.64348,3.06914,8.13868,3.1355,6.79439,5.55761,9.96981,B
3.36023,8.47526,3.7514,5.90091,2.39916,6.59986,9.41706,7.63978,7.30217,9.28588,9.25784,12.4472,1.66122,9.18288,5.68237,11.3981,C
1.51018,3.5566,2.42421,2.69003,1.97364,6.69075,6.50153,3.72557,5.0916,6.15488,5.51781,5.03528,2.06606,6.96255,6.21543,8.40596,B
3.13783,6.96448,4.58357,4.80999,2.54155,5.45146,7.8254,6.1124,6.99494,6.51779,6.50326,13.28,1.60207,8.2636,4.12148,9.40512,C
5.30704,9.45043,5.88317,7.26342,6.76966,9.68847,5.43116,3.9485,3.18355,8.29846,4.0906,8.68904,4.97158,7.54371,4.14979,6.75667,B
3.51895,7.47641,3.77722,4.03557,3.89381,7.82928,8.63776,5.05586,5.70347,11.3711,6.79017,6.67793,3.60051,8.59695,4.58723,7.29681,C
3.48757,8.00512,4.50222,4.97488,3.73726,6.7481,6.36313,6.31515,6.31314,6.96955,6.13346,5.73029,1.14161,7.57318,5.82418,9.482,B
4.97558,9.48216,5.80315,6.66425,4.4128,6.59567,7.56773,5.70693,6.61126,8.1313,7.04614,12.3318,2.58209,8.73934,6.72573,10.144,C
2.85278,6.15332,5.39524,4.78507,3.62665,8.98012,1.37483,0.574857,1.97583,7.36692,1.77419,7.74821,3.10982,4.80491,3.09956,7.79614,A
3.49466,7.93922,6.08108,5.81295,5.22948,8.32075,6.06499,1.13498,4.11675,7.04631,3.59371,7.08715,3.36854,6.51356,4.18617,8.52873,A
4.36152,7.91747,5.79075,4.41225,6.29468,8.33101,8.54629,4.16457,5.38469,6.35671,7.12556,8.77199,4.75446,8.89122,6.6321,7.45426,B
2.3433,4.60002,3.22806,3.30791,2.54307,5.70813,6.16129,4.94321,4.14367,7.19385,5.8191,11.2678,2.75413,9.3586,4.18125,8.32035,B
8.28039,14.0121,6.15419,7.86638,3.49397,7.64267,4.57067,6.48362,4.13703,10.576,3.65904,9.67624,5.065,4.94498,7.90912,9.86261,B
4.15562,6.97275,5.83235,5.08876,5.22086,6.09973,7.40229,2.69321,4.5455,7.1649,5.91881,7.9833,5.72756,8.10651,8.85822,7.90027,B
4.5173,10.5951,6.04733,6.60235,3.06197,10.7202,7.28113,3.84435,3.29624,8.65652,0.938284,5.13104,6.04455,4.94549,4.38178,11.9118,B
2.66277,10.5815,4.96749,8.57626,4.47751,8.07029,7.55906,8.56882,7.00617,8.89019,7.07307,7.13296,2.24933,8.07478,12.0859,12.2514,B
1.90086,4.67954,3.11245,3.9137,1.43137,7.30887,7.56447,6.25265,7.54494,5.86682,6.19201,9.66799,1.10154,10.1525,6.04594,10.5949,C
5.90427,9.5801,2.97738,4.62405,2.93229,6.46509,8.32412,4.71406,6.21995,8.87663,6.33344,7.59407,2.98449,7.32232,5.72143,10.5353,B
5.46424,11.4511,5.20341,7.28496,3.04113,6.14099,4.60106,6.03393,11.0196,8.09337,5.96677,14.0616,1.99329,9.49654,3.4036,8.85772,C
4.4171,10.9472,4.59764,7.10446,2.64237,6.02085,5.96277,7.17888,6.17453,6.91175,5.21821,10.5563,1.06309,8.22462,4.72504,9.47001,B
5.23363,9.67686,5.54415,6.348,4.05691,6.86379,6.80424,6.75095,6.31001,9.18079,6.31298,10.2578,1.69871,9.11692,5.20291,11.1358,C
3.22278,6.22542,4.3367,4.19179,2.40745,4.08916,7.66025,3.61283,5.04003,10.3328,8.11867,10.2713,2.99442,8.58114,2.62772,5.70131,C
1.83374,2.98725,2.35787,2.57678,-0.224266,6.26988,5.04172,2.8806,0.307379,5.98819,0.70794,6.99591,1.84838,6.81018,0.0373307,7.82305,A
1.25296,-0.112499,2.06987,1.36476,0.928899,5.45753,5.35758,4.12001,4.2273,5.08309,3.89882,6.44411,2.76011,7.39459,5.69964,6.9479,B
5.68211,12.2782,5.98435,8.50045,5.26773,8.52451,2.93914,4.00543,4.50187,8.76174,3.21341,7.40249,2.88531,7.45693,5.75792,10.6093,A
4.80769,9.99827,6.44407,7.3807,6.08002,8.85711,6.2597,2.53031,5.57058,8.58582,4.02814,5.91124,2.98958,8.39013,7.58855,10.1706,B
1.68575,2.842,2.99571,2.24195,1.03904,8.89185,2.56388,2.37704,2.12044,7.97546,2.48176,9.23223,1.37665,6.46993,1.75096,8.34087,A
1.6324,4.29934,2.33472,2.4917,1.9746,6.46765,7.11197,4.5259,5.44297,9.56103,6.62574,9.84245,1.87235,8.19109,2.68554,9.16054,B
2.88765,6.80299,4.46807,4.8724,3.36102,7.00617,7.06326,6.18507,5.81186,7.13466,5.29703,9.01158,1.6359,7.465,3.37529,7.14534,B
4.42652,8.91414,4.82884,5.53857,3.04412,5.91193,6.00659,6.4695,5.86416,7.31199,5.60325,11.3571,1.20998,7.99213,3.53255,8.20733,C
2.52242,5.97589,2.65252,4.10593,2.82332,6.75978,6.57896,7.94741,5.67709,5.69347,5.7593,7.17472,1.73859,8.42069,7.21191,9.37594,B
4.98026,9.60226,5.74773,4.72689,3.64473,9.1587,3.03374,3.865,2.54521,9.37897,5.23112,11.3626,7.02254,5.71138,3.8338,8.83373,B
4.45073,11.4473,5.1579,5.91923,2.88442,13.2293,1.6299,4.07352,4.03098,13.7027,3.76746,11.4602,4.31411,4.98512,4.48543,10.6863,A
4.06102,10.2037,5.74415,7.66605,6.41749,7.56201,6.69657,6.12854,7.11465,5.52531,5.59135,4.65695,3.09304,7.65878,6.97084,8.62657,B
3.64511,7.59565,4.61616,4.90033,2.84233,10.3229,2.31227,2.82542,0.559131,8.96566,1.39167,9.54659,1.8794,3.75753,2.74963,7.67519,A
3.0404,8.95021,3.99027,5.63116,3.72583,7.37671,6.04885,4.57119,3.98885,7.14438,4.59549,9.30315,2.37876,7.77115,5.39365,8.88934,B
4.85211,9.3032,4.92905,5.8742,1.99045,8.0695,7.85198,7.506,8.34398,9.30395,6.08305,7.44846,2.86812,7.32217,9.48291,10.6793,B
7.07649,12.4705,5.7324,6.01021,2.85371,11.6599,2.06007,3.12232,3.94739,12.2798,2.4276,10.0538,5.52368,3.05865,3.34253,9.64879,Unknown
10.792,8.60743,7.76474,14.7533,1.12307,5.47193,15.4345,22.9848,21.3023,5.54864,15.841,29.4757,-3.97697,17.6577,3.86973,20.7461,A
3.43115,8.82072,5.06518,6.22497,2.89281,10.4821,1.23659,2.5105,1.48418,9.62639,1.63261,8.67858,2.65257,6.5543,2.30513,7.5363,A
3.23225,9.21936,5.28784,6.46554,3.80274,5.01624,7.61106,8.11275,8.20974,8.70754,7.9539,13.4722,2.14666,10.3127,3.93808,9.00932,C
6.07595,13.293,6.76925,7.9813,4.27791,6.10517,2.22629,2.23162,3.90766,6.45692,2.25672,8.01412,3.233,7.57413,5.58986,6.36547,B
6.3087,14.6452,7.05496,9.2536,8.71919,10.7165,8.88782,8.06494,5.96807,10.785,6.84138,6.4696,4.62346,7.1073,10.0271,8.72323,B
5.04111,9.04311,5.70397,6.03707,3.69916,8.52374,5.26617,2.18038,2.24901,7.47146,3.99492,10.509,5.03832,8.42855,4.1673,8.40538,B
3.49591,9.56935,4.79034,6.21607,1.29272,9.76507,3.21137,2.23978,2.58082,6.88565,-0.718023,8.18682,1.68007,6.94567,2.57206,7.2896,A
2.06979,1.82583,3.04628,1.9821,1.26537,8.84363,3.50234,2.88399,2.08987,8.01489,2.61786,10.8684,1.92195,6.22761,2.23154,8.79117,A
1.53319,4.00041,3.04928,2.82246,1.77866,5.03207,6.92029,5.27728,5.9721,7.54833,6.1392,10.1515,0.674839,8.80428,3.06944,8.23272,C
4.25408,9.19272,5.21029,5.92626,5.54351,8.70388,7.74676,5.5973,5.55005,7.75176,6.6299,5.45854,2.34082,7.81932,7.99285,9.38528,B
4.24425,8.96622,5.31714,6.34104,1.8871,4.73427,7.09203,7.44263,9.24592,7.59887,6.88408,10.3156,1.24339,8.21044,3.70004,6.86612,C
7.993,13.2606,9.06316,8.03881,6.32047,8.44237,6.14244,4.16119,5.50403,9.18528,4.70278,9.05629,5.02665,5.20463,7.37598,9.79557,B
2.61599,5.30335,4.32349,3.86441,1.78177,6.29667,4.71288,3.23223,2.43186,7.40458,3.18258,8.79351,0.72397,7.25716,1.74682,7.2056,A
7.34953,13.493,6.51897,8.40606,4.08695,13.1848,2.19867,4.00782,2.35785,11.4436,2.80889,11.8996,5.56354,6.39126,5.92942,8.51601,A
4.8762,9.3548,5.16095,6.4844,1.42824,4.23175,7.56124,7.5085,8.20417,11.8023,8.76777,9.81619,1.32886,9.11427,3.13259,7.71368,C
2.49281,2.81305,4.9874,3.29785,2.97809,10.2948,2.97396,2.56401,4.77256,9.48598,3.13379,7.51153,2.17553,6.69416,4.0655,9.05023,B
4.32411,9.94484,7.8762,7.80013,6.89492,8.92894,6.43823,3.06349,5.4963,8.55584,4.87783,6.92676,4.9533,7.44353,4.60454,5.18815,A
0.640613,2.06151,1.89444,1.14443,0.325415,7.38531,5.96695,4.24337,3.2867,8.0352,3.58343,11.0496,1.22103,8.42177,1.87217,10.1325,B
4.88941,6.39041,7.27521,5.44106,4.70135,8.05981,6.52313,5.8689,6.78718,9.96315,4.2309,6.43701,0.760506,8.14684,5.42569,9.43878,B
8.26304,15.2643,8.92603,8.17398,6.09447,9.40539,7.25797,8.10794,8.6041,8.25815,4.33636,8.44238,3.94898,6.98132,4.28531,11.1687,A
5.86282,11.2248,8.80619,8.05268,7.61892,10.9116,5.47132,0.999681,5.17065,5.58541,4.11739,4.69773,8.31923,6.82698,5.94176,4.5036,B
3.21065,4.23133,5.07419,3.37245,3.95896,6.79774,6.04459,2.74036,5.04265,6.98081,5.54137,8.92659,3.31678,7.77551,3.9742,7.93084,B
4.06192,8.76666,5.29252,5.63561,2.75799,10.5151,2.59194,2.97624,2.08346,9.71647,3.18802,12.4902,3.88023,5.92871,5.23473,10.5714,B
2.21923,3.38625,3.21662,2.57435,2.1506,8.68904,6.46277,4.32749,4.53238,7.20813,5.73573,6.31938,1.93505,7.96787,6.29117,10.2251,B
9.67817,17.5506,6.57033,8.17642,4.48541,6.30605,6.61438,6.05612,6.37258,12.3377,7.11635,11.3138,5.36246,7.20673,7.73161,10.4688,C
2.07922,4.42734,3.74412,3.286,1.13525,9.94275,3.55734,2.85373,0.378117,8.35481,1.15208,9.64843,1.52686,6.64182,1.49382,7.83933,A
3.22522,8.27276,5.17545,5.36035,2.84028,4.99254,6.69028,5.50759,5.12662,8.42505,6.05127,11.1719,2.16953,8.85883,3.37937,7.29439,B
3.05358,2.81978,4.4575,2.46471,2.19223,8.98335,3.51093,2.88228,2.89999,8.9882,3.93258,9.36215,3.57633,8.46788,3.70781,9.03583,B
5.24601,10.1672,6.6798,5.82338,4.85147,8.21318,8.62057,2.65306,4.15492,10.1692,7.07991,5.906,5.51274,9.3011,8.95249,5.62544,A
3.88567,6.97846,5.53696,5.46723,5.5869,6.797,5.36687,5.03286,4.65412,6.30565,3.84146,6.09837,2.80898,7.6226,6.14971,8.83007,B
4.3213,12.3131,6.78734,9.52481,5.67223,9.46329,6.31603,3.32998,4.22577,8.96768,2.31189,6.82761,3.30507,6.98968,3.9379,9.55113,B
5.83569,11.9392,6.53736,7.07998,5.69987,13.0156,1.07091,2.32461,0.952702,12.7934,1.69206,11.5056,6.388,3.45858,6.15643,9.97581,A
1.91707,2.00829,3.52872,3.97901,2.24338,7.0526,8.05127,5.86419,6.12282,9.14904,6.4142,11.7078,2.07754,8.40942,4.65082,9.2454,C
2.92878,10.0004,4.68441,7.56358,2.57664,9.45164,4.84495,2.67036,1.2926,8.1893,-0.363687,9.29195,3.1568,6.83359,1.76344,8.49386,A
3.32786,7.42314,4.05343,5.53963,1.3897,6.5534,8.78024,8.41671,11.372,7.68609,6.76601,12.2937,0.537537,8.52027,4.40215,10.013,C
3.31699,7.83847,4.9137,4.61431,5.04674,5.7194,6.66554,4.26299,4.64054,6.52542,6.07668,8.3807,3.95887,8.91223,5.69731,7.40443,B
3.53094,5.57102,5.27648,4.05723,3.43741,6.84323,8.25986,3.19462,4.5962,9.74334,5.65586,5.85095,2.30454,7.81071,3.14601,7.18217,B
4.17191,7.91196,5.40553,5.3347,2.97026,11.0211,2.30355,3.6106,1.86982,8.80614,2.83896,9.49329,3.12309,5.19871,3.36459,8.70481,A
4.32695,11.1727,6.43967,9.81045,5.52559,6.52138,7.51116,6.39267,6.03116,5.27781,6.40191,10.1653,3.54366,7.46972,6.15149,9.20913,B
5.40694,9.36394,7.69599,8.95619,4.86408,4.24686,7.83698,9.02192,7.46929,6.40142,5.56098,8.17597,3.30305,7.95384,9.36619,9.73695,B
2.68114,6.90961,4.93925,4.26383,3.42256,10.151,2.08734,1.46415,1.94244,7.45816,1.83258,7.34271,2.50613,5.21137,2.09835,6.55233,A
3.40442,5.24946,3.93081,3.00845,1.37693,6.65472,5.43041,5.3074,6.70561,6.46368,4.65811,11.6189,1.24386,7.44416,3.72359,7.97977,C
4.26006,11.2756,6.57442,8.16194,3.64471,6.91183,7.72896,7.46255,10.0871,6.59076,5.88044,10.6075,2.80242,6.84072,4.91416,9.04443,B
4.17687,9.56394,7.4184,6.72818,6.52419,7.40874,4.91455,2.92687,5.30145,5.19356,2.92501,6.37089,4.28108,7.76815,7.14291,6.01847,A
6.22395,14.1259,9.62967,10.0402,8.17169,8.01721,7.49854,6.41349,7.14368,8.39446,6.56219,5.90013,5.44112,7.98233,9.15249,11.3742,B
3.43905,6.34907,5.91912,6.1955,4.05433,8.51946,4.51091,1.63601,2.80963,6.90418,1.98544,8.95437,3.39255,7.44984,3.2117,8.54628,B
6.16536,11.3456,4.12669,5.562,1.8658,5.92038,6.644,5.92163,4.85461,8.89368,7.1298,10.9464,4.3599,7.21045,5.87478,9.88688,B
5.63839,9.75448,0.833779,0.689344,8.64425,21.6585,-10.2428,9.47194,4.4665,13.086,13.4697,22.1416,4.11731,4.8397,5.80505,14.8205,Unknown
2.17541,5.10935,2.89047,3.28641,1.44943,7.27535,7.78937,7.77948,9.12667,7.58663,6.93906,12.3871,0.11925,9.19523,5.73387,10.0486,C
4.62063,7.7619,5.00858,4.67522,1.8955,4.37125,9.60848,5.74193,7.29785,14.2956,11.9301,13.377,1.55205,12.1496,1.13503,6.53079,C
2.38949,1.86158,3.75893,2.90504,2.40611,6.90138,7.14639,6.72004,5.64889,6.8763,6.49259,6.34151,2.44227,8.79696,5.54439,8.16747,B
4.56281,9.55888,4.47832,7.78188,-0.561954,8.29691,9.20624,10.1335,13.5299,7.2674,7.32685,14.8408,-0.0501298,8.83157,3.62571,12.9031,C
5.36734,11.4639,7.74625,8.41149,7.25012,8.4882,6.58475,5.98741,5.7496,6.45176,5.68858,6.64925,6.19653,8.02337,9.00621,6.68938,B
3.87727,8.10724,5.03567,5.637,2.46903,6.28387,6.54595,4.33196,7.33886,10.3114,5.89518,10.9281,1.4209,7.66371,3.65914,7.8266,B
4.24683,8.56888,5.26932,4.90057,3.68497,6.90595,6.23592,5.2848,4.61823,6.73521,2.8256,6.88254,2.40572,7.21601,4.11245,8.66949,B
5.55948,8.69295,7.64033,7.89569,1.73516,3.89981,8.96605,8.50829,12.993,6.64068,7.39951,15.1405,0.759537,8.36996,3.46713,8.78647,C
3.92454,7.20353,5.21404,5.27091,4.39874,5.77544,3.62313,3.07254,5.71031,5.23766,4.18588,6.35291,2.03032,7.94986,4.94208,8.10889,B
4.1427,8.53199,5.07943,6.87336,4.13029,5.68413,7.08469,6.875,6.67801,7.84369,6.63754,9.66489,1.58803,8.42978,6.08504,9.37633,B
5.29742,6.64948,5.55892,6.12717,4.88577,8.41062,8.07928,7.39823,8.88087,8.00272,6.57271,6.90974,1.76156,8.74792,8.4263,11.1551,B
5.10277,10.0904,7.14812,6.22963,5.04792,6.7088,4.42783,3.11363,3.39776,4.97431,3.67982,7.02086,4.20064,6.62806,4.85163,3.96114,A
1.60445,-2.76615,2.43736,0.148447,-0.602496,6.92417,7.64614,7.59298,6.54146,5.90274,4.79101,9.35982,0.242222,8.76163,7.23836,10.4262,C
-0.805867,-0.0477188,3.7683,10.9663,-14.7397,-1.28921,32.061,11.8747,27.9233,7.02723,24.0461,24.647,-16.391,17.8791,13.6334,16.1444,Unknown
8.39415,15.1595,9.27551,8.59153,3.83486,11.4457,6.07872,6.01801,6.68193,12.5082,3.39922,10.3149,2.96298,6.81252,6.3424,11.4934,B
8.22392,12.8776,6.58994,7.25652,4.23455,9.31842,5.90844,2.13948,3.98873,9.23842,2.18405,6.61185,4.26604,6.69352,5.76675,9.55465,B
3.26438,-1.33554,3.88878,5.12472,2.04259,11.5625,2.53063,2.99377,3.11807,9.23159,2.81171,9.27578,3.13762,8.34374,3.83749,10.4182,B
1.06085,2.12251,1.70482,0.686437,0.741579,7.62977,5.87676,4.77104,5.19719,9.95778,5.70212,13.1506,1.55255,9.88312,2.17126,10.6931,B
2.01963,3.91462,3.21165,2.56286,1.56841,8.0071,6.21948,4.4755,5.13176,8.17523,3.81095,8.77045,1.4138,8.46098,3.28085,9.28556,B
8.1194,13.649,6.00312,6.78474,3.66063,8.10258,4.66263,3.69135,4.58591,10.7371,3.76512,7.65029,4.07696,5.03453,5.54056,9.67264,A
2.65502,6.4073,3.6822,4.66225,2.93118,10.9707,2.77238,1.07964,1.8813,8.76084,1.44458,7.91698,1.55551,5.38117,1.62332,7.45864,A
4.60107,7.82539,5.42123,5.22088,3.72994,4.95729,5.69871,4.7926,5.05307,6.47439,5.64109,10.2163,2.87991,7.61342,2.13449,6.09969,B
4.00484,7.09125,4.89746,4.93919,3.10523,11.0994,3.43918,2.31958,1.86236,9.19456,1.58572,8.51401,2.00235,6.26401,2.27457,8.44194,A
5.2566,9.24172,7.94653,7.83682,5.34856,9.09839,3.85207,2.97529,4.8339,7.75827,2.11098,8.46451,2.38334,6.45528,5.13526,8.78112,A
-27.5449,-32.725,-23.9725,-4.3847,-20.6141,-28.2245,68.1634,3.94576,10.8408,5.2583,17.2617,-18.0403,-23.1673,41.5813,3.60093,28.3298,Unknown
4.39748,6.16973,6.58142,4.7468,4.14553,12.4724,3.88557,3.08277,1.9253,10.8251,3.52203,11.5756,4.14401,5.52732,3.56356,8.76052,A
3.962,8.78498,6.19494,6.17265,5.17301,7.84671,6.98127,5.98278,7.18691,7.73643,5.36898,8.0067,2.70967,7.5743,5.59339,8.23847,B
1.19255,8.81069,1.86637,7.92006,3.03243,8.40941,6.27755,3.39235,-0.0538083,9.79432,5.06773,13.5704,3.78173,7.75758,1.8859,13.6113,A
0.63571,3.3426,2.35791,2.60555,1.24306,5.87614,7.65582,6.9493,5.27918,6.54445,6.9435,10.0889,1.2481,8.77028,4.14785,9.29845,C
2.58162,4.2275,3.16539,2.93146,1.1604,4.28793,8.22853,4.24456,6.37129,10.7404,8.74321,11.4232,1.24095,9.0643,2.35417,7.16916,C
2.62868,5.79681,3.65099,4.02166,3.06614,7.18575,7.21652,6.20553,6.11902,7.0536,5.68999,9.40293,1.94534,8.28221,6.06049,9.95818,C
4.91319,10.3095,6.28333,7.06699,3.72965,11.4094,3.77703,3.6982,4.12297,9.70496,1.07543,8.97804,2.41972,6.60823,3.91962,9.39214,A
2.90311,7.52902,3.03756,4.15828,1.35512,6.0649,8.45454,6.87311,8.43925,7.6813,6.41003,12.6056,0.847411,8.84785,3.56795,10.7913,C
6.88711,13.4836,7.5369,8.2077,6.93107,10.2118,7.16159,5.25002,5.33793,10.0066,5.09743,7.57572,4.65018,7.48296,6.67913,12.0589,B
3.49164,11.4374,6.39221,8.62719,3.33127,7.88268,5.48186,3.59605,3.18286,5.5537,2.01346,10.6677,2.42182,6.73071,3.83236,8.54021,A
3.68491,6.63724,5.59934,5.19403,5.17714,7.23207,5.88676,3.40634,4.10236,5.86083,3.83013,5.07859,2.62744,6.84359,4.94338,7.20781,B
5.03847,8.59659,7.5461,7.11182,4.8867,6.4236,4.75133,2.65747,2.59512,6.9071,2.43278,10.1649,4.43507,6.32909,3.14887,8.01943,A
2.01709,3.36526,3.29751,1.88808,0.80127,10.0706,3.23766,2.70484,1.05612,9.31116,2.54901,9.09051,2.10437,6.86912,2.10426,9.36337,A
4.66833,10.918,5.1222,6.20633,5.89008,8.44882,6.60234,6.6479,4.99973,7.23903,7.08535,7.71708,3.6713,8.68552,6.45643,7.57339,B
5.08228,6.98186,4.93129,3.74363,3.65644,8.65133,7.2014,5.66107,7.35307,10.7832,6.85593,7.17035,2.96491,9.07966,6.18495,7.9567,C
3.88504,8.95694,5.56185,6.36672,4.70673,6.79903,6.12203,4.42572,6.0061,7.60791,5.25211,6.41634,2.20371,7.50203,5.97914,8.47834,B
2.12002,2.21283,2.60769,2.59262,2.8821,8.48987,7.11453,5.24991,5.6552,7.77895,6.38143,7.02064,2.72357,9.13078,6.34806,10.7775,B
4.34363,9.50725,6.69797,5.69593,2.38017,4.91913,10.4915,7.72023,9.85578,12.4736,10.6582,16.7981,1.64125,10.8746,4.79691,10.3464,Unknown
-2.76947,50.3883,6.43804,13.9076,40.3131,14.8293,23.0629,10.7643,18.1497,14.3435,2.06986,-1.69742,-13.063,-12.4287,1.22386,-3.73383,Unknown
0.00393341,1.545,2.34798,1.6621,-1.2061,8.00637,8.37899,7.92418,11.1805,13.0925,9.79389,20.0059,-0.441365,10.8269,3.13001,10.5665,B
-5.34562,-5.51238,-5.22418,-18.3063,-12.0963,19.0762,20.7833,-1.0791,-5.77157,16.3731,5.28187,14.6984,9.14598,18.5842,-2.79714,20.9478,Unknown
3.59914,8.15198,4.70375,4.78604,4.06143,7.94684,5.7721,5.84164,6.12284,5.8534,5.34661,4.50981,1.78761,7.62602,6.14573,9.039,B
4.57721,9.47383,5.48984,6.05064,2.72162,6.06616,7.35988,5.9944,5.48078,8.75534,5.40278,8.72075,2.12458,9.21446,3.654,7.94311,B
7.77941,15.1789,7.41412,10.0238,6.71179,10.6746,5.55558,5.51704,2.88356,10.0219,3.79995,9.07307,3.47348,5.55892,4.94666,9.55995,A
3.23722,6.01801,4.75159,4.64529,3.76966,6.78539,6.50828,5.62057,5.40138,7.05901,5.45787,10.6516,2.45483,7.90599,5.06732,9.33974,B
4.55693,9.09812,-8.30762,-5.9599,11.8545,13.6956,-14.3981,-8.56574,-5.84992,-5.53033,6.59897,-0.103377,-4.74899,-13.866,-4.16901,-10.2444,Unknown
4.14269,9.25491,5.43158,6.84915,3.82003,5.55229,7.32262,7.80671,7.45467,6.89189,7.3606,11.4276,2.12448,8.25503,5.90879,9.60513,C
1.24718,5.2428,2.90182,2.23387,2.08381,9.60392,4.51868,2.59339,3.20363,9.14915,4.17864,7.71468,1.98442,8.17284,4.0956,9.96026,B
2.33463,6.4042,5.64644,5.8467,1.76143,7.93102,8.3959,7.98877,12.4008,7.81619,6.64242,12.7031,-0.165516,10.2133,7.71439,10.9129,C
3.3525,8.14897,4.57613,5.05362,3.03976,6.72816,3.46468,1.8688,1.42467,6.94272,2.36247,8.25744,2.16089,5.78284,3.52478,6.28937,A
7.38122,11.0874,7.57952,6.85168,4.93484,8.85313,7.69737,5.346,8.44401,11.0279,4.73822,4.96399,1.66045,7.04728,7.76562,11.0214,B
6.68457,12.6796,5.65647,8.53919,4.75004,8.75599,3.90074,1.3252,1.82054,7.87697,3.47917,9.86254,6.84315,4.89679,4.79648,7.3893,Unknown
3.0838,7.04941,4.78731,5.56895,2.8485,11.3581,2.54857,2.24012,2.2533,9.34068,1.44195,8.80945,1.83647,6.02429,2.85381,7.28129,A
3.27259,7.93701,5.09904,5.91242,3.13493,11.777,3.74371,2.57878,1.53015,10.1555,0.881633,8.21833,2.11533,6.38186,2.09534,8.82703,A
5.26764,8.92729,6.6442,6.49656,2.73303,4.94287,6.08482,6.23922,9.20795,8.28392,5.76337,11.4533,0.387315,7.66202,3.73914,7.58834,C
1.74684,6.73184,3.70521,4.47099,1.66703,11.1886,3.61108,3.51592,2.60016,9.9293,1.59497,8.43528,1.85393,6.39831,3.21897,9.606,A
3.15177,6.14709,5.53509,4.28273,2.39186,10.0364,4.41492,2.29993,1.78119,8.32353,0.561996,8.89837,2.207,7.09753,2.23789,8.81768,A
2.74236,6.22516,4.86969,4.04939,2.54526,8.23199,5.73357,4.85298,4.74172,8.11226,4.56054,8.8865,2.11105,8.48876,3.42484,8.24713,B
2.53976,1.47365,5.61483,-2.85076,0.199158,9.11957,7.42357,-1.23112,7.31593,8.08768,-1.8649,6.19591,4.96274,9.50103,1.22666,7.81795,B
3.39069,9.53327,5.37047,6.74743,3.04558,5.67206,5.1797,4.86398,4.82778,4.96137,2.16462,10.4525,1.50901,6.24101,1.94891,7.30739,B
2.55636,5.85682,4.408,3.82206,3.01053,7.33517,4.74193,3.14067,3.54784,6.89793,3.84461,7.10589,2.06789,7.19785,4.05132,8.50764,B
3.34406,10.5035,3.70451,7.89056,2.4804,6.86621,8.29349,10.1703,9.80522,7.90188,7.67922,12.8508,1.36791,9.44951,6.11899,11.5903,C
5.18765,12.7985,5.60965,7.86062,3.48258,7.64129,4.78151,3.28518,3.70093,6.76414,3.08431,7.09557,3.02033,6.86233,6.17286,9.64921,B
5.33888,9.14612,5.54424,5.18111,3.5451,6.21617,7.217,5.79974,4.82904,8.5304,7.42323,9.97798,2.70943,7.78721,6.6088,8.7976,B
3.45473,8.70424,3.39804,5.37021,3.66796,9.09754,7.36735,4.6623,5.47341,7.98443,6.31943,7.09301,3.6323,7.95466,7.64425,9.54309,B
3.78751,8.53262,5.45439,5.72998,4.78733,7.54377,5.59771,3.41977,3.61106,6.5986,5.86142,11.535,4.58994,8.91863,4.74139,8.46136,C
4.6045,10.6083,6.28598,7.33772,3.11513,9.87398,1.88626,3.48127,3.66282,8.30546,1.41517,8.34373,2.522,7.39278,3.46567,8.32841,A
3.16425,5.31387,4.11316,3.44594,2.45035,7.13175,6.94757,4.50261,5.99606,10.7449,7.02371,7.67368,2.02765,9.36431,4.1098,8.21044,C
5.0788,9.99137,5.77873,7.65058,5.67853,6.61125,8.43286,8.56732,6.34826,5.50763,9.15263,6.97892,2.80304,9.28296,11.9683,13.8726,B
3.2309,6.26139,5.45491,4.32009,3.61674,10.2964,3.57364,2.27004,4.89353,9.88541,1.98517,6.77847,1.94275,6.12805,3.24786,9.30085,A
4.07528,7.74435,6.2698,6.31611,3.46023,9.31354,3.94926,2.71539,2.30418,6.77714,0.601843,7.54923,2.13268,6.79615,2.70867,7.72477,A
3.53311,9.50413,4.50376,5.99276,4.78698,8.62548,5.2973,2.62663,3.15363,7.0111,2.62044,7.62813,5.19038,6.44318,4.58786,8.17279,A
2.95221,9.59653,4.96485,7.21588,4.07737,10.4656,4.22875,3.70289,2.10892,9.86496,3.23174,11.4906,1.92226,5.17551,2.08026,10.3713,B
2.69449,7.49495,4.31013,5.44348,2.22739,9.77939,4.20038,3.26801,2.76776,8.53412,2.06309,9.07541,1.30883,6.73136,1.91803,8.6275,A
3.48128,6.38314,4.26582,4.67502,3.3538,8.38436,5.40452,3.82051,5.41946,7.9277,3.09067,6.9002,1.43002,7.52125,3.73263,8.60949,B
3.45002,5.15663,4.21354,4.47058,2.09347,5.15994,4.93669,4.83803,5.9798,6.12287,5.78184,10.8657,1.6667,8.36853,5.19066,9.53762,C
3.41526,4.99838,4.42475,3.86651,2.78969,9.79321,2.72645,3.05724,3.65448,8.88269,2.34794,7.6499,1.00348,7.14604,3.15423,7.67435,A
4.16647,7.8419,5.42378,6.38702,3.3728,5.00205,7.88233,5.61636,7.24423,8.63831,7.97743,14.146,2.4352,8.41695,3.76493,8.84541,C
6.11462,11.5684,6.56886,7.54293,3.24963,6.2408,7.20948,5.55314,8.88739,9.71184,6.46183,9.13968,1.06815,8.31978,4.10556,8.36951,C
2.47423,4.1451,3.61194,3.6855,2.67089,7.63128,6.60418,5.9123,6.30821,7.09021,6.38421,7.11323,1.84527,8.7269,6.40304,9.69552,C
5.4717,10.0705,6.44917,4.92345,3.86684,7.9683,7.40081,2.48458,5.49527,10.0476,4.58348,6.16955,6.91243,8.5645,5.40602,6.95701,B
2.83951,4.97385,4.87998,3.91138,2.7818,11.85,1.85943,2.51908,2.74367,10.5605,1.78927,9.17233,2.33853,6.15024,2.65363,8.10131,B
4.79453,6.35599,8.04686,6.50282,5.98235,7.15654,6.53319,3.5976,5.6723,7.23211,5.58686,4.57723,5.12253,7.39802,8.22659,8.47004,B
4.82272,9.11657,4.88622,5.19941,2.8261,6.45246,7.27386,6.23442,6.83983,9.42811,6.93,9.09686,1.94838,8.76185,4.78225,9.46277,C
5.45571,12.6675,6.50451,7.99754,6.85061,6.78153,5.19599,2.2336,3.05433,6.10889,4.03455,7.69586,5.0725,7.93884,6.10577,7.44405,B
3.81853,8.97625,5.48122,6.21392,3.07533,10.2257,0.865932,2.13103,2.62623,8.36501,1.82298,9.77061,1.93807,5.50726,3.20935,8.22025,A
3.09126,8.5654,4.06621,4.53969,2.7224,10.0868,8.09701,4.28113,5.9903,9.64789,4.90783,6.92699,0.983643,8.80949,3.59591,9.31969,B
5.55187,9.89588,7.57294,6.90821,6.96179,8.31866,5.67912,4.43465,5.74588,7.92496,5.58191,7.78233,5.54942,10.0157,5.7902,6.70476,B
1.51945,8.12504,4.40801,6.22376,2.18784,11.545,2.75269,3.63508,2.0575,9.78852,2.38525,7.90079,4.09878,5.65413,4.55596,9.57283,A
2.47453,2.17565,4.27736,3.96527,2.1851,6.1649,8.5963,6.2534,6.87362,8.748,6.64344,8.10896,1.82968,8.93597,5.54678,7.44624,B
2.91601,3.23398,4.38056,4.93455,0.935484,9.45768,3.14628,2.67131,2.61346,8.95421,2.02677,10.1273,2.33811,7.75205,2.45501,8.53628,A
1.36215,3.99758,2.7425,2.25546,1.73172,7.03726,5.22629,4.2757,4.40772,5.51356,4.21327,6.28696,1.42618,7.41775,5.55969,8.01283,B
4.46148,10.8916,5.28646,6.16005,1.76471,5.77572,5.94101,5.28777,6.36797,8.17493,3.78151,10.0167,1.8345,7.45509,4.49461,9.28478,B
6.17001,11.3909,9.33179,9.4686,7.3762,11.5107,6.46748,2.70353,6.39773,11.1087,5.64806,8.23932,3.86482,8.18888,5.54862,8.08772,B
4.56125,7.50816,5.75505,5.58434,2.50993,7.18181,4.81503,4.26798,3.60683,8.80028,1.44526,7.30263,3.80271,6.57201,4.06045,6.68417,B
3.66189,8.90394,4.90158,6.09948,3.02117,7.38696,6.51264,6.43583,6.62698,7.73694,4.02258,7.3264,1.48498,8.31872,3.7809,8.70952,B
5.33614,9.3299,4.95727,6.25216,2.22237,7.5161,5.89366,4.17329,4.08443,7.58595,1.24655,7.10893,2.45892,6.892,3.88431,9.39664,B
4.61861,7.82756,6.03909,4.53581,2.51957,12.3597,2.55455,3.31932,2.76151,12.8422,2.08117,10.2701,2.2291,5.26161,2.19371,9.90122,A
3.26018,6.82755,4.70013,4.20747,1.8441,11.2342,3.1076,3.9026,2.57463,10.1908,1.72841,10.1515,1.55511,6.09402,2.8765,9.1181,A
4.45201,10.7132,6.29589,8.44809,6.01211,7.44949,9.17941,7.90035,8.65034,8.00491,7.49274,6.53009,2.03795,7.44355,8.27815,10.1696,C
5.47245,11.5093,7.69324,8.98553,4.95912,9.98364,6.82599,8.04161,9.18785,9.44622,7.15374,6.93636,3.63976,9.10948,10.1605,12.5912,C
1.92831,5.46813,3.25224,3.64352,2.9497,7.22837,8.5886,3.01268,5.62414,9.68755,6.20963,7.34522,3.08217,8.44179,5.89609,9.11576,B
3.54456,8.59908,5.0263,6.75222,5.17756,6.67528,7.05305,7.69624,6.86036,6.68651,5.53185,6.38969,2.32346,7.59687,9.1791,9.76227,B
3.11345,11.2803,5.38838,8.46019,1.61105,6.63148,7.80818,10.1048,11.2267,7.61085,7.0596,14.8058,1.6536,9.2285,5.286,11.6287,C
4.36385,9.63493,4.38738,6.69808,2.65,7.98389,5.50999,5.08513,4.7924,11.8922,3.24613,8.83054,1.86892,8.37309,3.34562,9.19189,B
4.24872,9.67683,5.0083,5.98253,4.13198,8.75443,5.26593,3.14361,4.9829,8.71686,4.76047,6.26756,2.15037,8.09462,4.42398,8.99998,B
3.39606,7.55638,4.17329,5.22596,2.97896,6.9886,8.43262,7.73909,5.84857,9.52327,7.72755,6.44177,2.03745,9.03748,9.05174,8.16702,B
2.6865,5.5629,4.08724,3.56702,2.54655,5.1888,4.9315,3.91125,4.17135,6.19997,4.15702,10.2561,2.57612,6.68816,2.8363,7.65995,B
5.98575,9.61737,3.57857,3.61632,1.87383,7.33716,4.90952,3.86267,2.28493,10.2777,3.26306,9.22802,6.90096,6.16632,6.387,7.76935,B
1.37861,1.80847,2.79719,2.36372,1.13968,7.7589,4.16069,1.2542,0.584209,6.579,1.122,7.41238,2.11583,6.89536,2.04808,7.72774,A
4.35903,10.7106,9.75976,8.42638,13.3523,9.7793,6.34221,0.0547584,5.72385,6.96931,5.07075,5.42316,9.6332,12.3057,10.1797,10.2185,Unknown
7.66467,12.3325,7.45351,7.11928,6.69977,7.47165,9.2848,8.18637,4.59305,11.3121,8.16019,10.7058,6.54375,10.5447,6.99823,9.24558,C
5.46918,13.2244,9.45495,8.38317,7.8625,10.4489,4.52734,2.9989,2.73171,8.93143,2.58401,7.51382,7.22414,9.27579,7.65487,6.8468,B
2.87144,4.82603,4.01392,4.10538,2.72366,7.41082,6.23878,5.06212,5.76363,7.90943,4.5462,6.8371,1.78183,7.10512,4.74477,9.35594,B
5.52092,11.8262,5.29529,8.89094,4.15117,4.28316,7.73165,7.21581,9.84756,10.6959,7.85831,12.5122,-0.352161,7.84702,4.88289,8.79966,C
1.31562,3.73003,2.17612,1.75685,1.45991,5.78013,7.87662,4.46571,4.74842,8.46952,6.55099,9.3699,2.47067,8.57949,5.23953,9.31637,C
2.60229,5.35287,4.11701,4.66091,0.861921,10.2461,2.70978,2.91057,0.592582,8.18238,0.553572,8.87579,1.13778,5.80326,1.41057,7.29614,A
1.59665,5.70022,3.20177,3.85307,2.31294,9.46479,5.23218,2.9886,3.3634,9.33444,2.95978,9.53746,1.95853,7.18952,2.14739,8.91845,B
3.59859,4.92061,5.57586,4.06294,3.28269,7.34862,6.2873,2.26574,3.46391,8.26179,4.53579,9.11746,2.2811,6.93588,3.83291,8.79218,A
7.5944,12.0055,9.3115,5.07504,3.8842,24.7268,5.27733,13.8908,9.69107,24.7371,6.6148,26.3573,5.93252,13.7385,7.34322,17.2952,A
2.55587,3.11205,4.38679,2.16022,1.40393,8.61808,2.2878,2.09075,2.25866,6.91098,1.26582,7.57856,2.85275,4.78854,1.98573,6.42129,A
4.83369,11.8441,5.72404,7.27167,6.47133,7.4873,8.21433,7.13064,4.55561,8.57864,8.49228,9.581,4.82646,7.91992,6.63976,5.78762,B
4.44756,9.14719,4.9214,5.97442,2.50316,8.15561,3.02618,1.87971,2.15876,8.217,1.33629,7.83608,3.85068,5.41543,3.96212,7.15974,A
3.25864,6.09474,4.55826,4.76439,3.32708,12.9052,5.57129,3.05079,3.94316,12.6251,5.42183,9.25554,3.27781,7.21006,6.09055,12.6033,A
7.42705,15.2649,8.7168,9.35338,9.42203,5.86321,10.1934,5.12236,6.00831,7.96183,6.58678,5.84569,6.00617,6.14832,10.771,9.19236,B
5.26147,8.0702,6.7612,7.66189,4.71529,4.85535,8.5246,4.3097,6.55221,11.0767,7.7109,9.84248,2.04336,8.86816,4.64182,8.63148,C
3.2533,4.56579,4.54077,3.35109,2.13175,7.61014,7.4542,4.8001,7.12613,9.70364,5.30208,9.98976,1.31774,8.84605,3.42398,9.82956,C
3.26672,8.15381,4.5558,5.22268,2.71221,5.04773,8.67853,6.87976,7.66724,8.83363,8.18847,13.1981,0.955999,9.02787,4.4079,8.78664,C
7.69939,15.9394,8.16321,11.4249,6.19346,7.06705,7.18727,5.09353,5.32898,8.66316,2.9799,6.15021,3.01095,7.41868,5.77907,9.54416,B
16.8091,21.9731,11.186,13.4641,13.1146,11.9518,8.64749,3.55749,10.6321,9.8885,5.51272,7.49861,5.52633,10.1854,8.15828,11.402,Unknown
3.4227,5.73633,5.37816,3.22235,3.15962,8.28276,7.6026,2.91127,6.09107,9.96243,5.90178,6.19202,1.63866,8.48785,6.07656,9.8464,C
1.80958,5.51322,2.97561,5.1101,2.12231,14.7399,2.44917,3.18004,2.33654,11.2278,1.32172,8.5777,1.67124,5.9447,2.46228,9.88649,Unknown
4.51296,11.5197,6.61162,8.62806,5.69761,5.43435,7.33558,6.94927,6.94367,9.18714,6.72071,12.0732,2.46569,10.2074,5.55353,8.03555,C
1.84935,2.78948,5.5196,3.58183,4.25118,8.31373,8.54144,9.43356,4.55182,6.30678,6.73102,6.9886,4.13374,10.0108,8.51126,5.27092,B
2.02343,5.23569,2.78858,5.07036,1.70121,8.29608,8.3305,9.5687,6.76279,7.74371,6.48626,8.28741,0.841283,10.214,8.72245,12.4106,B
3.81733,7.01454,4.88032,4.57598,4.43519,6.41867,5.19662,2.75291,4.28057,4.95794,5.75205,8.19686,3.73448,7.71883,7.06433,7.03006,B
2.74327,6.36113,5.53903,5.54127,2.60726,6.88687,4.66944,2.23477,1.61463,6.23009,0.0998484,5.84787,1.81822,6.50855,2.86695,6.57275,A
6.43327,19.019,12.6723,16.6729,16.5926,30.3524,25.6912,-5.48266,6.56331,24.2382,7.00464,-5.6351,10.4872,8.37678,10.6979,17.7472,Unknown
6.33956,11.8503,5.91561,6.32021,4.36496,8.17853,3.65867,2.50327,1.48516,7.81257,5.54002,10.251,6.23037,6.85878,6.7814,6.52895,B
7.11482,12.9724,7.49596,10.0276,3.39368,10.4147,8.95497,3.55486,6.82444,13.9956,3.43186,8.45167,4.36277,9.99519,3.18726,11.3721,B
4.63256,8.07896,5.07802,5.48393,3.23178,8.17201,7.43726,4.49647,5.74697,7.10154,6.54526,7.41382,3.21288,7.86973,6.58161,8.23037,B
4.3039,9.84808,6.22586,6.75212,3.70361,6.67015,5.46363,4.50717,5.08332,7.76958,3.83071,9.64403,1.30943,7.76299,2.41977,8.16157,B
5.95261,10.4713,6.01208,7.09206,5.14946,5.46222,5.88475,4.47306,5.13948,9.45669,6.26304,7.35714,2.47305,7.92971,4.53242,5.99389,B
9.78033,16.8138,3.86033,14.4269,6.97893,18.346,-8.34441,3.66765,13.1484,7.87822,3.74511,5.90781,5.02718,5.44881,0.187938,3.60911,Unknown
4.34458,7.54792,7.28729,5.82073,6.8978,7.67871,8.38533,5.18221,4.46635,9.72963,7.8451,7.11369,5.6868,9.33862,7.30172,7.94036,B
1.53499,2.80181,3.49929,2.28358,2.26054,8.53886,6.97209,3.95285,2.88315,7.26962,5.15785,6.85844,2.86037,8.23801,4.29811,9.24552,B
4.32857,12.5955,4.66831,8.57526,5.35953,6.67158,6.61828,9.37121,6.75418,6.57381,5.68179,6.61988,2.33147,8.908,7.96699,10.3302,B
6.06278,10.1926,7.84625,9.56467,5.53862,10.3235,3.35831,5.37591,8.62446,10.3732,1.87144,6.56124,2.82059,7.41019,6.26299,8.88174,B
10.0413,16.4159,12.4186,15.3057,13.9861,14.8442,3.25918,-0.307027,3.55626,10.4833,5.13599,5.21839,9.99507,8.57838,10.6479,7.99176,C
3.98524,5.73369,7.12319,6.31367,4.58618,9.13915,6.46251,1.86359,5.137,8.18418,2.52559,5.43407,3.15177,7.02894,5.36187,8.65768,A
4.4663,9.26785,5.59596,6.18139,1.9508,7.15774,10.1303,4.94788,8.15827,16.4339,9.83716,12.3152,1.90569,10.1745,2.04819,9.26462,C
3.4334,9.68861,5.66271,6.52253,3.06889,7.31127,2.87215,2.59785,2.25575,6.92754,1.45079,7.84868,3.08138,6.40365,2.64889,7.59866,A
2.36009,4.83998,4.18578,3.06688,3.47392,7.69916,5.14412,2.50111,2.86925,7.68142,3.70672,5.91167,2.773,6.9666,4.55355,6.77265,B
4.69509,7.5967,5.95631,5.12487,3.24779,5.93787,7.92794,4.97605,4.98038,7.0083,5.57098,7.38999,2.90339,7.38554,3.69306,5.54937,B
6.78387,9.25603,9.1336,7.01779,8.41024,6.83789,8.04679,4.96981,5.01878,6.77723,7.97294,6.83406,5.66728,9.33155,7.29277,6.20866,A
2.72549,5.06013,5.16609,4.89315,3.4362,8.80314,4.64278,2.89851,3.27041,7.05167,3.19799,7.97808,2.62478,7.57706,3.41829,7.952,B
2.73289,5.63386,3.2083,3.4384,2.40993,7.20031,7.85364,7.59963,5.69054,6.76171,6.53049,6.3408,1.70917,8.34408,7.51667,9.68267,B
14.6603,22.3397,9.10815,11.2319,3.75424,3.7802,7.75901,7.94083,7.77664,15.5193,10.9381,16.8315,5.72443,9.61424,7.84118,10.7057,A
8.18912,13.642,8.49845,9.39207,5.49056,14.591,3.49001,4.40241,3.75148,12.9608,1.89641,10.6762,5.72908,5.86119,4.11052,10.4946,B
2.01758,1.26847,3.36076,3.86583,1.76228,6.93164,5.82752,2.09417,2.55657,6.51169,3.05267,5.81249,1.49285,6.99334,2.29797,6.8875,B
2.65321,5.87803,4.42223,4.0595,1.34149,12.2862,3.26692,3.96376,2.49819,10.7952,0.274924,10.3019,2.00883,7.02516,2.38208,9.80688,A
3.44867,7.6001,5.13345,4.82022,3.50233,11.4488,1.25121,2.08171,2.41303,11.128,2.20249,9.92718,3.399,5.61859,3.63515,9.38505,A
1.81333,5.85076,3.72008,4.00441,1.80014,8.91856,3.8947,3.86495,2.90137,8.42631,3.11816,8.7221,3.30962,7.02159,3.90085,8.76593,B
6.01049,12.7639,7.46701,6.76441,5.89841,7.53058,8.21388,6.55885,6.58867,7.81986,6.61326,8.71297,2.31331,7.36469,6.79135,9.36011,C
2.35968,5.90722,3.64946,3.22027,3.11129,5.63355,4.35148,3.2533,1.71476,5.50567,2.62742,6.06542,1.38327,5.92567,4.4303,6.66169,B
4.70331,8.68398,7.56637,7.91121,3.56287,8.22526,4.36868,3.38731,3.4142,7.08857,1.40957,9.46253,2.41532,7.80658,2.7369,7.76492,B
51.8489,-36.4543,-49.7578,-28.6768,105.851,52.266,113.079,34.089,26.4751,117.582,45.3555,-10.9201,-13.7694,100.33,82.6883,34.4055,Unknown
1.04654,1.71274,4.12918,-0.159235,-0.931025,11.9611,9.86072,7.35981,5.51622,8.7124,7.29166,7.73542,1.93728,8.12054,6.77169,11.26,B
3.34274,7.48443,4.05662,4.8937,4.05451,7.61176,8.57637,8.60996,7.24181,8.016,8.3733,9.36166,2.73706,10.1479,5.29832,9.47596,B
7.90433,12.0129,7.79329,7.787,6.69376,7.98622,7.41327,3.14995,5.3666,5.83342,4.18435,6.46883,5.11638,6.82894,5.84414,9.20701,C
9.76083,7.73283,8.30288,4.15129,2.83063,15.226,1.05995,3.8604,6.50767,12.3523,-0.726046,13.646,4.48192,1.89635,0.409306,6.93165,A
3.14625,6.17479,4.2012,4.25556,1.87627,7.83421,1.98846,2.27052,1.95195,6.99558,2.90137,9.32312,2.03722,6.34573,4.2225,8.16984,A
1.04322,4.20093,2.62974,3.69667,1.5762,8.56089,4.06032,2.4109,0.967775,7.78651,2.42036,7.50715,1.6092,6.57874,2.14695,7.58844,A
5.78787,10.1266,7.26192,7.16386,6.31621,7.31111,4.25864,1.86069,1.44779,7.42401,3.41993,9.66993,7.68047,5.69344,4.33772,6.11417,B
5.77455,13.6711,6.80063,8.09535,3.69346,12.4058,2.58228,2.66896,3.89503,11.1609,2.8375,8.74479,3.32994,6.49954,3.24439,9.57443,A
2.68944,5.49897,4.13868,2.81852,1.95526,5.78128,7.69479,4.53255,6.36221,10.3625,8.82417,9.87619,0.864227,9.37738,3.98307,7.93933,C
6.83418,13.0344,10.7463,7.93418,8.34812,8.69285,6.29164,1.03462,7.29917,5.36174,4.67747,10.5623,6.47269,9.11779,3.7993,3.00878,B
5.27068,10.1171,7.1239,7.91236,3.18364,4.98588,7.44657,5.77404,7.91561,6.0866,7.19192,13.0973,1.69469,7.55902,3.86361,6.96272,C
6.27962,9.10639,9.35611,7.96709,7.81466,11.2787,5.34639,1.24758,6.93433,9.5444,4.74431,5.56259,3.80251,6.85013,6.65465,10.83,B
2.63221,4.74288,3.7824,2.98986,2.80128,7.51362,7.00867,6.24084,5.61434,8.99648,6.17705,9.07091,1.79432,8.61335,4.34968,9.41109,B
6.89242,9.2617,7.51387,7.13023,8.22664,7.83677,6.68699,2.22066,5.86924,9.06677,5.46055,5.446,6.22505,8.86255,6.33976,9.34072,B
4.21427,9.03319,6.58978,7.27213,4.65236,10.7322,1.97195,1.73802,2.21885,8.89637,2.74656,9.30002,3.64321,6.37811,4.22332,7.96411,A
4.24617,10.4603,7.31781,7.68141,5.53985,10.512,4.17044,2.24305,2.67336,9.19443,2.93231,8.32204,4.18307,6.5349,4.15312,8.48027,B
4.24576,9.13371,5.80888,7.03096,2.8585,5.60787,8.92908,7.09958,9.33849,8.16846,6.13039,12.315,1.70936,9.38748,5.15046,11.3524,C
3.06061,10.2605,0.942484,12.3886,3.54635,8.85491,11.5117,14.863,12.1963,8.09952,8.42145,11.9829,3.21659,12.2226,12.9671,14.205,A
2.53513,4.8808,4.03934,3.76109,0.999062,5.70677,7.02817,5.355,9.41018,5.06667,5.9664,12.8279,0.0858317,6.996,3.56436,9.14028,C
1.87022,5.07238,3.36806,3.25603,1.67193,6.65664,6.11855,3.92468,3.82389,8.36778,6.64929,10.0737,2.11585,9.57455,4.51994,7.78773,B
2.88147,5.57019,3.80239,2.4045,-0.463122,12.9852,1.94562,3.67205,0.425393,12.0074,1.39857,11.1926,1.46151,4.55137,2.74838,9.55929,A
2.51538,4.36515,5.71083,4.7944,1.92715,8.72792,2.66218,1.45013,0.341532,6.7654,0.259223,7.89188,2.41502,6.00394,1.4036,7.08096,A
1.62632,0.398719,2.75618,1.42096,0.838668,7.56288,3.93466,3.06895,2.83574,6.94473,3.83019,8.64532,2.13193,6.86147,2.11593,7.98559,A
4.42784,10.9639,8.90316,8.90779,11.0603,6.48694,4.10814,4.82191,5.35146,7.4071,7.3678,7.89194,7.60267,9.76265,6.56311,7.02269,C
3.67711,6.36814,5.66603,4.10705,4.84746,7.4869,7.02153,3.26589,6.02849,7.51775,6.99482,6.3503,2.70091,9.25181,4.7229,7.18659,B
4.97658,8.28514,6.23795,6.23795,5.05105,6.36139,8.35246,4.0687,7.11829,10.7645,6.51408,7.8011,2.01073,9.21707,3.83901,9.89725,C
4.21826,8.94544,6.54638,7.06818,4.81902,6.87308,5.20035,3.01412,3.17668,5.28739,3.22931,7.14471,3.90299,5.24619,3.34088,8.74271,B
5.9256,10.4325,6.60763,7.44011,2.91011,7.27977,7.31244,8.2282,9.43486,10.2874,7.31981,12.7862,2.53778,9.58476,5.21147,10.6023,C
2.95449,4.80017,5.34751,3.96135,3.61375,5.82798,7.55763,3.91812,4.54339,9.02147,6.54605,7.80292,3.2811,8.20495,2.64468,7.11507,B
2.29214,9.54952,3.58663,6.21733,3.88714,7.39676,4.7738,3.95982,3.02694,7.35264,1.56198,7.05502,0.74787,6.57087,3.47687,8.64606,A
7.29695,7.91768,9.24154,3.09974,9.07073,10.2221,8.0729,3.47486,6.0315,9.73171,8.42821,8.27513,5.21074,14.2672,7.87223,12.9457,B
17.7162,0.700107,5.91143,7.45191,9.48034,19.6986,2.77835,6.1045,15.1303,18.9769,-4.07849,7.17632,3.4125,15.0693,-1.98161,20.2526,Unknown
4.25983,8.13941,5.38988,5.02218,2.3173,6.76184,6.46552,4.75033,4.31591,10.2902,3.4345,6.01495,1.23851,7.17668,2.81242,7.60153,B
3.49055,8.5922,4.89663,6.26184,4.24105,10.3868,3.95705,2.31591,2.0075,9.03061,2.94671,8.16971,3.97488,4.6656,4.0658,7.50172,A
-1.93008,-2.05391,6.23093,-1.86941,4.22612,29.0915,5.85682,15.2289,5.46705,34.9177,13.6861,25.3793,9.99389,10.2124,13.4989,17.6286,Unknown
3.16459,7.20572,4.23993,5.2484,3.99689,6.8911,6.73468,5.82186,4.76815,6.63522,5.64043,6.10296,2.35444,7.74629,6.90997,7.57188,B
2.48769,5.14539,3.96032,3.79092,3.98938,8.34227,6.28493,3.11587,4.63503,7.72638,4.76509,5.06376,3.77771,7.75601,6.34776,9.91692,B
6.34592,10.4971,8.19795,7.0305,6.67847,4.69906,4.1719,2.82756,0.520065,5.82086,1.43802,9.02937,6.52931,8.12976,5.58404,2.96378,B
2.482,2.69666,3.28651,2.46967,2.47379,5.88605,7.35085,5.63355,5.74352,6.59634,5.31966,6.77976,1.10525,7.80624,5.24654,8.14545,B
-61.9577,-22.61,-49.285,-33.6715,46.0512,-4.57389,59.2388,41.6274,-26.5765,7.0076,-1.3601,-44.2047,33.817,29.9016,5.31008,-13.9917,Unknown
2.05175,2.05622,4.33067,3.20096,2.92292,8.19712,7.90796,5.51221,5.19127,7.87015,6.61992,4.84644,3.08012,7.96324,7.99457,9.11287,B
7.23252,39.1508,6.85963,-6.77028,-5.41528,-24.9353,43.4785,-8.33426,44.9793,45.3441,72.0851,77.4511,-16.6911,46.9378,-5.50906,5.35596,Unknown
3.03965,6.87471,4.51047,5.62227,2.39683,10.6442,2.06505,2.51487,2.2193,8.62241,1.72188,9.3483,1.56481,6.77745,1.90147,7.89358,A
4.53906,9.30731,7.72342,7.76661,6.69407,8.2569,6.83171,7.37459,6.43462,8.6277,6.68747,7.08179,3.06004,8.99527,6.34519,9.30544,B
3.19165,7.52154,5.10565,5.35981,2.57451,6.95268,6.36046,5.77526,5.8065,8.61957,4.82959,7.66775,2.05132,7.28726,4.24135,8.74653,B
9.29569,13.8745,8.03927,9.03404,7.91454,10.8483,5.55445,4.39282,3.48304,9.60682,5.36052,8.70964,5.26259,5.20904,7.18683,11.507,B
2.9449,6.37084,5.89339,5.13376,4.0924,8.78188,3.01292,1.95204,2.35735,7.573,1.01599,7.43248,3.23661,4.748,2.91888,7.97062,A
7.89538,12.0022,6.35122,7.61306,4.36793,5.2466,7.48931,6.27266,5.92526,11.3445,9.34908,10.063,3.89979,9.21697,4.68909,8.53987,C
1.69669,4.31766,2.66681,3.73379,2.58972,10.1643,2.40183,2.53352,2.21177,8.17146,2.38987,8.22247,1.3373,6.24543,2.49938,8.20745,A
1.37086,0.646976,1.96475,0.746292,0.0871403,6.84087,2.57889,2.02297,1.20906,6.05971,1.99451,9.21512,0.889493,6.07691,1.19267,7.20723,A
2.70939,8.06884,4.39631,4.89198,2.36293,10.5918,2.55333,3.26387,2.79855,9.37191,2.4613,9.11234,3.50881,6.00427,3.1196,9.12269,A
4.92911,5.03858,7.10935,5.77223,2.17456,8.6373,3.83456,4.83225,4.6212,8.30904,2.80488,12.6341,3.58112,6.5869,3.40666,8.02217,A
7.18517,11.7538,6.89561,6.6586,5.07472,5.0439,6.99409,8.08655,6.84008,7.71372,5.57776,7.39542,3.86827,9.36394,9.3348,7.54181,B
6.91111,14.9903,7.04847,11.4378,3.22234,5.37767,5.73008,5.5499,9.18337,7.97926,6.29297,16.1794,1.27334,8.72541,4.6611,10.1497,B
2.64019,5.48624,4.53417,4.01124,0.78277,9.29722,5.4253,3.33159,2.31751,8.03681,1.78791,7.36539,1.68767,7.91293,2.02949,6.98964,A
10.8479,12.7816,7.16022,10.3053,6.13378,4.5669,3.06272,6.83706,3.68794,8.25346,5.16882,11.5987,7.61649,7.19369,10.2753,6.62876,B
2.69788,5.03069,4.86524,3.99024,1.18682,6.42354,4.10307,1.9404,-0.133854,6.12521,0.616453,8.16775,2.92625,6.36071,0.883816,7.01493,A
4.94503,9.3959,5.05897,5.99848,3.47317,6.39098,6.74321,5.72346,6.1369,11.1306,6.25012,10.16,2.34419,9.2695,5.77017,9.16374,C
6.38147,12.6728,7.71274,7.56765,7.03796,10.435,3.18282,1.95806,4.95905,7.92256,2.31049,6.4727,2.52015,6.88589,6.32517,8.82557,B
2.86961,7.51611,6.20995,5.06676,2.72558,11.9369,3.21911,2.32789,1.51553,8.60621,0.881376,9.07981,3.46995,5.9302,2.28176,7.6884,A
2.55882,6.758,4.01339,4.27425,4.28207,6.65684,5.10963,3.20169,2.95486,6.9525,5.36333,6.10694,3.04307,6.5686,6.40948,8.1674,B
3.86748,10.6197,5.87434,7.59967,4.42038,6.16677,8.41475,8.30734,9.04631,6.895,6.52433,12.8456,2.3504,7.85237,4.79124,8.93665,C
3.47758,4.81012,6.69325,4.58468,4.24788,11.752,2.62882,1.89669,2.7847,11.3915,2.66648,9.1625,2.04867,6.68006,4.34121,10.2648,A
1.9166,5.48899,3.84223,3.99445,3.26244,8.19008,5.62576,2.80005,4.32958,9.22964,4.02765,8.51289,1.59315,7.50913,2.83683,8.6887,B
3.97988,9.64232,6.24507,7.21338,4.57776,8.76425,4.55607,2.10047,3.48261,7.26591,1.94019,6.99623,2.67859,6.14826,3.19477,8.09166,A
3.55472,9.10637,6.51431,6.36561,3.59234,10.6026,3.20495,2.13637,3.08423,9.76956,1.3099,7.613,1.66559,7.05705,3.79566,9.65748,A
4.84478,8.2095,6.20691,6.43603,5.09113,8.0639,5.49702,2.21316,2.8262,7.5417,2.48075,7.57008,3.43451,7.33507,3.98167,9.62752,B
9.69578,12.6827,7.67155,5.83052,4.56825,5.57719,11.1763,6.2433,7.56723,13.4255,12.9562,12.106,0.152546,7.42587,0.751909,7.19363,C
2.55309,1.84731,4.18111,2.02699,1.36758,7.02836,1.99698,2.07288,0.675676,5.99419,1.47621,7.26351,2.84552,5.97185,0.803111,6.14594,A
2.72969,7.59298,3.87918,5.06804,2.9643,7.1184,4.64337,2.17295,3.15615,6.1559,3.77323,9.56254,4.63795,6.17701,3.58357,7.10009,B
6.48864,11.966,8.92085,12.3605,5.79663,12.5777,1.3656,2.98722,4.24457,10.4143,0.330468,10.7124,2.51778,9.43107,5.74057,8.94006,A
2.50521,2.53396,6.58258,2.50759,2.88244,7.94963,7.74502,3.43294,3.97977,6.46341,4.32469,6.012,4.26019,8.14544,2.71239,4.50136,Unknown
5.52831,9.46544,8.54867,8.64022,13.1719,8.37664,4.7733,1.15027,2.34925,6.20342,9.13452,5.64635,5.67535,8.83742,8.22579,9.73776,B
3.92612,10.279,6.18978,7.41069,4.67459,7.75995,6.21503,7.51175,7.93103,7.34557,5.57144,6.74275,1.80554,8.45729,7.23033,9.87029,B
5.70552,12.1508,7.76011,8.46987,4.73588,16.1154,-0.408592,4.26682,2.98312,12.8526,3.61187,9.09284,3.44125,4.92034,3.76735,11.1698,A
2.77719,8.73304,4.31517,4.70491,1.90482,7.73655,9.23718,9.74145,8.36315,8.85025,7.99991,12.011,1.69195,10.754,6.2806,11.8051,C
4.16321,8.60495,3.07904,4.14246,3.35512,5.39367,4.44938,2.45371,2.20305,6.74067,3.41842,8.74157,4.68236,7.79207,4.79539,5.97468,A
9.85227,15.0551,17.7585,10.786,14.9527,14.2624,5.03199,2.11063,6.95063,9.2018,7.17713,7.478,7.87162,11.9858,7.33954,3.82915,A
7.78056,10.6553,7.30801,8.16798,4.19023,5.26985,9.0141,6.31669,7.29593,11.9031,9.61333,12.9311,5.18099,8.06901,1.48624,7.04896,C
5.28707,10.4766,5.66828,6.29389,6.02003,6.67465,7.23042,4.99654,4.34994,8.74177,6.73878,10.1055,5.12349,9.01482,5.48887,5.09325,C
4.5524,10.5203,5.57505,7.44048,4.46039,7.87906,6.75397,6.42537,2.80212,7.39365,3.03434,7.0925,2.95951,8.17726,3.58837,8.86699,B
2.75973,10.1212,3.44638,4.18354,2.21515,11.1441,2.7211,3.70268,1.66734,10.0542,1.80215,8.69279,3.38267,4.28541,3.23433,8.75726,A
4.19965,8.72056,4.66905,4.82643,4.68343,5.9581,8.79893,7.51064,5.63903,8.51919,7.90403,10.2135,3.21005,9.69798,5.95255,8.77203,C
6.89845,11.1085,7.33821,6.71816,4.37712,5.67075,8.70676,8.77779,5.61195,9.13011,4.8121,6.24785,2.76773,7.00796,12.7495,11.6223,C
4.95431,10.336,5.82617,7.85614,3.03246,4.72711,6.292,6.24558,8.08922,7.105,5.55598,12.1667,2.40892,7.95777,4.35523,5.80846,C
5.50025,9.49034,5.16501,5.96845,4.84071,7.57933,6.16219,6.38665,5.80437,7.15696,5.44438,8.29956,3.79108,7.80392,6.4615,9.83142,B
2.23147,1.65726,3.25585,2.64404,1.32163,5.59741,8.59246,7.34801,8.31076,8.12756,6.97885,12.5708,0.606664,8.49746,5.20499,10.281,C
1.75053,2.40197,2.17172,1.57688,0.995129,4.79999,6.99087,5.25821,6.75364,7.91022,6.70512,11.9717,1.56719,8.45286,2.668,8.57445,C
5.00484,10.289,7.49755,6.62268,6.02658,9.86716,3.53386,0.645194,1.46603,7.3894,3.20632,7.3457,8.08741,5.18717,3.81418,5.21785,A
3.34794,7.4046,5.88054,5.5985,4.06502,9.00345,4.11089,1.30982,3.40383,8.80357,1.72914,7.03276,2.55953,6.57285,3.17544,8.91363,A
4.79072,6.89512,5.73274,5.5368,7.18887,8.1754,3.62649,5.89915,1.26216,8.58859,7.07429,8.9516,8.42656,11.4718,6.17483,5.47811,B
4.74426,8.94673,5.98157,5.51729,3.27224,8.69548,3.08365,3.76755,3.39595,8.35527,2.6816,9.53398,3.01999,6.43442,3.43447,6.66024,A
6.19813,9.07248,5.55299,5.42463,3.24677,6.06844,8.75037,3.68017,5.79117,11.8444,6.23562,6.49554,3.30153,8.47464,5.214,7.16831,C
3.86748,7.08538,4.92455,4.90956,2.46057,4.55157,7.00516,6.06548,6.43704,7.32064,5.88067,11.745,1.82039,8.3523,3.07567,8.04677,C
3.59837,8.77897,4.84649,5.46056,3.38867,10.7157,2.42539,1.37462,1.07214,8.32774,2.37071,9.19872,2.81999,3.51695,2.28912,7.39376,A
3.02038,4.13565,5.04991,2.88957,3.20117,9.22975,6.78667,3.43057,5.14879,10.8475,5.08167,6.07696,2.74463,8.37267,4.30101,9.75493,C
2.5203,0.647241,4.02139,2.97529,2.03797,7.7142,4.45134,4.99702,5.19602,7.3273,4.32701,6.98345,1.20512,7.21089,6.87418,8.88585,B
3.16982,6.70177,4.80042,4.95597,2.43647,6.11647,5.08031,2.58762,3.59988,7.42581,2.78382,8.71561,3.03604,7.34197,2.73259,6.39005,B
3.33783,6.87658,4.99169,4.59969,2.59022,8.94072,2.88185,1.7595,2.19577,8.23258,2.18237,7.78943,2.37387,6.27898,3.07794,7.35184,A
0.542824,-0.271006,0.775214,0.431633,-0.296056,6.24819,5.4539,4.89931,4.61355,7.08595,4.93615,10.8075,0.585322,8.49582,3.15377,9.19565,B
4.1459,9.7011,6.95042,6.97971,3.07327,9.91842,2.41163,2.43976,3.26115,6.89305,-0.53652,7.53432,1.69792,8.39702,3.31481,7.67766,A
2.44074,3.46113,2.34236,2.79975,2.21595,6.79578,7.90973,6.74802,6.29056,6.37321,6.27641,7.30485,1.25857,7.49137,6.40965,8.67707,B
2.88453,4.00711,5.04109,5.54568,3.14472,4.73065,5.76226,3.94909,3.18818,6.64256,4.38277,10.726,3.30397,9.02119,6.37736,9.61493,C
4.59204,9.23181,4.92948,5.85632,4.54788,11.3749,6.11145,2.93493,4.89401,11.5391,4.2287,7.04418,2.35412,6.77605,4.36692,11.2444,B
3.32716,5.39638,4.49937,4.06632,3.49926,8.20609,5.17436,2.66551,3.46733,8.65809,2.94017,6.32074,1.99304,7.20521,2.45435,8.517,B
5.48114,10.1728,6.34187,6.64525,5.57523,9.69609,5.30871,1.96373,6.08186,9.93585,2.93846,7.06762,3.54428,5.50472,4.78258,9.1693,B
3.35047,5.77519,4.23949,3.1664,3.01712,8.50295,7.51882,2.87953,3.53879,8.77518,4.63197,6.45962,3.68514,7.29975,4.60917,9.30742,B
3.59668,7.21211,6.51269,5.50255,3.87705,13.5998,5.10003,1.19312,6.30462,12.8732,1.60112,7.67633,4.19215,7.93019,4.80118,10.1577,B
3.68881,7.27347,4.72983,5.82104,4.02851,6.90479,7.38676,5.67654,6.95822,8.26785,6.68216,8.02254,1.24768,8.89338,7.82672,9.70681,B
2.67261,6.48078,4.98617,4.1948,1.96029,7.88012,3.61239,3.40471,1.61841,6.99495,1.30589,7.05692,2.29135,6.00236,3.5732,7.93236,A
2.62887,4.25596,4.71551,4.25496,2.84962,7.85933,5.90421,3.08173,4.66951,8.35178,3.18367,6.80125,3.12377,6.54367,4.01416,8.04735,A
5.33058,8.80132,6.34494,5.69771,5.59081,8.15433,7.22808,3.55929,6.06481,7.48821,4.70849,7.01629,4.50859,6.7834,6.78423,9.36112,B
1.7182,4.23324,2.69996,2.70714,1.82453,6.69099,6.84371,6.80641,5.79403,7.07106,5.79793,7.6036,1.71554,8.22917,6.32788,8.63604,B
3.99281,5.04627,9.02603,9.16287,11.3766,11.3664,5.34176,7.29059,8.80957,7.32558,9.88001,5.94636,7.82824,10.1579,9.97677,10.7792,B
5.15488,10.4052,7.5953,7.8439,5.8132,9.40257,3.59263,1.06929,4.30577,7.0483,1.33384,6.72701,3.0088,5.09952,3.45449,7.41885,A
3.67816,8.49487,4.31386,5.92632,1.93769,4.07819,4.72401,5.14593,6.22997,7.09184,5.49137,12.042,1.45469,7.10472,3.16933,7.16304,B
5.47189,13.8861,7.80097,10.8048,7.8078,8.25978,6.14806,8.66296,7.78807,7.89752,6.02989,4.95274,1.70926,7.45445,9.27569,11.1692,C
7.0905,14.3514,4.80297,6.78092,2.1868,5.93716,9.56186,9.2515,10.9919,13.7957,12.2339,12.1105,2.51822,9.11426,5.74381,9.79134,Unknown
5.87503,9.35484,6.4003,5.52544,5.31357,10.9683,6.1289,5.13252,4.94499,10.8341,6.0511,9.86829,5.5695,7.55526,6.75733,10.6754,A
1.94952,4.10041,3.45314,2.37873,2.50813,8.82174,6.26655,3.51778,3.25242,7.04277,4.79103,8.5154,3.12433,9.90053,3.63659,8.22246,B
4.55564,9.16042,5.32686,5.91298,2.94659,8.20028,2.05401,2.54137,3.19964,8.44675,1.5578,8.65748,3.45087,5.06851,2.65422,7.23911,A
2.54304,5.45233,4.87168,4.08621,2.30418,9.21669,1.50122,1.40912,1.61129,6.53345,0.580711,7.17938,2.44711,5.52091,2.11527,6.60127,A
2.63698,5.84121,4.76652,4.0311,-0.187134,7.58046,8.53713,8.23032,12.6369,6.19567,6.09029,14.3645,-0.233404,8.64249,4.35909,8.93237,C
4.02255,8.43722,5.69902,6.49493,5.51386,6.81772,6.55984,5.95399,5.03815,7.75383,5.7559,10.9493,3.35914,9.08893,4.10822,7.44904,C
6.65648,11.8396,7.48896,7.297,4.98615,11.7158,2.31798,2.14487,1.87688,9.1778,3.41663,9.39001,4.06306,6.68235,4.94881,7.49461,A
3.46094,4.99119,5.45001,4.67359,4.71772,8.3934,7.42328,3.9557,5.6134,7.99626,5.81895,6.30409,2.68953,7.96927,4.73248,7.11263,B
1.97729,6.04013,3.21499,4.06888,2.25945,5.63319,8.37822,6.41153,5.15488,8.54607,7.69006,10.7587,1.76235,9.22059,4.012,9.98364,C
5.55681,12.518,5.98898,8.28056,6.04665,7.22021,8.15152,6.9963,5.55832,7.448,6.0224,6.75696,2.3173,7.82239,8.18319,11.1456,B
7.04529,10.4011,6.41073,5.4775,4.32523,7.05104,6.3179,3.95624,5.72967,12.495,5.93261,7.7804,2.66503,6.91043,4.80244,9.27173,B
2.36804,9.78068,4.75507,6.74727,0.352573,8.6836,5.6637,1.31249,-1.15138,6.4613,-1.81617,7.41187,2.39678,6.8186,1.58641,6.88682,A
6.42724,12.4788,8.29449,9.25978,6.03363,8.42751,3.61235,3.68891,3.23912,9.07093,6.12662,7.64664,5.54235,8.24076,9.74482,6.83001,B
3.51826,7.55527,5.0252,5.503,2.62561,15.06,0.445055,5.70342,2.65409,13.2262,3.74931,12.3438,2.65979,6.73895,4.66876,9.71085,B
2.78479,2.85197,4.83692,4.21154,2.86932,5.92896,4.32894,2.4011,2.28391,6.40228,2.47182,6.76503,2.44042,6.68812,4.19673,7.7498,B
2.61835,7.74299,4.25851,4.64985,1.31332,14.1048,2.65067,3.7276,1.39739,12.6457,2.12019,12.7076,2.53233,6.34006,3.66904,11.0156,A
1.05919,3.31481,1.96433,1.6987,0.985337,7.59112,5.61389,2.97644,5.50396,9.18009,5.35025,9.94364,1.29356,9.18652,2.12623,7.44309,B
4.62891,10.61,7.82236,5.98961,6.24635,10.2551,9.71406,5.03553,6.84015,9.32827,7.17244,9.19776,4.53716,9.92573,6.11378,10.5637,B
4.31473,7.99844,4.86687,5.33681,2.57147,9.76825,3.67136,3.10672,2.08049,8.50589,2.15068,7.47496,2.94225,7.85073,4.24484,10.1083,A
9.72636,13.2328,12.2089,11.6595,4.08515,3.20612,5.70429,1.84373,14.7943,1.18988,8.78565,20.7778,3.3768,5.79978,2.7151,0.458858,C
1.77706,4.37233,3.58316,2.58143,2.31086,8.62708,8.15396,5.07675,6.06111,7.33756,6.31848,5.86501,1.45548,8.66928,5.74695,10.0675,B
4.64507,11.1478,5.76643,6.83266,3.31378,5.22778,7.66116,6.23939,7.97578,7.7511,6.19778,9.63602,0.785764,8.23591,5.88124,10.0784,C
4.37131,11.7594,7.20021,7.40646,3.62695,7.72976,3.9648,4.26195,5.70181,6.31206,2.69619,9.96397,1.78335,6.42447,3.26005,8.2808,A
0.808617,3.31753,2.22785,2.90915,0.253554,7.0638,6.31034,3.83192,2.51072,9.82393,3.36328,11.0301,0.718548,8.68173,1.3229,9.11092,B
5.475,10.506,6.0016,6.25182,3.45214,7.826,9.00505,6.38683,6.46382,8.9761,7.86853,10.1904,2.60396,9.32199,8.67535,10.8024,C
3.7199,7.18567,5.39291,5.10314,3.10269,8.24471,2.36327,1.3235,1.72199,7.20882,1.25347,8.03913,3.50738,5.9795,2.77383,6.88791,A
3.25148,7.06545,5.44697,4.99939,5.98821,9.66425,7.20955,2.54773,4.18583,7.71682,4.89577,6.0333,4.20821,8.22644,5.77847,8.73106,B
7.08657,11.858,5.06488,6.23859,2.44674,9.287,3.36019,1.19847,-0.526118,8.25427,3.44653,9.6644,5.584,2.52347,4.56045,8.18039,B
8.8637,8.74208,6.86567,6.1188,9.82846,12.4614,10.1262,4.92137,7.97503,13.0755,11.2641,7.5916,8.7751,12.0664,14.2729,17.0109,C
3.0901,6.55368,4.68749,3.94681,4.18706,7.35359,7.06786,6.13957,3.51376,4.53617,4.20468,5.0714,2.05284,7.58077,5.65842,4.98221,B
3.38477,7.17514,5.83381,5.82967,3.00834,5.80186,4.71659,3.16745,1.328,5.43839,0.754596,7.13938,2.54344,7.0258,2.5417,6.1715,A
6.43904,4.79714,8.05075,6.09731,6.05646,9.48976,7.97899,5.63692,7.53935,4.31979,6.04784,10.6857,5.96095,6.99246,9.92954,4.05434,B
5.36606,10.1892,7.18497,9.4685,7.84147,6.09148,6.69268,3.59794,6.23549,7.4487,8.46522,11.227,5.16455,11.0707,4.55537,7.16134,C
2.56738,5.94011,3.64793,4.87644,2.6411,6.01391,8.72268,7.98003,9.44708,7.33177,7.31291,11.9869,1.17761,8.29625,5.14775,9.56742,C
2.40529,4.75691,3.34885,2.91744,1.24183,5.45161,7.58601,5.53427,7.56955,8.6581,6.61745,11.6038,0.329444,8.69945,3.5903,8.24361,C
2.90613,6.91827,4.49984,4.84799,4.62218,7.0982,6.85688,4.46033,5.58344,6.85955,7.07308,6.7469,2.37287,8.20226,5.43543,9.53657,B
2.29136,2.21252,2.74882,1.36006,0.616249,8.60825,4.93597,3.03347,2.26228,8.82642,4.59973,10.2797,2.32077,8.41167,3.24954,10.0505,B
2.078,3.03608,2.78288,2.55465,1.62664,5.51801,8.67447,4.37149,5.87303,11.94,7.89173,11.331,1.26259,9.89865,3.02545,8.99589,C
2.95284,6.37912,4.89473,5.58136,2.36068,9.14717,4.09989,3.455,1.07553,8.28695,-0.328975,7.29667,1.72393,6.51535,1.37168,7.75522,A
3.54979,8.95888,4.81474,5.97134,3.82515,5.99776,6.20887,5.8913,6.48624,6.21001,4.43519,8.1515,1.32096,6.81825,4.48527,8.72542,B
1.35246,5.35117,3.14542,5.31609,2.51887,8.96684,2.3085,2.59384,2.10554,8.02771,1.90904,7.79769,2.81828,5.25621,3.21514,6.58055,A
3.80091,9.42082,4.76495,6.37543,5.05909,4.28885,4.76124,6.53437,5.33298,4.87018,5.32512,11.1413,4.21318,8.83735,5.71316,7.89566,C
2.66831,3.93519,3.5151,1.90299,1.48832,8.65128,4.50667,4.81057,3.40966,8.40037,4.60953,9.50251,3.36365,8.47657,4.25375,7.79284,B
2.87305,9.75665,4.48861,7.56912,3.87639,9.72086,4.34418,1.58774,1.96425,9.45503,3.25206,9.08981,4.01644,5.98548,3.75776,8.9114,A
4.63236,10.8784,6.94383,7.17669,4.7149,9.96346,3.93042,3.43433,2.52517,9.01874,2.30848,9.26635,4.22202,4.65353,3.83394,7.68408,A
5.09131,10.5852,5.73041,7.64784,4.63484,5.91424,7.50793,8.76057,6.68245,10.0327,8.24592,12.6513,2.80196,11.994,4.85179,10.3035,C
4.80513,10.065,5.25527,6.97544,2.62272,3.76175,5.35161,5.53941,4.35399,5.09681,4.31879,10.1575,3.46652,6.78349,5.03123,8.68637,B
5.03499,9.80206,4.29743,5.64493,3.77591,10.3164,-1.22025,1.41399,0.136034,8.54259,4.15891,9.51108,2.72281,4.01649,2.79679,6.0627,Unknown
3.37034,6.24437,3.72673,4.21912,3.0205,6.57595,8.58442,6.42777,5.40296,9.20179,7.77528,12.7094,4.41013,11.0435,5.54359,10.8955,C
3.43716,7.81414,3.82414,5.62187,3.10376,6.55764,4.04859,2.65836,2.36045,6.44174,3.39032,8.43983,3.58311,6.52296,4.4803,8.165,B
0.933448,3.42037,2.29764,1.41167,0.0243086,9.71282,3.18709,3.3524,1.7732,9.94046,1.18254,8.46787,1.96065,6.46007,1.85082,8.81618,A
4.19944,9.16381,5.99184,6.99659,2.59086,5.31996,7.21753,7.59771,9.03845,7.43369,6.02334,12.8927,1.56098,7.77636,4.25813,8.94244,C
2.45591,3.48366,3.85571,2.70078,1.35142,8.25873,4.12637,3.9191,3.95674,9.49094,4.33388,9.45537,1.69963,6.96621,2.21057,8.10999,B
2.94176,8.53806,4.66829,6.58369,3.61235,9.51529,3.4432,2.68058,2.23219,7.80191,2.81713,8.68792,2.92721,6.08367,3.67738,6.76633,A
3.31456,8.41824,4.8233,5.16206,3.28004,8.68255,4.40885,2.48225,3.27158,7.15788,3.28162,8.8276,4.15386,6.0578,3.84114,7.32449,B
6.08276,10.8081,7.25136,6.53924,6.67394,6.42419,8.0764,5.55289,4.92195,7.49625,5.83973,7.6228,4.18949,8.15269,10.6164,9.46558,B
3.36044,7.38458,6.22161,7.79041,5.28777,7.91261,7.92996,3.91018,2.7574,7.19337,3.24944,6.7308,4.46107,6.71637,5.84285,7.58369,A
2.64185,4.2699,4.16461,4.96315,1.91157,8.16731,4.01634,1.68936,1.02084,6.99008,0.337867,7.58664,1.40168,6.9845,1.04205,6.01129,A
5.80917,9.3338,6.78012,5.28229,6.62193,6.76665,6.50946,3.90305,5.78292,7.15932,4.64667,4.73333,3.71065,6.26583,7.19627,8.73122,B
4.61699,9.75711,7.0316,6.93955,3.2299,4.08213,9.82559,9.36862,12.1907,11.4142,11.1844,16.2901,0.350399,10.3406,3.81636,7.96793,C
4.60734,9.80007,6.5555,7.27055,5.27121,8.20562,8.37676,7.2388,6.27473,8.76217,5.82037,5.51782,2.19952,8.34183,8.29145,9.56192,B
3.49027,11.6817,4.87673,7.98866,3.65055,9.87576,4.07931,2.58086,3.19787,9.13768,2.68516,10.6533,0.824365,6.2951,2.41653,8.39792,A
5.89918,10.8038,9.57197,9.16021,9.02426,8.25509,4.79366,4.05429,4.75598,9.07126,6.86784,6.8919,3.81017,10.3551,3.59778,6.43518,B
5.19437,10.811,4.57501,6.27719,2.62264,8.63765,5.85217,6.56405,3.42894,9.02776,3.08269,10.6703,5.34788,7.73032,3.66477,10.38,B
2.08457,5.24676,3.30959,3.45666,1.3077,9.06935,3.28558,2.95299,1.96798,7.93566,2.75417,10.0552,1.51647,7.01834,1.63915,7.99092,A
2.16677,4.44901,3.88956,3.82085,2.26739,8.7949,3.43897,3.3777,2.90133,8.50877,2.7799,8.26127,1.29654,7.25159,2.76171,7.8188,B
2.39896,4.82915,4.45945,5.16149,1.35663,5.91951,7.69945,7.01522,9.92678,4.63717,7.23077,14.4066,0.119933,7.258,4.97978,11.4798,C
6.23424,12.5244,6.28476,8.08632,4.63014,9.86269,5.94652,3.41835,4.26136,8.52276,3.0826,8.61549,3.43551,5.99866,4.3948,9.63516,B
2.58574,6.15766,4.31926,4.33457,1.01765,5.64697,5.76504,4.42367,5.76296,6.71444,3.85563,11.5449,1.27156,7.03669,2.83105,7.44401,B
7.30791,7.36637,10.5031,8.30745,7.56395,14.2895,1.3961,0.912102,0.590863,11.9822,3.40878,9.74496,6.23832,3.88665,4.811,8.68248,Unknown
4.04507,5.14967,5.48014,5.37278,4.04504,7.69851,6.44855,5.8133,6.47025,9.24482,5.29034,8.49978,2.60624,8.88499,4.79067,10.0763,B
10.7239,16.3664,6.29989,6.47494,3.61851,3.20246,1.17185,6.86811,1.46475,14.9247,7.36425,1.47179,-1.58352,1.12075,6.18149,4.41032,Unknown
5.69132,10.3401,8.31023,6.91879,7.7263,6.6447,4.87911,3.47952,3.96962,5.47023,5.40114,8.4059,6.9758,8.89387,5.38252,4.44173,B
1.08777,4.91111,2.37995,2.60721,1.82867,8.35801,2.12042,1.49932,0.694494,7.15921,1.50766,7.6847,1.8245,5.72673,1.75938,6.12655,A
6.48829,14.3851,9.77809,8.09194,6.07923,8.92077,5.39705,3.55447,3.77076,8.77126,0.523643,12.0215,8.0991,9.28658,5.26129,7.00914,Unknown
3.00201,10.5532,4.13484,7.85319,2.93399,10.6458,3.71601,4.20457,2.64911,9.92904,2.26945,9.53189,2.60329,7.3768,3.91154,10.0532,A
2.89185,8.05053,4.06855,5.39229,3.52626,6.45838,8.04796,5.36429,5.09675,8.71242,6.98751,10.166,2.39499,9.117,4.86521,9.25056,B
3.62441,10.6214,6.43276,6.82551,3.68746,6.50812,4.51341,2.36721,3.00663,6.12264,0.46418,6.5128,2.1573,5.94704,3.03194,7.3224,A
1.03993,-1.49772,1.8553,-0.610286,-0.617949,7.97283,3.61941,3.35931,3.59324,7.89397,3.26662,10.8257,1.19357,7.53552,2.42027,8.22892,B
4.45448,10.4901,5.1069,6.38339,3.71636,9.49639,5.50692,2.82292,2.83671,9.56941,2.3252,8.36218,3.15296,6.64134,3.74236,7.94019,A
5.42642,9.79215,6.89212,7.9999,3.32561,9.14308,2.64108,1.77106,2.88014,7.32616,1.6643,8.07843,1.82543,5.91477,2.35841,6.81654,A
3.4029,9.4096,4.14737,6.99246,3.69279,4.87507,5.2468,6.81269,6.07734,6.88095,4.9998,7.47987,2.13326,7.70919,7.28164,8.2634,B
2.57933,5.25949,4.66755,5.1453,1.46456,5.17626,8.78612,6.25176,9.07237,7.96673,7.70652,14.7378,1.33162,9.79192,3.67811,9.76982,C
8.58342,14.0699,8.79438,6.75662,9.55096,8.87072,4.72461,4.58427,2.20012,8.18839,6.40495,13.016,7.83667,6.64613,6.62579,10.1216,B
3.91299,8.15241,5.56146,5.21004,4.93255,7.4961,6.82528,5.92315,6.72235,8.34424,6.53743,6.12016,2.42069,9.08193,7.46661,10.2643,C
5.56307,10.0952,8.49668,7.06062,6.612,9.40304,8.39586,7.33972,6.68031,8.06319,7.04123,6.97202,2.69645,9.16388,7.65875,10.2254,B
8.711,11.2991,8.67793,8.37765,4.58562,8.0992,5.33738,2.82841,8.57209,6.81543,2.12023,7.55264,4.298,4.15072,6.24276,7.08568,B
2.90952,7.5576,4.18771,4.02676,3.36318,6.32978,8.89729,7.00446,5.32888,8.22895,7.17232,8.62709,2.04007,9.03511,8.71344,10.2525,B
3.15779,8.59715,4.78659,5.36691,4.27543,10.3168,7.05214,2.63088,6.34198,9.51854,4.22618,6.82262,3.65168,7.60079,5.57928,9.74932,B
3.12101,6.46563,5.29093,5.42336,2.66796,8.14036,8.46422,9.24848,7.78804,8.04664,8.43798,9.55992,1.67708,10.6353,9.19776,12.7261,B
1.38146,6.53546,4.23751,6.89695,5.13636,5.33286,8.28534,4.97378,4.63821,6.2956,6.87452,8.90306,4.28356,11.8636,9.62268,9.94255,C
5.76009,9.02236,6.48629,6.0382,7.36233,7.37564,8.52407,4.32134,6.4524,8.12314,5.99106,5.02101,4.41352,7.32259,7.73544,8.07725,B
